source_entity_type,source_entity_id,relationship,target_entity_type,target_entity_id
vendor_change,CHG_0420001,updates,vendor,VND_042007
audit_event,EVT_0420001,records,vendor,VND_042007
vendor_change,CHG_0420002,updates,vendor,VND_042023
audit_event,EVT_0420002,records,vendor,VND_042023
vendor_change,CHG_0420003,updates,vendor,VND_042024
audit_event,EVT_0420003,records,vendor,VND_042024
audit_event,EVT_0420004,records,purchase_order,PO_0420001
audit_event,EVT_0420005,records,purchase_order,PO_0420002
audit_event,EVT_0420006,records,purchase_order,PO_0420003
audit_event,EVT_0420007,records,purchase_order,PO_0420004
audit_event,EVT_0420008,records,purchase_order,PO_0420005
audit_event,EVT_0420009,records,purchase_order,PO_0420006
audit_event,EVT_0420010,records,purchase_order,PO_0420007
audit_event,EVT_0420011,records,purchase_order,PO_0420008
audit_event,EVT_0420012,records,purchase_order,PO_0420009
audit_event,EVT_0420013,records,purchase_order,PO_0420010
audit_event,EVT_0420014,records,purchase_order,PO_0420011
audit_event,EVT_0420015,records,purchase_order,PO_0420012
audit_event,EVT_0420016,records,purchase_order,PO_0420013
audit_event,EVT_0420017,records,purchase_order,PO_0420014
audit_event,EVT_0420018,records,purchase_order,PO_0420015
audit_event,EVT_0420019,records,purchase_order,PO_0420016
audit_event,EVT_0420020,records,purchase_order,PO_0420017
audit_event,EVT_0420021,records,purchase_order,PO_0420018
audit_event,EVT_0420022,records,purchase_order,PO_0420019
audit_event,EVT_0420023,records,purchase_order,PO_0420020
audit_event,EVT_0420024,records,purchase_order,PO_0420021
audit_event,EVT_0420025,records,purchase_order,PO_0420022
audit_event,EVT_0420026,records,purchase_order,PO_0420023
audit_event,EVT_0420027,records,purchase_order,PO_0420024
audit_event,EVT_0420028,records,purchase_order,PO_0420025
audit_event,EVT_0420029,records,purchase_order,PO_0420026
audit_event,EVT_0420030,records,purchase_order,PO_0420027
audit_event,EVT_0420031,records,purchase_order,PO_0420028
audit_event,EVT_0420032,records,purchase_order,PO_0420029
audit_event,EVT_0420033,records,purchase_order,PO_0420030
audit_event,EVT_0420034,records,purchase_order,PO_0420031
audit_event,EVT_0420035,records,purchase_order,PO_0420032
audit_event,EVT_0420036,records,purchase_order,PO_0420033
audit_event,EVT_0420037,records,purchase_order,PO_0420034
audit_event,EVT_0420038,records,purchase_order,PO_0420035
audit_event,EVT_0420039,records,purchase_order,PO_0420036
audit_event,EVT_0420040,records,purchase_order,PO_0420037
audit_event,EVT_0420041,records,purchase_order,PO_0420038
audit_event,EVT_0420042,records,purchase_order,PO_0420039
audit_event,EVT_0420043,records,purchase_order,PO_0420040
audit_event,EVT_0420044,records,purchase_order,PO_0420041
audit_event,EVT_0420045,records,purchase_order,PO_0420042
audit_event,EVT_0420046,records,purchase_order,PO_0420043
audit_event,EVT_0420047,records,purchase_order,PO_0420044
audit_event,EVT_0420048,records,purchase_order,PO_0420045
audit_event,EVT_0420049,records,purchase_order,PO_0420046
audit_event,EVT_0420050,records,purchase_order,PO_0420047
audit_event,EVT_0420051,records,purchase_order,PO_0420048
audit_event,EVT_0420052,records,purchase_order,PO_0420049
audit_event,EVT_0420053,records,purchase_order,PO_0420050
audit_event,EVT_0420054,records,purchase_order,PO_0420051
audit_event,EVT_0420055,records,purchase_order,PO_0420052
audit_event,EVT_0420056,records,purchase_order,PO_0420053
audit_event,EVT_0420057,records,purchase_order,PO_0420054
audit_event,EVT_0420058,records,purchase_order,PO_0420055
audit_event,EVT_0420059,records,purchase_order,PO_0420056
audit_event,EVT_0420060,records,purchase_order,PO_0420057
audit_event,EVT_0420061,records,purchase_order,PO_0420058
audit_event,EVT_0420062,records,purchase_order,PO_0420059
audit_event,EVT_0420063,records,purchase_order,PO_0420060
audit_event,EVT_0420064,records,purchase_order,PO_0420061
audit_event,EVT_0420065,records,purchase_order,PO_0420062
audit_event,EVT_0420066,records,purchase_order,PO_0420063
audit_event,EVT_0420067,records,purchase_order,PO_0420064
audit_event,EVT_0420068,records,purchase_order,PO_0420065
audit_event,EVT_0420069,records,purchase_order,PO_0420066
audit_event,EVT_0420070,records,purchase_order,PO_0420067
audit_event,EVT_0420071,records,purchase_order,PO_0420068
audit_event,EVT_0420072,records,purchase_order,PO_0420069
audit_event,EVT_0420073,records,purchase_order,PO_0420070
audit_event,EVT_0420074,records,purchase_order,PO_0420071
audit_event,EVT_0420075,records,purchase_order,PO_0420072
audit_event,EVT_0420076,records,purchase_order,PO_0420073
audit_event,EVT_0420077,records,purchase_order,PO_0420074
audit_event,EVT_0420078,records,purchase_order,PO_0420075
audit_event,EVT_0420079,records,purchase_order,PO_0420076
audit_event,EVT_0420080,records,purchase_order,PO_0420077
audit_event,EVT_0420081,records,purchase_order,PO_0420078
audit_event,EVT_0420082,records,purchase_order,PO_0420079
audit_event,EVT_0420083,records,purchase_order,PO_0420080
audit_event,EVT_0420084,records,purchase_order,PO_0420081
audit_event,EVT_0420085,records,purchase_order,PO_0420082
audit_event,EVT_0420086,records,purchase_order,PO_0420083
audit_event,EVT_0420087,records,purchase_order,PO_0420084
audit_event,EVT_0420088,records,purchase_order,PO_0420085
audit_event,EVT_0420089,records,purchase_order,PO_0420086
audit_event,EVT_0420090,records,purchase_order,PO_0420087
audit_event,EVT_0420091,records,purchase_order,PO_0420088
audit_event,EVT_0420092,records,purchase_order,PO_0420089
audit_event,EVT_0420093,records,purchase_order,PO_0420090
audit_event,EVT_0420094,records,purchase_order,PO_0420091
audit_event,EVT_0420095,records,purchase_order,PO_0420092
audit_event,EVT_0420096,records,purchase_order,PO_0420093
audit_event,EVT_0420097,records,purchase_order,PO_0420094
audit_event,EVT_0420098,records,purchase_order,PO_0420095
audit_event,EVT_0420099,records,purchase_order,PO_0420096
audit_event,EVT_0420100,records,purchase_order,PO_0420097
audit_event,EVT_0420101,records,purchase_order,PO_0420098
audit_event,EVT_0420102,records,purchase_order,PO_0420099
audit_event,EVT_0420103,records,purchase_order,PO_0420100
audit_event,EVT_0420104,records,purchase_order,PO_0420101
audit_event,EVT_0420105,records,purchase_order,PO_0420102
audit_event,EVT_0420106,records,purchase_order,PO_0420103
audit_event,EVT_0420107,records,purchase_order,PO_0420104
audit_event,EVT_0420108,records,purchase_order,PO_0420105
audit_event,EVT_0420109,records,purchase_order,PO_0420106
audit_event,EVT_0420110,records,purchase_order,PO_0420107
audit_event,EVT_0420111,records,purchase_order,PO_0420108
audit_event,EVT_0420112,records,purchase_order,PO_0420109
audit_event,EVT_0420113,records,purchase_order,PO_0420110
audit_event,EVT_0420114,records,purchase_order,PO_0420111
audit_event,EVT_0420115,records,purchase_order,PO_0420112
audit_event,EVT_0420116,records,purchase_order,PO_0420113
audit_event,EVT_0420117,records,purchase_order,PO_0420114
audit_event,EVT_0420118,records,purchase_order,PO_0420115
audit_event,EVT_0420119,records,purchase_order,PO_0420116
audit_event,EVT_0420120,records,purchase_order,PO_0420117
audit_event,EVT_0420121,records,purchase_order,PO_0420118
audit_event,EVT_0420122,records,purchase_order,PO_0420119
audit_event,EVT_0420123,records,purchase_order,PO_0420120
audit_event,EVT_0420124,records,purchase_order,PO_0420121
audit_event,EVT_0420125,records,purchase_order,PO_0420122
audit_event,EVT_0420126,records,purchase_order,PO_0420123
audit_event,EVT_0420127,records,purchase_order,PO_0420124
audit_event,EVT_0420128,records,purchase_order,PO_0420125
audit_event,EVT_0420129,records,purchase_order,PO_0420126
audit_event,EVT_0420130,records,purchase_order,PO_0420127
audit_event,EVT_0420131,records,purchase_order,PO_0420128
audit_event,EVT_0420132,records,purchase_order,PO_0420129
audit_event,EVT_0420133,records,purchase_order,PO_0420130
audit_event,EVT_0420134,records,purchase_order,PO_0420131
audit_event,EVT_0420135,records,purchase_order,PO_0420132
audit_event,EVT_0420136,records,purchase_order,PO_0420133
audit_event,EVT_0420137,records,purchase_order,PO_0420134
audit_event,EVT_0420138,records,purchase_order,PO_0420135
audit_event,EVT_0420139,records,purchase_order,PO_0420136
audit_event,EVT_0420140,records,purchase_order,PO_0420137
audit_event,EVT_0420141,records,purchase_order,PO_0420138
audit_event,EVT_0420142,records,purchase_order,PO_0420139
audit_event,EVT_0420143,records,purchase_order,PO_0420140
audit_event,EVT_0420144,records,purchase_order,PO_0420141
audit_event,EVT_0420145,records,purchase_order,PO_0420142
audit_event,EVT_0420146,records,purchase_order,PO_0420143
audit_event,EVT_0420147,records,purchase_order,PO_0420144
audit_event,EVT_0420148,records,purchase_order,PO_0420145
audit_event,EVT_0420149,records,purchase_order,PO_0420146
audit_event,EVT_0420150,records,purchase_order,PO_0420147
audit_event,EVT_0420151,records,purchase_order,PO_0420148
audit_event,EVT_0420152,records,purchase_order,PO_0420149
audit_event,EVT_0420153,records,purchase_order,PO_0420150
audit_event,EVT_0420154,records,purchase_order,PO_0420151
audit_event,EVT_0420155,records,purchase_order,PO_0420152
audit_event,EVT_0420156,records,purchase_order,PO_0420153
audit_event,EVT_0420157,records,purchase_order,PO_0420154
audit_event,EVT_0420158,records,purchase_order,PO_0420155
audit_event,EVT_0420159,records,purchase_order,PO_0420156
audit_event,EVT_0420160,records,purchase_order,PO_0420157
audit_event,EVT_0420161,records,purchase_order,PO_0420158
audit_event,EVT_0420162,records,purchase_order,PO_0420159
audit_event,EVT_0420163,records,purchase_order,PO_0420160
invoice_line,INVL_0420001,matches,po_line,POL_0420113
invoice_line,INVL_0420002,matches,po_line,POL_0420114
invoice,INV_0420001,references,purchase_order,PO_0420055
vendor,VND_042026,bills_via,invoice,INV_0420001
audit_event,EVT_0420164,records,invoice,INV_0420001
invoice_line,INVL_0420003,matches,po_line,POL_0420316
invoice,INV_0420002,references,purchase_order,PO_0420143
vendor,VND_042039,bills_via,invoice,INV_0420002
audit_event,EVT_0420165,records,invoice,INV_0420002
invoice_line,INVL_0420004,matches,po_line,POL_0420188
invoice_line,INVL_0420005,matches,po_line,POL_0420189
invoice,INV_0420003,references,purchase_order,PO_0420088
vendor,VND_042034,bills_via,invoice,INV_0420003
audit_event,EVT_0420166,records,invoice,INV_0420003
invoice_line,INVL_0420006,matches,po_line,POL_0420056
invoice_line,INVL_0420007,matches,po_line,POL_0420057
invoice,INV_0420004,references,purchase_order,PO_0420029
vendor,VND_042040,bills_via,invoice,INV_0420004
audit_event,EVT_0420167,records,invoice,INV_0420004
invoice_line,INVL_0420008,matches,po_line,POL_0420126
invoice_line,INVL_0420009,matches,po_line,POL_0420127
invoice,INV_0420005,references,purchase_order,PO_0420060
vendor,VND_042019,bills_via,invoice,INV_0420005
audit_event,EVT_0420168,records,invoice,INV_0420005
invoice_line,INVL_0420010,matches,po_line,POL_0420085
invoice_line,INVL_0420011,matches,po_line,POL_0420086
invoice,INV_0420006,references,purchase_order,PO_0420043
vendor,VND_042021,bills_via,invoice,INV_0420006
audit_event,EVT_0420169,records,invoice,INV_0420006
invoice_line,INVL_0420012,matches,po_line,POL_0420101
invoice_line,INVL_0420013,matches,po_line,POL_0420102
invoice_line,INVL_0420014,matches,po_line,POL_0420103
invoice,INV_0420007,references,purchase_order,PO_0420050
vendor,VND_042034,bills_via,invoice,INV_0420007
audit_event,EVT_0420170,records,invoice,INV_0420007
invoice_line,INVL_0420015,matches,po_line,POL_0420069
invoice,INV_0420008,references,purchase_order,PO_0420035
vendor,VND_042025,bills_via,invoice,INV_0420008
audit_event,EVT_0420171,records,invoice,INV_0420008
invoice_line,INVL_0420016,matches,po_line,POL_0420064
invoice_line,INVL_0420017,matches,po_line,POL_0420065
invoice_line,INVL_0420018,matches,po_line,POL_0420066
invoice,INV_0420009,references,purchase_order,PO_0420033
vendor,VND_042023,bills_via,invoice,INV_0420009
audit_event,EVT_0420172,records,invoice,INV_0420009
invoice_line,INVL_0420019,matches,po_line,POL_0420177
invoice_line,INVL_0420020,matches,po_line,POL_0420178
invoice_line,INVL_0420021,matches,po_line,POL_0420179
invoice,INV_0420010,references,purchase_order,PO_0420084
vendor,VND_042010,bills_via,invoice,INV_0420010
audit_event,EVT_0420173,records,invoice,INV_0420010
invoice_line,INVL_0420022,matches,po_line,POL_0420244
invoice_line,INVL_0420023,matches,po_line,POL_0420245
invoice_line,INVL_0420024,matches,po_line,POL_0420246
invoice_line,INVL_0420025,matches,po_line,POL_0420247
invoice,INV_0420011,references,purchase_order,PO_0420114
vendor,VND_042008,bills_via,invoice,INV_0420011
audit_event,EVT_0420174,records,invoice,INV_0420011
invoice_line,INVL_0420026,matches,po_line,POL_0420221
invoice,INV_0420012,references,purchase_order,PO_0420104
vendor,VND_042011,bills_via,invoice,INV_0420012
audit_event,EVT_0420175,records,invoice,INV_0420012
invoice_line,INVL_0420027,matches,po_line,POL_0420094
invoice_line,INVL_0420028,matches,po_line,POL_0420095
invoice,INV_0420013,references,purchase_order,PO_0420047
vendor,VND_042023,bills_via,invoice,INV_0420013
audit_event,EVT_0420176,records,invoice,INV_0420013
invoice_line,INVL_0420029,matches,po_line,POL_0420110
invoice_line,INVL_0420030,matches,po_line,POL_0420111
invoice_line,INVL_0420031,matches,po_line,POL_0420112
invoice,INV_0420014,references,purchase_order,PO_0420054
vendor,VND_042010,bills_via,invoice,INV_0420014
audit_event,EVT_0420177,records,invoice,INV_0420014
invoice_line,INVL_0420032,matches,po_line,POL_0420087
invoice_line,INVL_0420033,matches,po_line,POL_0420088
invoice,INV_0420015,references,purchase_order,PO_0420044
vendor,VND_042030,bills_via,invoice,INV_0420015
audit_event,EVT_0420178,records,invoice,INV_0420015
invoice_line,INVL_0420034,matches,po_line,POL_0420052
invoice_line,INVL_0420035,matches,po_line,POL_0420053
invoice,INV_0420016,references,purchase_order,PO_0420027
vendor,VND_042029,bills_via,invoice,INV_0420016
audit_event,EVT_0420179,records,invoice,INV_0420016
invoice_line,INVL_0420036,matches,po_line,POL_0420251
invoice_line,INVL_0420037,matches,po_line,POL_0420252
invoice,INV_0420017,references,purchase_order,PO_0420117
vendor,VND_042031,bills_via,invoice,INV_0420017
audit_event,EVT_0420180,records,invoice,INV_0420017
invoice_line,INVL_0420038,matches,po_line,POL_0420284
invoice_line,INVL_0420039,matches,po_line,POL_0420285
invoice,INV_0420018,references,purchase_order,PO_0420129
vendor,VND_042009,bills_via,invoice,INV_0420018
audit_event,EVT_0420181,records,invoice,INV_0420018
invoice_line,INVL_0420040,matches,po_line,POL_0420216
invoice,INV_0420019,references,purchase_order,PO_0420101
vendor,VND_042031,bills_via,invoice,INV_0420019
audit_event,EVT_0420182,records,invoice,INV_0420019
invoice_line,INVL_0420041,matches,po_line,POL_0420249
invoice_line,INVL_0420042,matches,po_line,POL_0420250
invoice,INV_0420020,references,purchase_order,PO_0420116
vendor,VND_042023,bills_via,invoice,INV_0420020
audit_event,EVT_0420183,records,invoice,INV_0420020
invoice_line,INVL_0420043,matches,po_line,POL_0420159
invoice_line,INVL_0420044,matches,po_line,POL_0420160
invoice,INV_0420021,references,purchase_order,PO_0420075
vendor,VND_042034,bills_via,invoice,INV_0420021
audit_event,EVT_0420184,records,invoice,INV_0420021
invoice_line,INVL_0420045,matches,po_line,POL_0420313
invoice_line,INVL_0420046,matches,po_line,POL_0420314
invoice_line,INVL_0420047,matches,po_line,POL_0420315
invoice,INV_0420022,references,purchase_order,PO_0420142
vendor,VND_042010,bills_via,invoice,INV_0420022
audit_event,EVT_0420185,records,invoice,INV_0420022
invoice_line,INVL_0420048,matches,po_line,POL_0420119
invoice_line,INVL_0420049,matches,po_line,POL_0420120
invoice_line,INVL_0420050,matches,po_line,POL_0420121
invoice,INV_0420023,references,purchase_order,PO_0420058
vendor,VND_042031,bills_via,invoice,INV_0420023
audit_event,EVT_0420186,records,invoice,INV_0420023
invoice_line,INVL_0420051,matches,po_line,POL_0420034
invoice_line,INVL_0420052,matches,po_line,POL_0420035
invoice,INV_0420024,references,purchase_order,PO_0420019
vendor,VND_042019,bills_via,invoice,INV_0420024
audit_event,EVT_0420187,records,invoice,INV_0420024
invoice_line,INVL_0420053,matches,po_line,POL_0420062
invoice_line,INVL_0420054,matches,po_line,POL_0420063
invoice,INV_0420025,references,purchase_order,PO_0420032
vendor,VND_042034,bills_via,invoice,INV_0420025
audit_event,EVT_0420188,records,invoice,INV_0420025
invoice_line,INVL_0420055,matches,po_line,POL_0420076
invoice,INV_0420026,references,purchase_order,PO_0420039
vendor,VND_042034,bills_via,invoice,INV_0420026
audit_event,EVT_0420189,records,invoice,INV_0420026
invoice_line,INVL_0420056,matches,po_line,POL_0420037
invoice_line,INVL_0420057,matches,po_line,POL_0420038
invoice_line,INVL_0420058,matches,po_line,POL_0420039
invoice,INV_0420027,references,purchase_order,PO_0420021
vendor,VND_042025,bills_via,invoice,INV_0420027
audit_event,EVT_0420190,records,invoice,INV_0420027
invoice_line,INVL_0420059,matches,po_line,POL_0420153
invoice_line,INVL_0420060,matches,po_line,POL_0420154
invoice,INV_0420028,references,purchase_order,PO_0420073
vendor,VND_042005,bills_via,invoice,INV_0420028
audit_event,EVT_0420191,records,invoice,INV_0420028
invoice_line,INVL_0420061,matches,po_line,POL_0420192
invoice,INV_0420029,references,purchase_order,PO_0420090
vendor,VND_042020,bills_via,invoice,INV_0420029
audit_event,EVT_0420192,records,invoice,INV_0420029
invoice_line,INVL_0420062,matches,po_line,POL_0420248
invoice,INV_0420030,references,purchase_order,PO_0420115
vendor,VND_042030,bills_via,invoice,INV_0420030
audit_event,EVT_0420193,records,invoice,INV_0420030
invoice_line,INVL_0420063,matches,po_line,POL_0420080
invoice_line,INVL_0420064,matches,po_line,POL_0420081
invoice,INV_0420031,references,purchase_order,PO_0420041
vendor,VND_042016,bills_via,invoice,INV_0420031
audit_event,EVT_0420194,records,invoice,INV_0420031
invoice_line,INVL_0420065,matches,po_line,POL_0420020
invoice,INV_0420032,references,purchase_order,PO_0420011
vendor,VND_042023,bills_via,invoice,INV_0420032
audit_event,EVT_0420195,records,invoice,INV_0420032
invoice_line,INVL_0420066,matches,po_line,POL_0420303
invoice_line,INVL_0420067,matches,po_line,POL_0420304
invoice_line,INVL_0420068,matches,po_line,POL_0420305
invoice,INV_0420033,references,purchase_order,PO_0420138
vendor,VND_042017,bills_via,invoice,INV_0420033
audit_event,EVT_0420196,records,invoice,INV_0420033
invoice_line,INVL_0420069,matches,po_line,POL_0420007
invoice_line,INVL_0420070,matches,po_line,POL_0420008
invoice,INV_0420034,references,purchase_order,PO_0420004
vendor,VND_042036,bills_via,invoice,INV_0420034
audit_event,EVT_0420197,records,invoice,INV_0420034
invoice_line,INVL_0420071,matches,po_line,POL_0420060
invoice_line,INVL_0420072,matches,po_line,POL_0420061
invoice,INV_0420035,references,purchase_order,PO_0420031
vendor,VND_042018,bills_via,invoice,INV_0420035
audit_event,EVT_0420198,records,invoice,INV_0420035
invoice_line,INVL_0420073,matches,po_line,POL_0420150
invoice_line,INVL_0420074,matches,po_line,POL_0420151
invoice_line,INVL_0420075,matches,po_line,POL_0420152
invoice,INV_0420036,references,purchase_order,PO_0420072
vendor,VND_042020,bills_via,invoice,INV_0420036
audit_event,EVT_0420199,records,invoice,INV_0420036
invoice_line,INVL_0420076,matches,po_line,POL_0420311
invoice_line,INVL_0420077,matches,po_line,POL_0420312
invoice,INV_0420037,references,purchase_order,PO_0420141
vendor,VND_042040,bills_via,invoice,INV_0420037
audit_event,EVT_0420200,records,invoice,INV_0420037
invoice_line,INVL_0420078,matches,po_line,POL_0420049
invoice,INV_0420038,references,purchase_order,PO_0420025
vendor,VND_042022,bills_via,invoice,INV_0420038
audit_event,EVT_0420201,records,invoice,INV_0420038
invoice_line,INVL_0420079,matches,po_line,POL_0420099
invoice_line,INVL_0420080,matches,po_line,POL_0420100
invoice,INV_0420039,references,purchase_order,PO_0420049
vendor,VND_042037,bills_via,invoice,INV_0420039
audit_event,EVT_0420202,records,invoice,INV_0420039
invoice_line,INVL_0420081,matches,po_line,POL_0420082
invoice_line,INVL_0420082,matches,po_line,POL_0420083
invoice_line,INVL_0420083,matches,po_line,POL_0420084
invoice,INV_0420040,references,purchase_order,PO_0420042
vendor,VND_042015,bills_via,invoice,INV_0420040
audit_event,EVT_0420203,records,invoice,INV_0420040
invoice_line,INVL_0420084,matches,po_line,POL_0420163
invoice_line,INVL_0420085,matches,po_line,POL_0420164
invoice,INV_0420041,references,purchase_order,PO_0420077
vendor,VND_042009,bills_via,invoice,INV_0420041
audit_event,EVT_0420204,records,invoice,INV_0420041
invoice_line,INVL_0420086,matches,po_line,POL_0420306
invoice_line,INVL_0420087,matches,po_line,POL_0420307
invoice,INV_0420042,references,purchase_order,PO_0420139
vendor,VND_042013,bills_via,invoice,INV_0420042
audit_event,EVT_0420205,records,invoice,INV_0420042
invoice_line,INVL_0420088,matches,po_line,POL_0420346
invoice,INV_0420043,references,purchase_order,PO_0420157
vendor,VND_042010,bills_via,invoice,INV_0420043
audit_event,EVT_0420206,records,invoice,INV_0420043
invoice_line,INVL_0420089,matches,po_line,POL_0420026
invoice,INV_0420044,references,purchase_order,PO_0420015
vendor,VND_042008,bills_via,invoice,INV_0420044
audit_event,EVT_0420207,records,invoice,INV_0420044
invoice_line,INVL_0420090,matches,po_line,POL_0420089
invoice_line,INVL_0420091,matches,po_line,POL_0420090
invoice,INV_0420045,references,purchase_order,PO_0420045
vendor,VND_042036,bills_via,invoice,INV_0420045
audit_event,EVT_0420208,records,invoice,INV_0420045
invoice_line,INVL_0420092,matches,po_line,POL_0420128
invoice_line,INVL_0420093,matches,po_line,POL_0420129
invoice_line,INVL_0420094,matches,po_line,POL_0420130
invoice_line,INVL_0420095,matches,po_line,POL_0420131
invoice,INV_0420046,references,purchase_order,PO_0420061
vendor,VND_042028,bills_via,invoice,INV_0420046
audit_event,EVT_0420209,records,invoice,INV_0420046
invoice_line,INVL_0420096,matches,po_line,POL_0420229
invoice_line,INVL_0420097,matches,po_line,POL_0420230
invoice,INV_0420047,references,purchase_order,PO_0420108
vendor,VND_042039,bills_via,invoice,INV_0420047
audit_event,EVT_0420210,records,invoice,INV_0420047
invoice_line,INVL_0420098,matches,po_line,POL_0420328
invoice_line,INVL_0420099,matches,po_line,POL_0420329
invoice,INV_0420048,references,purchase_order,PO_0420149
vendor,VND_042020,bills_via,invoice,INV_0420048
audit_event,EVT_0420211,records,invoice,INV_0420048
invoice_line,INVL_0420100,matches,po_line,POL_0420106
invoice_line,INVL_0420101,matches,po_line,POL_0420107
invoice_line,INVL_0420102,matches,po_line,POL_0420108
invoice,INV_0420049,references,purchase_order,PO_0420052
vendor,VND_042031,bills_via,invoice,INV_0420049
audit_event,EVT_0420212,records,invoice,INV_0420049
invoice_line,INVL_0420103,matches,po_line,POL_0420231
invoice_line,INVL_0420104,matches,po_line,POL_0420232
invoice_line,INVL_0420105,matches,po_line,POL_0420233
invoice,INV_0420050,references,purchase_order,PO_0420109
vendor,VND_042014,bills_via,invoice,INV_0420050
audit_event,EVT_0420213,records,invoice,INV_0420050
invoice_line,INVL_0420106,matches,po_line,POL_0420011
invoice,INV_0420051,references,purchase_order,PO_0420006
vendor,VND_042030,bills_via,invoice,INV_0420051
audit_event,EVT_0420214,records,invoice,INV_0420051
invoice_line,INVL_0420107,matches,po_line,POL_0420330
invoice,INV_0420052,references,purchase_order,PO_0420150
vendor,VND_042002,bills_via,invoice,INV_0420052
audit_event,EVT_0420215,records,invoice,INV_0420052
invoice_line,INVL_0420108,matches,po_line,POL_0420297
invoice_line,INVL_0420109,matches,po_line,POL_0420298
invoice,INV_0420053,references,purchase_order,PO_0420135
vendor,VND_042023,bills_via,invoice,INV_0420053
audit_event,EVT_0420216,records,invoice,INV_0420053
invoice_line,INVL_0420110,matches,po_line,POL_0420208
invoice_line,INVL_0420111,matches,po_line,POL_0420209
invoice,INV_0420054,references,purchase_order,PO_0420097
vendor,VND_042023,bills_via,invoice,INV_0420054
audit_event,EVT_0420217,records,invoice,INV_0420054
invoice_line,INVL_0420112,matches,po_line,POL_0420286
invoice,INV_0420055,references,purchase_order,PO_0420130
vendor,VND_042023,bills_via,invoice,INV_0420055
audit_event,EVT_0420218,records,invoice,INV_0420055
invoice_line,INVL_0420113,matches,po_line,POL_0420347
invoice_line,INVL_0420114,matches,po_line,POL_0420348
invoice,INV_0420056,references,purchase_order,PO_0420158
vendor,VND_042037,bills_via,invoice,INV_0420056
audit_event,EVT_0420219,records,invoice,INV_0420056
invoice_line,INVL_0420115,matches,po_line,POL_0420030
invoice_line,INVL_0420116,matches,po_line,POL_0420031
invoice,INV_0420057,references,purchase_order,PO_0420017
vendor,VND_042023,bills_via,invoice,INV_0420057
audit_event,EVT_0420220,records,invoice,INV_0420057
invoice_line,INVL_0420117,matches,po_line,POL_0420206
invoice_line,INVL_0420118,matches,po_line,POL_0420207
invoice,INV_0420058,references,purchase_order,PO_0420096
vendor,VND_042031,bills_via,invoice,INV_0420058
audit_event,EVT_0420221,records,invoice,INV_0420058
invoice_line,INVL_0420119,matches,po_line,POL_0420299
invoice_line,INVL_0420120,matches,po_line,POL_0420300
invoice,INV_0420059,references,purchase_order,PO_0420136
vendor,VND_042013,bills_via,invoice,INV_0420059
audit_event,EVT_0420222,records,invoice,INV_0420059
invoice_line,INVL_0420121,matches,po_line,POL_0420134
invoice,INV_0420060,references,purchase_order,PO_0420064
vendor,VND_042019,bills_via,invoice,INV_0420060
audit_event,EVT_0420223,records,invoice,INV_0420060
invoice_line,INVL_0420122,matches,po_line,POL_0420027
invoice_line,INVL_0420123,matches,po_line,POL_0420028
invoice_line,INVL_0420124,matches,po_line,POL_0420029
invoice,INV_0420061,references,purchase_order,PO_0420016
vendor,VND_042004,bills_via,invoice,INV_0420061
audit_event,EVT_0420224,records,invoice,INV_0420061
invoice_line,INVL_0420125,matches,po_line,POL_0420219
invoice_line,INVL_0420126,matches,po_line,POL_0420220
invoice,INV_0420062,references,purchase_order,PO_0420103
vendor,VND_042039,bills_via,invoice,INV_0420062
audit_event,EVT_0420225,records,invoice,INV_0420062
invoice_line,INVL_0420127,matches,po_line,POL_0420067
invoice_line,INVL_0420128,matches,po_line,POL_0420068
invoice,INV_0420063,references,purchase_order,PO_0420034
vendor,VND_042019,bills_via,invoice,INV_0420063
audit_event,EVT_0420226,records,invoice,INV_0420063
invoice_line,INVL_0420129,matches,po_line,POL_0420022
invoice_line,INVL_0420130,matches,po_line,POL_0420023
invoice_line,INVL_0420131,matches,po_line,POL_0420024
invoice,INV_0420064,references,purchase_order,PO_0420013
vendor,VND_042023,bills_via,invoice,INV_0420064
audit_event,EVT_0420227,records,invoice,INV_0420064
invoice_line,INVL_0420132,matches,po_line,POL_0420025
invoice,INV_0420065,references,purchase_order,PO_0420014
vendor,VND_042023,bills_via,invoice,INV_0420065
audit_event,EVT_0420228,records,invoice,INV_0420065
invoice_line,INVL_0420133,matches,po_line,POL_0420044
invoice,INV_0420066,references,purchase_order,PO_0420023
vendor,VND_042023,bills_via,invoice,INV_0420066
audit_event,EVT_0420229,records,invoice,INV_0420066
invoice_line,INVL_0420134,matches,po_line,POL_0420115
invoice_line,INVL_0420135,matches,po_line,POL_0420116
invoice_line,INVL_0420136,matches,po_line,POL_0420117
invoice,INV_0420067,references,purchase_order,PO_0420056
vendor,VND_042014,bills_via,invoice,INV_0420067
audit_event,EVT_0420230,records,invoice,INV_0420067
invoice_line,INVL_0420137,matches,po_line,POL_0420190
invoice_line,INVL_0420138,matches,po_line,POL_0420191
invoice,INV_0420068,references,purchase_order,PO_0420089
vendor,VND_042027,bills_via,invoice,INV_0420068
audit_event,EVT_0420231,records,invoice,INV_0420068
invoice_line,INVL_0420139,matches,po_line,POL_0420155
invoice_line,INVL_0420140,matches,po_line,POL_0420156
invoice_line,INVL_0420141,matches,po_line,POL_0420157
invoice_line,INVL_0420142,matches,po_line,POL_0420158
invoice,INV_0420069,references,purchase_order,PO_0420074
vendor,VND_042018,bills_via,invoice,INV_0420069
audit_event,EVT_0420232,records,invoice,INV_0420069
invoice_line,INVL_0420143,matches,po_line,POL_0420072
invoice_line,INVL_0420144,matches,po_line,POL_0420073
invoice,INV_0420070,references,purchase_order,PO_0420037
vendor,VND_042032,bills_via,invoice,INV_0420070
audit_event,EVT_0420233,records,invoice,INV_0420070
invoice_line,INVL_0420145,matches,po_line,POL_0420165
invoice_line,INVL_0420146,matches,po_line,POL_0420166
invoice_line,INVL_0420147,matches,po_line,POL_0420167
invoice,INV_0420071,references,purchase_order,PO_0420078
vendor,VND_042023,bills_via,invoice,INV_0420071
audit_event,EVT_0420234,records,invoice,INV_0420071
invoice_line,INVL_0420148,matches,po_line,POL_0420070
invoice_line,INVL_0420149,matches,po_line,POL_0420071
invoice,INV_0420072,references,purchase_order,PO_0420036
vendor,VND_042023,bills_via,invoice,INV_0420072
audit_event,EVT_0420235,records,invoice,INV_0420072
invoice_line,INVL_0420150,matches,po_line,POL_0420222
invoice_line,INVL_0420151,matches,po_line,POL_0420223
invoice_line,INVL_0420152,matches,po_line,POL_0420224
invoice,INV_0420073,references,purchase_order,PO_0420105
vendor,VND_042003,bills_via,invoice,INV_0420073
audit_event,EVT_0420236,records,invoice,INV_0420073
invoice_line,INVL_0420153,matches,po_line,POL_0420295
invoice_line,INVL_0420154,matches,po_line,POL_0420296
invoice,INV_0420074,references,purchase_order,PO_0420134
vendor,VND_042023,bills_via,invoice,INV_0420074
audit_event,EVT_0420237,records,invoice,INV_0420074
invoice_line,INVL_0420155,matches,po_line,POL_0420240
invoice_line,INVL_0420156,matches,po_line,POL_0420241
invoice,INV_0420075,references,purchase_order,PO_0420112
vendor,VND_042031,bills_via,invoice,INV_0420075
audit_event,EVT_0420238,records,invoice,INV_0420075
invoice_line,INVL_0420157,matches,po_line,POL_0420215
invoice,INV_0420076,references,purchase_order,PO_0420100
vendor,VND_042025,bills_via,invoice,INV_0420076
audit_event,EVT_0420239,records,invoice,INV_0420076
invoice_line,INVL_0420158,matches,po_line,POL_0420148
invoice_line,INVL_0420159,matches,po_line,POL_0420149
invoice,INV_0420077,references,purchase_order,PO_0420071
vendor,VND_042040,bills_via,invoice,INV_0420077
audit_event,EVT_0420240,records,invoice,INV_0420077
invoice_line,INVL_0420160,matches,po_line,POL_0420146
invoice,INV_0420078,references,purchase_order,PO_0420069
vendor,VND_042023,bills_via,invoice,INV_0420078
audit_event,EVT_0420241,records,invoice,INV_0420078
invoice_line,INVL_0420161,matches,po_line,POL_0420212
invoice_line,INVL_0420162,matches,po_line,POL_0420213
invoice_line,INVL_0420163,matches,po_line,POL_0420214
invoice,INV_0420079,references,purchase_order,PO_0420099
vendor,VND_042010,bills_via,invoice,INV_0420079
audit_event,EVT_0420242,records,invoice,INV_0420079
invoice_line,INVL_0420164,matches,po_line,POL_0420005
invoice_line,INVL_0420165,matches,po_line,POL_0420006
invoice,INV_0420080,references,purchase_order,PO_0420003
vendor,VND_042010,bills_via,invoice,INV_0420080
audit_event,EVT_0420243,records,invoice,INV_0420080
invoice_line,INVL_0420166,matches,po_line,POL_0420234
invoice_line,INVL_0420167,matches,po_line,POL_0420235
invoice_line,INVL_0420168,matches,po_line,POL_0420236
invoice_line,INVL_0420169,matches,po_line,POL_0420237
invoice,INV_0420081,references,purchase_order,PO_0420110
vendor,VND_042040,bills_via,invoice,INV_0420081
audit_event,EVT_0420244,records,invoice,INV_0420081
invoice_line,INVL_0420170,matches,po_line,POL_0420132
invoice,INV_0420082,references,purchase_order,PO_0420062
vendor,VND_042008,bills_via,invoice,INV_0420082
audit_event,EVT_0420245,records,invoice,INV_0420082
invoice_line,INVL_0420171,matches,po_line,POL_0420344
invoice_line,INVL_0420172,matches,po_line,POL_0420345
invoice,INV_0420083,references,purchase_order,PO_0420156
vendor,VND_042029,bills_via,invoice,INV_0420083
audit_event,EVT_0420246,records,invoice,INV_0420083
invoice_line,INVL_0420173,matches,po_line,POL_0420327
invoice,INV_0420084,references,purchase_order,PO_0420148
vendor,VND_042005,bills_via,invoice,INV_0420084
audit_event,EVT_0420247,records,invoice,INV_0420084
invoice_line,INVL_0420174,matches,po_line,POL_0420169
invoice_line,INVL_0420175,matches,po_line,POL_0420170
invoice,INV_0420085,references,purchase_order,PO_0420080
vendor,VND_042020,bills_via,invoice,INV_0420085
audit_event,EVT_0420248,records,invoice,INV_0420085
invoice_line,INVL_0420176,matches,po_line,POL_0420275
invoice_line,INVL_0420177,matches,po_line,POL_0420276
invoice_line,INVL_0420178,matches,po_line,POL_0420277
invoice_line,INVL_0420179,matches,po_line,POL_0420278
invoice,INV_0420086,references,purchase_order,PO_0420126
vendor,VND_042023,bills_via,invoice,INV_0420086
audit_event,EVT_0420249,records,invoice,INV_0420086
invoice_line,INVL_0420180,matches,po_line,POL_0420096
invoice_line,INVL_0420181,matches,po_line,POL_0420097
invoice_line,INVL_0420182,matches,po_line,POL_0420098
invoice,INV_0420087,references,purchase_order,PO_0420048
vendor,VND_042011,bills_via,invoice,INV_0420087
audit_event,EVT_0420250,records,invoice,INV_0420087
invoice_line,INVL_0420183,matches,po_line,POL_0420257
invoice_line,INVL_0420184,matches,po_line,POL_0420258
invoice_line,INVL_0420185,matches,po_line,POL_0420259
invoice_line,INVL_0420186,matches,po_line,POL_0420260
invoice,INV_0420088,references,purchase_order,PO_0420119
vendor,VND_042034,bills_via,invoice,INV_0420088
audit_event,EVT_0420251,records,invoice,INV_0420088
invoice_line,INVL_0420187,matches,po_line,POL_0420135
invoice_line,INVL_0420188,matches,po_line,POL_0420136
invoice_line,INVL_0420189,matches,po_line,POL_0420137
invoice,INV_0420089,references,purchase_order,PO_0420065
vendor,VND_042020,bills_via,invoice,INV_0420089
audit_event,EVT_0420252,records,invoice,INV_0420089
invoice_line,INVL_0420190,matches,po_line,POL_0420054
invoice_line,INVL_0420191,matches,po_line,POL_0420055
invoice,INV_0420090,references,purchase_order,PO_0420028
vendor,VND_042030,bills_via,invoice,INV_0420090
audit_event,EVT_0420253,records,invoice,INV_0420090
invoice_line,INVL_0420192,matches,po_line,POL_0420002
invoice_line,INVL_0420193,matches,po_line,POL_0420003
invoice_line,INVL_0420194,matches,po_line,POL_0420004
invoice,INV_0420091,references,purchase_order,PO_0420002
vendor,VND_042032,bills_via,invoice,INV_0420091
audit_event,EVT_0420254,records,invoice,INV_0420091
invoice_line,INVL_0420195,matches,po_line,POL_0420036
invoice,INV_0420092,references,purchase_order,PO_0420020
vendor,VND_042040,bills_via,invoice,INV_0420092
audit_event,EVT_0420255,records,invoice,INV_0420092
invoice_line,INVL_0420196,matches,po_line,POL_0420193
invoice_line,INVL_0420197,matches,po_line,POL_0420194
invoice,INV_0420093,references,purchase_order,PO_0420091
vendor,VND_042011,bills_via,invoice,INV_0420093
audit_event,EVT_0420256,records,invoice,INV_0420093
invoice_line,INVL_0420198,matches,po_line,POL_0420016
invoice_line,INVL_0420199,matches,po_line,POL_0420017
invoice_line,INVL_0420200,matches,po_line,POL_0420018
invoice,INV_0420094,references,purchase_order,PO_0420009
vendor,VND_042010,bills_via,invoice,INV_0420094
audit_event,EVT_0420257,records,invoice,INV_0420094
invoice_line,INVL_0420201,matches,po_line,POL_0420058
invoice_line,INVL_0420202,matches,po_line,POL_0420059
invoice,INV_0420095,references,purchase_order,PO_0420030
vendor,VND_042010,bills_via,invoice,INV_0420095
audit_event,EVT_0420258,records,invoice,INV_0420095
invoice_line,INVL_0420203,matches,po_line,POL_0420319
invoice_line,INVL_0420204,matches,po_line,POL_0420320
invoice_line,INVL_0420205,matches,po_line,POL_0420321
invoice_line,INVL_0420206,matches,po_line,POL_0420322
invoice,INV_0420096,references,purchase_order,PO_0420145
vendor,VND_042031,bills_via,invoice,INV_0420096
audit_event,EVT_0420259,records,invoice,INV_0420096
invoice_line,INVL_0420207,matches,po_line,POL_0420242
invoice_line,INVL_0420208,matches,po_line,POL_0420243
invoice,INV_0420097,references,purchase_order,PO_0420113
vendor,VND_042034,bills_via,invoice,INV_0420097
audit_event,EVT_0420260,records,invoice,INV_0420097
invoice_line,INVL_0420209,matches,po_line,POL_0420326
invoice,INV_0420098,references,purchase_order,PO_0420147
vendor,VND_042005,bills_via,invoice,INV_0420098
audit_event,EVT_0420261,records,invoice,INV_0420098
invoice_line,INVL_0420210,matches,po_line,POL_0420001
invoice,INV_0420099,references,purchase_order,PO_0420001
vendor,VND_042039,bills_via,invoice,INV_0420099
audit_event,EVT_0420262,records,invoice,INV_0420099
invoice_line,INVL_0420211,matches,po_line,POL_0420279
invoice_line,INVL_0420212,matches,po_line,POL_0420280
invoice_line,INVL_0420213,matches,po_line,POL_0420281
invoice,INV_0420100,references,purchase_order,PO_0420127
vendor,VND_042019,bills_via,invoice,INV_0420100
audit_event,EVT_0420263,records,invoice,INV_0420100
invoice_line,INVL_0420214,matches,po_line,POL_0420012
invoice_line,INVL_0420215,matches,po_line,POL_0420013
invoice_line,INVL_0420216,matches,po_line,POL_0420014
invoice,INV_0420101,references,purchase_order,PO_0420007
vendor,VND_042023,bills_via,invoice,INV_0420101
audit_event,EVT_0420264,records,invoice,INV_0420101
invoice_line,INVL_0420217,matches,po_line,POL_0420183
invoice_line,INVL_0420218,matches,po_line,POL_0420184
invoice,INV_0420102,references,purchase_order,PO_0420086
vendor,VND_042016,bills_via,invoice,INV_0420102
audit_event,EVT_0420265,records,invoice,INV_0420102
invoice_line,INVL_0420219,matches,po_line,POL_0420019
invoice,INV_0420103,references,purchase_order,PO_0420010
vendor,VND_042015,bills_via,invoice,INV_0420103
audit_event,EVT_0420266,records,invoice,INV_0420103
invoice_line,INVL_0420220,matches,po_line,POL_0420308
invoice_line,INVL_0420221,matches,po_line,POL_0420309
invoice_line,INVL_0420222,matches,po_line,POL_0420310
invoice,INV_0420104,references,purchase_order,PO_0420140
vendor,VND_042031,bills_via,invoice,INV_0420104
audit_event,EVT_0420267,records,invoice,INV_0420104
invoice_line,INVL_0420223,matches,po_line,POL_0420144
invoice_line,INVL_0420224,matches,po_line,POL_0420145
invoice,INV_0420105,references,purchase_order,PO_0420068
vendor,VND_042031,bills_via,invoice,INV_0420105
audit_event,EVT_0420268,records,invoice,INV_0420105
invoice_line,INVL_0420225,matches,po_line,POL_0420015
invoice,INV_0420106,references,purchase_order,PO_0420008
vendor,VND_042020,bills_via,invoice,INV_0420106
audit_event,EVT_0420269,records,invoice,INV_0420106
invoice_line,INVL_0420226,matches,po_line,POL_0420266
invoice,INV_0420107,references,purchase_order,PO_0420122
vendor,VND_042023,bills_via,invoice,INV_0420107
audit_event,EVT_0420270,records,invoice,INV_0420107
invoice_line,INVL_0420227,matches,po_line,POL_0420238
invoice_line,INVL_0420228,matches,po_line,POL_0420239
invoice,INV_0420108,references,purchase_order,PO_0420111
vendor,VND_042006,bills_via,invoice,INV_0420108
audit_event,EVT_0420271,records,invoice,INV_0420108
invoice_line,INVL_0420229,matches,po_line,POL_0420045
invoice_line,INVL_0420230,matches,po_line,POL_0420046
invoice_line,INVL_0420231,matches,po_line,POL_0420047
invoice_line,INVL_0420232,matches,po_line,POL_0420048
invoice,INV_0420109,references,purchase_order,PO_0420024
vendor,VND_042034,bills_via,invoice,INV_0420109
audit_event,EVT_0420272,records,invoice,INV_0420109
invoice_line,INVL_0420233,matches,po_line,POL_0420331
invoice_line,INVL_0420234,matches,po_line,POL_0420332
invoice,INV_0420110,references,purchase_order,PO_0420151
vendor,VND_042019,bills_via,invoice,INV_0420110
audit_event,EVT_0420273,records,invoice,INV_0420110
invoice_line,INVL_0420235,matches,po_line,POL_0420147
invoice,INV_0420111,references,purchase_order,PO_0420070
vendor,VND_042034,bills_via,invoice,INV_0420111
audit_event,EVT_0420274,records,invoice,INV_0420111
invoice_line,INVL_0420236,matches,po_line,POL_0420267
invoice_line,INVL_0420237,matches,po_line,POL_0420268
invoice,INV_0420112,references,purchase_order,PO_0420123
vendor,VND_042031,bills_via,invoice,INV_0420112
audit_event,EVT_0420275,records,invoice,INV_0420112
invoice_line,INVL_0420238,matches,po_line,POL_0420032
invoice_line,INVL_0420239,matches,po_line,POL_0420033
invoice,INV_0420113,references,purchase_order,PO_0420018
vendor,VND_042035,bills_via,invoice,INV_0420113
audit_event,EVT_0420276,records,invoice,INV_0420113
invoice_line,INVL_0420240,matches,po_line,POL_0420253
invoice_line,INVL_0420241,matches,po_line,POL_0420254
invoice_line,INVL_0420242,matches,po_line,POL_0420255
invoice_line,INVL_0420243,matches,po_line,POL_0420256
invoice,INV_0420114,references,purchase_order,PO_0420118
vendor,VND_042023,bills_via,invoice,INV_0420114
audit_event,EVT_0420277,records,invoice,INV_0420114
invoice_line,INVL_0420244,matches,po_line,POL_0420091
invoice_line,INVL_0420245,matches,po_line,POL_0420092
invoice_line,INVL_0420246,matches,po_line,POL_0420093
invoice,INV_0420115,references,purchase_order,PO_0420046
vendor,VND_042031,bills_via,invoice,INV_0420115
audit_event,EVT_0420278,records,invoice,INV_0420115
invoice_line,INVL_0420247,matches,po_line,POL_0420217
invoice_line,INVL_0420248,matches,po_line,POL_0420218
invoice,INV_0420116,references,purchase_order,PO_0420102
vendor,VND_042023,bills_via,invoice,INV_0420116
audit_event,EVT_0420279,records,invoice,INV_0420116
invoice_line,INVL_0420249,matches,po_line,POL_0420202
invoice_line,INVL_0420250,matches,po_line,POL_0420203
invoice_line,INVL_0420251,matches,po_line,POL_0420204
invoice,INV_0420117,references,purchase_order,PO_0420094
vendor,VND_042019,bills_via,invoice,INV_0420117
audit_event,EVT_0420280,records,invoice,INV_0420117
invoice_line,INVL_0420252,matches,po_line,POL_0420040
invoice_line,INVL_0420253,matches,po_line,POL_0420041
invoice_line,INVL_0420254,matches,po_line,POL_0420042
invoice_line,INVL_0420255,matches,po_line,POL_0420043
invoice,INV_0420118,references,purchase_order,PO_0420022
vendor,VND_042037,bills_via,invoice,INV_0420118
audit_event,EVT_0420281,records,invoice,INV_0420118
invoice_line,INVL_0420256,matches,po_line,POL_0420291
invoice_line,INVL_0420257,matches,po_line,POL_0420292
invoice_line,INVL_0420258,matches,po_line,POL_0420293
invoice_line,INVL_0420259,matches,po_line,POL_0420294
invoice,INV_0420119,references,purchase_order,PO_0420133
vendor,VND_042029,bills_via,invoice,INV_0420119
audit_event,EVT_0420282,records,invoice,INV_0420119
invoice_line,INVL_0420260,matches,po_line,POL_0420271
invoice_line,INVL_0420261,matches,po_line,POL_0420272
invoice_line,INVL_0420262,matches,po_line,POL_0420273
invoice_line,INVL_0420263,matches,po_line,POL_0420274
invoice,INV_0420120,references,purchase_order,PO_0420125
vendor,VND_042002,bills_via,invoice,INV_0420120
audit_event,EVT_0420283,records,invoice,INV_0420120
invoice_line,INVL_0420264,matches,po_line,POL_0420323
invoice_line,INVL_0420265,matches,po_line,POL_0420324
invoice_line,INVL_0420266,matches,po_line,POL_0420325
invoice,INV_0420121,references,purchase_order,PO_0420146
vendor,VND_042023,bills_via,invoice,INV_0420121
audit_event,EVT_0420284,records,invoice,INV_0420121
invoice_line,INVL_0420267,matches,po_line,POL_0420176
invoice,INV_0420122,references,purchase_order,PO_0420083
vendor,VND_042035,bills_via,invoice,INV_0420122
audit_event,EVT_0420285,records,invoice,INV_0420122
invoice_line,INVL_0420268,matches,po_line,POL_0420339
invoice_line,INVL_0420269,matches,po_line,POL_0420340
invoice,INV_0420123,references,purchase_order,PO_0420154
vendor,VND_042031,bills_via,invoice,INV_0420123
audit_event,EVT_0420286,records,invoice,INV_0420123
invoice_line,INVL_0420270,matches,po_line,POL_0420269
invoice_line,INVL_0420271,matches,po_line,POL_0420270
invoice,INV_0420124,references,purchase_order,PO_0420124
vendor,VND_042020,bills_via,invoice,INV_0420124
audit_event,EVT_0420287,records,invoice,INV_0420124
invoice_line,INVL_0420272,matches,po_line,POL_0420287
invoice_line,INVL_0420273,matches,po_line,POL_0420288
invoice,INV_0420125,references,purchase_order,PO_0420131
vendor,VND_042023,bills_via,invoice,INV_0420125
audit_event,EVT_0420288,records,invoice,INV_0420125
invoice_line,INVL_0420274,matches,po_line,POL_0420317
invoice_line,INVL_0420275,matches,po_line,POL_0420318
invoice,INV_0420126,references,purchase_order,PO_0420144
vendor,VND_042023,bills_via,invoice,INV_0420126
audit_event,EVT_0420289,records,invoice,INV_0420126
invoice_line,INVL_0420276,matches,po_line,POL_0420335
invoice_line,INVL_0420277,matches,po_line,POL_0420336
invoice_line,INVL_0420278,matches,po_line,POL_0420337
invoice_line,INVL_0420279,matches,po_line,POL_0420338
invoice,INV_0420127,references,purchase_order,PO_0420153
vendor,VND_042002,bills_via,invoice,INV_0420127
audit_event,EVT_0420290,records,invoice,INV_0420127
invoice_line,INVL_0420280,matches,po_line,POL_0420138
invoice_line,INVL_0420281,matches,po_line,POL_0420139
invoice_line,INVL_0420282,matches,po_line,POL_0420140
invoice,INV_0420128,references,purchase_order,PO_0420066
vendor,VND_042040,bills_via,invoice,INV_0420128
audit_event,EVT_0420291,records,invoice,INV_0420128
invoice_line,INVL_0420283,matches,po_line,POL_0420185
invoice_line,INVL_0420284,matches,po_line,POL_0420186
invoice_line,INVL_0420285,matches,po_line,POL_0420187
invoice,INV_0420129,references,purchase_order,PO_0420087
vendor,VND_042002,bills_via,invoice,INV_0420129
audit_event,EVT_0420292,records,invoice,INV_0420129
invoice_line,INVL_0420286,matches,po_line,POL_0420333
invoice_line,INVL_0420287,matches,po_line,POL_0420334
invoice,INV_0420130,references,purchase_order,PO_0420152
vendor,VND_042039,bills_via,invoice,INV_0420130
audit_event,EVT_0420293,records,invoice,INV_0420130
invoice_line,INVL_0420288,matches,po_line,POL_0420133
invoice,INV_0420131,references,purchase_order,PO_0420063
vendor,VND_042023,bills_via,invoice,INV_0420131
audit_event,EVT_0420294,records,invoice,INV_0420131
invoice_line,INVL_0420289,matches,po_line,POL_0420352
invoice_line,INVL_0420290,matches,po_line,POL_0420353
invoice,INV_0420132,references,purchase_order,PO_0420160
vendor,VND_042037,bills_via,invoice,INV_0420132
audit_event,EVT_0420295,records,invoice,INV_0420132
invoice_line,INVL_0420291,matches,po_line,POL_0420122
invoice_line,INVL_0420292,matches,po_line,POL_0420123
invoice_line,INVL_0420293,matches,po_line,POL_0420124
invoice_line,INVL_0420294,matches,po_line,POL_0420125
invoice,INV_0420133,references,purchase_order,PO_0420059
vendor,VND_042023,bills_via,invoice,INV_0420133
audit_event,EVT_0420296,records,invoice,INV_0420133
invoice_line,INVL_0420295,matches,po_line,POL_0420180
invoice_line,INVL_0420296,matches,po_line,POL_0420181
invoice_line,INVL_0420297,matches,po_line,POL_0420182
invoice,INV_0420134,references,purchase_order,PO_0420085
vendor,VND_042023,bills_via,invoice,INV_0420134
audit_event,EVT_0420297,records,invoice,INV_0420134
invoice_line,INVL_0420298,matches,po_line,POL_0420104
invoice_line,INVL_0420299,matches,po_line,POL_0420105
invoice,INV_0420135,references,purchase_order,PO_0420051
vendor,VND_042036,bills_via,invoice,INV_0420135
audit_event,EVT_0420298,records,invoice,INV_0420135
invoice_line,INVL_0420300,matches,po_line,POL_0420077
invoice_line,INVL_0420301,matches,po_line,POL_0420078
invoice_line,INVL_0420302,matches,po_line,POL_0420079
invoice,INV_0420136,references,purchase_order,PO_0420040
vendor,VND_042002,bills_via,invoice,INV_0420136
audit_event,EVT_0420299,records,invoice,INV_0420136
invoice_line,INVL_0420303,matches,po_line,POL_0420161
invoice_line,INVL_0420304,matches,po_line,POL_0420162
invoice,INV_0420137,references,purchase_order,PO_0420076
vendor,VND_042036,bills_via,invoice,INV_0420137
audit_event,EVT_0420300,records,invoice,INV_0420137
invoice_line,INVL_0420305,matches,po_line,POL_0420226
invoice_line,INVL_0420306,matches,po_line,POL_0420227
invoice_line,INVL_0420307,matches,po_line,POL_0420228
invoice,INV_0420138,references,purchase_order,PO_0420107
vendor,VND_042002,bills_via,invoice,INV_0420138
audit_event,EVT_0420301,records,invoice,INV_0420138
invoice_line,INVL_0420308,matches,po_line,POL_0420341
invoice_line,INVL_0420309,matches,po_line,POL_0420342
invoice_line,INVL_0420310,matches,po_line,POL_0420343
invoice,INV_0420139,references,purchase_order,PO_0420155
vendor,VND_042023,bills_via,invoice,INV_0420139
audit_event,EVT_0420302,records,invoice,INV_0420139
invoice_line,INVL_0420311,matches,po_line,POL_0420009
invoice_line,INVL_0420312,matches,po_line,POL_0420010
invoice,INV_0420140,references,purchase_order,PO_0420005
vendor,VND_042025,bills_via,invoice,INV_0420140
audit_event,EVT_0420303,records,invoice,INV_0420140
invoice_line,INVL_0420313,matches,po_line,POL_0420074
invoice_line,INVL_0420314,matches,po_line,POL_0420075
invoice,INV_0420141,references,purchase_order,PO_0420038
vendor,VND_042031,bills_via,invoice,INV_0420141
audit_event,EVT_0420304,records,invoice,INV_0420141
invoice_line,INVL_0420315,matches,po_line,POL_0420118
invoice,INV_0420142,references,purchase_order,PO_0420057
vendor,VND_042025,bills_via,invoice,INV_0420142
audit_event,EVT_0420305,records,invoice,INV_0420142
invoice_line,INVL_0420316,matches,po_line,POL_0420021
invoice,INV_0420143,references,purchase_order,PO_0420012
vendor,VND_042010,bills_via,invoice,INV_0420143
audit_event,EVT_0420306,records,invoice,INV_0420143
invoice_line,INVL_0420317,matches,po_line,POL_0420225
invoice,INV_0420144,references,purchase_order,PO_0420106
vendor,VND_042014,bills_via,invoice,INV_0420144
audit_event,EVT_0420307,records,invoice,INV_0420144
invoice_line,INVL_0420318,matches,po_line,POL_0420171
invoice_line,INVL_0420319,matches,po_line,POL_0420172
invoice_line,INVL_0420320,matches,po_line,POL_0420173
invoice,INV_0420145,references,purchase_order,PO_0420081
vendor,VND_042008,bills_via,invoice,INV_0420145
audit_event,EVT_0420308,records,invoice,INV_0420145
invoice_line,INVL_0420321,matches,po_line,POL_0420205
invoice,INV_0420146,references,purchase_order,PO_0420095
vendor,VND_042013,bills_via,invoice,INV_0420146
audit_event,EVT_0420309,records,invoice,INV_0420146
invoice_line,INVL_0420322,matches,po_line,POL_0420109
invoice,INV_0420147,references,purchase_order,PO_0420053
vendor,VND_042023,bills_via,invoice,INV_0420147
audit_event,EVT_0420310,records,invoice,INV_0420147
invoice_line,INVL_0420323,matches,po_line,POL_0420174
invoice_line,INVL_0420324,matches,po_line,POL_0420175
invoice,INV_0420148,references,purchase_order,PO_0420082
vendor,VND_042021,bills_via,invoice,INV_0420148
audit_event,EVT_0420311,records,invoice,INV_0420148
invoice_line,INVL_0420325,matches,po_line,POL_0420264
invoice_line,INVL_0420326,matches,po_line,POL_0420265
invoice,INV_0420149,references,purchase_order,PO_0420121
vendor,VND_042034,bills_via,invoice,INV_0420149
audit_event,EVT_0420312,records,invoice,INV_0420149
audit_event,EVT_0420313,records,invoice,INV_0420150
vendor,VND_042023,bills_via,invoice,INV_0420150
audit_event,EVT_0420314,records,invoice,INV_0420151
vendor,VND_042013,bills_via,invoice,INV_0420151
audit_event,EVT_0420315,records,invoice,INV_0420152
vendor,VND_042023,bills_via,invoice,INV_0420152
audit_event,EVT_0420316,records,invoice,INV_0420153
vendor,VND_042023,bills_via,invoice,INV_0420153
audit_event,EVT_0420317,records,invoice,INV_0420154
vendor,VND_042034,bills_via,invoice,INV_0420154
audit_event,EVT_0420318,records,invoice,INV_0420155
vendor,VND_042029,bills_via,invoice,INV_0420155
audit_event,EVT_0420319,records,invoice,INV_0420156
vendor,VND_042024,bills_via,invoice,INV_0420156
audit_event,EVT_0420320,records,invoice,INV_0420157
vendor,VND_042036,bills_via,invoice,INV_0420157
audit_event,EVT_0420321,records,invoice,INV_0420158
vendor,VND_042025,bills_via,invoice,INV_0420158
audit_event,EVT_0420322,records,invoice,INV_0420159
vendor,VND_042018,bills_via,invoice,INV_0420159
audit_event,EVT_0420323,records,invoice,INV_0420160
vendor,VND_042018,bills_via,invoice,INV_0420160
audit_event,EVT_0420324,records,invoice,INV_0420161
vendor,VND_042029,bills_via,invoice,INV_0420161
audit_event,EVT_0420325,records,invoice,INV_0420162
vendor,VND_042029,bills_via,invoice,INV_0420162
audit_event,EVT_0420326,records,invoice,INV_0420163
vendor,VND_042029,bills_via,invoice,INV_0420163
audit_event,EVT_0420327,records,invoice,INV_0420164
vendor,VND_042020,bills_via,invoice,INV_0420164
audit_event,EVT_0420328,records,invoice,INV_0420165
vendor,VND_042001,bills_via,invoice,INV_0420165
audit_event,EVT_0420329,records,invoice,INV_0420166
vendor,VND_042014,bills_via,invoice,INV_0420166
audit_event,EVT_0420330,records,invoice,INV_0420167
vendor,VND_042008,bills_via,invoice,INV_0420167
audit_event,EVT_0420331,records,invoice,INV_0420168
vendor,VND_042038,bills_via,invoice,INV_0420168
audit_event,EVT_0420332,records,invoice,INV_0420169
vendor,VND_042029,bills_via,invoice,INV_0420169
audit_event,EVT_0420333,records,invoice,INV_0420170
vendor,VND_042010,bills_via,invoice,INV_0420170
audit_event,EVT_0420334,records,invoice,INV_0420171
vendor,VND_042002,bills_via,invoice,INV_0420171
audit_event,EVT_0420335,records,invoice,INV_0420172
vendor,VND_042025,bills_via,invoice,INV_0420172
audit_event,EVT_0420336,records,invoice,INV_0420173
vendor,VND_042033,bills_via,invoice,INV_0420173
audit_event,EVT_0420337,records,invoice,INV_0420174
vendor,VND_042003,bills_via,invoice,INV_0420174
audit_event,EVT_0420338,records,invoice,INV_0420175
vendor,VND_042006,bills_via,invoice,INV_0420175
audit_event,EVT_0420339,records,invoice,INV_0420176
vendor,VND_042014,bills_via,invoice,INV_0420176
audit_event,EVT_0420340,records,invoice,INV_0420177
vendor,VND_042023,bills_via,invoice,INV_0420177
audit_event,EVT_0420341,records,invoice,INV_0420178
vendor,VND_042010,bills_via,invoice,INV_0420178
audit_event,EVT_0420342,records,invoice,INV_0420179
vendor,VND_042011,bills_via,invoice,INV_0420179
audit_event,EVT_0420343,records,invoice,INV_0420180
vendor,VND_042034,bills_via,invoice,INV_0420180
audit_event,EVT_0420344,records,invoice,INV_0420181
vendor,VND_042022,bills_via,invoice,INV_0420181
audit_event,EVT_0420345,records,invoice,INV_0420182
vendor,VND_042029,bills_via,invoice,INV_0420182
audit_event,EVT_0420346,records,invoice,INV_0420183
vendor,VND_042031,bills_via,invoice,INV_0420183
audit_event,EVT_0420347,records,invoice,INV_0420184
vendor,VND_042019,bills_via,invoice,INV_0420184
audit_event,EVT_0420348,records,invoice,INV_0420185
vendor,VND_042006,bills_via,invoice,INV_0420185
audit_event,EVT_0420349,records,invoice,INV_0420186
vendor,VND_042023,bills_via,invoice,INV_0420186
audit_event,EVT_0420350,records,invoice,INV_0420187
vendor,VND_042011,bills_via,invoice,INV_0420187
audit_event,EVT_0420351,records,invoice,INV_0420188
vendor,VND_042008,bills_via,invoice,INV_0420188
audit_event,EVT_0420352,records,invoice,INV_0420189
vendor,VND_042002,bills_via,invoice,INV_0420189
audit_event,EVT_0420353,records,invoice,INV_0420190
vendor,VND_042034,bills_via,invoice,INV_0420190
audit_event,EVT_0420354,records,invoice,INV_0420191
vendor,VND_042020,bills_via,invoice,INV_0420191
audit_event,EVT_0420355,records,invoice,INV_0420192
vendor,VND_042035,bills_via,invoice,INV_0420192
audit_event,EVT_0420356,records,invoice,INV_0420193
vendor,VND_042035,bills_via,invoice,INV_0420193
audit_event,EVT_0420357,records,invoice,INV_0420194
vendor,VND_042029,bills_via,invoice,INV_0420194
audit_event,EVT_0420358,records,invoice,INV_0420195
vendor,VND_042034,bills_via,invoice,INV_0420195
audit_event,EVT_0420359,records,invoice,INV_0420196
vendor,VND_042015,bills_via,invoice,INV_0420196
audit_event,EVT_0420360,records,invoice,INV_0420197
vendor,VND_042005,bills_via,invoice,INV_0420197
audit_event,EVT_0420361,records,invoice,INV_0420198
vendor,VND_042015,bills_via,invoice,INV_0420198
audit_event,EVT_0420362,records,invoice,INV_0420199
vendor,VND_042034,bills_via,invoice,INV_0420199
audit_event,EVT_0420363,records,invoice,INV_0420200
vendor,VND_042019,bills_via,invoice,INV_0420200
audit_event,EVT_0420364,records,invoice,INV_0420201
vendor,VND_042032,bills_via,invoice,INV_0420201
audit_event,EVT_0420365,records,invoice,INV_0420202
vendor,VND_042011,bills_via,invoice,INV_0420202
audit_event,EVT_0420366,records,invoice,INV_0420203
vendor,VND_042027,bills_via,invoice,INV_0420203
audit_event,EVT_0420367,records,invoice,INV_0420204
vendor,VND_042038,bills_via,invoice,INV_0420204
audit_event,EVT_0420368,records,invoice,INV_0420205
vendor,VND_042037,bills_via,invoice,INV_0420205
audit_event,EVT_0420369,records,invoice,INV_0420206
vendor,VND_042005,bills_via,invoice,INV_0420206
audit_event,EVT_0420370,records,invoice,INV_0420207
vendor,VND_042004,bills_via,invoice,INV_0420207
audit_event,EVT_0420371,records,invoice,INV_0420208
vendor,VND_042034,bills_via,invoice,INV_0420208
audit_event,EVT_0420372,records,invoice,INV_0420209
vendor,VND_042038,bills_via,invoice,INV_0420209
audit_event,EVT_0420373,records,invoice,INV_0420210
vendor,VND_042019,bills_via,invoice,INV_0420210
audit_event,EVT_0420374,records,invoice,INV_0420211
vendor,VND_042021,bills_via,invoice,INV_0420211
audit_event,EVT_0420375,records,invoice,INV_0420212
vendor,VND_042011,bills_via,invoice,INV_0420212
audit_event,EVT_0420376,records,invoice,INV_0420213
vendor,VND_042023,bills_via,invoice,INV_0420213
audit_event,EVT_0420377,records,invoice,INV_0420214
vendor,VND_042025,bills_via,invoice,INV_0420214
audit_event,EVT_0420378,records,invoice,INV_0420215
vendor,VND_042014,bills_via,invoice,INV_0420215
audit_event,EVT_0420379,records,invoice,INV_0420216
vendor,VND_042022,bills_via,invoice,INV_0420216
audit_event,EVT_0420380,records,invoice,INV_0420217
vendor,VND_042020,bills_via,invoice,INV_0420217
audit_event,EVT_0420381,records,invoice,INV_0420218
vendor,VND_042030,bills_via,invoice,INV_0420218
audit_event,EVT_0420382,records,invoice,INV_0420219
vendor,VND_042033,bills_via,invoice,INV_0420219
audit_event,EVT_0420383,records,invoice,INV_0420220
vendor,VND_042023,bills_via,invoice,INV_0420220
audit_event,EVT_0420384,records,invoice,INV_0420221
vendor,VND_042019,bills_via,invoice,INV_0420221
audit_event,EVT_0420385,records,invoice,INV_0420222
vendor,VND_042017,bills_via,invoice,INV_0420222
audit_event,EVT_0420386,records,invoice,INV_0420223
vendor,VND_042020,bills_via,invoice,INV_0420223
audit_event,EVT_0420387,records,invoice,INV_0420224
vendor,VND_042032,bills_via,invoice,INV_0420224
audit_event,EVT_0420388,records,invoice,INV_0420225
vendor,VND_042024,bills_via,invoice,INV_0420225
audit_event,EVT_0420389,records,invoice,INV_0420226
vendor,VND_042003,bills_via,invoice,INV_0420226
audit_event,EVT_0420390,records,invoice,INV_0420227
vendor,VND_042029,bills_via,invoice,INV_0420227
audit_event,EVT_0420391,records,invoice,INV_0420228
vendor,VND_042010,bills_via,invoice,INV_0420228
audit_event,EVT_0420392,records,invoice,INV_0420229
vendor,VND_042034,bills_via,invoice,INV_0420229
audit_event,EVT_0420393,records,invoice,INV_0420230
vendor,VND_042038,bills_via,invoice,INV_0420230
audit_event,EVT_0420394,records,invoice,INV_0420231
vendor,VND_042006,bills_via,invoice,INV_0420231
audit_event,EVT_0420395,records,invoice,INV_0420232
vendor,VND_042011,bills_via,invoice,INV_0420232
audit_event,EVT_0420396,records,invoice,INV_0420233
vendor,VND_042023,bills_via,invoice,INV_0420233
audit_event,EVT_0420397,records,invoice,INV_0420234
vendor,VND_042011,bills_via,invoice,INV_0420234
audit_event,EVT_0420398,records,invoice,INV_0420235
vendor,VND_042027,bills_via,invoice,INV_0420235
audit_event,EVT_0420399,records,invoice,INV_0420236
vendor,VND_042010,bills_via,invoice,INV_0420236
audit_event,EVT_0420400,records,invoice,INV_0420237
vendor,VND_042031,bills_via,invoice,INV_0420237
audit_event,EVT_0420401,records,invoice,INV_0420238
vendor,VND_042016,bills_via,invoice,INV_0420238
audit_event,EVT_0420402,records,invoice,INV_0420239
vendor,VND_042034,bills_via,invoice,INV_0420239
audit_event,EVT_0420403,records,invoice,INV_0420240
vendor,VND_042002,bills_via,invoice,INV_0420240
invoice,INV_0420001,submitted_to,approval_event,APR_0420001
invoice,INV_0420001,approved_by,approval_event,APR_0420002
audit_event,EVT_0420404,records,invoice,INV_0420001
invoice,INV_0420002,submitted_to,approval_event,APR_0420003
invoice,INV_0420002,approved_by,approval_event,APR_0420004
invoice,INV_0420002,approved_by,approval_event,APR_0420005
audit_event,EVT_0420405,records,invoice,INV_0420002
invoice,INV_0420003,submitted_to,approval_event,APR_0420006
invoice,INV_0420003,approved_by,approval_event,APR_0420007
audit_event,EVT_0420406,records,invoice,INV_0420003
invoice,INV_0420004,submitted_to,approval_event,APR_0420008
invoice,INV_0420004,approved_by,approval_event,APR_0420009
audit_event,EVT_0420407,records,invoice,INV_0420004
invoice,INV_0420005,submitted_to,approval_event,APR_0420010
invoice,INV_0420005,approved_by,approval_event,APR_0420011
invoice,INV_0420005,approved_by,approval_event,APR_0420012
audit_event,EVT_0420408,records,invoice,INV_0420005
invoice,INV_0420006,submitted_to,approval_event,APR_0420013
invoice,INV_0420006,approved_by,approval_event,APR_0420014
invoice,INV_0420006,approved_by,approval_event,APR_0420015
audit_event,EVT_0420409,records,invoice,INV_0420006
invoice,INV_0420007,submitted_to,approval_event,APR_0420016
invoice,INV_0420007,approved_by,approval_event,APR_0420017
audit_event,EVT_0420410,records,invoice,INV_0420007
invoice,INV_0420008,submitted_to,approval_event,APR_0420018
invoice,INV_0420008,approved_by,approval_event,APR_0420019
invoice,INV_0420008,approved_by,approval_event,APR_0420020
audit_event,EVT_0420411,records,invoice,INV_0420008
invoice,INV_0420009,submitted_to,approval_event,APR_0420021
invoice,INV_0420009,approved_by,approval_event,APR_0420022
audit_event,EVT_0420412,records,invoice,INV_0420009
invoice,INV_0420010,submitted_to,approval_event,APR_0420023
invoice,INV_0420010,approved_by,approval_event,APR_0420024
invoice,INV_0420010,approved_by,approval_event,APR_0420025
audit_event,EVT_0420413,records,invoice,INV_0420010
invoice,INV_0420011,submitted_to,approval_event,APR_0420026
invoice,INV_0420011,approved_by,approval_event,APR_0420027
audit_event,EVT_0420414,records,invoice,INV_0420011
invoice,INV_0420012,submitted_to,approval_event,APR_0420028
invoice,INV_0420012,approved_by,approval_event,APR_0420029
audit_event,EVT_0420415,records,invoice,INV_0420012
invoice,INV_0420013,submitted_to,approval_event,APR_0420030
invoice,INV_0420013,approved_by,approval_event,APR_0420031
audit_event,EVT_0420416,records,invoice,INV_0420013
invoice,INV_0420014,submitted_to,approval_event,APR_0420032
invoice,INV_0420014,approved_by,approval_event,APR_0420033
audit_event,EVT_0420417,records,invoice,INV_0420014
invoice,INV_0420015,submitted_to,approval_event,APR_0420034
invoice,INV_0420015,approved_by,approval_event,APR_0420035
invoice,INV_0420015,approved_by,approval_event,APR_0420036
invoice,INV_0420015,approved_by,approval_event,APR_0420037
audit_event,EVT_0420418,records,invoice,INV_0420015
invoice,INV_0420016,submitted_to,approval_event,APR_0420038
invoice,INV_0420016,approved_by,approval_event,APR_0420039
audit_event,EVT_0420419,records,invoice,INV_0420016
invoice,INV_0420017,submitted_to,approval_event,APR_0420040
invoice,INV_0420017,approved_by,approval_event,APR_0420041
audit_event,EVT_0420420,records,invoice,INV_0420017
invoice,INV_0420018,submitted_to,approval_event,APR_0420042
invoice,INV_0420018,approved_by,approval_event,APR_0420043
audit_event,EVT_0420421,records,invoice,INV_0420018
invoice,INV_0420019,submitted_to,approval_event,APR_0420044
invoice,INV_0420019,approved_by,approval_event,APR_0420045
audit_event,EVT_0420422,records,invoice,INV_0420019
invoice,INV_0420020,submitted_to,approval_event,APR_0420046
invoice,INV_0420020,approved_by,approval_event,APR_0420047
audit_event,EVT_0420423,records,invoice,INV_0420020
invoice,INV_0420021,submitted_to,approval_event,APR_0420048
invoice,INV_0420021,approved_by,approval_event,APR_0420049
audit_event,EVT_0420424,records,invoice,INV_0420021
invoice,INV_0420022,submitted_to,approval_event,APR_0420050
invoice,INV_0420022,approved_by,approval_event,APR_0420051
audit_event,EVT_0420425,records,invoice,INV_0420022
invoice,INV_0420023,submitted_to,approval_event,APR_0420052
invoice,INV_0420023,approved_by,approval_event,APR_0420053
invoice,INV_0420023,approved_by,approval_event,APR_0420054
audit_event,EVT_0420426,records,invoice,INV_0420023
invoice,INV_0420024,submitted_to,approval_event,APR_0420055
invoice,INV_0420024,approved_by,approval_event,APR_0420056
audit_event,EVT_0420427,records,invoice,INV_0420024
invoice,INV_0420025,submitted_to,approval_event,APR_0420057
invoice,INV_0420025,approved_by,approval_event,APR_0420058
audit_event,EVT_0420428,records,invoice,INV_0420025
invoice,INV_0420026,submitted_to,approval_event,APR_0420059
invoice,INV_0420026,approved_by,approval_event,APR_0420060
audit_event,EVT_0420429,records,invoice,INV_0420026
invoice,INV_0420027,submitted_to,approval_event,APR_0420061
invoice,INV_0420027,approved_by,approval_event,APR_0420062
audit_event,EVT_0420430,records,invoice,INV_0420027
invoice,INV_0420028,submitted_to,approval_event,APR_0420063
invoice,INV_0420028,approved_by,approval_event,APR_0420064
invoice,INV_0420028,approved_by,approval_event,APR_0420065
audit_event,EVT_0420431,records,invoice,INV_0420028
invoice,INV_0420029,submitted_to,approval_event,APR_0420066
invoice,INV_0420029,approved_by,approval_event,APR_0420067
audit_event,EVT_0420432,records,invoice,INV_0420029
invoice,INV_0420030,submitted_to,approval_event,APR_0420068
invoice,INV_0420030,approved_by,approval_event,APR_0420069
audit_event,EVT_0420433,records,invoice,INV_0420030
invoice,INV_0420031,submitted_to,approval_event,APR_0420070
invoice,INV_0420031,approved_by,approval_event,APR_0420071
audit_event,EVT_0420434,records,invoice,INV_0420031
invoice,INV_0420032,submitted_to,approval_event,APR_0420072
invoice,INV_0420032,approved_by,approval_event,APR_0420073
audit_event,EVT_0420435,records,invoice,INV_0420032
invoice,INV_0420033,submitted_to,approval_event,APR_0420074
invoice,INV_0420033,approved_by,approval_event,APR_0420075
audit_event,EVT_0420436,records,invoice,INV_0420033
invoice,INV_0420034,submitted_to,approval_event,APR_0420076
invoice,INV_0420034,approved_by,approval_event,APR_0420077
audit_event,EVT_0420437,records,invoice,INV_0420034
invoice,INV_0420035,submitted_to,approval_event,APR_0420078
invoice,INV_0420035,approved_by,approval_event,APR_0420079
audit_event,EVT_0420438,records,invoice,INV_0420035
invoice,INV_0420036,submitted_to,approval_event,APR_0420080
invoice,INV_0420036,approved_by,approval_event,APR_0420081
audit_event,EVT_0420439,records,invoice,INV_0420036
invoice,INV_0420037,submitted_to,approval_event,APR_0420082
invoice,INV_0420037,approved_by,approval_event,APR_0420083
audit_event,EVT_0420440,records,invoice,INV_0420037
invoice,INV_0420038,submitted_to,approval_event,APR_0420084
invoice,INV_0420038,approved_by,approval_event,APR_0420085
audit_event,EVT_0420441,records,invoice,INV_0420038
invoice,INV_0420039,submitted_to,approval_event,APR_0420086
invoice,INV_0420039,approved_by,approval_event,APR_0420087
audit_event,EVT_0420442,records,invoice,INV_0420039
invoice,INV_0420040,submitted_to,approval_event,APR_0420088
invoice,INV_0420040,approved_by,approval_event,APR_0420089
audit_event,EVT_0420443,records,invoice,INV_0420040
invoice,INV_0420041,submitted_to,approval_event,APR_0420090
invoice,INV_0420041,approved_by,approval_event,APR_0420091
audit_event,EVT_0420444,records,invoice,INV_0420041
invoice,INV_0420042,submitted_to,approval_event,APR_0420092
invoice,INV_0420042,approved_by,approval_event,APR_0420093
audit_event,EVT_0420445,records,invoice,INV_0420042
invoice,INV_0420043,submitted_to,approval_event,APR_0420094
invoice,INV_0420043,approved_by,approval_event,APR_0420095
audit_event,EVT_0420446,records,invoice,INV_0420043
invoice,INV_0420044,submitted_to,approval_event,APR_0420096
invoice,INV_0420044,approved_by,approval_event,APR_0420097
audit_event,EVT_0420447,records,invoice,INV_0420044
invoice,INV_0420045,submitted_to,approval_event,APR_0420098
invoice,INV_0420045,approved_by,approval_event,APR_0420099
audit_event,EVT_0420448,records,invoice,INV_0420045
invoice,INV_0420046,submitted_to,approval_event,APR_0420100
invoice,INV_0420046,approved_by,approval_event,APR_0420101
audit_event,EVT_0420449,records,invoice,INV_0420046
invoice,INV_0420047,submitted_to,approval_event,APR_0420102
invoice,INV_0420047,approved_by,approval_event,APR_0420103
invoice,INV_0420047,approved_by,approval_event,APR_0420104
audit_event,EVT_0420450,records,invoice,INV_0420047
invoice,INV_0420048,submitted_to,approval_event,APR_0420105
invoice,INV_0420048,approved_by,approval_event,APR_0420106
audit_event,EVT_0420451,records,invoice,INV_0420048
invoice,INV_0420049,submitted_to,approval_event,APR_0420107
invoice,INV_0420049,approved_by,approval_event,APR_0420108
invoice,INV_0420049,approved_by,approval_event,APR_0420109
audit_event,EVT_0420452,records,invoice,INV_0420049
invoice,INV_0420050,submitted_to,approval_event,APR_0420110
invoice,INV_0420050,approved_by,approval_event,APR_0420111
invoice,INV_0420050,approved_by,approval_event,APR_0420112
audit_event,EVT_0420453,records,invoice,INV_0420050
invoice,INV_0420051,submitted_to,approval_event,APR_0420113
invoice,INV_0420051,approved_by,approval_event,APR_0420114
audit_event,EVT_0420454,records,invoice,INV_0420051
invoice,INV_0420052,submitted_to,approval_event,APR_0420115
invoice,INV_0420052,approved_by,approval_event,APR_0420116
audit_event,EVT_0420455,records,invoice,INV_0420052
invoice,INV_0420053,submitted_to,approval_event,APR_0420117
invoice,INV_0420053,approved_by,approval_event,APR_0420118
audit_event,EVT_0420456,records,invoice,INV_0420053
invoice,INV_0420054,submitted_to,approval_event,APR_0420119
invoice,INV_0420054,approved_by,approval_event,APR_0420120
audit_event,EVT_0420457,records,invoice,INV_0420054
invoice,INV_0420055,submitted_to,approval_event,APR_0420121
invoice,INV_0420055,approved_by,approval_event,APR_0420122
invoice,INV_0420055,approved_by,approval_event,APR_0420123
audit_event,EVT_0420458,records,invoice,INV_0420055
invoice,INV_0420056,submitted_to,approval_event,APR_0420124
invoice,INV_0420056,approved_by,approval_event,APR_0420125
audit_event,EVT_0420459,records,invoice,INV_0420056
invoice,INV_0420057,submitted_to,approval_event,APR_0420126
invoice,INV_0420057,approved_by,approval_event,APR_0420127
audit_event,EVT_0420460,records,invoice,INV_0420057
invoice,INV_0420058,submitted_to,approval_event,APR_0420128
invoice,INV_0420058,approved_by,approval_event,APR_0420129
audit_event,EVT_0420461,records,invoice,INV_0420058
invoice,INV_0420059,submitted_to,approval_event,APR_0420130
invoice,INV_0420059,approved_by,approval_event,APR_0420131
audit_event,EVT_0420462,records,invoice,INV_0420059
invoice,INV_0420060,submitted_to,approval_event,APR_0420132
invoice,INV_0420060,approved_by,approval_event,APR_0420133
audit_event,EVT_0420463,records,invoice,INV_0420060
invoice,INV_0420061,submitted_to,approval_event,APR_0420134
invoice,INV_0420061,approved_by,approval_event,APR_0420135
audit_event,EVT_0420464,records,invoice,INV_0420061
invoice,INV_0420062,submitted_to,approval_event,APR_0420136
invoice,INV_0420062,approved_by,approval_event,APR_0420137
audit_event,EVT_0420465,records,invoice,INV_0420062
invoice,INV_0420063,submitted_to,approval_event,APR_0420138
invoice,INV_0420063,approved_by,approval_event,APR_0420139
audit_event,EVT_0420466,records,invoice,INV_0420063
invoice,INV_0420064,submitted_to,approval_event,APR_0420140
invoice,INV_0420064,approved_by,approval_event,APR_0420141
audit_event,EVT_0420467,records,invoice,INV_0420064
invoice,INV_0420065,submitted_to,approval_event,APR_0420142
invoice,INV_0420065,approved_by,approval_event,APR_0420143
audit_event,EVT_0420468,records,invoice,INV_0420065
invoice,INV_0420066,submitted_to,approval_event,APR_0420144
invoice,INV_0420066,approved_by,approval_event,APR_0420145
audit_event,EVT_0420469,records,invoice,INV_0420066
invoice,INV_0420067,submitted_to,approval_event,APR_0420146
invoice,INV_0420067,approved_by,approval_event,APR_0420147
audit_event,EVT_0420470,records,invoice,INV_0420067
invoice,INV_0420068,submitted_to,approval_event,APR_0420148
invoice,INV_0420068,approved_by,approval_event,APR_0420149
audit_event,EVT_0420471,records,invoice,INV_0420068
invoice,INV_0420069,submitted_to,approval_event,APR_0420150
invoice,INV_0420069,approved_by,approval_event,APR_0420151
audit_event,EVT_0420472,records,invoice,INV_0420069
invoice,INV_0420070,submitted_to,approval_event,APR_0420152
invoice,INV_0420070,approved_by,approval_event,APR_0420153
audit_event,EVT_0420473,records,invoice,INV_0420070
invoice,INV_0420071,submitted_to,approval_event,APR_0420154
invoice,INV_0420071,approved_by,approval_event,APR_0420155
audit_event,EVT_0420474,records,invoice,INV_0420071
invoice,INV_0420072,submitted_to,approval_event,APR_0420156
invoice,INV_0420072,approved_by,approval_event,APR_0420157
audit_event,EVT_0420475,records,invoice,INV_0420072
invoice,INV_0420073,submitted_to,approval_event,APR_0420158
invoice,INV_0420073,approved_by,approval_event,APR_0420159
audit_event,EVT_0420476,records,invoice,INV_0420073
invoice,INV_0420074,submitted_to,approval_event,APR_0420160
invoice,INV_0420074,approved_by,approval_event,APR_0420161
audit_event,EVT_0420477,records,invoice,INV_0420074
invoice,INV_0420075,submitted_to,approval_event,APR_0420162
invoice,INV_0420075,approved_by,approval_event,APR_0420163
audit_event,EVT_0420478,records,invoice,INV_0420075
invoice,INV_0420076,submitted_to,approval_event,APR_0420164
invoice,INV_0420076,approved_by,approval_event,APR_0420165
invoice,INV_0420076,approved_by,approval_event,APR_0420166
audit_event,EVT_0420479,records,invoice,INV_0420076
invoice,INV_0420077,submitted_to,approval_event,APR_0420167
invoice,INV_0420077,approved_by,approval_event,APR_0420168
audit_event,EVT_0420480,records,invoice,INV_0420077
invoice,INV_0420078,submitted_to,approval_event,APR_0420169
invoice,INV_0420078,approved_by,approval_event,APR_0420170
audit_event,EVT_0420481,records,invoice,INV_0420078
invoice,INV_0420079,submitted_to,approval_event,APR_0420171
invoice,INV_0420079,approved_by,approval_event,APR_0420172
audit_event,EVT_0420482,records,invoice,INV_0420079
invoice,INV_0420080,submitted_to,approval_event,APR_0420173
invoice,INV_0420080,approved_by,approval_event,APR_0420174
audit_event,EVT_0420483,records,invoice,INV_0420080
invoice,INV_0420081,submitted_to,approval_event,APR_0420175
invoice,INV_0420081,approved_by,approval_event,APR_0420176
audit_event,EVT_0420484,records,invoice,INV_0420081
invoice,INV_0420082,submitted_to,approval_event,APR_0420177
invoice,INV_0420082,approved_by,approval_event,APR_0420178
invoice,INV_0420082,approved_by,approval_event,APR_0420179
audit_event,EVT_0420485,records,invoice,INV_0420082
invoice,INV_0420083,submitted_to,approval_event,APR_0420180
invoice,INV_0420083,approved_by,approval_event,APR_0420181
audit_event,EVT_0420486,records,invoice,INV_0420083
invoice,INV_0420084,submitted_to,approval_event,APR_0420182
invoice,INV_0420084,approved_by,approval_event,APR_0420183
invoice,INV_0420084,approved_by,approval_event,APR_0420184
audit_event,EVT_0420487,records,invoice,INV_0420084
invoice,INV_0420085,submitted_to,approval_event,APR_0420185
invoice,INV_0420085,approved_by,approval_event,APR_0420186
audit_event,EVT_0420488,records,invoice,INV_0420085
invoice,INV_0420086,submitted_to,approval_event,APR_0420187
invoice,INV_0420086,approved_by,approval_event,APR_0420188
audit_event,EVT_0420489,records,invoice,INV_0420086
invoice,INV_0420087,submitted_to,approval_event,APR_0420189
invoice,INV_0420087,approved_by,approval_event,APR_0420190
audit_event,EVT_0420490,records,invoice,INV_0420087
invoice,INV_0420088,submitted_to,approval_event,APR_0420191
invoice,INV_0420088,approved_by,approval_event,APR_0420192
audit_event,EVT_0420491,records,invoice,INV_0420088
invoice,INV_0420089,submitted_to,approval_event,APR_0420193
invoice,INV_0420089,approved_by,approval_event,APR_0420194
audit_event,EVT_0420492,records,invoice,INV_0420089
invoice,INV_0420090,submitted_to,approval_event,APR_0420195
invoice,INV_0420090,approved_by,approval_event,APR_0420196
invoice,INV_0420090,approved_by,approval_event,APR_0420197
audit_event,EVT_0420493,records,invoice,INV_0420090
invoice,INV_0420091,submitted_to,approval_event,APR_0420198
invoice,INV_0420091,approved_by,approval_event,APR_0420199
audit_event,EVT_0420494,records,invoice,INV_0420091
invoice,INV_0420092,submitted_to,approval_event,APR_0420200
invoice,INV_0420092,approved_by,approval_event,APR_0420201
audit_event,EVT_0420495,records,invoice,INV_0420092
invoice,INV_0420093,submitted_to,approval_event,APR_0420202
invoice,INV_0420093,approved_by,approval_event,APR_0420203
audit_event,EVT_0420496,records,invoice,INV_0420093
invoice,INV_0420094,submitted_to,approval_event,APR_0420204
invoice,INV_0420094,approved_by,approval_event,APR_0420205
invoice,INV_0420094,approved_by,approval_event,APR_0420206
audit_event,EVT_0420497,records,invoice,INV_0420094
invoice,INV_0420095,submitted_to,approval_event,APR_0420207
invoice,INV_0420095,approved_by,approval_event,APR_0420208
audit_event,EVT_0420498,records,invoice,INV_0420095
invoice,INV_0420096,submitted_to,approval_event,APR_0420209
invoice,INV_0420096,approved_by,approval_event,APR_0420210
audit_event,EVT_0420499,records,invoice,INV_0420096
invoice,INV_0420097,submitted_to,approval_event,APR_0420211
invoice,INV_0420097,approved_by,approval_event,APR_0420212
audit_event,EVT_0420500,records,invoice,INV_0420097
invoice,INV_0420098,submitted_to,approval_event,APR_0420213
invoice,INV_0420098,approved_by,approval_event,APR_0420214
audit_event,EVT_0420501,records,invoice,INV_0420098
invoice,INV_0420099,submitted_to,approval_event,APR_0420215
invoice,INV_0420099,approved_by,approval_event,APR_0420216
audit_event,EVT_0420502,records,invoice,INV_0420099
invoice,INV_0420100,submitted_to,approval_event,APR_0420217
invoice,INV_0420100,approved_by,approval_event,APR_0420218
audit_event,EVT_0420503,records,invoice,INV_0420100
invoice,INV_0420101,submitted_to,approval_event,APR_0420219
invoice,INV_0420101,approved_by,approval_event,APR_0420220
audit_event,EVT_0420504,records,invoice,INV_0420101
invoice,INV_0420102,submitted_to,approval_event,APR_0420221
invoice,INV_0420102,approved_by,approval_event,APR_0420222
audit_event,EVT_0420505,records,invoice,INV_0420102
invoice,INV_0420103,submitted_to,approval_event,APR_0420223
invoice,INV_0420103,approved_by,approval_event,APR_0420224
audit_event,EVT_0420506,records,invoice,INV_0420103
invoice,INV_0420104,submitted_to,approval_event,APR_0420225
invoice,INV_0420104,approved_by,approval_event,APR_0420226
audit_event,EVT_0420507,records,invoice,INV_0420104
invoice,INV_0420105,submitted_to,approval_event,APR_0420227
invoice,INV_0420105,approved_by,approval_event,APR_0420228
audit_event,EVT_0420508,records,invoice,INV_0420105
invoice,INV_0420106,submitted_to,approval_event,APR_0420229
invoice,INV_0420106,approved_by,approval_event,APR_0420230
audit_event,EVT_0420509,records,invoice,INV_0420106
invoice,INV_0420107,submitted_to,approval_event,APR_0420231
invoice,INV_0420107,approved_by,approval_event,APR_0420232
audit_event,EVT_0420510,records,invoice,INV_0420107
invoice,INV_0420108,submitted_to,approval_event,APR_0420233
invoice,INV_0420108,approved_by,approval_event,APR_0420234
audit_event,EVT_0420511,records,invoice,INV_0420108
invoice,INV_0420109,submitted_to,approval_event,APR_0420235
invoice,INV_0420109,approved_by,approval_event,APR_0420236
audit_event,EVT_0420512,records,invoice,INV_0420109
invoice,INV_0420110,submitted_to,approval_event,APR_0420237
invoice,INV_0420110,approved_by,approval_event,APR_0420238
audit_event,EVT_0420513,records,invoice,INV_0420110
invoice,INV_0420111,submitted_to,approval_event,APR_0420239
invoice,INV_0420111,approved_by,approval_event,APR_0420240
audit_event,EVT_0420514,records,invoice,INV_0420111
invoice,INV_0420112,submitted_to,approval_event,APR_0420241
invoice,INV_0420112,approved_by,approval_event,APR_0420242
audit_event,EVT_0420515,records,invoice,INV_0420112
invoice,INV_0420113,submitted_to,approval_event,APR_0420243
invoice,INV_0420113,approved_by,approval_event,APR_0420244
audit_event,EVT_0420516,records,invoice,INV_0420113
invoice,INV_0420114,submitted_to,approval_event,APR_0420245
invoice,INV_0420114,approved_by,approval_event,APR_0420246
audit_event,EVT_0420517,records,invoice,INV_0420114
invoice,INV_0420115,submitted_to,approval_event,APR_0420247
invoice,INV_0420115,approved_by,approval_event,APR_0420248
audit_event,EVT_0420518,records,invoice,INV_0420115
invoice,INV_0420116,submitted_to,approval_event,APR_0420249
invoice,INV_0420116,approved_by,approval_event,APR_0420250
audit_event,EVT_0420519,records,invoice,INV_0420116
invoice,INV_0420117,submitted_to,approval_event,APR_0420251
invoice,INV_0420117,approved_by,approval_event,APR_0420252
audit_event,EVT_0420520,records,invoice,INV_0420117
invoice,INV_0420118,submitted_to,approval_event,APR_0420253
invoice,INV_0420118,approved_by,approval_event,APR_0420254
audit_event,EVT_0420521,records,invoice,INV_0420118
invoice,INV_0420119,submitted_to,approval_event,APR_0420255
invoice,INV_0420119,approved_by,approval_event,APR_0420256
audit_event,EVT_0420522,records,invoice,INV_0420119
invoice,INV_0420120,submitted_to,approval_event,APR_0420257
invoice,INV_0420120,approved_by,approval_event,APR_0420258
audit_event,EVT_0420523,records,invoice,INV_0420120
invoice,INV_0420121,submitted_to,approval_event,APR_0420259
invoice,INV_0420121,approved_by,approval_event,APR_0420260
invoice,INV_0420121,approved_by,approval_event,APR_0420261
audit_event,EVT_0420524,records,invoice,INV_0420121
invoice,INV_0420122,submitted_to,approval_event,APR_0420262
invoice,INV_0420122,approved_by,approval_event,APR_0420263
invoice,INV_0420122,approved_by,approval_event,APR_0420264
audit_event,EVT_0420525,records,invoice,INV_0420122
invoice,INV_0420123,submitted_to,approval_event,APR_0420265
invoice,INV_0420123,approved_by,approval_event,APR_0420266
audit_event,EVT_0420526,records,invoice,INV_0420123
invoice,INV_0420124,submitted_to,approval_event,APR_0420267
invoice,INV_0420124,approved_by,approval_event,APR_0420268
audit_event,EVT_0420527,records,invoice,INV_0420124
invoice,INV_0420125,submitted_to,approval_event,APR_0420269
invoice,INV_0420125,approved_by,approval_event,APR_0420270
invoice,INV_0420125,approved_by,approval_event,APR_0420271
audit_event,EVT_0420528,records,invoice,INV_0420125
invoice,INV_0420126,submitted_to,approval_event,APR_0420272
invoice,INV_0420126,approved_by,approval_event,APR_0420273
audit_event,EVT_0420529,records,invoice,INV_0420126
invoice,INV_0420127,submitted_to,approval_event,APR_0420274
invoice,INV_0420127,approved_by,approval_event,APR_0420275
audit_event,EVT_0420530,records,invoice,INV_0420127
invoice,INV_0420128,submitted_to,approval_event,APR_0420276
invoice,INV_0420128,approved_by,approval_event,APR_0420277
audit_event,EVT_0420531,records,invoice,INV_0420128
invoice,INV_0420129,submitted_to,approval_event,APR_0420278
invoice,INV_0420129,approved_by,approval_event,APR_0420279
audit_event,EVT_0420532,records,invoice,INV_0420129
invoice,INV_0420130,submitted_to,approval_event,APR_0420280
invoice,INV_0420130,approved_by,approval_event,APR_0420281
invoice,INV_0420130,approved_by,approval_event,APR_0420282
audit_event,EVT_0420533,records,invoice,INV_0420130
invoice,INV_0420131,submitted_to,approval_event,APR_0420283
invoice,INV_0420131,approved_by,approval_event,APR_0420284
audit_event,EVT_0420534,records,invoice,INV_0420131
invoice,INV_0420132,submitted_to,approval_event,APR_0420285
invoice,INV_0420132,approved_by,approval_event,APR_0420286
audit_event,EVT_0420535,records,invoice,INV_0420132
invoice,INV_0420133,submitted_to,approval_event,APR_0420287
invoice,INV_0420133,approved_by,approval_event,APR_0420288
audit_event,EVT_0420536,records,invoice,INV_0420133
invoice,INV_0420134,submitted_to,approval_event,APR_0420289
invoice,INV_0420134,approved_by,approval_event,APR_0420290
audit_event,EVT_0420537,records,invoice,INV_0420134
invoice,INV_0420135,submitted_to,approval_event,APR_0420291
invoice,INV_0420135,approved_by,approval_event,APR_0420292
audit_event,EVT_0420538,records,invoice,INV_0420135
invoice,INV_0420136,submitted_to,approval_event,APR_0420293
invoice,INV_0420136,approved_by,approval_event,APR_0420294
audit_event,EVT_0420539,records,invoice,INV_0420136
invoice,INV_0420137,submitted_to,approval_event,APR_0420295
invoice,INV_0420137,approved_by,approval_event,APR_0420296
invoice,INV_0420137,approved_by,approval_event,APR_0420297
audit_event,EVT_0420540,records,invoice,INV_0420137
invoice,INV_0420138,submitted_to,approval_event,APR_0420298
invoice,INV_0420138,approved_by,approval_event,APR_0420299
invoice,INV_0420138,approved_by,approval_event,APR_0420300
audit_event,EVT_0420541,records,invoice,INV_0420138
invoice,INV_0420139,submitted_to,approval_event,APR_0420301
invoice,INV_0420139,approved_by,approval_event,APR_0420302
audit_event,EVT_0420542,records,invoice,INV_0420139
invoice,INV_0420140,submitted_to,approval_event,APR_0420303
invoice,INV_0420140,approved_by,approval_event,APR_0420304
audit_event,EVT_0420543,records,invoice,INV_0420140
invoice,INV_0420141,submitted_to,approval_event,APR_0420305
invoice,INV_0420141,approved_by,approval_event,APR_0420306
invoice,INV_0420141,approved_by,approval_event,APR_0420307
audit_event,EVT_0420544,records,invoice,INV_0420141
invoice,INV_0420142,submitted_to,approval_event,APR_0420308
invoice,INV_0420142,approved_by,approval_event,APR_0420309
audit_event,EVT_0420545,records,invoice,INV_0420142
invoice,INV_0420143,submitted_to,approval_event,APR_0420310
invoice,INV_0420143,approved_by,approval_event,APR_0420311
audit_event,EVT_0420546,records,invoice,INV_0420143
invoice,INV_0420144,submitted_to,approval_event,APR_0420312
invoice,INV_0420144,approved_by,approval_event,APR_0420313
audit_event,EVT_0420547,records,invoice,INV_0420144
invoice,INV_0420145,submitted_to,approval_event,APR_0420314
invoice,INV_0420145,approved_by,approval_event,APR_0420315
audit_event,EVT_0420548,records,invoice,INV_0420145
invoice,INV_0420146,submitted_to,approval_event,APR_0420316
invoice,INV_0420146,approved_by,approval_event,APR_0420317
audit_event,EVT_0420549,records,invoice,INV_0420146
invoice,INV_0420147,submitted_to,approval_event,APR_0420318
invoice,INV_0420147,approved_by,approval_event,APR_0420319
audit_event,EVT_0420550,records,invoice,INV_0420147
invoice,INV_0420148,submitted_to,approval_event,APR_0420320
invoice,INV_0420148,approved_by,approval_event,APR_0420321
audit_event,EVT_0420551,records,invoice,INV_0420148
invoice,INV_0420149,submitted_to,approval_event,APR_0420322
invoice,INV_0420149,approved_by,approval_event,APR_0420323
invoice,INV_0420149,approved_by,approval_event,APR_0420324
audit_event,EVT_0420552,records,invoice,INV_0420149
invoice,INV_0420150,submitted_to,approval_event,APR_0420325
invoice,INV_0420150,approved_by,approval_event,APR_0420326
audit_event,EVT_0420553,records,invoice,INV_0420150
invoice,INV_0420151,submitted_to,approval_event,APR_0420327
invoice,INV_0420151,approved_by,approval_event,APR_0420328
invoice,INV_0420151,approved_by,approval_event,APR_0420329
audit_event,EVT_0420554,records,invoice,INV_0420151
invoice,INV_0420152,submitted_to,approval_event,APR_0420330
invoice,INV_0420152,approved_by,approval_event,APR_0420331
audit_event,EVT_0420555,records,invoice,INV_0420152
invoice,INV_0420153,submitted_to,approval_event,APR_0420332
invoice,INV_0420153,approved_by,approval_event,APR_0420333
invoice,INV_0420153,approved_by,approval_event,APR_0420334
audit_event,EVT_0420556,records,invoice,INV_0420153
invoice,INV_0420154,submitted_to,approval_event,APR_0420335
invoice,INV_0420154,approved_by,approval_event,APR_0420336
audit_event,EVT_0420557,records,invoice,INV_0420154
invoice,INV_0420155,submitted_to,approval_event,APR_0420337
invoice,INV_0420155,approved_by,approval_event,APR_0420338
audit_event,EVT_0420558,records,invoice,INV_0420155
invoice,INV_0420156,submitted_to,approval_event,APR_0420339
invoice,INV_0420156,approved_by,approval_event,APR_0420340
audit_event,EVT_0420559,records,invoice,INV_0420156
invoice,INV_0420157,submitted_to,approval_event,APR_0420341
invoice,INV_0420157,approved_by,approval_event,APR_0420342
audit_event,EVT_0420560,records,invoice,INV_0420157
invoice,INV_0420158,submitted_to,approval_event,APR_0420343
invoice,INV_0420158,approved_by,approval_event,APR_0420344
audit_event,EVT_0420561,records,invoice,INV_0420158
invoice,INV_0420159,submitted_to,approval_event,APR_0420345
invoice,INV_0420159,approved_by,approval_event,APR_0420346
audit_event,EVT_0420562,records,invoice,INV_0420159
invoice,INV_0420160,submitted_to,approval_event,APR_0420347
invoice,INV_0420160,approved_by,approval_event,APR_0420348
invoice,INV_0420160,approved_by,approval_event,APR_0420349
audit_event,EVT_0420563,records,invoice,INV_0420160
invoice,INV_0420161,submitted_to,approval_event,APR_0420350
invoice,INV_0420161,approved_by,approval_event,APR_0420351
audit_event,EVT_0420564,records,invoice,INV_0420161
invoice,INV_0420162,submitted_to,approval_event,APR_0420352
invoice,INV_0420162,approved_by,approval_event,APR_0420353
audit_event,EVT_0420565,records,invoice,INV_0420162
invoice,INV_0420163,submitted_to,approval_event,APR_0420354
invoice,INV_0420163,approved_by,approval_event,APR_0420355
audit_event,EVT_0420566,records,invoice,INV_0420163
invoice,INV_0420164,submitted_to,approval_event,APR_0420356
invoice,INV_0420164,approved_by,approval_event,APR_0420357
audit_event,EVT_0420567,records,invoice,INV_0420164
invoice,INV_0420165,submitted_to,approval_event,APR_0420358
invoice,INV_0420165,approved_by,approval_event,APR_0420359
audit_event,EVT_0420568,records,invoice,INV_0420165
invoice,INV_0420166,submitted_to,approval_event,APR_0420360
invoice,INV_0420166,approved_by,approval_event,APR_0420361
audit_event,EVT_0420569,records,invoice,INV_0420166
invoice,INV_0420167,submitted_to,approval_event,APR_0420362
invoice,INV_0420167,approved_by,approval_event,APR_0420363
invoice,INV_0420167,approved_by,approval_event,APR_0420364
audit_event,EVT_0420570,records,invoice,INV_0420167
invoice,INV_0420168,submitted_to,approval_event,APR_0420365
invoice,INV_0420168,approved_by,approval_event,APR_0420366
audit_event,EVT_0420571,records,invoice,INV_0420168
invoice,INV_0420169,submitted_to,approval_event,APR_0420367
invoice,INV_0420169,approved_by,approval_event,APR_0420368
audit_event,EVT_0420572,records,invoice,INV_0420169
invoice,INV_0420170,submitted_to,approval_event,APR_0420369
invoice,INV_0420170,approved_by,approval_event,APR_0420370
audit_event,EVT_0420573,records,invoice,INV_0420170
invoice,INV_0420171,submitted_to,approval_event,APR_0420371
invoice,INV_0420171,approved_by,approval_event,APR_0420372
audit_event,EVT_0420574,records,invoice,INV_0420171
invoice,INV_0420172,submitted_to,approval_event,APR_0420373
invoice,INV_0420172,approved_by,approval_event,APR_0420374
audit_event,EVT_0420575,records,invoice,INV_0420172
invoice,INV_0420173,submitted_to,approval_event,APR_0420375
invoice,INV_0420173,approved_by,approval_event,APR_0420376
audit_event,EVT_0420576,records,invoice,INV_0420173
invoice,INV_0420174,submitted_to,approval_event,APR_0420377
invoice,INV_0420174,approved_by,approval_event,APR_0420378
audit_event,EVT_0420577,records,invoice,INV_0420174
invoice,INV_0420175,submitted_to,approval_event,APR_0420379
invoice,INV_0420175,approved_by,approval_event,APR_0420380
invoice,INV_0420175,approved_by,approval_event,APR_0420381
audit_event,EVT_0420578,records,invoice,INV_0420175
invoice,INV_0420176,submitted_to,approval_event,APR_0420382
invoice,INV_0420176,approved_by,approval_event,APR_0420383
audit_event,EVT_0420579,records,invoice,INV_0420176
invoice,INV_0420177,submitted_to,approval_event,APR_0420384
invoice,INV_0420177,approved_by,approval_event,APR_0420385
audit_event,EVT_0420580,records,invoice,INV_0420177
invoice,INV_0420178,submitted_to,approval_event,APR_0420386
invoice,INV_0420178,approved_by,approval_event,APR_0420387
audit_event,EVT_0420581,records,invoice,INV_0420178
invoice,INV_0420179,submitted_to,approval_event,APR_0420388
invoice,INV_0420179,approved_by,approval_event,APR_0420389
audit_event,EVT_0420582,records,invoice,INV_0420179
invoice,INV_0420180,submitted_to,approval_event,APR_0420390
invoice,INV_0420180,approved_by,approval_event,APR_0420391
audit_event,EVT_0420583,records,invoice,INV_0420180
invoice,INV_0420181,submitted_to,approval_event,APR_0420392
invoice,INV_0420181,approved_by,approval_event,APR_0420393
audit_event,EVT_0420584,records,invoice,INV_0420181
invoice,INV_0420182,submitted_to,approval_event,APR_0420394
invoice,INV_0420182,approved_by,approval_event,APR_0420395
audit_event,EVT_0420585,records,invoice,INV_0420182
invoice,INV_0420183,submitted_to,approval_event,APR_0420396
invoice,INV_0420183,approved_by,approval_event,APR_0420397
audit_event,EVT_0420586,records,invoice,INV_0420183
invoice,INV_0420184,submitted_to,approval_event,APR_0420398
invoice,INV_0420184,approved_by,approval_event,APR_0420399
audit_event,EVT_0420587,records,invoice,INV_0420184
invoice,INV_0420185,submitted_to,approval_event,APR_0420400
invoice,INV_0420185,approved_by,approval_event,APR_0420401
audit_event,EVT_0420588,records,invoice,INV_0420185
invoice,INV_0420186,submitted_to,approval_event,APR_0420402
invoice,INV_0420186,approved_by,approval_event,APR_0420403
audit_event,EVT_0420589,records,invoice,INV_0420186
invoice,INV_0420187,submitted_to,approval_event,APR_0420404
invoice,INV_0420187,approved_by,approval_event,APR_0420405
audit_event,EVT_0420590,records,invoice,INV_0420187
invoice,INV_0420188,submitted_to,approval_event,APR_0420406
invoice,INV_0420188,approved_by,approval_event,APR_0420407
invoice,INV_0420188,approved_by,approval_event,APR_0420408
audit_event,EVT_0420591,records,invoice,INV_0420188
invoice,INV_0420189,submitted_to,approval_event,APR_0420409
invoice,INV_0420189,approved_by,approval_event,APR_0420410
audit_event,EVT_0420592,records,invoice,INV_0420189
invoice,INV_0420190,submitted_to,approval_event,APR_0420411
invoice,INV_0420190,approved_by,approval_event,APR_0420412
audit_event,EVT_0420593,records,invoice,INV_0420190
invoice,INV_0420191,submitted_to,approval_event,APR_0420413
invoice,INV_0420191,approved_by,approval_event,APR_0420414
audit_event,EVT_0420594,records,invoice,INV_0420191
invoice,INV_0420192,submitted_to,approval_event,APR_0420415
invoice,INV_0420192,approved_by,approval_event,APR_0420416
audit_event,EVT_0420595,records,invoice,INV_0420192
invoice,INV_0420193,submitted_to,approval_event,APR_0420417
invoice,INV_0420193,approved_by,approval_event,APR_0420418
audit_event,EVT_0420596,records,invoice,INV_0420193
invoice,INV_0420194,submitted_to,approval_event,APR_0420419
invoice,INV_0420194,approved_by,approval_event,APR_0420420
audit_event,EVT_0420597,records,invoice,INV_0420194
invoice,INV_0420195,submitted_to,approval_event,APR_0420421
invoice,INV_0420195,approved_by,approval_event,APR_0420422
audit_event,EVT_0420598,records,invoice,INV_0420195
invoice,INV_0420196,submitted_to,approval_event,APR_0420423
invoice,INV_0420196,approved_by,approval_event,APR_0420424
audit_event,EVT_0420599,records,invoice,INV_0420196
invoice,INV_0420197,submitted_to,approval_event,APR_0420425
invoice,INV_0420197,approved_by,approval_event,APR_0420426
audit_event,EVT_0420600,records,invoice,INV_0420197
invoice,INV_0420198,submitted_to,approval_event,APR_0420427
invoice,INV_0420198,approved_by,approval_event,APR_0420428
audit_event,EVT_0420601,records,invoice,INV_0420198
invoice,INV_0420199,submitted_to,approval_event,APR_0420429
invoice,INV_0420199,approved_by,approval_event,APR_0420430
audit_event,EVT_0420602,records,invoice,INV_0420199
invoice,INV_0420200,submitted_to,approval_event,APR_0420431
invoice,INV_0420200,approved_by,approval_event,APR_0420432
audit_event,EVT_0420603,records,invoice,INV_0420200
invoice,INV_0420201,submitted_to,approval_event,APR_0420433
invoice,INV_0420201,approved_by,approval_event,APR_0420434
audit_event,EVT_0420604,records,invoice,INV_0420201
invoice,INV_0420202,submitted_to,approval_event,APR_0420435
invoice,INV_0420202,approved_by,approval_event,APR_0420436
audit_event,EVT_0420605,records,invoice,INV_0420202
invoice,INV_0420203,submitted_to,approval_event,APR_0420437
invoice,INV_0420203,approved_by,approval_event,APR_0420438
audit_event,EVT_0420606,records,invoice,INV_0420203
invoice,INV_0420204,submitted_to,approval_event,APR_0420439
invoice,INV_0420204,approved_by,approval_event,APR_0420440
audit_event,EVT_0420607,records,invoice,INV_0420204
invoice,INV_0420205,submitted_to,approval_event,APR_0420441
invoice,INV_0420205,approved_by,approval_event,APR_0420442
audit_event,EVT_0420608,records,invoice,INV_0420205
invoice,INV_0420206,submitted_to,approval_event,APR_0420443
invoice,INV_0420206,approved_by,approval_event,APR_0420444
audit_event,EVT_0420609,records,invoice,INV_0420206
invoice,INV_0420207,submitted_to,approval_event,APR_0420445
invoice,INV_0420207,approved_by,approval_event,APR_0420446
audit_event,EVT_0420610,records,invoice,INV_0420207
invoice,INV_0420208,submitted_to,approval_event,APR_0420447
invoice,INV_0420208,approved_by,approval_event,APR_0420448
audit_event,EVT_0420611,records,invoice,INV_0420208
invoice,INV_0420209,submitted_to,approval_event,APR_0420449
invoice,INV_0420209,approved_by,approval_event,APR_0420450
audit_event,EVT_0420612,records,invoice,INV_0420209
invoice,INV_0420210,submitted_to,approval_event,APR_0420451
invoice,INV_0420210,approved_by,approval_event,APR_0420452
audit_event,EVT_0420613,records,invoice,INV_0420210
invoice,INV_0420211,submitted_to,approval_event,APR_0420453
invoice,INV_0420211,approved_by,approval_event,APR_0420454
audit_event,EVT_0420614,records,invoice,INV_0420211
invoice,INV_0420212,submitted_to,approval_event,APR_0420455
invoice,INV_0420212,approved_by,approval_event,APR_0420456
audit_event,EVT_0420615,records,invoice,INV_0420212
invoice,INV_0420213,submitted_to,approval_event,APR_0420457
invoice,INV_0420213,approved_by,approval_event,APR_0420458
audit_event,EVT_0420616,records,invoice,INV_0420213
invoice,INV_0420214,submitted_to,approval_event,APR_0420459
invoice,INV_0420214,approved_by,approval_event,APR_0420460
audit_event,EVT_0420617,records,invoice,INV_0420214
invoice,INV_0420215,submitted_to,approval_event,APR_0420461
invoice,INV_0420215,approved_by,approval_event,APR_0420462
audit_event,EVT_0420618,records,invoice,INV_0420215
invoice,INV_0420216,submitted_to,approval_event,APR_0420463
invoice,INV_0420216,approved_by,approval_event,APR_0420464
audit_event,EVT_0420619,records,invoice,INV_0420216
invoice,INV_0420217,submitted_to,approval_event,APR_0420465
invoice,INV_0420217,approved_by,approval_event,APR_0420466
invoice,INV_0420217,approved_by,approval_event,APR_0420467
audit_event,EVT_0420620,records,invoice,INV_0420217
invoice,INV_0420218,submitted_to,approval_event,APR_0420468
invoice,INV_0420218,approved_by,approval_event,APR_0420469
audit_event,EVT_0420621,records,invoice,INV_0420218
invoice,INV_0420219,submitted_to,approval_event,APR_0420470
invoice,INV_0420219,approved_by,approval_event,APR_0420471
invoice,INV_0420219,approved_by,approval_event,APR_0420472
audit_event,EVT_0420622,records,invoice,INV_0420219
invoice,INV_0420220,submitted_to,approval_event,APR_0420473
invoice,INV_0420220,approved_by,approval_event,APR_0420474
audit_event,EVT_0420623,records,invoice,INV_0420220
invoice,INV_0420221,submitted_to,approval_event,APR_0420475
invoice,INV_0420221,approved_by,approval_event,APR_0420476
audit_event,EVT_0420624,records,invoice,INV_0420221
invoice,INV_0420222,submitted_to,approval_event,APR_0420477
invoice,INV_0420222,approved_by,approval_event,APR_0420478
audit_event,EVT_0420625,records,invoice,INV_0420222
invoice,INV_0420223,submitted_to,approval_event,APR_0420479
invoice,INV_0420223,approved_by,approval_event,APR_0420480
audit_event,EVT_0420626,records,invoice,INV_0420223
invoice,INV_0420224,submitted_to,approval_event,APR_0420481
invoice,INV_0420224,approved_by,approval_event,APR_0420482
invoice,INV_0420224,approved_by,approval_event,APR_0420483
audit_event,EVT_0420627,records,invoice,INV_0420224
invoice,INV_0420225,submitted_to,approval_event,APR_0420484
invoice,INV_0420225,approved_by,approval_event,APR_0420485
audit_event,EVT_0420628,records,invoice,INV_0420225
invoice,INV_0420226,submitted_to,approval_event,APR_0420486
invoice,INV_0420226,approved_by,approval_event,APR_0420487
audit_event,EVT_0420629,records,invoice,INV_0420226
invoice,INV_0420227,submitted_to,approval_event,APR_0420488
invoice,INV_0420227,approved_by,approval_event,APR_0420489
audit_event,EVT_0420630,records,invoice,INV_0420227
invoice,INV_0420228,submitted_to,approval_event,APR_0420490
invoice,INV_0420228,approved_by,approval_event,APR_0420491
audit_event,EVT_0420631,records,invoice,INV_0420228
invoice,INV_0420229,submitted_to,approval_event,APR_0420492
invoice,INV_0420229,approved_by,approval_event,APR_0420493
audit_event,EVT_0420632,records,invoice,INV_0420229
invoice,INV_0420230,submitted_to,approval_event,APR_0420494
invoice,INV_0420230,approved_by,approval_event,APR_0420495
audit_event,EVT_0420633,records,invoice,INV_0420230
invoice,INV_0420231,submitted_to,approval_event,APR_0420496
invoice,INV_0420231,approved_by,approval_event,APR_0420497
audit_event,EVT_0420634,records,invoice,INV_0420231
invoice,INV_0420232,submitted_to,approval_event,APR_0420498
invoice,INV_0420232,approved_by,approval_event,APR_0420499
audit_event,EVT_0420635,records,invoice,INV_0420232
invoice,INV_0420233,submitted_to,approval_event,APR_0420500
invoice,INV_0420233,approved_by,approval_event,APR_0420501
audit_event,EVT_0420636,records,invoice,INV_0420233
invoice,INV_0420234,submitted_to,approval_event,APR_0420502
invoice,INV_0420234,approved_by,approval_event,APR_0420503
audit_event,EVT_0420637,records,invoice,INV_0420234
invoice,INV_0420235,submitted_to,approval_event,APR_0420504
invoice,INV_0420235,approved_by,approval_event,APR_0420505
audit_event,EVT_0420638,records,invoice,INV_0420235
invoice,INV_0420236,submitted_to,approval_event,APR_0420506
invoice,INV_0420236,approved_by,approval_event,APR_0420507
audit_event,EVT_0420639,records,invoice,INV_0420236
invoice,INV_0420237,submitted_to,approval_event,APR_0420508
invoice,INV_0420237,approved_by,approval_event,APR_0420509
audit_event,EVT_0420640,records,invoice,INV_0420237
invoice,INV_0420238,submitted_to,approval_event,APR_0420510
invoice,INV_0420238,approved_by,approval_event,APR_0420511
audit_event,EVT_0420641,records,invoice,INV_0420238
invoice,INV_0420239,submitted_to,approval_event,APR_0420512
invoice,INV_0420239,approved_by,approval_event,APR_0420513
audit_event,EVT_0420642,records,invoice,INV_0420239
invoice,INV_0420240,submitted_to,approval_event,APR_0420514
invoice,INV_0420240,approved_by,approval_event,APR_0420515
audit_event,EVT_0420643,records,invoice,INV_0420240
payment,PAY_0420001,settles,invoice,INV_0420059
audit_event,EVT_0420644,records,payment,PAY_0420001
payment,PAY_0420002,settles,invoice,INV_0420097
audit_event,EVT_0420645,records,payment,PAY_0420002
payment,PAY_0420003,settles,invoice,INV_0420097
audit_event,EVT_0420646,records,payment,PAY_0420003
payment,PAY_0420004,settles,invoice,INV_0420240
audit_event,EVT_0420647,records,payment,PAY_0420004
payment,PAY_0420005,settles,invoice,INV_0420240
audit_event,EVT_0420648,records,payment,PAY_0420005
payment,PAY_0420006,settles,invoice,INV_0420080
audit_event,EVT_0420649,records,payment,PAY_0420006
payment,PAY_0420007,settles,invoice,INV_0420080
audit_event,EVT_0420650,records,payment,PAY_0420007
payment,PAY_0420008,settles,invoice,INV_0420037
audit_event,EVT_0420651,records,payment,PAY_0420008
payment,PAY_0420009,settles,invoice,INV_0420037
audit_event,EVT_0420652,records,payment,PAY_0420009
payment,PAY_0420010,settles,invoice,INV_0420011
audit_event,EVT_0420653,records,payment,PAY_0420010
payment,PAY_0420011,settles,invoice,INV_0420171
audit_event,EVT_0420654,records,payment,PAY_0420011
payment,PAY_0420012,settles,invoice,INV_0420115
audit_event,EVT_0420655,records,payment,PAY_0420012
payment,PAY_0420013,settles,invoice,INV_0420115
audit_event,EVT_0420656,records,payment,PAY_0420013
payment,PAY_0420014,settles,invoice,INV_0420105
audit_event,EVT_0420657,records,payment,PAY_0420014
payment,PAY_0420015,settles,invoice,INV_0420123
audit_event,EVT_0420658,records,payment,PAY_0420015
payment,PAY_0420016,settles,invoice,INV_0420167
audit_event,EVT_0420659,records,payment,PAY_0420016
payment,PAY_0420017,settles,invoice,INV_0420167
audit_event,EVT_0420660,records,payment,PAY_0420017
payment,PAY_0420018,settles,invoice,INV_0420012
audit_event,EVT_0420661,records,payment,PAY_0420018
payment,PAY_0420019,settles,invoice,INV_0420172
audit_event,EVT_0420662,records,payment,PAY_0420019
payment,PAY_0420020,settles,invoice,INV_0420129
audit_event,EVT_0420663,records,payment,PAY_0420020
payment,PAY_0420021,settles,invoice,INV_0420129
audit_event,EVT_0420664,records,payment,PAY_0420021
payment,PAY_0420022,settles,invoice,INV_0420018
audit_event,EVT_0420665,records,payment,PAY_0420022
payment,PAY_0420023,settles,invoice,INV_0420102
audit_event,EVT_0420666,records,payment,PAY_0420023
payment,PAY_0420024,settles,invoice,INV_0420044
audit_event,EVT_0420667,records,payment,PAY_0420024
payment,PAY_0420025,settles,invoice,INV_0420106
audit_event,EVT_0420668,records,payment,PAY_0420025
payment,PAY_0420026,settles,invoice,INV_0420211
audit_event,EVT_0420669,records,payment,PAY_0420026
payment,PAY_0420027,settles,invoice,INV_0420003
audit_event,EVT_0420670,records,payment,PAY_0420027
payment,PAY_0420028,settles,invoice,INV_0420087
audit_event,EVT_0420671,records,payment,PAY_0420028
payment,PAY_0420029,settles,invoice,INV_0420104
audit_event,EVT_0420672,records,payment,PAY_0420029
payment,PAY_0420030,settles,invoice,INV_0420008
audit_event,EVT_0420673,records,payment,PAY_0420030
payment,PAY_0420031,settles,invoice,INV_0420031
audit_event,EVT_0420674,records,payment,PAY_0420031
payment,PAY_0420032,settles,invoice,INV_0420183
audit_event,EVT_0420675,records,payment,PAY_0420032
payment,PAY_0420033,settles,invoice,INV_0420040
audit_event,EVT_0420676,records,payment,PAY_0420033
payment,PAY_0420034,settles,invoice,INV_0420095
audit_event,EVT_0420677,records,payment,PAY_0420034
payment,PAY_0420035,settles,invoice,INV_0420200
audit_event,EVT_0420678,records,payment,PAY_0420035
payment,PAY_0420036,settles,invoice,INV_0420019
audit_event,EVT_0420679,records,payment,PAY_0420036
payment,PAY_0420037,settles,invoice,INV_0420068
audit_event,EVT_0420680,records,payment,PAY_0420037
payment,PAY_0420038,settles,invoice,INV_0420188
audit_event,EVT_0420681,records,payment,PAY_0420038
payment,PAY_0420039,settles,invoice,INV_0420022
audit_event,EVT_0420682,records,payment,PAY_0420039
payment,PAY_0420040,settles,invoice,INV_0420214
audit_event,EVT_0420683,records,payment,PAY_0420040
payment,PAY_0420041,settles,invoice,INV_0420136
audit_event,EVT_0420684,records,payment,PAY_0420041
payment,PAY_0420042,settles,invoice,INV_0420136
audit_event,EVT_0420685,records,payment,PAY_0420042
payment,PAY_0420043,settles,invoice,INV_0420128
audit_event,EVT_0420686,records,payment,PAY_0420043
payment,PAY_0420044,settles,invoice,INV_0420062
audit_event,EVT_0420687,records,payment,PAY_0420044
payment,PAY_0420045,settles,invoice,INV_0420205
audit_event,EVT_0420688,records,payment,PAY_0420045
payment,PAY_0420046,settles,invoice,INV_0420192
audit_event,EVT_0420689,records,payment,PAY_0420046
payment,PAY_0420047,settles,invoice,INV_0420088
audit_event,EVT_0420690,records,payment,PAY_0420047
payment,PAY_0420048,settles,invoice,INV_0420178
audit_event,EVT_0420691,records,payment,PAY_0420048
payment,PAY_0420049,settles,invoice,INV_0420235
audit_event,EVT_0420692,records,payment,PAY_0420049
payment,PAY_0420050,settles,invoice,INV_0420069
audit_event,EVT_0420693,records,payment,PAY_0420050
payment,PAY_0420051,settles,invoice,INV_0420041
audit_event,EVT_0420694,records,payment,PAY_0420051
payment,PAY_0420052,settles,invoice,INV_0420122
audit_event,EVT_0420695,records,payment,PAY_0420052
payment,PAY_0420053,settles,invoice,INV_0420225
audit_event,EVT_0420696,records,payment,PAY_0420053
payment,PAY_0420054,settles,invoice,INV_0420039
audit_event,EVT_0420697,records,payment,PAY_0420054
payment,PAY_0420055,settles,invoice,INV_0420187
audit_event,EVT_0420698,records,payment,PAY_0420055
payment,PAY_0420056,settles,invoice,INV_0420198
audit_event,EVT_0420699,records,payment,PAY_0420056
payment,PAY_0420057,settles,invoice,INV_0420154
audit_event,EVT_0420700,records,payment,PAY_0420057
payment,PAY_0420058,settles,invoice,INV_0420154
audit_event,EVT_0420701,records,payment,PAY_0420058
payment,PAY_0420059,settles,invoice,INV_0420203
audit_event,EVT_0420702,records,payment,PAY_0420059
payment,PAY_0420060,settles,invoice,INV_0420203
audit_event,EVT_0420703,records,payment,PAY_0420060
payment,PAY_0420061,settles,invoice,INV_0420043
audit_event,EVT_0420704,records,payment,PAY_0420061
payment,PAY_0420062,settles,invoice,INV_0420001
audit_event,EVT_0420705,records,payment,PAY_0420062
payment,PAY_0420063,settles,invoice,INV_0420224
audit_event,EVT_0420706,records,payment,PAY_0420063
payment,PAY_0420064,settles,invoice,INV_0420185
audit_event,EVT_0420707,records,payment,PAY_0420064
payment,PAY_0420065,settles,invoice,INV_0420021
audit_event,EVT_0420708,records,payment,PAY_0420065
payment,PAY_0420066,settles,invoice,INV_0420017
audit_event,EVT_0420709,records,payment,PAY_0420066
payment,PAY_0420067,settles,invoice,INV_0420017
audit_event,EVT_0420710,records,payment,PAY_0420067
payment,PAY_0420068,settles,invoice,INV_0420212
audit_event,EVT_0420711,records,payment,PAY_0420068
payment,PAY_0420069,settles,invoice,INV_0420212
audit_event,EVT_0420712,records,payment,PAY_0420069
payment,PAY_0420070,settles,invoice,INV_0420073
audit_event,EVT_0420713,records,payment,PAY_0420070
payment,PAY_0420071,settles,invoice,INV_0420204
audit_event,EVT_0420714,records,payment,PAY_0420071
payment,PAY_0420072,settles,invoice,INV_0420204
audit_event,EVT_0420715,records,payment,PAY_0420072
payment,PAY_0420073,settles,invoice,INV_0420006
audit_event,EVT_0420716,records,payment,PAY_0420073
payment,PAY_0420074,settles,invoice,INV_0420049
audit_event,EVT_0420717,records,payment,PAY_0420074
payment,PAY_0420075,settles,invoice,INV_0420049
audit_event,EVT_0420718,records,payment,PAY_0420075
payment,PAY_0420076,settles,invoice,INV_0420228
audit_event,EVT_0420719,records,payment,PAY_0420076
payment,PAY_0420077,settles,invoice,INV_0420228
audit_event,EVT_0420720,records,payment,PAY_0420077
payment,PAY_0420078,settles,invoice,INV_0420111
audit_event,EVT_0420721,records,payment,PAY_0420078
payment,PAY_0420079,settles,invoice,INV_0420209
audit_event,EVT_0420722,records,payment,PAY_0420079
payment,PAY_0420080,settles,invoice,INV_0420010
audit_event,EVT_0420723,records,payment,PAY_0420080
payment,PAY_0420081,settles,invoice,INV_0420010
audit_event,EVT_0420724,records,payment,PAY_0420081
payment,PAY_0420082,settles,invoice,INV_0420208
audit_event,EVT_0420725,records,payment,PAY_0420082
payment,PAY_0420083,settles,invoice,INV_0420023
audit_event,EVT_0420726,records,payment,PAY_0420083
payment,PAY_0420084,settles,invoice,INV_0420196
audit_event,EVT_0420727,records,payment,PAY_0420084
payment,PAY_0420085,settles,invoice,INV_0420025
audit_event,EVT_0420728,records,payment,PAY_0420085
payment,PAY_0420086,settles,invoice,INV_0420025
audit_event,EVT_0420729,records,payment,PAY_0420086
payment,PAY_0420087,settles,invoice,INV_0420094
audit_event,EVT_0420730,records,payment,PAY_0420087
payment,PAY_0420088,settles,invoice,INV_0420094
audit_event,EVT_0420731,records,payment,PAY_0420088
payment,PAY_0420089,settles,invoice,INV_0420026
audit_event,EVT_0420732,records,payment,PAY_0420089
payment,PAY_0420090,settles,invoice,INV_0420079
audit_event,EVT_0420733,records,payment,PAY_0420090
payment,PAY_0420091,settles,invoice,INV_0420079
audit_event,EVT_0420734,records,payment,PAY_0420091
payment,PAY_0420092,settles,invoice,INV_0420096
audit_event,EVT_0420735,records,payment,PAY_0420092
payment,PAY_0420093,settles,invoice,INV_0420098
audit_event,EVT_0420736,records,payment,PAY_0420093
payment,PAY_0420094,settles,invoice,INV_0420098
audit_event,EVT_0420737,records,payment,PAY_0420094
payment,PAY_0420095,settles,invoice,INV_0420175
audit_event,EVT_0420738,records,payment,PAY_0420095
payment,PAY_0420096,settles,invoice,INV_0420120
audit_event,EVT_0420739,records,payment,PAY_0420096
payment,PAY_0420097,settles,invoice,INV_0420120
audit_event,EVT_0420740,records,payment,PAY_0420097
payment,PAY_0420098,settles,invoice,INV_0420173
audit_event,EVT_0420741,records,payment,PAY_0420098
payment,PAY_0420099,settles,invoice,INV_0420118
audit_event,EVT_0420742,records,payment,PAY_0420099
payment,PAY_0420100,settles,invoice,INV_0420127
audit_event,EVT_0420743,records,payment,PAY_0420100
payment,PAY_0420101,settles,invoice,INV_0420236
audit_event,EVT_0420744,records,payment,PAY_0420101
payment,PAY_0420102,settles,invoice,INV_0420113
audit_event,EVT_0420745,records,payment,PAY_0420102
payment,PAY_0420103,settles,invoice,INV_0420081
audit_event,EVT_0420746,records,payment,PAY_0420103
payment,PAY_0420104,settles,invoice,INV_0420202
audit_event,EVT_0420747,records,payment,PAY_0420104
payment,PAY_0420105,settles,invoice,INV_0420158
audit_event,EVT_0420748,records,payment,PAY_0420105
payment,PAY_0420106,settles,invoice,INV_0420158
audit_event,EVT_0420749,records,payment,PAY_0420106
payment,PAY_0420107,settles,invoice,INV_0420141
audit_event,EVT_0420750,records,payment,PAY_0420107
payment,PAY_0420108,settles,invoice,INV_0420160
audit_event,EVT_0420751,records,payment,PAY_0420108
payment,PAY_0420109,settles,invoice,INV_0420238
audit_event,EVT_0420752,records,payment,PAY_0420109
payment,PAY_0420110,settles,invoice,INV_0420232
audit_event,EVT_0420753,records,payment,PAY_0420110
payment,PAY_0420111,settles,invoice,INV_0420232
audit_event,EVT_0420754,records,payment,PAY_0420111
payment,PAY_0420112,settles,invoice,INV_0420061
audit_event,EVT_0420755,records,payment,PAY_0420112
payment,PAY_0420113,settles,invoice,INV_0420061
audit_event,EVT_0420756,records,payment,PAY_0420113
payment,PAY_0420114,settles,invoice,INV_0420222
audit_event,EVT_0420757,records,payment,PAY_0420114
payment,PAY_0420115,settles,invoice,INV_0420222
audit_event,EVT_0420758,records,payment,PAY_0420115
payment,PAY_0420116,settles,invoice,INV_0420058
audit_event,EVT_0420759,records,payment,PAY_0420116
payment,PAY_0420117,settles,invoice,INV_0420058
audit_event,EVT_0420760,records,payment,PAY_0420117
payment,PAY_0420118,settles,invoice,INV_0420206
audit_event,EVT_0420761,records,payment,PAY_0420118
payment,PAY_0420119,settles,invoice,INV_0420093
audit_event,EVT_0420762,records,payment,PAY_0420119
payment,PAY_0420120,settles,invoice,INV_0420207
audit_event,EVT_0420763,records,payment,PAY_0420120
payment,PAY_0420121,settles,invoice,INV_0420016
audit_event,EVT_0420764,records,payment,PAY_0420121
payment,PAY_0420122,settles,invoice,INV_0420159
audit_event,EVT_0420765,records,payment,PAY_0420122
payment,PAY_0420123,settles,invoice,INV_0420166
audit_event,EVT_0420766,records,payment,PAY_0420123
payment,PAY_0420124,settles,invoice,INV_0420226
audit_event,EVT_0420767,records,payment,PAY_0420124
payment,PAY_0420125,settles,invoice,INV_0420014
audit_event,EVT_0420768,records,payment,PAY_0420125
payment,PAY_0420126,settles,invoice,INV_0420038
audit_event,EVT_0420769,records,payment,PAY_0420126
payment,PAY_0420127,settles,invoice,INV_0420007
audit_event,EVT_0420770,records,payment,PAY_0420127
payment,PAY_0420128,settles,invoice,INV_0420028
audit_event,EVT_0420771,records,payment,PAY_0420128
payment,PAY_0420129,settles,invoice,INV_0420135
audit_event,EVT_0420772,records,payment,PAY_0420129
payment,PAY_0420130,settles,invoice,INV_0420004
audit_event,EVT_0420773,records,payment,PAY_0420130
payment,PAY_0420131,settles,invoice,INV_0420075
audit_event,EVT_0420774,records,payment,PAY_0420131
payment,PAY_0420132,settles,invoice,INV_0420138
audit_event,EVT_0420775,records,payment,PAY_0420132
payment,PAY_0420133,settles,invoice,INV_0420138
audit_event,EVT_0420776,records,payment,PAY_0420133
payment,PAY_0420134,settles,invoice,INV_0420108
audit_event,EVT_0420777,records,payment,PAY_0420134
payment,PAY_0420135,settles,invoice,INV_0420108
audit_event,EVT_0420778,records,payment,PAY_0420135
payment,PAY_0420136,settles,invoice,INV_0420148
audit_event,EVT_0420779,records,payment,PAY_0420136
payment,PAY_0420137,settles,invoice,INV_0420234
audit_event,EVT_0420780,records,payment,PAY_0420137
payment,PAY_0420138,settles,invoice,INV_0420234
audit_event,EVT_0420781,records,payment,PAY_0420138
payment,PAY_0420139,settles,invoice,INV_0420145
audit_event,EVT_0420782,records,payment,PAY_0420139
payment,PAY_0420140,settles,invoice,INV_0420092
audit_event,EVT_0420783,records,payment,PAY_0420140
payment,PAY_0420141,settles,invoice,INV_0420092
audit_event,EVT_0420784,records,payment,PAY_0420141
payment,PAY_0420142,settles,invoice,INV_0420165
audit_event,EVT_0420785,records,payment,PAY_0420142
payment,PAY_0420143,settles,invoice,INV_0420165
audit_event,EVT_0420786,records,payment,PAY_0420143
payment,PAY_0420144,settles,invoice,INV_0420140
audit_event,EVT_0420787,records,payment,PAY_0420144
payment,PAY_0420145,settles,invoice,INV_0420230
audit_event,EVT_0420788,records,payment,PAY_0420145
payment,PAY_0420146,settles,invoice,INV_0420168
audit_event,EVT_0420789,records,payment,PAY_0420146
payment,PAY_0420147,settles,invoice,INV_0420168
audit_event,EVT_0420790,records,payment,PAY_0420147
payment,PAY_0420148,settles,invoice,INV_0420034
audit_event,EVT_0420791,records,payment,PAY_0420148
payment,PAY_0420149,settles,invoice,INV_0420024
payment,PAY_0420149,settles,invoice,INV_0420221
audit_event,EVT_0420792,records,payment,PAY_0420149
payment,PAY_0420150,settles,invoice,INV_0420060
payment,PAY_0420150,settles,invoice,INV_0420005
audit_event,EVT_0420793,records,payment,PAY_0420150
payment,PAY_0420151,settles,invoice,INV_0420063
payment,PAY_0420151,settles,invoice,INV_0420110
audit_event,EVT_0420794,records,payment,PAY_0420151
payment,PAY_0420152,settles,invoice,INV_0420050
payment,PAY_0420152,settles,invoice,INV_0420215
audit_event,EVT_0420795,records,payment,PAY_0420152
payment,PAY_0420153,settles,invoice,INV_0420144
payment,PAY_0420153,settles,invoice,INV_0420176
audit_event,EVT_0420796,records,payment,PAY_0420153
payment,PAY_0420154,settles,invoice,INV_0420051
payment,PAY_0420154,settles,invoice,INV_0420218
audit_event,EVT_0420797,records,payment,PAY_0420154
payment,PAY_0420155,settles,invoice,INV_0420030
payment,PAY_0420155,settles,invoice,INV_0420015
audit_event,EVT_0420798,records,payment,PAY_0420155
payment,PAY_0420156,settles,invoice,INV_0420047
payment,PAY_0420156,settles,invoice,INV_0420002
audit_event,EVT_0420799,records,payment,PAY_0420156
payment,PAY_0420157,settles,invoice,INV_0420099
payment,PAY_0420157,settles,invoice,INV_0420130
audit_event,EVT_0420800,records,payment,PAY_0420157
payment,PAY_0420158,settles,invoice,INV_0420152
payment,PAY_0420158,settles,invoice,INV_0420116
audit_event,EVT_0420801,records,payment,PAY_0420158
payment,PAY_0420159,settles,invoice,INV_0420139
payment,PAY_0420159,settles,invoice,INV_0420066
audit_event,EVT_0420802,records,payment,PAY_0420159
payment,PAY_0420160,settles,invoice,INV_0420055
payment,PAY_0420160,settles,invoice,INV_0420126
audit_event,EVT_0420803,records,payment,PAY_0420160
payment,PAY_0420161,settles,invoice,INV_0420153
payment,PAY_0420161,settles,invoice,INV_0420009
audit_event,EVT_0420804,records,payment,PAY_0420161
payment,PAY_0420162,settles,invoice,INV_0420213
payment,PAY_0420162,settles,invoice,INV_0420233
audit_event,EVT_0420805,records,payment,PAY_0420162
payment,PAY_0420163,settles,invoice,INV_0420220
payment,PAY_0420163,settles,invoice,INV_0420071
audit_event,EVT_0420806,records,payment,PAY_0420163
payment,PAY_0420164,settles,invoice,INV_0420086
payment,PAY_0420164,settles,invoice,INV_0420186
audit_event,EVT_0420807,records,payment,PAY_0420164
payment,PAY_0420165,settles,invoice,INV_0420065
payment,PAY_0420165,settles,invoice,INV_0420020
audit_event,EVT_0420808,records,payment,PAY_0420165
payment,PAY_0420166,settles,invoice,INV_0420121
payment,PAY_0420166,settles,invoice,INV_0420114
audit_event,EVT_0420809,records,payment,PAY_0420166
payment,PAY_0420167,settles,invoice,INV_0420053
payment,PAY_0420167,settles,invoice,INV_0420032
audit_event,EVT_0420810,records,payment,PAY_0420167
payment,PAY_0420168,settles,invoice,INV_0420134
payment,PAY_0420168,settles,invoice,INV_0420057
audit_event,EVT_0420811,records,payment,PAY_0420168
payment,PAY_0420169,settles,invoice,INV_0420147
payment,PAY_0420169,settles,invoice,INV_0420074
audit_event,EVT_0420812,records,payment,PAY_0420169
payment,PAY_0420170,settles,invoice,INV_0420070
payment,PAY_0420170,settles,invoice,INV_0420091
audit_event,EVT_0420813,records,payment,PAY_0420170
payment,PAY_0420171,settles,invoice,INV_0420146
payment,PAY_0420171,settles,invoice,INV_0420042
audit_event,EVT_0420814,records,payment,PAY_0420171
payment,PAY_0420172,settles,invoice,INV_0420164
payment,PAY_0420172,settles,invoice,INV_0420124
audit_event,EVT_0420815,records,payment,PAY_0420172
payment,PAY_0420173,settles,invoice,INV_0420223
payment,PAY_0420173,settles,invoice,INV_0420191
audit_event,EVT_0420816,records,payment,PAY_0420173
payment,PAY_0420174,settles,invoice,INV_0420217
payment,PAY_0420174,settles,invoice,INV_0420048
audit_event,EVT_0420817,records,payment,PAY_0420174
payment,PAY_0420175,settles,invoice,INV_0420029
payment,PAY_0420175,settles,invoice,INV_0420085
audit_event,EVT_0420818,records,payment,PAY_0420175
payment,PAY_0420176,settles,invoice,INV_0420162
payment,PAY_0420176,settles,invoice,INV_0420083
audit_event,EVT_0420819,records,payment,PAY_0420176
payment,PAY_0420177,settles,invoice,INV_0420227
payment,PAY_0420177,settles,invoice,INV_0420119
audit_event,EVT_0420820,records,payment,PAY_0420177
payment,PAY_0420178,settles,invoice,INV_0420182
payment,PAY_0420178,settles,invoice,INV_0420169
audit_event,EVT_0420821,records,payment,PAY_0420178
payment,PAY_0420179,settles,invoice,INV_0420199
payment,PAY_0420179,settles,invoice,INV_0420149
audit_event,EVT_0420822,records,payment,PAY_0420179
payment,PAY_0420180,settles,invoice,INV_0420195
payment,PAY_0420180,settles,invoice,INV_0420180
audit_event,EVT_0420823,records,payment,PAY_0420180
invoice,INV_0420001,generates,gl_journal,JE_0420001
invoice,INV_0420002,generates,gl_journal,JE_0420002
invoice,INV_0420003,generates,gl_journal,JE_0420003
invoice,INV_0420004,generates,gl_journal,JE_0420004
invoice,INV_0420005,generates,gl_journal,JE_0420005
invoice,INV_0420006,generates,gl_journal,JE_0420006
invoice,INV_0420007,generates,gl_journal,JE_0420007
invoice,INV_0420008,generates,gl_journal,JE_0420008
invoice,INV_0420009,generates,gl_journal,JE_0420009
invoice,INV_0420010,generates,gl_journal,JE_0420010
invoice,INV_0420011,generates,gl_journal,JE_0420011
invoice,INV_0420012,generates,gl_journal,JE_0420012
invoice,INV_0420013,generates,gl_journal,JE_0420013
invoice,INV_0420014,generates,gl_journal,JE_0420014
invoice,INV_0420015,generates,gl_journal,JE_0420015
invoice,INV_0420016,generates,gl_journal,JE_0420016
invoice,INV_0420017,generates,gl_journal,JE_0420017
invoice,INV_0420018,generates,gl_journal,JE_0420018
invoice,INV_0420019,generates,gl_journal,JE_0420019
invoice,INV_0420020,generates,gl_journal,JE_0420020
invoice,INV_0420021,generates,gl_journal,JE_0420021
invoice,INV_0420022,generates,gl_journal,JE_0420022
invoice,INV_0420023,generates,gl_journal,JE_0420023
invoice,INV_0420024,generates,gl_journal,JE_0420024
invoice,INV_0420025,generates,gl_journal,JE_0420025
invoice,INV_0420026,generates,gl_journal,JE_0420026
invoice,INV_0420027,generates,gl_journal,JE_0420027
invoice,INV_0420028,generates,gl_journal,JE_0420028
invoice,INV_0420029,generates,gl_journal,JE_0420029
invoice,INV_0420030,generates,gl_journal,JE_0420030
invoice,INV_0420031,generates,gl_journal,JE_0420031
invoice,INV_0420032,generates,gl_journal,JE_0420032
invoice,INV_0420033,generates,gl_journal,JE_0420033
invoice,INV_0420034,generates,gl_journal,JE_0420034
invoice,INV_0420035,generates,gl_journal,JE_0420035
invoice,INV_0420036,generates,gl_journal,JE_0420036
invoice,INV_0420037,generates,gl_journal,JE_0420037
invoice,INV_0420038,generates,gl_journal,JE_0420038
invoice,INV_0420039,generates,gl_journal,JE_0420039
invoice,INV_0420040,generates,gl_journal,JE_0420040
invoice,INV_0420041,generates,gl_journal,JE_0420041
invoice,INV_0420042,generates,gl_journal,JE_0420042
invoice,INV_0420043,generates,gl_journal,JE_0420043
invoice,INV_0420044,generates,gl_journal,JE_0420044
invoice,INV_0420045,generates,gl_journal,JE_0420045
invoice,INV_0420046,generates,gl_journal,JE_0420046
invoice,INV_0420047,generates,gl_journal,JE_0420047
invoice,INV_0420048,generates,gl_journal,JE_0420048
invoice,INV_0420049,generates,gl_journal,JE_0420049
invoice,INV_0420050,generates,gl_journal,JE_0420050
invoice,INV_0420051,generates,gl_journal,JE_0420051
invoice,INV_0420052,generates,gl_journal,JE_0420052
invoice,INV_0420053,generates,gl_journal,JE_0420053
invoice,INV_0420054,generates,gl_journal,JE_0420054
invoice,INV_0420055,generates,gl_journal,JE_0420055
invoice,INV_0420056,generates,gl_journal,JE_0420056
invoice,INV_0420057,generates,gl_journal,JE_0420057
invoice,INV_0420058,generates,gl_journal,JE_0420058
invoice,INV_0420059,generates,gl_journal,JE_0420059
invoice,INV_0420060,generates,gl_journal,JE_0420060
invoice,INV_0420061,generates,gl_journal,JE_0420061
invoice,INV_0420062,generates,gl_journal,JE_0420062
invoice,INV_0420063,generates,gl_journal,JE_0420063
invoice,INV_0420064,generates,gl_journal,JE_0420064
invoice,INV_0420065,generates,gl_journal,JE_0420065
invoice,INV_0420066,generates,gl_journal,JE_0420066
invoice,INV_0420067,generates,gl_journal,JE_0420067
invoice,INV_0420068,generates,gl_journal,JE_0420068
invoice,INV_0420069,generates,gl_journal,JE_0420069
invoice,INV_0420070,generates,gl_journal,JE_0420070
invoice,INV_0420071,generates,gl_journal,JE_0420071
invoice,INV_0420072,generates,gl_journal,JE_0420072
invoice,INV_0420073,generates,gl_journal,JE_0420073
invoice,INV_0420074,generates,gl_journal,JE_0420074
invoice,INV_0420075,generates,gl_journal,JE_0420075
invoice,INV_0420076,generates,gl_journal,JE_0420076
invoice,INV_0420077,generates,gl_journal,JE_0420077
invoice,INV_0420078,generates,gl_journal,JE_0420078
invoice,INV_0420079,generates,gl_journal,JE_0420079
invoice,INV_0420080,generates,gl_journal,JE_0420080
invoice,INV_0420081,generates,gl_journal,JE_0420081
invoice,INV_0420082,generates,gl_journal,JE_0420082
invoice,INV_0420083,generates,gl_journal,JE_0420083
invoice,INV_0420084,generates,gl_journal,JE_0420084
invoice,INV_0420085,generates,gl_journal,JE_0420085
invoice,INV_0420086,generates,gl_journal,JE_0420086
invoice,INV_0420087,generates,gl_journal,JE_0420087
invoice,INV_0420088,generates,gl_journal,JE_0420088
invoice,INV_0420089,generates,gl_journal,JE_0420089
invoice,INV_0420090,generates,gl_journal,JE_0420090
invoice,INV_0420091,generates,gl_journal,JE_0420091
invoice,INV_0420092,generates,gl_journal,JE_0420092
invoice,INV_0420093,generates,gl_journal,JE_0420093
invoice,INV_0420094,generates,gl_journal,JE_0420094
invoice,INV_0420095,generates,gl_journal,JE_0420095
invoice,INV_0420096,generates,gl_journal,JE_0420096
invoice,INV_0420097,generates,gl_journal,JE_0420097
invoice,INV_0420098,generates,gl_journal,JE_0420098
invoice,INV_0420099,generates,gl_journal,JE_0420099
invoice,INV_0420100,generates,gl_journal,JE_0420100
invoice,INV_0420101,generates,gl_journal,JE_0420101
invoice,INV_0420102,generates,gl_journal,JE_0420102
invoice,INV_0420103,generates,gl_journal,JE_0420103
invoice,INV_0420104,generates,gl_journal,JE_0420104
invoice,INV_0420105,generates,gl_journal,JE_0420105
invoice,INV_0420106,generates,gl_journal,JE_0420106
invoice,INV_0420107,generates,gl_journal,JE_0420107
invoice,INV_0420108,generates,gl_journal,JE_0420108
invoice,INV_0420109,generates,gl_journal,JE_0420109
invoice,INV_0420110,generates,gl_journal,JE_0420110
invoice,INV_0420111,generates,gl_journal,JE_0420111
invoice,INV_0420112,generates,gl_journal,JE_0420112
invoice,INV_0420113,generates,gl_journal,JE_0420113
invoice,INV_0420114,generates,gl_journal,JE_0420114
invoice,INV_0420115,generates,gl_journal,JE_0420115
invoice,INV_0420116,generates,gl_journal,JE_0420116
invoice,INV_0420117,generates,gl_journal,JE_0420117
invoice,INV_0420118,generates,gl_journal,JE_0420118
invoice,INV_0420119,generates,gl_journal,JE_0420119
invoice,INV_0420120,generates,gl_journal,JE_0420120
invoice,INV_0420121,generates,gl_journal,JE_0420121
invoice,INV_0420122,generates,gl_journal,JE_0420122
invoice,INV_0420123,generates,gl_journal,JE_0420123
invoice,INV_0420124,generates,gl_journal,JE_0420124
invoice,INV_0420125,generates,gl_journal,JE_0420125
invoice,INV_0420126,generates,gl_journal,JE_0420126
invoice,INV_0420127,generates,gl_journal,JE_0420127
invoice,INV_0420128,generates,gl_journal,JE_0420128
invoice,INV_0420129,generates,gl_journal,JE_0420129
invoice,INV_0420130,generates,gl_journal,JE_0420130
invoice,INV_0420131,generates,gl_journal,JE_0420131
invoice,INV_0420132,generates,gl_journal,JE_0420132
invoice,INV_0420133,generates,gl_journal,JE_0420133
invoice,INV_0420134,generates,gl_journal,JE_0420134
invoice,INV_0420135,generates,gl_journal,JE_0420135
invoice,INV_0420136,generates,gl_journal,JE_0420136
invoice,INV_0420137,generates,gl_journal,JE_0420137
invoice,INV_0420138,generates,gl_journal,JE_0420138
invoice,INV_0420139,generates,gl_journal,JE_0420139
invoice,INV_0420140,generates,gl_journal,JE_0420140
invoice,INV_0420141,generates,gl_journal,JE_0420141
invoice,INV_0420142,generates,gl_journal,JE_0420142
invoice,INV_0420143,generates,gl_journal,JE_0420143
invoice,INV_0420144,generates,gl_journal,JE_0420144
invoice,INV_0420145,generates,gl_journal,JE_0420145
invoice,INV_0420146,generates,gl_journal,JE_0420146
invoice,INV_0420147,generates,gl_journal,JE_0420147
invoice,INV_0420148,generates,gl_journal,JE_0420148
invoice,INV_0420149,generates,gl_journal,JE_0420149
invoice,INV_0420150,generates,gl_journal,JE_0420150
invoice,INV_0420151,generates,gl_journal,JE_0420151
invoice,INV_0420152,generates,gl_journal,JE_0420152
invoice,INV_0420153,generates,gl_journal,JE_0420153
invoice,INV_0420154,generates,gl_journal,JE_0420154
invoice,INV_0420155,generates,gl_journal,JE_0420155
invoice,INV_0420156,generates,gl_journal,JE_0420156
invoice,INV_0420157,generates,gl_journal,JE_0420157
invoice,INV_0420158,generates,gl_journal,JE_0420158
invoice,INV_0420159,generates,gl_journal,JE_0420159
invoice,INV_0420160,generates,gl_journal,JE_0420160
invoice,INV_0420161,generates,gl_journal,JE_0420161
invoice,INV_0420162,generates,gl_journal,JE_0420162
invoice,INV_0420163,generates,gl_journal,JE_0420163
invoice,INV_0420164,generates,gl_journal,JE_0420164
invoice,INV_0420165,generates,gl_journal,JE_0420165
invoice,INV_0420166,generates,gl_journal,JE_0420166
invoice,INV_0420167,generates,gl_journal,JE_0420167
invoice,INV_0420168,generates,gl_journal,JE_0420168
invoice,INV_0420169,generates,gl_journal,JE_0420169
invoice,INV_0420170,generates,gl_journal,JE_0420170
invoice,INV_0420171,generates,gl_journal,JE_0420171
invoice,INV_0420172,generates,gl_journal,JE_0420172
invoice,INV_0420173,generates,gl_journal,JE_0420173
invoice,INV_0420174,generates,gl_journal,JE_0420174
invoice,INV_0420175,generates,gl_journal,JE_0420175
invoice,INV_0420176,generates,gl_journal,JE_0420176
invoice,INV_0420177,generates,gl_journal,JE_0420177
invoice,INV_0420178,generates,gl_journal,JE_0420178
invoice,INV_0420179,generates,gl_journal,JE_0420179
invoice,INV_0420180,generates,gl_journal,JE_0420180
invoice,INV_0420181,generates,gl_journal,JE_0420181
invoice,INV_0420182,generates,gl_journal,JE_0420182
invoice,INV_0420183,generates,gl_journal,JE_0420183
invoice,INV_0420184,generates,gl_journal,JE_0420184
invoice,INV_0420185,generates,gl_journal,JE_0420185
invoice,INV_0420186,generates,gl_journal,JE_0420186
invoice,INV_0420187,generates,gl_journal,JE_0420187
invoice,INV_0420188,generates,gl_journal,JE_0420188
invoice,INV_0420189,generates,gl_journal,JE_0420189
invoice,INV_0420190,generates,gl_journal,JE_0420190
invoice,INV_0420191,generates,gl_journal,JE_0420191
invoice,INV_0420192,generates,gl_journal,JE_0420192
invoice,INV_0420193,generates,gl_journal,JE_0420193
invoice,INV_0420194,generates,gl_journal,JE_0420194
invoice,INV_0420195,generates,gl_journal,JE_0420195
invoice,INV_0420196,generates,gl_journal,JE_0420196
invoice,INV_0420197,generates,gl_journal,JE_0420197
invoice,INV_0420198,generates,gl_journal,JE_0420198
invoice,INV_0420199,generates,gl_journal,JE_0420199
invoice,INV_0420200,generates,gl_journal,JE_0420200
invoice,INV_0420201,generates,gl_journal,JE_0420201
invoice,INV_0420202,generates,gl_journal,JE_0420202
invoice,INV_0420203,generates,gl_journal,JE_0420203
invoice,INV_0420204,generates,gl_journal,JE_0420204
invoice,INV_0420205,generates,gl_journal,JE_0420205
invoice,INV_0420206,generates,gl_journal,JE_0420206
invoice,INV_0420207,generates,gl_journal,JE_0420207
invoice,INV_0420208,generates,gl_journal,JE_0420208
invoice,INV_0420209,generates,gl_journal,JE_0420209
invoice,INV_0420210,generates,gl_journal,JE_0420210
invoice,INV_0420211,generates,gl_journal,JE_0420211
invoice,INV_0420212,generates,gl_journal,JE_0420212
invoice,INV_0420213,generates,gl_journal,JE_0420213
invoice,INV_0420214,generates,gl_journal,JE_0420214
invoice,INV_0420215,generates,gl_journal,JE_0420215
invoice,INV_0420216,generates,gl_journal,JE_0420216
invoice,INV_0420217,generates,gl_journal,JE_0420217
invoice,INV_0420218,generates,gl_journal,JE_0420218
invoice,INV_0420219,generates,gl_journal,JE_0420219
invoice,INV_0420220,generates,gl_journal,JE_0420220
invoice,INV_0420221,generates,gl_journal,JE_0420221
invoice,INV_0420222,generates,gl_journal,JE_0420222
invoice,INV_0420223,generates,gl_journal,JE_0420223
invoice,INV_0420224,generates,gl_journal,JE_0420224
invoice,INV_0420225,generates,gl_journal,JE_0420225
invoice,INV_0420226,generates,gl_journal,JE_0420226
invoice,INV_0420227,generates,gl_journal,JE_0420227
invoice,INV_0420228,generates,gl_journal,JE_0420228
invoice,INV_0420229,generates,gl_journal,JE_0420229
invoice,INV_0420230,generates,gl_journal,JE_0420230
invoice,INV_0420231,generates,gl_journal,JE_0420231
invoice,INV_0420232,generates,gl_journal,JE_0420232
invoice,INV_0420233,generates,gl_journal,JE_0420233
invoice,INV_0420234,generates,gl_journal,JE_0420234
invoice,INV_0420235,generates,gl_journal,JE_0420235
invoice,INV_0420236,generates,gl_journal,JE_0420236
invoice,INV_0420237,generates,gl_journal,JE_0420237
invoice,INV_0420238,generates,gl_journal,JE_0420238
invoice,INV_0420239,generates,gl_journal,JE_0420239
invoice,INV_0420240,generates,gl_journal,JE_0420240
payment,PAY_0420001,generates,gl_journal,JE_0420241
payment,PAY_0420002,generates,gl_journal,JE_0420242
payment,PAY_0420003,generates,gl_journal,JE_0420243
payment,PAY_0420004,generates,gl_journal,JE_0420244
payment,PAY_0420005,generates,gl_journal,JE_0420245
payment,PAY_0420006,generates,gl_journal,JE_0420246
payment,PAY_0420007,generates,gl_journal,JE_0420247
payment,PAY_0420008,generates,gl_journal,JE_0420248
payment,PAY_0420009,generates,gl_journal,JE_0420249
payment,PAY_0420010,generates,gl_journal,JE_0420250
payment,PAY_0420011,generates,gl_journal,JE_0420251
payment,PAY_0420012,generates,gl_journal,JE_0420252
payment,PAY_0420013,generates,gl_journal,JE_0420253
payment,PAY_0420014,generates,gl_journal,JE_0420254
payment,PAY_0420015,generates,gl_journal,JE_0420255
payment,PAY_0420016,generates,gl_journal,JE_0420256
payment,PAY_0420017,generates,gl_journal,JE_0420257
payment,PAY_0420018,generates,gl_journal,JE_0420258
payment,PAY_0420019,generates,gl_journal,JE_0420259
payment,PAY_0420020,generates,gl_journal,JE_0420260
payment,PAY_0420021,generates,gl_journal,JE_0420261
payment,PAY_0420022,generates,gl_journal,JE_0420262
payment,PAY_0420023,generates,gl_journal,JE_0420263
payment,PAY_0420024,generates,gl_journal,JE_0420264
payment,PAY_0420025,generates,gl_journal,JE_0420265
payment,PAY_0420026,generates,gl_journal,JE_0420266
payment,PAY_0420027,generates,gl_journal,JE_0420267
payment,PAY_0420028,generates,gl_journal,JE_0420268
payment,PAY_0420029,generates,gl_journal,JE_0420269
payment,PAY_0420030,generates,gl_journal,JE_0420270
payment,PAY_0420031,generates,gl_journal,JE_0420271
payment,PAY_0420032,generates,gl_journal,JE_0420272
payment,PAY_0420033,generates,gl_journal,JE_0420273
payment,PAY_0420034,generates,gl_journal,JE_0420274
payment,PAY_0420035,generates,gl_journal,JE_0420275
payment,PAY_0420036,generates,gl_journal,JE_0420276
payment,PAY_0420037,generates,gl_journal,JE_0420277
payment,PAY_0420038,generates,gl_journal,JE_0420278
payment,PAY_0420039,generates,gl_journal,JE_0420279
payment,PAY_0420040,generates,gl_journal,JE_0420280
payment,PAY_0420041,generates,gl_journal,JE_0420281
payment,PAY_0420042,generates,gl_journal,JE_0420282
payment,PAY_0420043,generates,gl_journal,JE_0420283
payment,PAY_0420044,generates,gl_journal,JE_0420284
payment,PAY_0420045,generates,gl_journal,JE_0420285
payment,PAY_0420046,generates,gl_journal,JE_0420286
payment,PAY_0420047,generates,gl_journal,JE_0420287
payment,PAY_0420048,generates,gl_journal,JE_0420288
payment,PAY_0420049,generates,gl_journal,JE_0420289
payment,PAY_0420050,generates,gl_journal,JE_0420290
payment,PAY_0420051,generates,gl_journal,JE_0420291
payment,PAY_0420052,generates,gl_journal,JE_0420292
payment,PAY_0420053,generates,gl_journal,JE_0420293
payment,PAY_0420054,generates,gl_journal,JE_0420294
payment,PAY_0420055,generates,gl_journal,JE_0420295
payment,PAY_0420056,generates,gl_journal,JE_0420296
payment,PAY_0420057,generates,gl_journal,JE_0420297
payment,PAY_0420058,generates,gl_journal,JE_0420298
payment,PAY_0420059,generates,gl_journal,JE_0420299
payment,PAY_0420060,generates,gl_journal,JE_0420300
payment,PAY_0420061,generates,gl_journal,JE_0420301
payment,PAY_0420062,generates,gl_journal,JE_0420302
payment,PAY_0420063,generates,gl_journal,JE_0420303
payment,PAY_0420064,generates,gl_journal,JE_0420304
payment,PAY_0420065,generates,gl_journal,JE_0420305
payment,PAY_0420066,generates,gl_journal,JE_0420306
payment,PAY_0420067,generates,gl_journal,JE_0420307
payment,PAY_0420068,generates,gl_journal,JE_0420308
payment,PAY_0420069,generates,gl_journal,JE_0420309
payment,PAY_0420070,generates,gl_journal,JE_0420310
payment,PAY_0420071,generates,gl_journal,JE_0420311
payment,PAY_0420072,generates,gl_journal,JE_0420312
payment,PAY_0420073,generates,gl_journal,JE_0420313
payment,PAY_0420074,generates,gl_journal,JE_0420314
payment,PAY_0420075,generates,gl_journal,JE_0420315
payment,PAY_0420076,generates,gl_journal,JE_0420316
payment,PAY_0420077,generates,gl_journal,JE_0420317
payment,PAY_0420078,generates,gl_journal,JE_0420318
payment,PAY_0420079,generates,gl_journal,JE_0420319
payment,PAY_0420080,generates,gl_journal,JE_0420320
payment,PAY_0420081,generates,gl_journal,JE_0420321
payment,PAY_0420082,generates,gl_journal,JE_0420322
payment,PAY_0420083,generates,gl_journal,JE_0420323
payment,PAY_0420084,generates,gl_journal,JE_0420324
payment,PAY_0420085,generates,gl_journal,JE_0420325
payment,PAY_0420086,generates,gl_journal,JE_0420326
payment,PAY_0420087,generates,gl_journal,JE_0420327
payment,PAY_0420088,generates,gl_journal,JE_0420328
payment,PAY_0420089,generates,gl_journal,JE_0420329
payment,PAY_0420090,generates,gl_journal,JE_0420330
payment,PAY_0420091,generates,gl_journal,JE_0420331
payment,PAY_0420092,generates,gl_journal,JE_0420332
payment,PAY_0420093,generates,gl_journal,JE_0420333
payment,PAY_0420094,generates,gl_journal,JE_0420334
payment,PAY_0420095,generates,gl_journal,JE_0420335
payment,PAY_0420096,generates,gl_journal,JE_0420336
payment,PAY_0420097,generates,gl_journal,JE_0420337
payment,PAY_0420098,generates,gl_journal,JE_0420338
payment,PAY_0420099,generates,gl_journal,JE_0420339
payment,PAY_0420100,generates,gl_journal,JE_0420340
payment,PAY_0420101,generates,gl_journal,JE_0420341
payment,PAY_0420102,generates,gl_journal,JE_0420342
payment,PAY_0420103,generates,gl_journal,JE_0420343
payment,PAY_0420104,generates,gl_journal,JE_0420344
payment,PAY_0420105,generates,gl_journal,JE_0420345
payment,PAY_0420106,generates,gl_journal,JE_0420346
payment,PAY_0420107,generates,gl_journal,JE_0420347
payment,PAY_0420108,generates,gl_journal,JE_0420348
payment,PAY_0420109,generates,gl_journal,JE_0420349
payment,PAY_0420110,generates,gl_journal,JE_0420350
payment,PAY_0420111,generates,gl_journal,JE_0420351
payment,PAY_0420112,generates,gl_journal,JE_0420352
payment,PAY_0420113,generates,gl_journal,JE_0420353
payment,PAY_0420114,generates,gl_journal,JE_0420354
payment,PAY_0420115,generates,gl_journal,JE_0420355
payment,PAY_0420116,generates,gl_journal,JE_0420356
payment,PAY_0420117,generates,gl_journal,JE_0420357
payment,PAY_0420118,generates,gl_journal,JE_0420358
payment,PAY_0420119,generates,gl_journal,JE_0420359
payment,PAY_0420120,generates,gl_journal,JE_0420360
payment,PAY_0420121,generates,gl_journal,JE_0420361
payment,PAY_0420122,generates,gl_journal,JE_0420362
payment,PAY_0420123,generates,gl_journal,JE_0420363
payment,PAY_0420124,generates,gl_journal,JE_0420364
payment,PAY_0420125,generates,gl_journal,JE_0420365
payment,PAY_0420126,generates,gl_journal,JE_0420366
payment,PAY_0420127,generates,gl_journal,JE_0420367
payment,PAY_0420128,generates,gl_journal,JE_0420368
payment,PAY_0420129,generates,gl_journal,JE_0420369
payment,PAY_0420130,generates,gl_journal,JE_0420370
payment,PAY_0420131,generates,gl_journal,JE_0420371
payment,PAY_0420132,generates,gl_journal,JE_0420372
payment,PAY_0420133,generates,gl_journal,JE_0420373
payment,PAY_0420134,generates,gl_journal,JE_0420374
payment,PAY_0420135,generates,gl_journal,JE_0420375
payment,PAY_0420136,generates,gl_journal,JE_0420376
payment,PAY_0420137,generates,gl_journal,JE_0420377
payment,PAY_0420138,generates,gl_journal,JE_0420378
payment,PAY_0420139,generates,gl_journal,JE_0420379
payment,PAY_0420140,generates,gl_journal,JE_0420380
payment,PAY_0420141,generates,gl_journal,JE_0420381
payment,PAY_0420142,generates,gl_journal,JE_0420382
payment,PAY_0420143,generates,gl_journal,JE_0420383
payment,PAY_0420144,generates,gl_journal,JE_0420384
payment,PAY_0420145,generates,gl_journal,JE_0420385
payment,PAY_0420146,generates,gl_journal,JE_0420386
payment,PAY_0420147,generates,gl_journal,JE_0420387
payment,PAY_0420148,generates,gl_journal,JE_0420388
payment,PAY_0420149,generates,gl_journal,JE_0420389
payment,PAY_0420150,generates,gl_journal,JE_0420390
payment,PAY_0420151,generates,gl_journal,JE_0420391
payment,PAY_0420152,generates,gl_journal,JE_0420392
payment,PAY_0420153,generates,gl_journal,JE_0420393
payment,PAY_0420154,generates,gl_journal,JE_0420394
payment,PAY_0420155,generates,gl_journal,JE_0420395
payment,PAY_0420156,generates,gl_journal,JE_0420396
payment,PAY_0420157,generates,gl_journal,JE_0420397
payment,PAY_0420158,generates,gl_journal,JE_0420398
payment,PAY_0420159,generates,gl_journal,JE_0420399
payment,PAY_0420160,generates,gl_journal,JE_0420400
payment,PAY_0420161,generates,gl_journal,JE_0420401
payment,PAY_0420162,generates,gl_journal,JE_0420402
payment,PAY_0420163,generates,gl_journal,JE_0420403
payment,PAY_0420164,generates,gl_journal,JE_0420404
payment,PAY_0420165,generates,gl_journal,JE_0420405
payment,PAY_0420166,generates,gl_journal,JE_0420406
payment,PAY_0420167,generates,gl_journal,JE_0420407
payment,PAY_0420168,generates,gl_journal,JE_0420408
payment,PAY_0420169,generates,gl_journal,JE_0420409
payment,PAY_0420170,generates,gl_journal,JE_0420410
payment,PAY_0420171,generates,gl_journal,JE_0420411
payment,PAY_0420172,generates,gl_journal,JE_0420412
payment,PAY_0420173,generates,gl_journal,JE_0420413
payment,PAY_0420174,generates,gl_journal,JE_0420414
payment,PAY_0420175,generates,gl_journal,JE_0420415
payment,PAY_0420176,generates,gl_journal,JE_0420416
payment,PAY_0420177,generates,gl_journal,JE_0420417
payment,PAY_0420178,generates,gl_journal,JE_0420418
payment,PAY_0420179,generates,gl_journal,JE_0420419
payment,PAY_0420180,generates,gl_journal,JE_0420420
payment,PAY_0420001,settles_as,bank_transaction,BT_0420001
payment,PAY_0420002,settles_as,bank_transaction,BT_0420002
payment,PAY_0420003,settles_as,bank_transaction,BT_0420003
payment,PAY_0420004,settles_as,bank_transaction,BT_0420004
payment,PAY_0420005,settles_as,bank_transaction,BT_0420005
payment,PAY_0420006,settles_as,bank_transaction,BT_0420006
payment,PAY_0420007,settles_as,bank_transaction,BT_0420007
payment,PAY_0420008,settles_as,bank_transaction,BT_0420008
payment,PAY_0420009,settles_as,bank_transaction,BT_0420009
payment,PAY_0420010,settles_as,bank_transaction,BT_0420010
payment,PAY_0420011,settles_as,bank_transaction,BT_0420011
payment,PAY_0420012,settles_as,bank_transaction,BT_0420012
payment,PAY_0420013,settles_as,bank_transaction,BT_0420013
payment,PAY_0420014,settles_as,bank_transaction,BT_0420014
payment,PAY_0420015,settles_as,bank_transaction,BT_0420015
payment,PAY_0420016,settles_as,bank_transaction,BT_0420016
payment,PAY_0420017,settles_as,bank_transaction,BT_0420017
payment,PAY_0420018,settles_as,bank_transaction,BT_0420018
payment,PAY_0420019,settles_as,bank_transaction,BT_0420019
payment,PAY_0420020,settles_as,bank_transaction,BT_0420020
payment,PAY_0420021,settles_as,bank_transaction,BT_0420021
payment,PAY_0420022,settles_as,bank_transaction,BT_0420022
payment,PAY_0420023,settles_as,bank_transaction,BT_0420023
payment,PAY_0420024,settles_as,bank_transaction,BT_0420024
payment,PAY_0420025,settles_as,bank_transaction,BT_0420025
payment,PAY_0420026,settles_as,bank_transaction,BT_0420026
payment,PAY_0420027,settles_as,bank_transaction,BT_0420027
payment,PAY_0420028,settles_as,bank_transaction,BT_0420028
payment,PAY_0420029,settles_as,bank_transaction,BT_0420029
payment,PAY_0420030,settles_as,bank_transaction,BT_0420030
payment,PAY_0420031,settles_as,bank_transaction,BT_0420031
payment,PAY_0420032,settles_as,bank_transaction,BT_0420032
payment,PAY_0420033,settles_as,bank_transaction,BT_0420033
payment,PAY_0420034,settles_as,bank_transaction,BT_0420034
payment,PAY_0420035,settles_as,bank_transaction,BT_0420035
payment,PAY_0420036,settles_as,bank_transaction,BT_0420036
payment,PAY_0420037,settles_as,bank_transaction,BT_0420037
payment,PAY_0420038,settles_as,bank_transaction,BT_0420038
payment,PAY_0420039,settles_as,bank_transaction,BT_0420039
payment,PAY_0420040,settles_as,bank_transaction,BT_0420040
payment,PAY_0420041,settles_as,bank_transaction,BT_0420041
payment,PAY_0420042,settles_as,bank_transaction,BT_0420042
payment,PAY_0420043,settles_as,bank_transaction,BT_0420043
payment,PAY_0420044,settles_as,bank_transaction,BT_0420044
payment,PAY_0420045,settles_as,bank_transaction,BT_0420045
payment,PAY_0420046,settles_as,bank_transaction,BT_0420046
payment,PAY_0420047,settles_as,bank_transaction,BT_0420047
payment,PAY_0420048,settles_as,bank_transaction,BT_0420048
payment,PAY_0420049,settles_as,bank_transaction,BT_0420049
payment,PAY_0420050,settles_as,bank_transaction,BT_0420050
payment,PAY_0420051,settles_as,bank_transaction,BT_0420051
payment,PAY_0420052,settles_as,bank_transaction,BT_0420052
payment,PAY_0420053,settles_as,bank_transaction,BT_0420053
payment,PAY_0420054,settles_as,bank_transaction,BT_0420054
payment,PAY_0420055,settles_as,bank_transaction,BT_0420055
payment,PAY_0420056,settles_as,bank_transaction,BT_0420056
payment,PAY_0420057,settles_as,bank_transaction,BT_0420057
payment,PAY_0420058,settles_as,bank_transaction,BT_0420058
payment,PAY_0420059,settles_as,bank_transaction,BT_0420059
payment,PAY_0420060,settles_as,bank_transaction,BT_0420060
payment,PAY_0420061,settles_as,bank_transaction,BT_0420061
payment,PAY_0420062,settles_as,bank_transaction,BT_0420062
payment,PAY_0420063,settles_as,bank_transaction,BT_0420063
payment,PAY_0420064,settles_as,bank_transaction,BT_0420064
payment,PAY_0420065,settles_as,bank_transaction,BT_0420065
payment,PAY_0420066,settles_as,bank_transaction,BT_0420066
payment,PAY_0420067,settles_as,bank_transaction,BT_0420067
payment,PAY_0420068,settles_as,bank_transaction,BT_0420068
payment,PAY_0420069,settles_as,bank_transaction,BT_0420069
payment,PAY_0420070,settles_as,bank_transaction,BT_0420070
payment,PAY_0420071,settles_as,bank_transaction,BT_0420071
payment,PAY_0420072,settles_as,bank_transaction,BT_0420072
payment,PAY_0420073,settles_as,bank_transaction,BT_0420073
payment,PAY_0420074,settles_as,bank_transaction,BT_0420074
payment,PAY_0420075,settles_as,bank_transaction,BT_0420075
payment,PAY_0420076,settles_as,bank_transaction,BT_0420076
payment,PAY_0420077,settles_as,bank_transaction,BT_0420077
payment,PAY_0420078,settles_as,bank_transaction,BT_0420078
payment,PAY_0420079,settles_as,bank_transaction,BT_0420079
payment,PAY_0420080,settles_as,bank_transaction,BT_0420080
payment,PAY_0420081,settles_as,bank_transaction,BT_0420081
payment,PAY_0420082,settles_as,bank_transaction,BT_0420082
payment,PAY_0420083,settles_as,bank_transaction,BT_0420083
payment,PAY_0420084,settles_as,bank_transaction,BT_0420084
payment,PAY_0420085,settles_as,bank_transaction,BT_0420085
payment,PAY_0420086,settles_as,bank_transaction,BT_0420086
payment,PAY_0420087,settles_as,bank_transaction,BT_0420087
payment,PAY_0420088,settles_as,bank_transaction,BT_0420088
payment,PAY_0420089,settles_as,bank_transaction,BT_0420089
payment,PAY_0420090,settles_as,bank_transaction,BT_0420090
payment,PAY_0420091,settles_as,bank_transaction,BT_0420091
payment,PAY_0420092,settles_as,bank_transaction,BT_0420092
payment,PAY_0420093,settles_as,bank_transaction,BT_0420093
payment,PAY_0420094,settles_as,bank_transaction,BT_0420094
payment,PAY_0420095,settles_as,bank_transaction,BT_0420095
payment,PAY_0420096,settles_as,bank_transaction,BT_0420096
payment,PAY_0420097,settles_as,bank_transaction,BT_0420097
payment,PAY_0420098,settles_as,bank_transaction,BT_0420098
payment,PAY_0420099,settles_as,bank_transaction,BT_0420099
payment,PAY_0420100,settles_as,bank_transaction,BT_0420100
payment,PAY_0420101,settles_as,bank_transaction,BT_0420101
payment,PAY_0420102,settles_as,bank_transaction,BT_0420102
payment,PAY_0420103,settles_as,bank_transaction,BT_0420103
payment,PAY_0420104,settles_as,bank_transaction,BT_0420104
payment,PAY_0420105,settles_as,bank_transaction,BT_0420105
payment,PAY_0420106,settles_as,bank_transaction,BT_0420106
payment,PAY_0420107,settles_as,bank_transaction,BT_0420107
payment,PAY_0420108,settles_as,bank_transaction,BT_0420108
payment,PAY_0420109,settles_as,bank_transaction,BT_0420109
payment,PAY_0420110,settles_as,bank_transaction,BT_0420110
payment,PAY_0420111,settles_as,bank_transaction,BT_0420111
payment,PAY_0420112,settles_as,bank_transaction,BT_0420112
payment,PAY_0420113,settles_as,bank_transaction,BT_0420113
payment,PAY_0420114,settles_as,bank_transaction,BT_0420114
payment,PAY_0420115,settles_as,bank_transaction,BT_0420115
payment,PAY_0420116,settles_as,bank_transaction,BT_0420116
payment,PAY_0420117,settles_as,bank_transaction,BT_0420117
payment,PAY_0420118,settles_as,bank_transaction,BT_0420118
payment,PAY_0420119,settles_as,bank_transaction,BT_0420119
payment,PAY_0420120,settles_as,bank_transaction,BT_0420120
payment,PAY_0420121,settles_as,bank_transaction,BT_0420121
payment,PAY_0420122,settles_as,bank_transaction,BT_0420122
payment,PAY_0420123,settles_as,bank_transaction,BT_0420123
payment,PAY_0420124,settles_as,bank_transaction,BT_0420124
payment,PAY_0420125,settles_as,bank_transaction,BT_0420125
payment,PAY_0420126,settles_as,bank_transaction,BT_0420126
payment,PAY_0420127,settles_as,bank_transaction,BT_0420127
payment,PAY_0420128,settles_as,bank_transaction,BT_0420128
payment,PAY_0420129,settles_as,bank_transaction,BT_0420129
payment,PAY_0420130,settles_as,bank_transaction,BT_0420130
payment,PAY_0420131,settles_as,bank_transaction,BT_0420131
payment,PAY_0420132,settles_as,bank_transaction,BT_0420132
payment,PAY_0420133,settles_as,bank_transaction,BT_0420133
payment,PAY_0420134,settles_as,bank_transaction,BT_0420134
payment,PAY_0420135,settles_as,bank_transaction,BT_0420135
payment,PAY_0420136,settles_as,bank_transaction,BT_0420136
payment,PAY_0420137,settles_as,bank_transaction,BT_0420137
payment,PAY_0420138,settles_as,bank_transaction,BT_0420138
payment,PAY_0420139,settles_as,bank_transaction,BT_0420139
payment,PAY_0420140,settles_as,bank_transaction,BT_0420140
payment,PAY_0420141,settles_as,bank_transaction,BT_0420141
payment,PAY_0420142,settles_as,bank_transaction,BT_0420142
payment,PAY_0420143,settles_as,bank_transaction,BT_0420143
payment,PAY_0420144,settles_as,bank_transaction,BT_0420144
payment,PAY_0420145,settles_as,bank_transaction,BT_0420145
payment,PAY_0420146,settles_as,bank_transaction,BT_0420146
payment,PAY_0420147,settles_as,bank_transaction,BT_0420147
payment,PAY_0420148,settles_as,bank_transaction,BT_0420148
payment,PAY_0420149,settles_as,bank_transaction,BT_0420149
payment,PAY_0420150,settles_as,bank_transaction,BT_0420150
payment,PAY_0420151,settles_as,bank_transaction,BT_0420151
payment,PAY_0420152,settles_as,bank_transaction,BT_0420152
payment,PAY_0420153,settles_as,bank_transaction,BT_0420153
payment,PAY_0420154,settles_as,bank_transaction,BT_0420154
payment,PAY_0420155,settles_as,bank_transaction,BT_0420155
payment,PAY_0420156,settles_as,bank_transaction,BT_0420156
payment,PAY_0420157,settles_as,bank_transaction,BT_0420157
payment,PAY_0420158,settles_as,bank_transaction,BT_0420158
payment,PAY_0420159,settles_as,bank_transaction,BT_0420159
payment,PAY_0420160,settles_as,bank_transaction,BT_0420160
payment,PAY_0420161,settles_as,bank_transaction,BT_0420161
payment,PAY_0420162,settles_as,bank_transaction,BT_0420162
payment,PAY_0420163,settles_as,bank_transaction,BT_0420163
payment,PAY_0420164,settles_as,bank_transaction,BT_0420164
payment,PAY_0420165,settles_as,bank_transaction,BT_0420165
payment,PAY_0420166,settles_as,bank_transaction,BT_0420166
payment,PAY_0420167,settles_as,bank_transaction,BT_0420167
payment,PAY_0420168,settles_as,bank_transaction,BT_0420168
payment,PAY_0420169,settles_as,bank_transaction,BT_0420169
payment,PAY_0420170,settles_as,bank_transaction,BT_0420170
payment,PAY_0420171,settles_as,bank_transaction,BT_0420171
payment,PAY_0420172,settles_as,bank_transaction,BT_0420172
payment,PAY_0420173,settles_as,bank_transaction,BT_0420173
payment,PAY_0420174,settles_as,bank_transaction,BT_0420174
payment,PAY_0420175,settles_as,bank_transaction,BT_0420175
payment,PAY_0420176,settles_as,bank_transaction,BT_0420176
payment,PAY_0420177,settles_as,bank_transaction,BT_0420177
payment,PAY_0420178,settles_as,bank_transaction,BT_0420178
payment,PAY_0420179,settles_as,bank_transaction,BT_0420179
payment,PAY_0420180,settles_as,bank_transaction,BT_0420180
invoice,INV_0420241,duplicates_economic_obligation,invoice,INV_0420155
invoice,INV_0420242,duplicates_economic_obligation,invoice,INV_0420117
audit_event,EVT_0420824,records,invoice,INV_0420131
audit_event,EVT_0420825,records,invoice,INV_0420143
payment,PAY_0420181,generates,gl_journal,JE_0420421
payment,PAY_0420181,settles_as,bank_transaction,BT_0420181
audit_event,EVT_0420826,records,payment,PAY_0420181
payment,PAY_0420182,generates,gl_journal,JE_0420422
payment,PAY_0420182,settles_as,bank_transaction,BT_0420182
audit_event,EVT_0420827,records,payment,PAY_0420182
payment,PAY_0420183,generates,gl_journal,JE_0420423
payment,PAY_0420183,settles_as,bank_transaction,BT_0420183
payment,PAY_0420183,settles,invoice,INV_0420192
payment,PAY_0420184,generates,gl_journal,JE_0420424
payment,PAY_0420184,settles_as,bank_transaction,BT_0420184
payment,PAY_0420184,settles,invoice,INV_0420208
audit_event,EVT_0420828,records,payment,PAY_0420030
audit_event,EVT_0420829,records,payment,PAY_0420006
audit_event,EVT_0420830,records,gl_journal,JE_0420257
audit_event,EVT_0420831,records,gl_journal,JE_0420412
audit_event,EVT_0420832,records,payment,PAY_0420094
vendor_change,CHG_0420004,affects,payment,PAY_0420094
audit_event,EVT_0420833,records,payment,PAY_0420143
vendor_change,CHG_0420005,affects,payment,PAY_0420143
audit_event,EVT_0420834,records,payment,PAY_0420022
audit_event,EVT_0420835,records,payment,PAY_0420179
audit_event,EVT_0420836,records,bank_transaction,BT_0420185
audit_event,EVT_0420837,records,bank_transaction,BT_0420186
audit_event,EVT_0420838,records,payment,PAY_0420092
audit_event,EVT_0420839,records,payment,PAY_0420144
audit_event,EVT_0420840,records,bank_transaction,BT_0420059
audit_event,EVT_0420841,records,bank_transaction,BT_0420027
invoice,INV_0420243,credits,invoice,INV_0420054
audit_event,EVT_0420842,records,invoice,INV_0420076
audit_event,EVT_0420843,records,bank_transaction,BT_0420171
vendor_change,CHG_0420006,governs,invoice,INV_0420114
