case_id,primary_entity_type,invoice_currency,invoice_status,invoice_payment_terms,invoice_department,invoice_gl_account,po_currency,po_status,po_department,po_gl_account,vendor_type,vendor_country,vendor_currency,vendor_payment_terms,vendor_default_payment_method,vendor_status,payment_method,payment_currency,payment_status,settlement_status,bank_transaction_type,bank_currency,bank_direction,bank_status,final_approval_role,final_approval_action,gl_primary_transaction_type,invoice_total,invoice_subtotal,invoice_tax,invoice_shipping,invoice_age_calendar_days,invoice_due_lag_days,invoice_received_delay_days,invoice_line_count,invoice_line_quantity_sum,invoice_line_amount_sum,invoice_line_unit_price_mean,po_total,po_subtotal,po_tax,po_shipping,po_age_calendar_days,po_line_count,po_line_quantity_sum,po_line_amount_sum,payment_amount,payment_age_calendar_days,allocation_count,allocated_amount_sum,linked_invoice_count,linked_invoice_total_sum,linked_payment_count,bank_amount,bank_age_calendar_days,bank_reference_match_count,gl_line_count,gl_journal_count,gl_total_debit,gl_total_credit,gl_ap_debit,gl_cash_credit,approval_event_count,approval_effective_count,approval_max_level,approval_distinct_role_count,approval_missing_employee_actor_count,vendor_change_count,vendor_change_before_payment_count,vendor_name_length,vendor_name_token_count,duplicate_same_vendor_count,duplicate_exact_reference_count,duplicate_best_reference_similarity,duplicate_min_date_gap_days,duplicate_min_amount_gap,bank_fee_debit_total,fx_journal_count,fx_event_count,payment_reference_use_count,bank_economic_candidate_count,invoice_po_total_abs_diff,invoice_po_total_rel_diff,invoice_po_tax_abs_diff,invoice_po_shipping_abs_diff,invoice_po_line_amount_abs_diff,invoice_po_line_quantity_abs_diff,payment_allocated_abs_diff,payment_allocated_rel_diff,invoice_paid_abs_diff,invoice_paid_rel_diff,payment_bank_abs_diff,payment_bank_rel_diff,gl_balance_abs_diff,payment_ap_debit_abs_diff,payment_cash_credit_abs_diff,bank_fee_adjusted_abs_diff,days_po_to_invoice,days_invoice_to_payment,days_payment_to_bank,minutes_final_approval_to_payment,invoice_has_po,po_found,invoice_po_vendor_match,invoice_po_currency_match,all_invoice_lines_po_linked,any_invoice_line_missing_po_target,invoice_po_quantities_all_equal,payment_has_allocations,allocations_all_invoices_found,payment_invoice_currency_all_match,payment_invoice_vendor_all_match,payment_reference_present,payment_reference_unique,bank_reference_match_found,bank_reference_match_unique,payment_bank_currency_match,payment_bank_token_match,gl_source_found,gl_currency_all_match,gl_period_all_match_payment_month,vendor_current_token_match,vendor_bank_history_present,final_approver_employee_found,final_approver_active,final_approver_role_match,invoice_reference_present,missing_invoice,missing_po,missing_vendor,missing_payment,missing_bank_transaction,missing_gl,missing_approval,missing_employee,missing_reference,missing_currency,missing_amount,missing_invoice_lines,missing_po_lines,missing_allocations,missing_vendor_change_history,scope_invoice_count,scope_payment_count,scope_bank_count,scope_distinct_invoice_vendor_count,scope_distinct_payment_vendor_count
RCA_000005,INVOICE,USD,RECEIVED,NET45,LEGAL,670100-LEGAL,__MISSING__,__MISSING__,__MISSING__,__MISSING__,SOFTWARE,US,USD,NET45,ACH,ACTIVE,__MISSING__,__MISSING__,__MISSING__,__MISSING__,__MISSING__,__MISSING__,__MISSING__,__MISSING__,__MISSING__,__MISSING__,__MISSING__,4117.6899999999996,3830.4099999999999,287.27999999999997,0,369,45,0,1,1,3830.4099999999999,3830.4099999999999,,,,,,0,0,0,,,0,0,0,0,0,,,0,0,0,0,0,0,0,0,0,,0,0,1,0,30,4,350,1,1,0,0,0,0,0,0,0,,,,,,,,,4117.6899999999996,1,,,0,,,,,,,,0,-1,-1,-1,1,0,-1,-1,-1,-1,-1,-1,-1,-1,-1,-1,-1,-1,-1,-1,-1,1,-1,-1,-1,1,0,0,0,1,1,1,1,0,0,0,0,0,0,1,0,1,0,0,1,0
RCA_000008,INVOICE,USD,RECEIVED,NET45,IT,680100-IT,USD,ISSUED,IT,680100-IT,SOFTWARE,US,USD,NET45,ACH,ACTIVE,__MISSING__,__MISSING__,__MISSING__,__MISSING__,__MISSING__,__MISSING__,__MISSING__,__MISSING__,__MISSING__,__MISSING__,__MISSING__,2914.5999999999999,2775.8099999999999,138.78999999999999,0,249,45,5,2,31,2775.8099999999999,87.960000000000008,2914.5999999999999,2775.8099999999999,138.78999999999999,0,275,2,31,2775.8099999999999,,,0,0,0,0,0,,,0,0,0,0,0,0,0,0,0,,0,0,0,0,29,4,19,1,1,0,0,0,0,0,0,0,0,0,0,0,0,0,,,2914.5999999999999,1,,,0,,,,26,,,,1,1,1,1,1,0,1,-1,-1,-1,-1,-1,-1,-1,-1,-1,-1,-1,-1,-1,-1,0,-1,-1,-1,1,0,0,0,1,1,1,1,0,0,0,0,0,0,1,1,1,0,0,1,0
RCA_000009,INVOICE,USD,RECEIVED,DUE_ON_RECEIPT,PEOPLE,660100-PEOPLE,USD,ISSUED,PEOPLE,660100-PEOPLE,SOFTWARE,US,USD,DUE_ON_RECEIPT,ACH,ACTIVE,__MISSING__,__MISSING__,__MISSING__,__MISSING__,__MISSING__,__MISSING__,__MISSING__,__MISSING__,__MISSING__,__MISSING__,__MISSING__,2215.2800000000002,2060.73,154.55000000000001,0,480,0,5,2,18,2060.73,167.435,2215.2800000000002,2060.73,154.55000000000001,0,494,2,18,2060.73,,,0,0,0,0,0,,,0,0,0,0,0,0,0,0,0,,0,0,2,0,32,4,51,1,1,0,0,0,0,0,0,0,0,0,0,0,0,0,,,2215.2800000000002,1,,,0,,,,14,,,,1,1,1,1,1,0,1,-1,-1,-1,-1,-1,-1,-1,-1,-1,-1,-1,-1,-1,-1,1,-1,-1,-1,1,0,0,0,1,1,1,1,0,0,0,0,0,0,1,0,1,0,0,1,0
RCA_000010,INVOICE,USD,RECEIVED,NET30,PEOPLE,660100-PEOPLE,__MISSING__,__MISSING__,__MISSING__,__MISSING__,SOFTWARE,US,USD,NET30,ACH,ACTIVE,__MISSING__,__MISSING__,__MISSING__,__MISSING__,__MISSING__,__MISSING__,__MISSING__,__MISSING__,__MISSING__,__MISSING__,__MISSING__,403.33999999999997,375.19999999999999,28.140000000000001,0,167,30,1,1,8,375.19999999999999,46.899999999999999,,,,,,0,0,0,,,0,0,0,0,0,,,0,0,0,0,0,0,0,0,0,,0,0,0,0,30,4,42,1,1,0,0,0,0,0,0,0,,,,,,,,,403.33999999999997,1,,,0,,,,,,,,0,-1,-1,-1,1,0,-1,-1,-1,-1,-1,-1,-1,-1,-1,-1,-1,-1,-1,-1,-1,0,-1,-1,-1,1,0,0,0,1,1,1,1,0,0,0,0,0,0,1,1,1,0,0,1,0
RCA_000011,INVOICE,USD,RECEIVED,DUE_ON_RECEIPT,OPERATIONS,620100-OPERATIONS,USD,ISSUED,OPERATIONS,620100-OPERATIONS,SERVICES,US,USD,DUE_ON_RECEIPT,ACH,ACTIVE,__MISSING__,__MISSING__,__MISSING__,__MISSING__,__MISSING__,__MISSING__,__MISSING__,__MISSING__,__MISSING__,__MISSING__,__MISSING__,8868.6700000000001,8249.9300000000003,618.74000000000001,0,368,0,5,3,30,8249.9300000000003,334.70333333333332,8868.6700000000001,8249.9300000000003,618.74000000000001,0,383,3,30,8249.9300000000003,,,0,0,0,0,0,,,0,0,0,0,0,0,0,0,0,,0,0,0,0,31,4,6,1,1,0,0,0,0,0,0,0,0,0,0,0,0,0,,,8868.6700000000001,1,,,0,,,,15,,,,1,1,1,1,1,0,1,-1,-1,-1,-1,-1,-1,-1,-1,-1,-1,-1,-1,-1,-1,0,-1,-1,-1,1,0,0,0,1,1,1,1,0,0,0,0,0,0,1,1,1,0,0,1,0
RCA_000015,INVOICE,USD,RECEIVED,NET45,SALES,640100-SALES,USD,ISSUED,SALES,640100-SALES,SUPPLIER,US,USD,NET45,ACH,ACTIVE,__MISSING__,__MISSING__,__MISSING__,__MISSING__,__MISSING__,__MISSING__,__MISSING__,__MISSING__,__MISSING__,__MISSING__,__MISSING__,4014.27,3649.3400000000001,364.93000000000001,0,275,45,0,2,19,3649.3400000000001,319.14999999999998,4014.27,3649.3400000000001,364.93000000000001,0,275,2,19,3649.3400000000001,,,0,0,0,0,0,,,0,0,0,0,0,0,0,0,0,,0,0,0,0,33,4,7,1,1,0,0,0,0,0,0,0,0,0,0,0,0,0,,,4014.27,1,,,0,,,,0,,,,1,1,1,1,1,0,1,-1,-1,-1,-1,-1,-1,-1,-1,-1,-1,-1,-1,-1,-1,0,-1,-1,-1,1,0,0,0,1,1,1,1,0,0,0,0,0,0,1,1,1,0,0,1,0
RCA_000016,INVOICE,USD,RECEIVED,NET30,OPERATIONS,620100-OPERATIONS,USD,ISSUED,OPERATIONS,620100-OPERATIONS,SUPPLIER,US,USD,NET30,ACH,ACTIVE,__MISSING__,__MISSING__,__MISSING__,__MISSING__,__MISSING__,__MISSING__,__MISSING__,__MISSING__,__MISSING__,__MISSING__,__MISSING__,4894.7399999999998,4437.8999999999996,443.79000000000002,13.050000000000001,400,30,1,1,9,4437.8999999999996,493.10000000000002,4894.7399999999998,4437.8999999999996,443.79000000000002,13.050000000000001,416,1,9,4437.8999999999996,,,0,0,0,0,0,,,0,0,0,0,0,0,0,0,0,,0,0,0,0,35,4,14,1,1,0,0,0,0,0,0,0,0,0,0,0,0,0,,,4894.7399999999998,1,,,0,,,,16,,,,1,1,1,1,1,0,1,-1,-1,-1,-1,-1,-1,-1,-1,-1,-1,-1,-1,-1,-1,0,-1,-1,-1,1,0,0,0,1,1,1,1,0,0,0,0,0,0,1,1,1,0,0,1,0
RCA_000022,INVOICE,USD,RECEIVED,NET30,LEGAL,670100-LEGAL,USD,ISSUED,LEGAL,670100-LEGAL,SERVICES,US,USD,NET30,ACH,ACTIVE,__MISSING__,__MISSING__,__MISSING__,__MISSING__,__MISSING__,__MISSING__,__MISSING__,__MISSING__,__MISSING__,__MISSING__,__MISSING__,9812.9699999999993,9119.0799999999999,683.92999999999995,9.9600000000000009,488,30,5,3,23,9119.0799999999999,612,9812.9699999999993,9119.0799999999999,683.92999999999995,9.9600000000000009,516,3,23,9119.0799999999999,,,0,0,0,0,0,,,0,0,0,0,0,0,0,0,0,,0,0,1,0,30,4,48,1,1,0,0,0,0,0,0,0,0,0,0,0,0,0,,,9812.9699999999993,1,,,0,,,,28,,,,1,1,1,1,1,0,1,-1,-1,-1,-1,-1,-1,-1,-1,-1,-1,-1,-1,-1,-1,1,-1,-1,-1,1,0,0,0,1,1,1,1,0,0,0,0,0,0,1,0,1,0,0,1,0
RCA_000023,INVOICE,EUR,RECEIVED,NET30,ENGINEERING,610100-ENGINEERING,EUR,ISSUED,ENGINEERING,610100-ENGINEERING,PROFESSIONAL,DE,EUR,NET30,ACH,ACTIVE,__MISSING__,__MISSING__,__MISSING__,__MISSING__,__MISSING__,__MISSING__,__MISSING__,__MISSING__,__MISSING__,__MISSING__,__MISSING__,9186.5799999999999,8545.6599999999999,640.91999999999996,0,313,30,4,3,35,8545.6599999999999,959.37,9186.5799999999999,8545.6599999999999,640.91999999999996,0,335,3,35,8545.6599999999999,,,0,0,0,0,0,,,0,0,0,0,0,0,0,0,0,,0,0,0,0,31,4,46,1,1,0,0,0,0,0,0,0,0,0,0,0,0,0,,,9186.5799999999999,1,,,0,,,,22,,,,1,1,1,1,1,0,1,-1,-1,-1,-1,-1,-1,-1,-1,-1,-1,-1,-1,-1,-1,0,-1,-1,-1,1,0,0,0,1,1,1,1,0,0,0,0,0,0,1,1,1,0,0,1,0
RCA_000025,INVOICE,GBP,RECEIVED,NET60,LEGAL,670100-LEGAL,GBP,ISSUED,LEGAL,670100-LEGAL,SOFTWARE,GB,GBP,NET60,WIRE,ACTIVE,__MISSING__,__MISSING__,__MISSING__,__MISSING__,__MISSING__,__MISSING__,__MISSING__,__MISSING__,__MISSING__,__MISSING__,__MISSING__,7902.0200000000004,7183.6499999999996,718.37,0,474,60,3,4,49,7183.6499999999996,210.5675,7902.0200000000004,7183.6499999999996,718.37,0,499,4,49,7183.6499999999996,,,0,0,0,0,0,,,0,0,0,0,0,0,0,0,0,,0,0,0,0,30,4,9,1,1,0,0,0,0,0,0,0,0,0,0,0,0,0,,,7902.0200000000004,1,,,0,,,,25,,,,1,1,1,1,1,0,1,-1,-1,-1,-1,-1,-1,-1,-1,-1,-1,-1,-1,-1,-1,0,-1,-1,-1,1,0,0,0,1,1,1,1,0,0,0,0,0,0,1,1,1,0,0,1,0
RCA_000026,INVOICE,USD,RECEIVED,NET45,IT,680100-IT,USD,ISSUED,IT,680100-IT,SERVICES,US,USD,NET45,ACH,ACTIVE,__MISSING__,__MISSING__,__MISSING__,__MISSING__,__MISSING__,__MISSING__,__MISSING__,__MISSING__,__MISSING__,__MISSING__,__MISSING__,6674.9899999999998,6674.9899999999998,0,0,308,45,4,4,63,6674.9899999999998,111.82250000000001,6674.9899999999998,6674.9899999999998,0,0,321,4,63,6674.9899999999998,,,0,0,0,0,0,,,0,0,0,0,0,0,0,0,0,,0,0,0,0,30,4,4,1,1,0,0,0,0,0,0,0,0,0,0,0,0,0,,,6674.9899999999998,1,,,0,,,,13,,,,1,1,1,1,1,0,1,-1,-1,-1,-1,-1,-1,-1,-1,-1,-1,-1,-1,-1,-1,0,-1,-1,-1,1,0,0,0,1,1,1,1,0,0,0,0,0,0,1,1,1,0,0,1,0
RCA_000028,INVOICE,USD,RECEIVED,NET45,SALES,640100-SALES,__MISSING__,__MISSING__,__MISSING__,__MISSING__,SERVICES,US,USD,NET45,ACH,ACTIVE,__MISSING__,__MISSING__,__MISSING__,__MISSING__,__MISSING__,__MISSING__,__MISSING__,__MISSING__,__MISSING__,__MISSING__,__MISSING__,4524.0200000000004,4208.3900000000003,315.63,0,51,45,2,2,8,4208.3900000000003,540.14499999999998,,,,,,0,0,0,,,0,0,0,0,0,,,0,0,0,0,0,0,0,0,0,,0,0,2,0,30,4,135,1,1,0,0,0,0,0,0,0,,,,,,,,,4524.0200000000004,1,,,0,,,,,,,,0,-1,-1,-1,1,0,-1,-1,-1,-1,-1,-1,-1,-1,-1,-1,-1,-1,-1,-1,-1,1,-1,-1,-1,1,0,0,0,1,1,1,1,0,0,0,0,0,0,1,0,1,0,0,1,0
RCA_000029,INVOICE,USD,RECEIVED,NET45,LEGAL,670100-LEGAL,__MISSING__,__MISSING__,__MISSING__,__MISSING__,SERVICES,US,USD,NET45,ACH,ACTIVE,__MISSING__,__MISSING__,__MISSING__,__MISSING__,__MISSING__,__MISSING__,__MISSING__,__MISSING__,__MISSING__,__MISSING__,__MISSING__,10868.940000000001,9880.8500000000004,988.09000000000003,0,34,45,4,4,29,9880.8500000000004,347.30000000000001,,,,,,0,0,0,,,0,0,0,0,0,,,0,0,0,0,0,0,0,0,0,,0,0,2,0,30,4,135,1,1,0,0,0,0,0,0,0,,,,,,,,,10868.940000000001,1,,,0,,,,,,,,0,-1,-1,-1,1,0,-1,-1,-1,-1,-1,-1,-1,-1,-1,-1,-1,-1,-1,-1,-1,1,-1,-1,-1,1,0,0,0,1,1,1,1,0,0,0,0,0,0,1,0,1,0,0,1,0
RCA_000031,INVOICE,GBP,RECEIVED,NET30,SALES,640100-SALES,__MISSING__,__MISSING__,__MISSING__,__MISSING__,SOFTWARE,GB,GBP,NET30,ACH,ACTIVE,__MISSING__,__MISSING__,__MISSING__,__MISSING__,__MISSING__,__MISSING__,__MISSING__,__MISSING__,__MISSING__,__MISSING__,__MISSING__,19915.360000000001,19915.360000000001,0,0,513,30,1,2,6,19915.360000000001,3670.5099999999998,,,,,,0,0,0,,,0,0,0,0,0,,,0,0,0,0,0,0,0,0,0,,0,0,0,0,29,4,18,1,1,0,0,0,0,0,0,0,,,,,,,,,19915.360000000001,1,,,0,,,,,,,,0,-1,-1,-1,1,0,-1,-1,-1,-1,-1,-1,-1,-1,-1,-1,-1,-1,-1,-1,-1,0,-1,-1,-1,1,0,0,0,1,1,1,1,0,0,0,0,0,0,1,1,1,0,0,1,0
RCA_000032,INVOICE,USD,RECEIVED,NET15,IT,680100-IT,__MISSING__,__MISSING__,__MISSING__,__MISSING__,SOFTWARE,US,USD,NET15,ACH,ACTIVE,__MISSING__,__MISSING__,__MISSING__,__MISSING__,__MISSING__,__MISSING__,__MISSING__,__MISSING__,__MISSING__,__MISSING__,__MISSING__,3625.6799999999998,3625.6799999999998,0,0,366,15,0,1,6,3625.6799999999998,604.27999999999997,,,,,,0,0,0,,,0,0,0,0,0,,,0,0,0,0,0,0,0,0,0,,0,0,2,0,27,4,300,1,1,0,0,0,0,0,0,0,,,,,,,,,3625.6799999999998,1,,,0,,,,,,,,0,-1,-1,-1,1,0,-1,-1,-1,-1,-1,-1,-1,-1,-1,-1,-1,-1,-1,-1,-1,1,-1,-1,-1,1,0,0,0,1,1,1,1,0,0,0,0,0,0,1,0,1,0,0,1,0
RCA_000033,INVOICE,USD,RECEIVED,DUE_ON_RECEIPT,FINANCE,630100-FINANCE,USD,ISSUED,FINANCE,630100-FINANCE,SUPPLIER,US,USD,DUE_ON_RECEIPT,WIRE,ACTIVE,__MISSING__,__MISSING__,__MISSING__,__MISSING__,__MISSING__,__MISSING__,__MISSING__,__MISSING__,__MISSING__,__MISSING__,__MISSING__,7355.1599999999999,7355.1599999999999,0,0,366,0,2,2,38,7355.1599999999999,226.13999999999999,7355.1599999999999,7355.1599999999999,0,0,370,2,38,7355.1599999999999,,,0,0,0,0,0,,,0,0,0,0,0,0,0,0,0,,0,0,0,0,30,4,3,1,1,0,0,0,0,0,0,0,0,0,0,0,0,0,,,7355.1599999999999,1,,,0,,,,4,,,,1,1,1,1,1,0,1,-1,-1,-1,-1,-1,-1,-1,-1,-1,-1,-1,-1,-1,-1,0,-1,-1,-1,1,0,0,0,1,1,1,1,0,0,0,0,0,0,1,1,1,0,0,1,0
RCA_000034,INVOICE,EUR,RECEIVED,NET15,LEGAL,670100-LEGAL,__MISSING__,__MISSING__,__MISSING__,__MISSING__,SUPPLIER,DE,EUR,NET15,WIRE,ACTIVE,__MISSING__,__MISSING__,__MISSING__,__MISSING__,__MISSING__,__MISSING__,__MISSING__,__MISSING__,__MISSING__,__MISSING__,__MISSING__,6410.5500000000002,5963.3000000000002,447.25,0,39,15,5,2,15,5963.3000000000002,468.22500000000002,,,,,,0,0,0,,,0,0,0,0,0,,,0,0,0,0,0,0,0,0,0,,0,0,1,0,35,4,32,1,1,0,0,0,0,0,0,0,,,,,,,,,6410.5500000000002,1,,,0,,,,,,,,0,-1,-1,-1,1,0,-1,-1,-1,-1,-1,-1,-1,-1,-1,-1,-1,-1,-1,-1,-1,1,-1,-1,-1,1,0,0,0,1,1,1,1,0,0,0,0,0,0,1,0,1,0,0,1,0
RCA_000038,INVOICE,USD,RECEIVED,NET45,ENGINEERING,610100-ENGINEERING,__MISSING__,__MISSING__,__MISSING__,__MISSING__,SERVICES,US,USD,NET45,ACH,ACTIVE,__MISSING__,__MISSING__,__MISSING__,__MISSING__,__MISSING__,__MISSING__,__MISSING__,__MISSING__,__MISSING__,__MISSING__,__MISSING__,18166.799999999999,18166.799999999999,0,0,201,45,2,1,8,18166.799999999999,2270.8499999999999,,,,,,0,0,0,,,0,0,0,0,0,,,0,0,0,0,0,0,0,0,0,,0,0,2,0,30,4,135,1,1,0,0,0,0,0,0,0,,,,,,,,,18166.799999999999,1,,,0,,,,,,,,0,-1,-1,-1,1,0,-1,-1,-1,-1,-1,-1,-1,-1,-1,-1,-1,-1,-1,-1,-1,1,-1,-1,-1,1,0,0,0,1,1,1,1,0,0,0,0,0,0,1,0,1,0,0,1,0
RCA_000041,INVOICE,USD,RECEIVED,NET45,PEOPLE,660100-PEOPLE,USD,ISSUED,PEOPLE,660100-PEOPLE,SOFTWARE,US,USD,NET45,ACH,ACTIVE,__MISSING__,__MISSING__,__MISSING__,__MISSING__,__MISSING__,__MISSING__,__MISSING__,__MISSING__,__MISSING__,__MISSING__,__MISSING__,716.84000000000003,703.17999999999995,0,13.66,289,45,2,3,38,703.17999999999995,34.686666666666667,716.84000000000003,703.17999999999995,0,13.66,309,3,38,703.17999999999995,,,0,0,0,0,0,,,0,0,0,0,0,0,0,0,0,,0,0,0,0,28,4,22,1,1,0,0,0,0,0,0,0,0,0,0,0,0,0,,,716.84000000000003,1,,,0,,,,20,,,,1,1,1,1,1,0,1,-1,-1,-1,-1,-1,-1,-1,-1,-1,-1,-1,-1,-1,-1,0,-1,-1,-1,1,0,0,0,1,1,1,1,0,0,0,0,0,0,1,1,1,0,0,1,0
RCA_000043,INVOICE,USD,RECEIVED,NET15,OPERATIONS,620100-OPERATIONS,__MISSING__,__MISSING__,__MISSING__,__MISSING__,PROFESSIONAL,US,USD,NET15,ACH,ACTIVE,__MISSING__,__MISSING__,__MISSING__,__MISSING__,__MISSING__,__MISSING__,__MISSING__,__MISSING__,__MISSING__,__MISSING__,__MISSING__,5320.3299999999999,4836.6599999999999,483.67000000000002,0,145,15,1,4,41,4836.6599999999999,139.63499999999999,,,,,,0,0,0,,,0,0,0,0,0,,,0,0,0,0,0,0,0,0,0,,0,0,1,0,25,4,12,1,1,0,0,0,0,0,0,0,,,,,,,,,5320.3299999999999,1,,,0,,,,,,,,0,-1,-1,-1,1,0,-1,-1,-1,-1,-1,-1,-1,-1,-1,-1,-1,-1,-1,-1,-1,1,-1,-1,-1,1,0,0,0,1,1,1,1,0,0,0,0,0,0,1,0,1,0,0,1,0
RCA_000044,INVOICE,EUR,RECEIVED,NET30,ENGINEERING,610100-ENGINEERING,EUR,ISSUED,ENGINEERING,610100-ENGINEERING,LOGISTICS,DE,EUR,NET30,ACH,ACTIVE,__MISSING__,__MISSING__,__MISSING__,__MISSING__,__MISSING__,__MISSING__,__MISSING__,__MISSING__,__MISSING__,__MISSING__,__MISSING__,8439.5100000000002,7836.8500000000004,587.75999999999999,14.9,220,30,2,2,43,7836.8500000000004,185.845,8439.5100000000002,7836.8500000000004,587.75999999999999,14.9,221,2,43,7836.8500000000004,,,0,0,0,0,0,,,0,0,0,0,0,0,0,0,0,,0,0,0,0,29,4,14,1,1,0,0,0,0,0,0,0,0,0,0,0,0,0,,,8439.5100000000002,1,,,0,,,,1,,,,1,1,1,1,1,0,1,-1,-1,-1,-1,-1,-1,-1,-1,-1,-1,-1,-1,-1,-1,0,-1,-1,-1,1,0,0,0,1,1,1,1,0,0,0,0,0,0,1,1,1,0,0,1,0
RCA_000045,INVOICE,USD,RECEIVED,NET15,OPERATIONS,620100-OPERATIONS,USD,ISSUED,OPERATIONS,620100-OPERATIONS,SOFTWARE,US,USD,NET15,ACH,ACTIVE,__MISSING__,__MISSING__,__MISSING__,__MISSING__,__MISSING__,__MISSING__,__MISSING__,__MISSING__,__MISSING__,__MISSING__,__MISSING__,4193.6499999999996,3812.4099999999999,381.24000000000001,0,248,15,0,2,2,3812.4099999999999,1906.2049999999999,4193.6499999999996,3812.4099999999999,381.24000000000001,0,258,2,2,3812.4099999999999,,,0,0,0,0,0,,,0,0,0,0,0,0,0,0,0,,0,0,2,0,27,4,300,1,1,0,0,0,0,0,0,0,0,0,0,0,0,0,,,4193.6499999999996,1,,,0,,,,10,,,,1,1,1,1,1,0,1,-1,-1,-1,-1,-1,-1,-1,-1,-1,-1,-1,-1,-1,-1,1,-1,-1,-1,1,0,0,0,1,1,1,1,0,0,0,0,0,0,1,0,1,0,0,1,0
RCA_000047,INVOICE,USD,RECEIVED,NET15,FINANCE,630100-FINANCE,USD,ISSUED,FINANCE,630100-FINANCE,SOFTWARE,US,USD,NET15,CHECK,ACTIVE,__MISSING__,__MISSING__,__MISSING__,__MISSING__,__MISSING__,__MISSING__,__MISSING__,__MISSING__,__MISSING__,__MISSING__,__MISSING__,1621.4100000000001,1508.29,113.12,0,84,15,1,2,26,1508.29,150.41500000000002,1621.4100000000001,1508.29,113.12,0,114,2,26,1508.29,,,0,0,0,0,0,,,0,0,0,0,0,0,0,0,0,,0,0,1,0,28,4,150,1,1,0,0,0,0,0,0,0,0,0,0,0,0,0,,,1621.4100000000001,1,,,0,,,,30,,,,1,1,1,1,1,0,1,-1,-1,-1,-1,-1,-1,-1,-1,-1,-1,-1,-1,-1,-1,1,-1,-1,-1,1,0,0,0,1,1,1,1,0,0,0,0,0,0,1,0,1,0,0,1,0
RCA_000049,INVOICE,GBP,RECEIVED,NET30,MARKETING,650100-MARKETING,GBP,ISSUED,MARKETING,650100-MARKETING,SOFTWARE,GB,GBP,NET30,WIRE,ACTIVE,__MISSING__,__MISSING__,__MISSING__,__MISSING__,__MISSING__,__MISSING__,__MISSING__,__MISSING__,__MISSING__,__MISSING__,__MISSING__,2927.0799999999999,2649.54,264.94999999999999,12.59,156,30,3,3,58,2649.54,39.31666666666667,2927.0799999999999,2649.54,264.94999999999999,12.59,171,3,58,2649.54,,,0,0,0,0,0,,,0,0,0,0,0,0,0,0,0,,0,0,1,0,26,4,35,1,1,0,0,0,0,0,0,0,0,0,0,0,0,0,,,2927.0799999999999,1,,,0,,,,15,,,,1,1,1,1,1,0,1,-1,-1,-1,-1,-1,-1,-1,-1,-1,-1,-1,-1,-1,-1,1,-1,-1,-1,1,0,0,0,1,1,1,1,0,0,0,0,0,0,1,0,1,0,0,1,0
RCA_000050,INVOICE,USD,RECEIVED,NET30,OPERATIONS,620100-OPERATIONS,USD,ISSUED,OPERATIONS,620100-OPERATIONS,SERVICES,US,USD,NET30,ACH,ACTIVE,__MISSING__,__MISSING__,__MISSING__,__MISSING__,__MISSING__,__MISSING__,__MISSING__,__MISSING__,__MISSING__,__MISSING__,__MISSING__,3442.1900000000001,3129.2600000000002,312.93000000000001,0,179,30,0,2,34,3129.2600000000002,99.289999999999992,3442.1900000000001,3129.2600000000002,312.93000000000001,0,208,2,34,3129.2600000000002,,,0,0,0,0,0,,,0,0,0,0,0,0,0,0,0,,0,0,1,0,25,4,18,1,1,0,0,0,0,0,0,0,0,0,0,0,0,0,,,3442.1900000000001,1,,,0,,,,29,,,,1,1,1,1,1,0,1,-1,-1,-1,-1,-1,-1,-1,-1,-1,-1,-1,-1,-1,-1,1,-1,-1,-1,1,0,0,0,1,1,1,1,0,0,0,0,0,0,1,0,1,0,0,1,0
RCA_000051,INVOICE,CAD,RECEIVED,NET30,IT,680100-IT,CAD,ISSUED,IT,680100-IT,SUPPLIER,CA,CAD,NET30,ACH,ACTIVE,__MISSING__,__MISSING__,__MISSING__,__MISSING__,__MISSING__,__MISSING__,__MISSING__,__MISSING__,__MISSING__,__MISSING__,__MISSING__,4552.8999999999996,4235.2600000000002,317.63999999999999,0,83,30,1,4,49,4235.2600000000002,210.92999999999998,4552.8999999999996,4235.2600000000002,317.63999999999999,0,84,4,49,4235.2600000000002,,,0,0,0,0,0,,,0,0,0,0,0,0,0,0,0,,0,0,0,0,29,4,3,1,1,0,0,0,0,0,0,0,0,0,0,0,0,0,,,4552.8999999999996,1,,,0,,,,1,,,,1,1,1,1,1,0,1,-1,-1,-1,-1,-1,-1,-1,-1,-1,-1,-1,-1,-1,-1,0,-1,-1,-1,1,0,0,0,1,1,1,1,0,0,0,0,0,0,1,1,1,0,0,1,0
RCA_000054,INVOICE,USD,RECEIVED,NET30,IT,680100-IT,__MISSING__,__MISSING__,__MISSING__,__MISSING__,SERVICES,US,USD,NET30,ACH,ACTIVE,__MISSING__,__MISSING__,__MISSING__,__MISSING__,__MISSING__,__MISSING__,__MISSING__,__MISSING__,__MISSING__,__MISSING__,__MISSING__,1920.0799999999999,1920.0799999999999,0,0,458,30,3,2,21,1920.0799999999999,93.239999999999995,,,,,,0,0,0,,,0,0,0,0,0,,,0,0,0,0,0,0,0,0,0,,0,0,0,0,32,4,14,1,1,0,0,0,0,0,0,0,,,,,,,,,1920.0799999999999,1,,,0,,,,,,,,0,-1,-1,-1,1,0,-1,-1,-1,-1,-1,-1,-1,-1,-1,-1,-1,-1,-1,-1,-1,0,-1,-1,-1,1,0,0,0,1,1,1,1,0,0,0,0,0,0,1,1,1,0,0,1,0
RCA_000056,INVOICE,USD,RECEIVED,NET45,FINANCE,630100-FINANCE,USD,ISSUED,FINANCE,630100-FINANCE,PROFESSIONAL,US,USD,NET45,WIRE,ACTIVE,__MISSING__,__MISSING__,__MISSING__,__MISSING__,__MISSING__,__MISSING__,__MISSING__,__MISSING__,__MISSING__,__MISSING__,__MISSING__,6733.9099999999999,6733.9099999999999,0,0,454,45,3,2,22,6733.9099999999999,2258.855,6733.9099999999999,6733.9099999999999,0,0,471,2,22,6733.9099999999999,,,0,0,0,0,0,,,0,0,0,0,0,0,0,0,0,,0,0,0,0,31,4,24,1,1,0,0,0,0,0,0,0,0,0,0,0,0,0,,,6733.9099999999999,1,,,0,,,,17,,,,1,1,1,1,1,0,1,-1,-1,-1,-1,-1,-1,-1,-1,-1,-1,-1,-1,-1,-1,0,-1,-1,-1,1,0,0,0,1,1,1,1,0,0,0,0,0,0,1,1,1,0,0,1,0
RCA_000057,INVOICE,EUR,RECEIVED,NET30,ENGINEERING,610100-ENGINEERING,EUR,ISSUED,ENGINEERING,610100-ENGINEERING,SERVICES,DE,EUR,NET30,CHECK,ACTIVE,__MISSING__,__MISSING__,__MISSING__,__MISSING__,__MISSING__,__MISSING__,__MISSING__,__MISSING__,__MISSING__,__MISSING__,__MISSING__,3493.1999999999998,3150.3499999999999,315.04000000000002,27.809999999999999,454,30,1,3,32,3150.3499999999999,119.44,3493.1999999999998,3150.3499999999999,315.04000000000002,27.809999999999999,464,3,32,3150.3499999999999,,,0,0,0,0,0,,,0,0,0,0,0,0,0,0,0,,0,0,0,0,29,4,67,1,1,0,0,0,0,0,0,0,0,0,0,0,0,0,,,3493.1999999999998,1,,,0,,,,10,,,,1,1,1,1,1,0,1,-1,-1,-1,-1,-1,-1,-1,-1,-1,-1,-1,-1,-1,-1,0,-1,-1,-1,1,0,0,0,1,1,1,1,0,0,0,0,0,0,1,1,1,0,0,1,0
RCA_000059,INVOICE,USD,RECEIVED,NET15,FINANCE,630100-FINANCE,__MISSING__,__MISSING__,__MISSING__,__MISSING__,PROFESSIONAL,US,USD,NET15,ACH,ACTIVE,__MISSING__,__MISSING__,__MISSING__,__MISSING__,__MISSING__,__MISSING__,__MISSING__,__MISSING__,__MISSING__,__MISSING__,__MISSING__,9692.3999999999996,9692.3999999999996,0,0,537,15,0,1,8,9692.3999999999996,1211.55,,,,,,0,0,0,,,0,0,0,0,0,,,0,0,0,0,0,0,0,0,0,,0,0,2,0,31,4,90,1,1,0,0,0,0,0,0,0,,,,,,,,,9692.3999999999996,1,,,0,,,,,,,,0,-1,-1,-1,1,0,-1,-1,-1,-1,-1,-1,-1,-1,-1,-1,-1,-1,-1,-1,-1,1,-1,-1,-1,1,0,0,0,1,1,1,1,0,0,0,0,0,0,1,0,1,0,0,1,0
RCA_000060,INVOICE,USD,RECEIVED,NET45,MARKETING,650100-MARKETING,USD,ISSUED,MARKETING,650100-MARKETING,SERVICES,US,USD,NET45,ACH,ACTIVE,__MISSING__,__MISSING__,__MISSING__,__MISSING__,__MISSING__,__MISSING__,__MISSING__,__MISSING__,__MISSING__,__MISSING__,__MISSING__,1391.6700000000001,1325.4000000000001,66.269999999999996,0,426,45,0,1,15,1325.4000000000001,88.359999999999999,1391.6700000000001,1325.4000000000001,66.269999999999996,0,432,1,15,1325.4000000000001,,,0,0,0,0,0,,,0,0,0,0,0,0,0,0,0,,0,0,2,0,30,4,135,1,1,0,0,0,0,0,0,0,0,0,0,0,0,0,,,1391.6700000000001,1,,,0,,,,6,,,,1,1,1,1,1,0,1,-1,-1,-1,-1,-1,-1,-1,-1,-1,-1,-1,-1,-1,-1,1,-1,-1,-1,1,0,0,0,1,1,1,1,0,0,0,0,0,0,1,0,1,0,0,1,0
RCA_000061,INVOICE,USD,RECEIVED,NET30,SALES,640100-SALES,USD,ISSUED,SALES,640100-SALES,PROFESSIONAL,US,USD,NET30,CHECK,ACTIVE,__MISSING__,__MISSING__,__MISSING__,__MISSING__,__MISSING__,__MISSING__,__MISSING__,__MISSING__,__MISSING__,__MISSING__,__MISSING__,2555.8400000000001,2555.8400000000001,0,0,513,30,1,3,47,2555.8400000000001,59.169999999999995,2555.8400000000001,2555.8400000000001,0,0,542,3,47,2555.8400000000001,,,0,0,0,0,0,,,0,0,0,0,0,0,0,0,0,,0,0,0,0,28,4,10,1,1,0,0,0,0,0,0,0,0,0,0,0,0,0,,,2555.8400000000001,1,,,0,,,,29,,,,1,1,1,1,1,0,1,-1,-1,-1,-1,-1,-1,-1,-1,-1,-1,-1,-1,-1,-1,0,-1,-1,-1,1,0,0,0,1,1,1,1,0,0,0,0,0,0,1,1,1,0,0,1,0
RCA_000064,INVOICE,USD,RECEIVED,NET60,FINANCE,630100-FINANCE,__MISSING__,__MISSING__,__MISSING__,__MISSING__,PROFESSIONAL,US,USD,NET60,ACH,ACTIVE,__MISSING__,__MISSING__,__MISSING__,__MISSING__,__MISSING__,__MISSING__,__MISSING__,__MISSING__,__MISSING__,__MISSING__,__MISSING__,715.25999999999999,650.24000000000001,65.019999999999996,0,78,60,2,2,11,650.24000000000001,122.44999999999999,,,,,,0,0,0,,,0,0,0,0,0,,,0,0,0,0,0,0,0,0,0,,0,0,0,0,30,4,8,1,1,0,0,0,0,0,0,0,,,,,,,,,715.25999999999999,1,,,0,,,,,,,,0,-1,-1,-1,1,0,-1,-1,-1,-1,-1,-1,-1,-1,-1,-1,-1,-1,-1,-1,-1,0,-1,-1,-1,1,0,0,0,1,1,1,1,0,0,0,0,0,0,1,1,1,0,0,1,0
RCA_000065,INVOICE,USD,RECEIVED,NET15,SALES,640100-SALES,USD,ISSUED,SALES,640100-SALES,SOFTWARE,US,USD,NET15,ACH,ACTIVE,__MISSING__,__MISSING__,__MISSING__,__MISSING__,__MISSING__,__MISSING__,__MISSING__,__MISSING__,__MISSING__,__MISSING__,__MISSING__,5734.4899999999998,5699.9099999999999,0,34.579999999999998,279,15,3,4,47,5699.9099999999999,253.17750000000001,5734.4899999999998,5699.9099999999999,0,34.579999999999998,301,4,47,5699.9099999999999,,,0,0,0,0,0,,,0,0,0,0,0,0,0,0,0,,0,0,2,0,27,4,300,1,1,0,0,0,0,0,0,0,0,0,0,0,0,0,,,5734.4899999999998,1,,,0,,,,22,,,,1,1,1,1,1,0,1,-1,-1,-1,-1,-1,-1,-1,-1,-1,-1,-1,-1,-1,-1,1,-1,-1,-1,1,0,0,0,1,1,1,1,0,0,0,0,0,0,1,0,1,0,0,1,0
RCA_000071,INVOICE,USD,RECEIVED,NET15,ENGINEERING,610100-ENGINEERING,USD,ISSUED,ENGINEERING,610100-ENGINEERING,SOFTWARE,US,USD,NET15,CHECK,ACTIVE,__MISSING__,__MISSING__,__MISSING__,__MISSING__,__MISSING__,__MISSING__,__MISSING__,__MISSING__,__MISSING__,__MISSING__,__MISSING__,4712.3400000000001,4362.7799999999997,327.20999999999998,22.350000000000001,425,15,0,3,55,4362.7799999999997,117.94333333333334,4712.3400000000001,4362.7799999999997,327.20999999999998,22.350000000000001,449,3,55,4362.7799999999997,,,0,0,0,0,0,,,0,0,0,0,0,0,0,0,0,,0,0,1,0,28,4,150,1,1,0,0,0,0,0,0,0,0,0,0,0,0,0,,,4712.3400000000001,1,,,0,,,,24,,,,1,1,1,1,1,0,1,-1,-1,-1,-1,-1,-1,-1,-1,-1,-1,-1,-1,-1,-1,1,-1,-1,-1,1,0,0,0,1,1,1,1,0,0,0,0,0,0,1,0,1,0,0,1,0
RCA_000077,INVOICE,USD,RECEIVED,NET45,FINANCE,630100-FINANCE,__MISSING__,__MISSING__,__MISSING__,__MISSING__,SUPPLIER,US,USD,NET45,ACH,ACTIVE,__MISSING__,__MISSING__,__MISSING__,__MISSING__,__MISSING__,__MISSING__,__MISSING__,__MISSING__,__MISSING__,__MISSING__,__MISSING__,3257.7399999999998,3257.7399999999998,0,0,342,45,2,2,13,3257.7399999999998,244.53,,,,,,0,0,0,,,0,0,0,0,0,,,0,0,0,0,0,0,0,0,0,,0,0,0,0,31,4,44,1,1,0,0,0,0,0,0,0,,,,,,,,,3257.7399999999998,1,,,0,,,,,,,,0,-1,-1,-1,1,0,-1,-1,-1,-1,-1,-1,-1,-1,-1,-1,-1,-1,-1,-1,-1,0,-1,-1,-1,1,0,0,0,1,1,1,1,0,0,0,0,0,0,1,1,1,0,0,1,0
RCA_000079,INVOICE,EUR,RECEIVED,NET30,PEOPLE,660100-PEOPLE,__MISSING__,__MISSING__,__MISSING__,__MISSING__,LOGISTICS,DE,EUR,NET30,WIRE,ACTIVE,__MISSING__,__MISSING__,__MISSING__,__MISSING__,__MISSING__,__MISSING__,__MISSING__,__MISSING__,__MISSING__,__MISSING__,__MISSING__,2565.71,2386.71,179,0,31,30,2,2,18,2386.71,132.595,,,,,,0,0,0,,,0,0,0,0,0,,,0,0,0,0,0,0,0,0,0,,0,0,1,0,29,4,19,1,1,0,0,0,0,0,0,0,,,,,,,,,2565.71,1,,,0,,,,,,,,0,-1,-1,-1,1,0,-1,-1,-1,-1,-1,-1,-1,-1,-1,-1,-1,-1,-1,-1,-1,1,-1,-1,-1,1,0,0,0,1,1,1,1,0,0,0,0,0,0,1,0,1,0,0,1,0
RCA_000081,INVOICE,USD,RECEIVED,NET15,OPERATIONS,620100-OPERATIONS,USD,ISSUED,OPERATIONS,620100-OPERATIONS,SOFTWARE,US,USD,NET15,ACH,ACTIVE,__MISSING__,__MISSING__,__MISSING__,__MISSING__,__MISSING__,__MISSING__,__MISSING__,__MISSING__,__MISSING__,__MISSING__,__MISSING__,12563.790000000001,11681,876.08000000000004,6.71,172,15,4,1,2,11681,5840.5,12563.790000000001,11681,876.08000000000004,6.71,178,1,2,11681,,,0,0,0,0,0,,,0,0,0,0,0,0,0,0,0,,0,0,2,0,27,4,300,1,1,0,0,0,0,0,0,0,0,0,0,0,0,0,,,12563.790000000001,1,,,0,,,,6,,,,1,1,1,1,1,0,1,-1,-1,-1,-1,-1,-1,-1,-1,-1,-1,-1,-1,-1,-1,1,-1,-1,-1,1,0,0,0,1,1,1,1,0,0,0,0,0,0,1,0,1,0,0,1,0
RCA_000082,INVOICE,USD,RECEIVED,NET60,IT,680100-IT,USD,ISSUED,IT,680100-IT,LOGISTICS,US,USD,NET60,ACH,ACTIVE,__MISSING__,__MISSING__,__MISSING__,__MISSING__,__MISSING__,__MISSING__,__MISSING__,__MISSING__,__MISSING__,__MISSING__,__MISSING__,14747.540000000001,13718.639999999999,1028.9000000000001,0,89,60,1,4,57,13718.639999999999,488.36750000000001,14747.540000000001,13718.639999999999,1028.9000000000001,0,95,4,57,13718.639999999999,,,0,0,0,0,0,,,0,0,0,0,0,0,0,0,0,,0,0,0,0,32,4,23,1,1,0,0,0,0,0,0,0,0,0,0,0,0,0,,,14747.540000000001,1,,,0,,,,6,,,,1,1,1,1,1,0,1,-1,-1,-1,-1,-1,-1,-1,-1,-1,-1,-1,-1,-1,-1,0,-1,-1,-1,1,0,0,0,1,1,1,1,0,0,0,0,0,0,1,1,1,0,0,1,0
RCA_000083,INVOICE,USD,RECEIVED,NET15,MARKETING,650100-MARKETING,USD,ISSUED,MARKETING,650100-MARKETING,SOFTWARE,US,USD,NET15,CHECK,ACTIVE,__MISSING__,__MISSING__,__MISSING__,__MISSING__,__MISSING__,__MISSING__,__MISSING__,__MISSING__,__MISSING__,__MISSING__,__MISSING__,8339.0499999999993,7757.2600000000002,581.78999999999996,0,196,15,0,2,22,7757.2600000000002,415.06000000000006,8339.0499999999993,7757.2600000000002,581.78999999999996,0,221,2,22,7757.2600000000002,,,0,0,0,0,0,,,0,0,0,0,0,0,0,0,0,,0,0,1,0,28,4,150,1,1,0,0,0,0,0,0,0,0,0,0,0,0,0,,,8339.0499999999993,1,,,0,,,,25,,,,1,1,1,1,1,0,1,-1,-1,-1,-1,-1,-1,-1,-1,-1,-1,-1,-1,-1,-1,1,-1,-1,-1,1,0,0,0,1,1,1,1,0,0,0,0,0,0,1,0,1,0,0,1,0
RCA_000084,INVOICE,USD,RECEIVED,NET45,SALES,640100-SALES,USD,ISSUED,SALES,640100-SALES,SOFTWARE,US,USD,NET45,ACH,ACTIVE,__MISSING__,__MISSING__,__MISSING__,__MISSING__,__MISSING__,__MISSING__,__MISSING__,__MISSING__,__MISSING__,__MISSING__,__MISSING__,3190.4099999999999,2967.8200000000002,222.59,0,489,45,3,2,25,2967.8200000000002,120.77,3190.4099999999999,2967.8200000000002,222.59,0,512,2,25,2967.8200000000002,,,0,0,0,0,0,,,0,0,0,0,0,0,0,0,0,,0,0,1,0,30,4,350,1,1,0,0,0,0,0,0,0,0,0,0,0,0,0,,,3190.4099999999999,1,,,0,,,,23,,,,1,1,1,1,1,0,1,-1,-1,-1,-1,-1,-1,-1,-1,-1,-1,-1,-1,-1,-1,1,-1,-1,-1,1,0,0,0,1,1,1,1,0,0,0,0,0,0,1,0,1,0,0,1,0
RCA_000087,INVOICE,USD,RECEIVED,NET15,LEGAL,670100-LEGAL,__MISSING__,__MISSING__,__MISSING__,__MISSING__,PROFESSIONAL,US,USD,NET15,ACH,ACTIVE,__MISSING__,__MISSING__,__MISSING__,__MISSING__,__MISSING__,__MISSING__,__MISSING__,__MISSING__,__MISSING__,__MISSING__,__MISSING__,22198.560000000001,20649.82,1548.74,0,489,15,1,1,1,20649.82,20649.82,,,,,,0,0,0,,,0,0,0,0,0,,,0,0,0,0,0,0,0,0,0,,0,0,2,0,31,4,90,1,1,0,0,0,0,0,0,0,,,,,,,,,22198.560000000001,1,,,0,,,,,,,,0,-1,-1,-1,1,0,-1,-1,-1,-1,-1,-1,-1,-1,-1,-1,-1,-1,-1,-1,-1,1,-1,-1,-1,1,0,0,0,1,1,1,1,0,0,0,0,0,0,1,0,1,0,0,1,0
RCA_000088,INVOICE,CAD,RECEIVED,NET15,LEGAL,670100-LEGAL,__MISSING__,__MISSING__,__MISSING__,__MISSING__,PROFESSIONAL,CA,CAD,NET15,WIRE,ACTIVE,__MISSING__,__MISSING__,__MISSING__,__MISSING__,__MISSING__,__MISSING__,__MISSING__,__MISSING__,__MISSING__,__MISSING__,__MISSING__,22127.049999999999,20583.299999999999,1543.75,0,489,15,5,1,10,20583.299999999999,2058.3299999999999,,,,,,0,0,0,,,0,0,0,0,0,,,0,0,0,0,0,0,0,0,0,,0,0,0,0,29,4,3,1,1,0,0,0,0,0,0,0,,,,,,,,,22127.049999999999,1,,,0,,,,,,,,0,-1,-1,-1,1,0,-1,-1,-1,-1,-1,-1,-1,-1,-1,-1,-1,-1,-1,-1,-1,0,-1,-1,-1,1,0,0,0,1,1,1,1,0,0,0,0,0,0,1,1,1,0,0,1,0
RCA_000091,INVOICE,USD,RECEIVED,NET15,SALES,640100-SALES,__MISSING__,__MISSING__,__MISSING__,__MISSING__,SOFTWARE,US,USD,NET15,ACH,ACTIVE,__MISSING__,__MISSING__,__MISSING__,__MISSING__,__MISSING__,__MISSING__,__MISSING__,__MISSING__,__MISSING__,__MISSING__,__MISSING__,2427.04,2257.71,169.33000000000001,0,345,15,1,2,14,2257.71,161.26499999999999,,,,,,0,0,0,,,0,0,0,0,0,,,0,0,0,0,0,0,0,0,0,,0,0,2,0,27,4,300,1,1,0,0,0,0,0,0,0,,,,,,,,,2427.04,1,,,0,,,,,,,,0,-1,-1,-1,1,0,-1,-1,-1,-1,-1,-1,-1,-1,-1,-1,-1,-1,-1,-1,-1,1,-1,-1,-1,1,0,0,0,1,1,1,1,0,0,0,0,0,0,1,0,1,0,0,1,0
RCA_000092,INVOICE,USD,RECEIVED,NET30,ENGINEERING,610100-ENGINEERING,__MISSING__,__MISSING__,__MISSING__,__MISSING__,SUPPLIER,US,USD,NET30,ACH,ACTIVE,__MISSING__,__MISSING__,__MISSING__,__MISSING__,__MISSING__,__MISSING__,__MISSING__,__MISSING__,__MISSING__,__MISSING__,__MISSING__,19774.720000000001,17977.02,1797.7,0,430,30,4,2,21,17977.02,888.88499999999999,,,,,,0,0,0,,,0,0,0,0,0,,,0,0,0,0,0,0,0,0,0,,0,0,2,0,29,4,31,1,1,0,0,0,0,0,0,0,,,,,,,,,19774.720000000001,1,,,0,,,,,,,,0,-1,-1,-1,1,0,-1,-1,-1,-1,-1,-1,-1,-1,-1,-1,-1,-1,-1,-1,-1,1,-1,-1,-1,1,0,0,0,1,1,1,1,0,0,0,0,0,0,1,0,1,0,0,1,0
RCA_000094,INVOICE,USD,RECEIVED,NET30,OPERATIONS,620100-OPERATIONS,__MISSING__,__MISSING__,__MISSING__,__MISSING__,SOFTWARE,US,USD,NET30,WIRE,ACTIVE,__MISSING__,__MISSING__,__MISSING__,__MISSING__,__MISSING__,__MISSING__,__MISSING__,__MISSING__,__MISSING__,__MISSING__,__MISSING__,3525.1500000000001,3525.1500000000001,0,0,148,30,1,3,19,3525.1500000000001,777.24333333333334,,,,,,0,0,0,,,0,0,0,0,0,,,0,0,0,0,0,0,0,0,0,,0,0,0,0,28,4,5,1,1,0,0,0,0,0,0,0,,,,,,,,,3525.1500000000001,1,,,0,,,,,,,,0,-1,-1,-1,1,0,-1,-1,-1,-1,-1,-1,-1,-1,-1,-1,-1,-1,-1,-1,-1,0,-1,-1,-1,1,0,0,0,1,1,1,1,0,0,0,0,0,0,1,1,1,0,0,1,0
RCA_000102,INVOICE,USD,APPROVED,NET15,IT,680100-IT,USD,ISSUED,IT,680100-IT,PROFESSIONAL,US,USD,NET15,ACH,ACTIVE,__MISSING__,__MISSING__,__MISSING__,__MISSING__,__MISSING__,__MISSING__,__MISSING__,__MISSING__,__MISSING__,__MISSING__,__MISSING__,10305.860000000001,9551.8099999999995,703.97000000000003,50.079999999999998,228,15,3,4,18,9551.8099999999995,1113.2875000000001,10140.379999999999,9386.3299999999999,703.97000000000003,50.079999999999998,249,4,18,9386.3299999999999,,,0,0,0,0,0,,,0,0,0,0,0,0,0,0,0,,0,0,2,0,31,4,90,0,0.84615384615384615,1,613.46000000000004,0,0,0,0,0,165.47999999999999,0.016318915070243915,0,0,165.47999999999999,0,,,10305.860000000001,1,,,0,,,,21,,,,1,1,1,1,1,0,1,-1,-1,-1,-1,-1,-1,-1,-1,-1,-1,-1,-1,-1,-1,1,-1,-1,-1,1,0,0,0,1,1,1,1,0,0,0,0,0,0,1,0,1,0,0,1,0
RCA_000103,INVOICE,EUR,APPROVED,DUE_ON_RECEIPT,ENGINEERING,610100-ENGINEERING,EUR,ISSUED,ENGINEERING,610100-ENGINEERING,SERVICES,DE,EUR,DUE_ON_RECEIPT,ACH,ACTIVE,__MISSING__,__MISSING__,__MISSING__,__MISSING__,__MISSING__,__MISSING__,__MISSING__,__MISSING__,__MISSING__,__MISSING__,__MISSING__,6895.1099999999997,6886.2799999999997,0,8.8300000000000001,54,0,2,4,48,6886.2799999999997,269.47500000000002,6756.8100000000004,6747.9799999999996,0,8.8300000000000001,59,4,48,6747.9799999999996,,,0,0,0,0,0,,,0,0,0,0,0,0,0,0,0,,0,0,2,0,29,4,49,0,0.92307692307692313,0,77.629999999999995,0,0,0,0,0,138.30000000000001,0.020468238710278964,0,0,138.30000000000001,0,,,6895.1099999999997,1,,,0,,,,5,,,,1,1,1,1,1,0,1,-1,-1,-1,-1,-1,-1,-1,-1,-1,-1,-1,-1,-1,-1,1,-1,-1,-1,1,0,0,0,1,1,1,1,0,0,0,0,0,0,1,0,1,0,0,1,0
RCA_000106,INVOICE,USD,APPROVED,NET60,ENGINEERING,610100-ENGINEERING,USD,ISSUED,ENGINEERING,610100-ENGINEERING,SERVICES,US,USD,NET60,ACH,ACTIVE,__MISSING__,__MISSING__,__MISSING__,__MISSING__,__MISSING__,__MISSING__,__MISSING__,__MISSING__,__MISSING__,__MISSING__,__MISSING__,11528.85,10674.690000000001,796.13,58.030000000000001,193,60,4,2,27,10674.690000000001,363.41499999999996,11469.209999999999,10615.049999999999,796.13,58.030000000000001,216,2,27,10615.049999999999,,,0,0,0,0,0,,,0,0,0,0,0,0,0,0,0,,0,0,0,0,30,4,7,0,0.84615384615384615,90,2547.5900000000001,0,0,0,0,0,59.640000000000001,0.0052000094165160458,0,0,59.640000000000001,0,,,11528.85,1,,,0,,,,23,,,,1,1,1,1,1,0,1,-1,-1,-1,-1,-1,-1,-1,-1,-1,-1,-1,-1,-1,-1,0,-1,-1,-1,1,0,0,0,1,1,1,1,0,0,0,0,0,0,1,1,1,0,0,1,0
RCA_000109,INVOICE,USD,APPROVED,NET30,MARKETING,650100-MARKETING,USD,ISSUED,MARKETING,650100-MARKETING,SUPPLIER,US,USD,NET30,CHECK,ACTIVE,__MISSING__,__MISSING__,__MISSING__,__MISSING__,__MISSING__,__MISSING__,__MISSING__,__MISSING__,__MISSING__,__MISSING__,__MISSING__,5818.8199999999997,5541.8599999999997,272.98000000000002,3.98,363,30,4,3,48,5541.8599999999997,111.23333333333335,5736.54,5459.5799999999999,272.98000000000002,3.98,378,3,48,5459.5799999999999,,,0,0,0,0,0,,,0,0,0,0,0,0,0,0,0,,0,0,0,0,29,4,13,0,0.76923076923076916,61,145.08000000000001,0,0,0,0,0,82.280000000000001,0.014343140638782262,0,0,82.280000000000001,0,,,5818.8199999999997,1,,,0,,,,15,,,,1,1,1,1,1,0,1,-1,-1,-1,-1,-1,-1,-1,-1,-1,-1,-1,-1,-1,-1,0,-1,-1,-1,1,0,0,0,1,1,1,1,0,0,0,0,0,0,1,1,1,0,0,1,0
RCA_000111,INVOICE,USD,APPROVED,NET15,OPERATIONS,620100-OPERATIONS,USD,ISSUED,OPERATIONS,620100-OPERATIONS,SOFTWARE,US,USD,NET15,CHECK,ACTIVE,__MISSING__,__MISSING__,__MISSING__,__MISSING__,__MISSING__,__MISSING__,__MISSING__,__MISSING__,__MISSING__,__MISSING__,__MISSING__,618.44000000000005,606.10000000000002,0,12.34,185,15,0,2,32,606.10000000000002,15.725000000000001,605.94000000000005,593.60000000000002,0,12.34,210,2,32,593.60000000000002,,,0,0,0,0,0,,,0,0,0,0,0,0,0,0,0,,0,0,1,0,28,4,150,0,0.92307692307692313,2,50.850000000000001,0,0,0,0,0,12.5,0.020629105191933193,0,0,12.5,0,,,618.44000000000005,1,,,0,,,,25,,,,1,1,1,1,1,0,1,-1,-1,-1,-1,-1,-1,-1,-1,-1,-1,-1,-1,-1,-1,1,-1,-1,-1,1,0,0,0,1,1,1,1,0,0,0,0,0,0,1,0,1,0,0,1,0
RCA_000112,INVOICE,EUR,APPROVED,NET30,ENGINEERING,610100-ENGINEERING,EUR,ISSUED,ENGINEERING,610100-ENGINEERING,PROFESSIONAL,DE,EUR,NET30,WIRE,ACTIVE,__MISSING__,__MISSING__,__MISSING__,__MISSING__,__MISSING__,__MISSING__,__MISSING__,__MISSING__,__MISSING__,__MISSING__,__MISSING__,17999.599999999999,17144.549999999999,855.04999999999995,0,281,30,0,3,52,17144.549999999999,288.94666666666666,17956,17100.950000000001,855.04999999999995,0,303,3,52,17100.950000000001,,,0,0,0,0,0,,,0,0,0,0,0,0,0,0,0,,0,0,0,0,26,4,11,0,0.84615384615384615,26,366.45999999999998,0,0,0,0,0,43.600000000000001,0.0024281577188683449,0,0,43.600000000000001,0,,,17999.599999999999,1,,,0,,,,22,,,,1,1,1,1,1,0,1,-1,-1,-1,-1,-1,-1,-1,-1,-1,-1,-1,-1,-1,-1,0,-1,-1,-1,1,0,0,0,1,1,1,1,0,0,0,0,0,0,1,1,1,0,0,1,0
RCA_000114,INVOICE,GBP,APPROVED,NET30,IT,680100-IT,GBP,ISSUED,IT,680100-IT,SOFTWARE,GB,GBP,NET30,WIRE,ACTIVE,__MISSING__,__MISSING__,__MISSING__,__MISSING__,__MISSING__,__MISSING__,__MISSING__,__MISSING__,__MISSING__,__MISSING__,__MISSING__,18580.330000000002,16937.919999999998,1642.4100000000001,0,60,30,3,2,28,16937.919999999998,764.1400000000001,18066.529999999999,16424.119999999999,1642.4100000000001,0,72,2,28,16424.119999999999,,,0,0,0,0,0,,,0,0,0,0,0,0,0,0,0,,0,0,1,0,26,4,35,0,0.84615384615384615,5,2365.0300000000002,0,0,0,0,0,513.79999999999995,0.028439329522603401,0,0,513.79999999999995,0,,,18580.330000000002,1,,,0,,,,12,,,,1,1,1,1,1,0,1,-1,-1,-1,-1,-1,-1,-1,-1,-1,-1,-1,-1,-1,-1,1,-1,-1,-1,1,0,0,0,1,1,1,1,0,0,0,0,0,0,1,0,1,0,0,1,0
RCA_000116,INVOICE,JPY,APPROVED,DUE_ON_RECEIPT,LEGAL,670100-LEGAL,JPY,ISSUED,LEGAL,670100-LEGAL,SUPPLIER,JP,JPY,DUE_ON_RECEIPT,ACH,ACTIVE,__MISSING__,__MISSING__,__MISSING__,__MISSING__,__MISSING__,__MISSING__,__MISSING__,__MISSING__,__MISSING__,__MISSING__,__MISSING__,7070,7070,0,0,245,0,1,2,35,7070,186.5,6995,6995,0,0,251,2,35,6995,,,0,0,0,0,0,,,0,0,0,0,0,0,0,0,0,,0,0,0,0,31,4,5,0,0.76923076923076916,36,3204,0,0,0,0,0,75,0.010721944245889922,0,0,75,0,,,7070,1,,,0,,,,6,,,,1,1,1,1,1,0,1,-1,-1,-1,-1,-1,-1,-1,-1,-1,-1,-1,-1,-1,-1,0,-1,-1,-1,1,0,0,0,1,1,1,1,0,0,0,0,0,0,1,1,1,0,0,1,0
RCA_000117,INVOICE,USD,APPROVED,NET30,PEOPLE,660100-PEOPLE,USD,ISSUED,PEOPLE,660100-PEOPLE,SUPPLIER,US,USD,NET30,ACH,ACTIVE,__MISSING__,__MISSING__,__MISSING__,__MISSING__,__MISSING__,__MISSING__,__MISSING__,__MISSING__,__MISSING__,__MISSING__,__MISSING__,3914.9299999999998,3580.3200000000002,334.61000000000001,0,283,30,1,1,6,3580.3200000000002,596.72000000000003,3680.6900000000001,3346.0799999999999,334.61000000000001,0,310,1,6,3346.0799999999999,,,0,0,0,0,0,,,0,0,0,0,0,0,0,0,0,,0,0,0,0,35,4,14,0,0.76923076923076916,100,143.47,0,0,0,0,0,234.24000000000001,0.063640241367787023,0,0,234.24000000000001,0,,,3914.9299999999998,1,,,0,,,,27,,,,1,1,1,1,1,0,1,-1,-1,-1,-1,-1,-1,-1,-1,-1,-1,-1,-1,-1,-1,0,-1,-1,-1,1,0,0,0,1,1,1,1,0,0,0,0,0,0,1,1,1,0,0,1,0
RCA_000118,INVOICE,USD,APPROVED,NET45,FINANCE,630100-FINANCE,USD,ISSUED,FINANCE,630100-FINANCE,SUPPLIER,US,USD,NET45,ACH,ACTIVE,__MISSING__,__MISSING__,__MISSING__,__MISSING__,__MISSING__,__MISSING__,__MISSING__,__MISSING__,__MISSING__,__MISSING__,__MISSING__,1540.3,1439.4100000000001,100.89,0,300,45,2,1,7,1439.4100000000001,205.63,1446.1500000000001,1345.26,100.89,0,314,1,7,1345.26,,,0,0,0,0,0,,,0,0,0,0,0,0,0,0,0,,0,0,0,0,33,4,8,0,0.76923076923076916,4,436.48000000000002,0,0,0,0,0,94.150000000000006,0.06510389655291636,0,0,94.150000000000006,0,,,1540.3,1,,,0,,,,14,,,,1,1,1,1,1,0,1,-1,-1,-1,-1,-1,-1,-1,-1,-1,-1,-1,-1,-1,-1,0,-1,-1,-1,1,0,0,0,1,1,1,1,0,0,0,0,0,0,1,1,1,0,0,1,0
RCA_000119,INVOICE,USD,APPROVED,NET60,LEGAL,670100-LEGAL,USD,ISSUED,LEGAL,670100-LEGAL,SERVICES,US,USD,NET60,CHECK,ACTIVE,__MISSING__,__MISSING__,__MISSING__,__MISSING__,__MISSING__,__MISSING__,__MISSING__,__MISSING__,__MISSING__,__MISSING__,__MISSING__,5266.1800000000003,5019.8000000000002,246.38,0,119,60,5,3,11,5019.8000000000002,584.06666666666672,5173.9399999999996,4927.5600000000004,246.38,0,141,3,11,4927.5600000000004,,,0,0,0,0,0,,,0,0,0,0,0,0,0,0,0,,0,0,0,0,31,4,6,0,0.76923076923076916,4,206.55000000000001,0,0,0,0,0,92.239999999999995,0.017827806275295035,0,0,92.239999999999995,0,,,5266.1800000000003,1,,,0,,,,22,,,,1,1,1,1,1,0,1,-1,-1,-1,-1,-1,-1,-1,-1,-1,-1,-1,-1,-1,-1,0,-1,-1,-1,1,0,0,0,1,1,1,1,0,0,0,0,0,0,1,1,1,0,0,1,0
RCA_000120,INVOICE,USD,APPROVED,NET45,PEOPLE,660100-PEOPLE,USD,ISSUED,PEOPLE,660100-PEOPLE,SERVICES,US,USD,NET45,ACH,ACTIVE,__MISSING__,__MISSING__,__MISSING__,__MISSING__,__MISSING__,__MISSING__,__MISSING__,__MISSING__,__MISSING__,__MISSING__,__MISSING__,1848.04,1713.21,124.76000000000001,10.07,522,45,5,2,45,1713.21,38.534999999999997,1798.3599999999999,1663.53,124.76000000000001,10.07,541,2,45,1663.53,,,0,0,0,0,0,,,0,0,0,0,0,0,0,0,0,,0,0,2,0,30,4,135,0,0.84615384615384615,6,45.369999999999997,0,0,0,0,0,49.68,0.02762516959896795,0,0,49.68,0,,,1848.04,1,,,0,,,,19,,,,1,1,1,1,1,0,1,-1,-1,-1,-1,-1,-1,-1,-1,-1,-1,-1,-1,-1,-1,1,-1,-1,-1,1,0,0,0,1,1,1,1,0,0,0,0,0,0,1,0,1,0,0,1,0
RCA_000121,INVOICE,GBP,APPROVED,NET15,FINANCE,630100-FINANCE,GBP,ISSUED,FINANCE,630100-FINANCE,SUPPLIER,GB,GBP,NET15,ACH,ACTIVE,__MISSING__,__MISSING__,__MISSING__,__MISSING__,__MISSING__,__MISSING__,__MISSING__,__MISSING__,__MISSING__,__MISSING__,__MISSING__,3692.4400000000001,3692.4400000000001,0,0,39,15,1,4,42,3692.4400000000001,140.72499999999999,3565.7199999999998,3565.7199999999998,0,0,59,4,42,3565.7199999999998,,,0,0,0,0,0,,,0,0,0,0,0,0,0,0,0,,0,0,0,0,29,4,8,0,0.84615384615384615,2,2317.9200000000001,0,0,0,0,0,126.72,0.035538404585890089,0,0,126.72,0,,,3692.4400000000001,1,,,0,,,,20,,,,1,1,1,1,1,0,1,-1,-1,-1,-1,-1,-1,-1,-1,-1,-1,-1,-1,-1,-1,0,-1,-1,-1,1,0,0,0,1,1,1,1,0,0,0,0,0,0,1,1,1,0,0,1,0
RCA_000122,INVOICE,USD,APPROVED,NET30,SALES,640100-SALES,USD,ISSUED,SALES,640100-SALES,SOFTWARE,US,USD,NET30,VIRTUAL_CARD,ACTIVE,__MISSING__,__MISSING__,__MISSING__,__MISSING__,__MISSING__,__MISSING__,__MISSING__,__MISSING__,__MISSING__,__MISSING__,__MISSING__,2121.9299999999998,1977.45,144.47999999999999,0,445,30,5,3,30,1977.45,70.546666666666667,2070.9299999999998,1926.45,144.47999999999999,0,472,3,30,1926.45,,,0,0,0,0,0,,,0,0,0,0,0,0,0,0,0,,0,0,1,0,29,4,49,0,0.76923076923076916,3,29.100000000000001,0,0,0,0,0,51,0.024626617027132737,0,0,51,0,,,2121.9299999999998,1,,,0,,,,27,,,,1,1,1,1,1,0,1,-1,-1,-1,-1,-1,-1,-1,-1,-1,-1,-1,-1,-1,-1,1,-1,-1,-1,1,0,0,0,1,1,1,1,0,0,0,0,0,0,1,0,1,0,0,1,0
RCA_000123,INVOICE,USD,APPROVED,NET45,PEOPLE,660100-PEOPLE,USD,ISSUED,PEOPLE,660100-PEOPLE,PROFESSIONAL,US,USD,NET45,ACH,ACTIVE,__MISSING__,__MISSING__,__MISSING__,__MISSING__,__MISSING__,__MISSING__,__MISSING__,__MISSING__,__MISSING__,__MISSING__,__MISSING__,1676.5,1561.0999999999999,72.950000000000003,42.450000000000003,346,45,3,1,5,1561.0999999999999,312.22000000000003,1574.3499999999999,1458.95,72.950000000000003,42.450000000000003,364,1,5,1458.95,,,0,0,0,0,0,,,0,0,0,0,0,0,0,0,0,,0,0,0,0,29,4,4,0,0.76923076923076916,44,872.5,0,0,0,0,0,102.15000000000001,0.06488392034808016,0,0,102.15000000000001,0,,,1676.5,1,,,0,,,,18,,,,1,1,1,1,1,0,1,-1,-1,-1,-1,-1,-1,-1,-1,-1,-1,-1,-1,-1,-1,0,-1,-1,-1,1,0,0,0,1,1,1,1,0,0,0,0,0,0,1,1,1,0,0,1,0
RCA_000124,INVOICE,USD,APPROVED,NET45,SALES,640100-SALES,USD,ISSUED,SALES,640100-SALES,SUPPLIER,US,USD,NET45,CHECK,ACTIVE,__MISSING__,__MISSING__,__MISSING__,__MISSING__,__MISSING__,__MISSING__,__MISSING__,__MISSING__,__MISSING__,__MISSING__,__MISSING__,6536.2700000000004,6102.9799999999996,433.29000000000002,0,409,45,2,3,34,6102.9799999999996,176.82333333333335,6210.4499999999998,5777.1599999999999,433.29000000000002,0,417,3,34,5777.1599999999999,,,0,0,0,0,0,,,0,0,0,0,0,0,0,0,0,,0,0,0,0,31,4,22,0,0.84615384615384615,19,497.99000000000001,0,0,0,0,0,325.81999999999999,0.052463187047637451,0,0,325.81999999999999,0,,,6536.2700000000004,1,,,0,,,,8,,,,1,1,1,1,1,0,1,-1,-1,-1,-1,-1,-1,-1,-1,-1,-1,-1,-1,-1,-1,0,-1,-1,-1,1,0,0,0,1,1,1,1,0,0,0,0,0,0,1,1,1,0,0,1,0
RCA_000125,INVOICE,EUR,APPROVED,NET15,FINANCE,630100-FINANCE,EUR,ISSUED,FINANCE,630100-FINANCE,SUPPLIER,DE,EUR,NET15,ACH,ACTIVE,__MISSING__,__MISSING__,__MISSING__,__MISSING__,__MISSING__,__MISSING__,__MISSING__,__MISSING__,__MISSING__,__MISSING__,__MISSING__,9164.6399999999994,8531.0900000000001,620.35000000000002,13.199999999999999,485,15,5,3,16,8531.0900000000001,551.87666666666667,8904.9400000000005,8271.3899999999994,620.35000000000002,13.199999999999999,501,3,16,8271.3899999999994,,,0,0,0,0,0,,,0,0,0,0,0,0,0,0,0,,0,0,0,0,26,4,6,0,0.76923076923076916,71,1172.6700000000001,0,0,0,0,0,259.69999999999999,0.029163587851237627,0,0,259.69999999999999,0,,,9164.6399999999994,1,,,0,,,,16,,,,1,1,1,1,1,0,1,-1,-1,-1,-1,-1,-1,-1,-1,-1,-1,-1,-1,-1,-1,0,-1,-1,-1,1,0,0,0,1,1,1,1,0,0,0,0,0,0,1,1,1,0,0,1,0
RCA_000126,INVOICE,USD,APPROVED,NET45,IT,680100-IT,USD,ISSUED,IT,680100-IT,SERVICES,US,USD,NET45,WIRE,ACTIVE,__MISSING__,__MISSING__,__MISSING__,__MISSING__,__MISSING__,__MISSING__,__MISSING__,__MISSING__,__MISSING__,__MISSING__,__MISSING__,12433.6,11855.700000000001,577.89999999999998,0,511,45,0,3,53,11855.700000000001,247.95000000000002,12135.940000000001,11558.040000000001,577.89999999999998,0,516,3,53,11558.040000000001,,,0,0,0,0,0,,,0,0,0,0,0,0,0,0,0,,0,0,0,0,29,4,17,0,0.76923076923076916,31,3266.6199999999999,0,0,0,0,0,297.66000000000003,0.024527148288472092,0,0,297.66000000000003,0,,,12433.6,1,,,0,,,,5,,,,1,1,1,1,1,0,1,-1,-1,-1,-1,-1,-1,-1,-1,-1,-1,-1,-1,-1,-1,0,-1,-1,-1,1,0,0,0,1,1,1,1,0,0,0,0,0,0,1,1,1,0,0,1,0
RCA_000127,INVOICE,USD,APPROVED,NET15,ENGINEERING,610100-ENGINEERING,USD,ISSUED,ENGINEERING,610100-ENGINEERING,SOFTWARE,US,USD,NET15,ACH,ACTIVE,__MISSING__,__MISSING__,__MISSING__,__MISSING__,__MISSING__,__MISSING__,__MISSING__,__MISSING__,__MISSING__,__MISSING__,__MISSING__,4454.6899999999996,4073.9400000000001,380.75,0,455,15,0,1,9,4073.9400000000001,452.66000000000003,4188.1999999999998,3807.4499999999998,380.75,0,469,1,9,3807.4499999999998,,,0,0,0,0,0,,,0,0,0,0,0,0,0,0,0,,0,0,2,0,27,4,300,0,0.92307692307692313,1,17.690000000000001,0,0,0,0,0,266.49000000000001,0.06362876653454945,0,0,266.49000000000001,0,,,4454.6899999999996,1,,,0,,,,14,,,,1,1,1,1,1,0,1,-1,-1,-1,-1,-1,-1,-1,-1,-1,-1,-1,-1,-1,-1,1,-1,-1,-1,1,0,0,0,1,1,1,1,0,0,0,0,0,0,1,0,1,0,0,1,0
RCA_000129,INVOICE,USD,APPROVED,NET15,SALES,640100-SALES,USD,ISSUED,SALES,640100-SALES,SOFTWARE,US,USD,NET15,ACH,ACTIVE,__MISSING__,__MISSING__,__MISSING__,__MISSING__,__MISSING__,__MISSING__,__MISSING__,__MISSING__,__MISSING__,__MISSING__,__MISSING__,4132.79,4132.79,0,0,523,15,2,2,38,4132.79,103.91499999999999,3926.7800000000002,3926.7800000000002,0,0,524,2,38,3926.7800000000002,,,0,0,0,0,0,,,0,0,0,0,0,0,0,0,0,,0,0,2,0,27,4,300,0,0.92307692307692313,1,2.9199999999999999,0,0,0,0,0,206.00999999999999,0.052462832142366009,0,0,206.00999999999999,0,,,4132.79,1,,,0,,,,1,,,,1,1,1,1,1,0,1,-1,-1,-1,-1,-1,-1,-1,-1,-1,-1,-1,-1,-1,-1,1,-1,-1,-1,1,0,0,0,1,1,1,1,0,0,0,0,0,0,1,0,1,0,0,1,0
RCA_000130,INVOICE,USD,APPROVED,NET45,MARKETING,650100-MARKETING,USD,ISSUED,MARKETING,650100-MARKETING,SERVICES,US,USD,NET45,ACH,ACTIVE,__MISSING__,__MISSING__,__MISSING__,__MISSING__,__MISSING__,__MISSING__,__MISSING__,__MISSING__,__MISSING__,__MISSING__,__MISSING__,8725.8099999999995,8697.0699999999997,0,28.739999999999998,110,45,0,3,35,8697.0699999999997,394.35666666666674,8576.7000000000007,8547.9599999999991,0,28.739999999999998,136,3,35,8547.9599999999991,,,0,0,0,0,0,,,0,0,0,0,0,0,0,0,0,,0,0,0,0,27,4,5,0,0.84615384615384615,14,1545.28,0,0,0,0,0,149.11000000000001,0.017385474599787797,0,0,149.11000000000001,0,,,8725.8099999999995,1,,,0,,,,26,,,,1,1,1,1,1,0,1,-1,-1,-1,-1,-1,-1,-1,-1,-1,-1,-1,-1,-1,-1,0,-1,-1,-1,1,0,0,0,1,1,1,1,0,0,0,0,0,0,1,1,1,0,0,1,0
RCA_000131,INVOICE,EUR,APPROVED,DUE_ON_RECEIPT,IT,680100-IT,EUR,ISSUED,IT,680100-IT,SERVICES,DE,EUR,DUE_ON_RECEIPT,ACH,ACTIVE,__MISSING__,__MISSING__,__MISSING__,__MISSING__,__MISSING__,__MISSING__,__MISSING__,__MISSING__,__MISSING__,__MISSING__,__MISSING__,2723.1999999999998,2490.4499999999998,232.75,0,427,0,4,1,5,2490.4499999999998,498.08999999999997,2560.25,2327.5,232.75,0,445,1,5,2327.5,,,0,0,0,0,0,,,0,0,0,0,0,0,0,0,0,,0,0,2,0,29,4,49,0,0.84615384615384615,14,40.079999999999998,0,0,0,0,0,162.94999999999999,0.063646128307782449,0,0,162.94999999999999,0,,,2723.1999999999998,1,,,0,,,,18,,,,1,1,1,1,1,0,1,-1,-1,-1,-1,-1,-1,-1,-1,-1,-1,-1,-1,-1,-1,1,-1,-1,-1,1,0,0,0,1,1,1,1,0,0,0,0,0,0,1,0,1,0,0,1,0
RCA_000134,INVOICE,USD,APPROVED,NET15,FINANCE,630100-FINANCE,USD,ISSUED,FINANCE,630100-FINANCE,SOFTWARE,US,USD,NET15,CHECK,ACTIVE,__MISSING__,__MISSING__,__MISSING__,__MISSING__,__MISSING__,__MISSING__,__MISSING__,__MISSING__,__MISSING__,__MISSING__,__MISSING__,2246.3299999999999,2023.3199999999999,198.63999999999999,24.370000000000001,53,15,2,2,15,2023.3199999999999,131.505,2209.3699999999999,1986.3599999999999,198.63999999999999,24.370000000000001,67,2,15,1986.3599999999999,,,0,0,0,0,0,,,0,0,0,0,0,0,0,0,0,,0,0,1,0,28,4,150,0,0.84615384615384615,1,23.780000000000001,0,0,0,0,0,36.960000000000001,0.016728750729846066,0,0,36.960000000000001,0,,,2246.3299999999999,1,,,0,,,,14,,,,1,1,1,1,1,0,1,-1,-1,-1,-1,-1,-1,-1,-1,-1,-1,-1,-1,-1,-1,1,-1,-1,-1,1,0,0,0,1,1,1,1,0,0,0,0,0,0,1,0,1,0,0,1,0
RCA_000135,INVOICE,USD,APPROVED,NET45,MARKETING,650100-MARKETING,USD,ISSUED,MARKETING,650100-MARKETING,SERVICES,US,USD,NET45,ACH,ACTIVE,__MISSING__,__MISSING__,__MISSING__,__MISSING__,__MISSING__,__MISSING__,__MISSING__,__MISSING__,__MISSING__,__MISSING__,__MISSING__,563.29999999999995,526.39999999999998,36.899999999999999,0,395,45,1,1,10,526.39999999999998,52.640000000000001,528.89999999999998,492,36.899999999999999,0,397,1,10,492,,,0,0,0,0,0,,,0,0,0,0,0,0,0,0,0,,0,0,2,0,30,4,135,0,0.92307692307692313,1,31.879999999999999,0,0,0,0,0,34.399999999999999,0.065040650406504072,0,0,34.399999999999999,0,,,563.29999999999995,1,,,0,,,,2,,,,1,1,1,1,1,0,1,-1,-1,-1,-1,-1,-1,-1,-1,-1,-1,-1,-1,-1,-1,1,-1,-1,-1,1,0,0,0,1,1,1,1,0,0,0,0,0,0,1,0,1,0,0,1,0
RCA_000136,INVOICE,USD,APPROVED,NET45,OPERATIONS,620100-OPERATIONS,USD,ISSUED,OPERATIONS,620100-OPERATIONS,PROFESSIONAL,US,USD,NET45,ACH,ACTIVE,__MISSING__,__MISSING__,__MISSING__,__MISSING__,__MISSING__,__MISSING__,__MISSING__,__MISSING__,__MISSING__,__MISSING__,__MISSING__,2434.8899999999999,2323.52,111.37,0,532,45,4,3,50,2323.52,47.983333333333327,2338.7399999999998,2227.3699999999999,111.37,0,537,3,50,2227.3699999999999,,,0,0,0,0,0,,,0,0,0,0,0,0,0,0,0,,0,0,0,0,27,4,10,0,0.76923076923076916,50,1168.1500000000001,0,0,0,0,0,96.150000000000006,0.041111880756304675,0,0,96.150000000000006,0,,,2434.8899999999999,1,,,0,,,,5,,,,1,1,1,1,1,0,1,-1,-1,-1,-1,-1,-1,-1,-1,-1,-1,-1,-1,-1,-1,0,-1,-1,-1,1,0,0,0,1,1,1,1,0,0,0,0,0,0,1,1,1,0,0,1,0
RCA_000138,INVOICE,USD,APPROVED,NET45,LEGAL,670100-LEGAL,USD,ISSUED,LEGAL,670100-LEGAL,SOFTWARE,US,USD,NET45,ACH,ACTIVE,__MISSING__,__MISSING__,__MISSING__,__MISSING__,__MISSING__,__MISSING__,__MISSING__,__MISSING__,__MISSING__,__MISSING__,__MISSING__,5224,4874.2399999999998,349.75999999999999,0,88,45,2,2,26,4874.2399999999998,183.32499999999999,5013.2799999999997,4663.5200000000004,349.75999999999999,0,111,2,26,4663.5200000000004,,,0,0,0,0,0,,,0,0,0,0,0,0,0,0,0,,0,0,1,0,30,4,350,0,0.92307692307692313,0,4.8300000000000001,0,0,0,0,0,210.72,0.042032362046404752,0,0,210.72,0,,,5224,1,,,0,,,,23,,,,1,1,1,1,1,0,1,-1,-1,-1,-1,-1,-1,-1,-1,-1,-1,-1,-1,-1,-1,1,-1,-1,-1,1,0,0,0,1,1,1,1,0,0,0,0,0,0,1,0,1,0,0,1,0
RCA_000139,INVOICE,USD,APPROVED,NET30,LEGAL,670100-LEGAL,USD,ISSUED,LEGAL,670100-LEGAL,SUPPLIER,US,USD,NET30,ACH,ACTIVE,__MISSING__,__MISSING__,__MISSING__,__MISSING__,__MISSING__,__MISSING__,__MISSING__,__MISSING__,__MISSING__,__MISSING__,__MISSING__,6892.9700000000003,6372.75,458.58999999999997,61.630000000000003,213,30,3,2,35,6372.75,179.52500000000001,6634.7700000000004,6114.5500000000002,458.58999999999997,61.630000000000003,234,2,35,6114.5500000000002,,,0,0,0,0,0,,,0,0,0,0,0,0,0,0,0,,0,0,0,0,34,4,16,0,0.76923076923076916,2,336.37,0,0,0,0,0,258.19999999999999,0.0389161945327419,0,0,258.19999999999999,0,,,6892.9700000000003,1,,,0,,,,21,,,,1,1,1,1,1,0,1,-1,-1,-1,-1,-1,-1,-1,-1,-1,-1,-1,-1,-1,-1,0,-1,-1,-1,1,0,0,0,1,1,1,1,0,0,0,0,0,0,1,1,1,0,0,1,0
RCA_000142,INVOICE,USD,APPROVED,NET45,SALES,640100-SALES,USD,ISSUED,SALES,640100-SALES,SOFTWARE,US,USD,NET45,ACH,ACTIVE,__MISSING__,__MISSING__,__MISSING__,__MISSING__,__MISSING__,__MISSING__,__MISSING__,__MISSING__,__MISSING__,__MISSING__,__MISSING__,1383.01,1290.1500000000001,92.859999999999999,0,183,45,0,2,3,1290.1500000000001,446.23500000000001,1330.97,1238.1099999999999,92.859999999999999,0,196,2,3,1238.1099999999999,,,0,0,0,0,0,,,0,0,0,0,0,0,0,0,0,,0,0,1,0,30,4,350,0,0.84615384615384615,1,16.190000000000001,0,0,0,0,0,52.039999999999999,0.039099303515481187,0,0,52.039999999999999,0,,,1383.01,1,,,0,,,,13,,,,1,1,1,1,1,0,1,-1,-1,-1,-1,-1,-1,-1,-1,-1,-1,-1,-1,-1,-1,1,-1,-1,-1,1,0,0,0,1,1,1,1,0,0,0,0,0,0,1,0,1,0,0,1,0
RCA_000143,INVOICE,USD,APPROVED,NET30,PEOPLE,660100-PEOPLE,USD,ISSUED,PEOPLE,660100-PEOPLE,SUPPLIER,US,USD,NET30,ACH,ACTIVE,__MISSING__,__MISSING__,__MISSING__,__MISSING__,__MISSING__,__MISSING__,__MISSING__,__MISSING__,__MISSING__,__MISSING__,__MISSING__,2607.5,2434.7399999999998,172.75999999999999,0,413,30,1,2,21,2434.7399999999998,127.04000000000001,2476.2800000000002,2303.52,172.75999999999999,0,423,2,21,2303.52,,,0,0,0,0,0,,,0,0,0,0,0,0,0,0,0,,0,0,0,0,29,4,4,0,0.76923076923076916,95,71.680000000000007,0,0,0,0,0,131.22,0.052990776487311611,0,0,131.22,0,,,2607.5,1,,,0,,,,10,,,,1,1,1,1,1,0,1,-1,-1,-1,-1,-1,-1,-1,-1,-1,-1,-1,-1,-1,-1,0,-1,-1,-1,1,0,0,0,1,1,1,1,0,0,0,0,0,0,1,1,1,0,0,1,0
RCA_000144,INVOICE,USD,APPROVED,NET15,FINANCE,630100-FINANCE,USD,ISSUED,FINANCE,630100-FINANCE,SOFTWARE,US,USD,NET15,ACH,ACTIVE,__MISSING__,__MISSING__,__MISSING__,__MISSING__,__MISSING__,__MISSING__,__MISSING__,__MISSING__,__MISSING__,__MISSING__,__MISSING__,892.65999999999997,850.96000000000004,41.700000000000003,0,289,15,2,3,45,850.96000000000004,52.586666666666673,875.67999999999995,833.98000000000002,41.700000000000003,0,314,3,45,833.98000000000002,,,0,0,0,0,0,,,0,0,0,0,0,0,0,0,0,,0,0,2,0,27,4,300,0,0.92307692307692313,4,34.670000000000002,0,0,0,0,0,16.98,0.019390644984469213,0,0,16.98,0,,,892.65999999999997,1,,,0,,,,25,,,,1,1,1,1,1,0,1,-1,-1,-1,-1,-1,-1,-1,-1,-1,-1,-1,-1,-1,-1,1,-1,-1,-1,1,0,0,0,1,1,1,1,0,0,0,0,0,0,1,0,1,0,0,1,0
RCA_000148,INVOICE,USD,APPROVED,NET45,IT,680100-IT,USD,ISSUED,IT,680100-IT,SERVICES,US,USD,NET45,WIRE,ACTIVE,__MISSING__,__MISSING__,__MISSING__,__MISSING__,__MISSING__,__MISSING__,__MISSING__,__MISSING__,__MISSING__,__MISSING__,__MISSING__,7647.9700000000003,6950.8000000000002,689.66999999999996,7.5,140,45,1,3,20,6950.8000000000002,480.79999999999995,7593.8500000000004,6896.6800000000003,689.66999999999996,7.5,161,3,20,6896.6800000000003,,,0,0,0,0,0,,,0,0,0,0,0,0,0,0,0,,0,0,0,0,29,4,17,0,0.84615384615384615,5,849.75999999999999,0,0,0,0,0,54.119999999999997,0.0071268197291229083,0,0,54.119999999999997,0,,,7647.9700000000003,1,,,0,,,,21,,,,1,1,1,1,1,0,1,-1,-1,-1,-1,-1,-1,-1,-1,-1,-1,-1,-1,-1,-1,0,-1,-1,-1,1,0,0,0,1,1,1,1,0,0,0,0,0,0,1,1,1,0,0,1,0
RCA_000149,INVOICE,USD,APPROVED,NET15,ENGINEERING,610100-ENGINEERING,USD,ISSUED,ENGINEERING,610100-ENGINEERING,SUPPLIER,US,USD,NET15,WIRE,ACTIVE,__MISSING__,__MISSING__,__MISSING__,__MISSING__,__MISSING__,__MISSING__,__MISSING__,__MISSING__,__MISSING__,__MISSING__,__MISSING__,5486.0200000000004,5111.8400000000001,374.18000000000001,0,350,15,5,3,37,5111.8400000000001,143.13333333333335,5363.2399999999998,4989.0600000000004,374.18000000000001,0,350,3,37,4989.0600000000004,,,0,0,0,0,0,,,0,0,0,0,0,0,0,0,0,,0,0,2,0,31,4,64,0,0.84615384615384615,9,64.519999999999996,0,0,0,0,0,122.78,0.022892878185574391,0,0,122.78,0,,,5486.0200000000004,1,,,0,,,,0,,,,1,1,1,1,1,0,1,-1,-1,-1,-1,-1,-1,-1,-1,-1,-1,-1,-1,-1,-1,1,-1,-1,-1,1,0,0,0,1,1,1,1,0,0,0,0,0,0,1,0,1,0,0,1,0
RCA_000154,INVOICE,USD,APPROVED,NET30,SALES,640100-SALES,USD,ISSUED,SALES,640100-SALES,PROFESSIONAL,US,USD,NET30,WIRE,ACTIVE,__MISSING__,__MISSING__,__MISSING__,__MISSING__,__MISSING__,__MISSING__,__MISSING__,__MISSING__,__MISSING__,__MISSING__,__MISSING__,4805.54,4805.54,0,0,473,30,4,2,43,4805.54,104.43000000000001,4754.0500000000002,4754.0500000000002,0,0,495,2,43,4754.0500000000002,,,0,0,0,0,0,,,0,0,0,0,0,0,0,0,0,,0,0,0,0,28,4,8,0,0.76923076923076916,48,1506.4300000000001,0,0,0,0,0,51.490000000000002,0.010830765347440603,0,0,51.490000000000002,0,,,4805.54,1,,,0,,,,22,,,,1,1,1,1,1,0,1,-1,-1,-1,-1,-1,-1,-1,-1,-1,-1,-1,-1,-1,-1,0,-1,-1,-1,1,0,0,0,1,1,1,1,0,0,0,0,0,0,1,1,1,0,0,1,0
RCA_000155,INVOICE,USD,APPROVED,NET45,ENGINEERING,610100-ENGINEERING,USD,ISSUED,ENGINEERING,610100-ENGINEERING,SOFTWARE,US,USD,NET45,ACH,ACTIVE,__MISSING__,__MISSING__,__MISSING__,__MISSING__,__MISSING__,__MISSING__,__MISSING__,__MISSING__,__MISSING__,__MISSING__,__MISSING__,8815.6800000000003,8238.2399999999998,577.44000000000005,0,90,45,3,1,24,8238.2399999999998,343.25999999999999,8276.6399999999994,7699.1999999999998,577.44000000000005,0,119,1,24,7699.1999999999998,,,0,0,0,0,0,,,0,0,0,0,0,0,0,0,0,,0,0,1,0,30,4,350,0,0.92307692307692313,1,46.810000000000002,0,0,0,0,0,539.03999999999996,0.065127877979469936,0,0,539.03999999999996,0,,,8815.6800000000003,1,,,0,,,,29,,,,1,1,1,1,1,0,1,-1,-1,-1,-1,-1,-1,-1,-1,-1,-1,-1,-1,-1,-1,1,-1,-1,-1,1,0,0,0,1,1,1,1,0,0,0,0,0,0,1,0,1,0,0,1,0
RCA_000157,INVOICE,GBP,APPROVED,NET30,SALES,640100-SALES,GBP,ISSUED,SALES,640100-SALES,SOFTWARE,GB,GBP,NET30,ACH,ACTIVE,__MISSING__,__MISSING__,__MISSING__,__MISSING__,__MISSING__,__MISSING__,__MISSING__,__MISSING__,__MISSING__,__MISSING__,__MISSING__,757.27999999999997,692.54999999999995,64.730000000000004,0,215,30,1,1,15,692.54999999999995,46.170000000000002,711.98000000000002,647.25,64.730000000000004,0,236,1,15,647.25,,,0,0,0,0,0,,,0,0,0,0,0,0,0,0,0,,0,0,0,0,29,4,18,0,0.84615384615384615,27,215.47,0,0,0,0,0,45.299999999999997,0.063625382735470096,0,0,45.299999999999997,0,,,757.27999999999997,1,,,0,,,,21,,,,1,1,1,1,1,0,1,-1,-1,-1,-1,-1,-1,-1,-1,-1,-1,-1,-1,-1,-1,0,-1,-1,-1,1,0,0,0,1,1,1,1,0,0,0,0,0,0,1,1,1,0,0,1,0
RCA_000158,INVOICE,USD,APPROVED,NET15,MARKETING,650100-MARKETING,USD,ISSUED,MARKETING,650100-MARKETING,SOFTWARE,US,USD,NET15,CHECK,ACTIVE,__MISSING__,__MISSING__,__MISSING__,__MISSING__,__MISSING__,__MISSING__,__MISSING__,__MISSING__,__MISSING__,__MISSING__,__MISSING__,7200.5100000000002,6547.0500000000002,653.46000000000004,0,269,15,5,3,20,6547.0500000000002,1061.23,7188.0299999999997,6534.5699999999997,653.46000000000004,0,278,3,20,6534.5699999999997,,,0,0,0,0,0,,,0,0,0,0,0,0,0,0,0,,0,0,1,0,28,4,150,0,0.92307692307692313,2,20.609999999999999,0,0,0,0,0,12.48,0.0017362197987487531,0,0,12.48,0,,,7200.5100000000002,1,,,0,,,,9,,,,1,1,1,1,1,0,1,-1,-1,-1,-1,-1,-1,-1,-1,-1,-1,-1,-1,-1,-1,1,-1,-1,-1,1,0,0,0,1,1,1,1,0,0,0,0,0,0,1,0,1,0,0,1,0
RCA_000160,INVOICE,USD,APPROVED,NET30,LEGAL,670100-LEGAL,USD,ISSUED,LEGAL,670100-LEGAL,PROFESSIONAL,US,USD,NET30,WIRE,ACTIVE,__MISSING__,__MISSING__,__MISSING__,__MISSING__,__MISSING__,__MISSING__,__MISSING__,__MISSING__,__MISSING__,__MISSING__,__MISSING__,3989.5500000000002,3989.5500000000002,0,0,392,30,4,2,8,3989.5500000000002,719.505,3794.8800000000001,3794.8800000000001,0,0,399,2,8,3794.8800000000001,,,0,0,0,0,0,,,0,0,0,0,0,0,0,0,0,,0,0,0,0,29,4,8,0,0.76923076923076916,50,104.77,0,0,0,0,0,194.66999999999999,0.051298064760941058,0,0,194.66999999999999,0,,,3989.5500000000002,1,,,0,,,,7,,,,1,1,1,1,1,0,1,-1,-1,-1,-1,-1,-1,-1,-1,-1,-1,-1,-1,-1,-1,0,-1,-1,-1,1,0,0,0,1,1,1,1,0,0,0,0,0,0,1,1,1,0,0,1,0
RCA_000163,INVOICE,USD,APPROVED,NET30,SALES,640100-SALES,USD,ISSUED,SALES,640100-SALES,SUPPLIER,US,USD,NET30,ACH,ACTIVE,__MISSING__,__MISSING__,__MISSING__,__MISSING__,__MISSING__,__MISSING__,__MISSING__,__MISSING__,__MISSING__,__MISSING__,__MISSING__,2037.1199999999999,1873.6300000000001,134.91999999999999,28.57,123,30,3,2,20,1873.6300000000001,96.694999999999993,1962.4200000000001,1798.9300000000001,134.91999999999999,28.57,141,2,20,1798.9300000000001,,,0,0,0,0,0,,,0,0,0,0,0,0,0,0,0,,0,0,2,0,30,4,24,0,0.76923076923076916,9,139.00999999999999,0,0,0,0,0,74.700000000000003,0.038065245971810317,0,0,74.700000000000003,0,,,2037.1199999999999,1,,,0,,,,18,,,,1,1,1,1,1,0,1,-1,-1,-1,-1,-1,-1,-1,-1,-1,-1,-1,-1,-1,-1,1,-1,-1,-1,1,0,0,0,1,1,1,1,0,0,0,0,0,0,1,0,1,0,0,1,0
RCA_000164,INVOICE,USD,APPROVED,NET15,OPERATIONS,620100-OPERATIONS,USD,ISSUED,OPERATIONS,620100-OPERATIONS,SOFTWARE,US,USD,NET15,ACH,ACTIVE,__MISSING__,__MISSING__,__MISSING__,__MISSING__,__MISSING__,__MISSING__,__MISSING__,__MISSING__,__MISSING__,__MISSING__,__MISSING__,5376.3599999999997,4998.2399999999998,366.77999999999997,11.34,253,15,5,2,12,4998.2399999999998,416.51999999999998,5268.4799999999996,4890.3599999999997,366.77999999999997,11.34,258,2,12,4890.3599999999997,,,0,0,0,0,0,,,0,0,0,0,0,0,0,0,0,,0,0,2,0,27,4,300,0,0.92307692307692313,1,8.2400000000000002,0,0,0,0,0,107.88,0.020476494169096211,0,0,107.88,0,,,5376.3599999999997,1,,,0,,,,5,,,,1,1,1,1,1,0,1,-1,-1,-1,-1,-1,-1,-1,-1,-1,-1,-1,-1,-1,-1,1,-1,-1,-1,1,0,0,0,1,1,1,1,0,0,0,0,0,0,1,0,1,0,0,1,0
RCA_000166,INVOICE,GBP,APPROVED,NET45,OPERATIONS,620100-OPERATIONS,GBP,ISSUED,OPERATIONS,620100-OPERATIONS,SUPPLIER,US,GBP,NET45,ACH,ACTIVE,__MISSING__,__MISSING__,__MISSING__,__MISSING__,__MISSING__,__MISSING__,__MISSING__,__MISSING__,__MISSING__,__MISSING__,__MISSING__,3497.4499999999998,3266.7199999999998,230.72999999999999,0,411,45,0,2,10,3266.7199999999998,340,3307.0999999999999,3076.3699999999999,230.72999999999999,0,415,2,10,3076.3699999999999,,,0,0,0,0,0,,,0,0,0,0,0,0,0,0,0,,0,0,0,0,32,4,11,0,0.76923076923076916,10,766.35000000000002,0,0,0,0,0,190.34999999999999,0.057557981312932778,0,0,190.34999999999999,0,,,3497.4499999999998,1,,,0,,,,4,,,,1,1,1,1,1,0,1,-1,-1,-1,-1,-1,-1,-1,-1,-1,-1,-1,-1,-1,-1,0,-1,-1,-1,1,0,0,0,1,1,1,1,0,0,0,0,0,0,1,1,1,0,0,1,0
RCA_000167,INVOICE,CAD,APPROVED,NET30,IT,680100-IT,CAD,ISSUED,IT,680100-IT,SUPPLIER,CA,CAD,NET30,ACH,ACTIVE,__MISSING__,__MISSING__,__MISSING__,__MISSING__,__MISSING__,__MISSING__,__MISSING__,__MISSING__,__MISSING__,__MISSING__,__MISSING__,3535,3535,0,0,392,30,4,1,20,3535,176.75,3303.8000000000002,3303.8000000000002,0,0,411,1,20,3303.8000000000002,,,0,0,0,0,0,,,0,0,0,0,0,0,0,0,0,,0,0,0,0,32,4,11,0,0.84615384615384615,29,832.96000000000004,0,0,0,0,0,231.19999999999999,0.069980023003813785,0,0,231.19999999999999,0,,,3535,1,,,0,,,,19,,,,1,1,1,1,1,0,1,-1,-1,-1,-1,-1,-1,-1,-1,-1,-1,-1,-1,-1,-1,0,-1,-1,-1,1,0,0,0,1,1,1,1,0,0,0,0,0,0,1,1,1,0,0,1,0
RCA_000173,INVOICE,USD,APPROVED,NET45,ENGINEERING,610100-ENGINEERING,USD,ISSUED,ENGINEERING,610100-ENGINEERING,SERVICES,US,USD,NET45,ACH,ACTIVE,__MISSING__,__MISSING__,__MISSING__,__MISSING__,__MISSING__,__MISSING__,__MISSING__,__MISSING__,__MISSING__,__MISSING__,__MISSING__,7984.3400000000001,7435.8299999999999,548.50999999999999,0,531,45,1,2,24,7435.8299999999999,971.82500000000005,7861.9099999999999,7313.3999999999996,548.50999999999999,0,536,2,24,7313.3999999999996,,,0,0,0,0,0,,,0,0,0,0,0,0,0,0,0,,0,0,0,0,29,4,7,0,0.84615384615384615,32,220.77000000000001,0,0,0,0,0,122.43000000000001,0.015572551708172696,0,0,122.43000000000001,0,,,7984.3400000000001,1,,,0,,,,5,,,,1,1,1,1,1,0,1,-1,-1,-1,-1,-1,-1,-1,-1,-1,-1,-1,-1,-1,-1,0,-1,-1,-1,1,0,0,0,1,1,1,1,0,0,0,0,0,0,1,1,1,0,0,1,0
RCA_000176,INVOICE,USD,APPROVED,NET45,IT,680100-IT,USD,ISSUED,IT,680100-IT,SOFTWARE,US,USD,NET45,ACH,ACTIVE,__MISSING__,__MISSING__,__MISSING__,__MISSING__,__MISSING__,__MISSING__,__MISSING__,__MISSING__,__MISSING__,__MISSING__,__MISSING__,12365.129999999999,11507.07,858.05999999999995,0,450,45,1,4,57,11507.07,311.68000000000001,12298.91,11440.85,858.05999999999995,0,479,4,57,11440.85,,,0,0,0,0,0,,,0,0,0,0,0,0,0,0,0,,0,0,0,0,29,4,19,0,0.84615384615384615,6,2347.02,0,0,0,0,0,66.219999999999999,0.0053842169753254556,0,0,66.219999999999999,0,,,12365.129999999999,1,,,0,,,,29,,,,1,1,1,1,1,0,1,-1,-1,-1,-1,-1,-1,-1,-1,-1,-1,-1,-1,-1,-1,0,-1,-1,-1,1,0,0,0,1,1,1,1,0,0,0,0,0,0,1,1,1,0,0,1,0
RCA_000178,INVOICE,USD,APPROVED,NET45,IT,680100-IT,USD,ISSUED,IT,680100-IT,SOFTWARE,US,USD,NET45,ACH,ACTIVE,__MISSING__,__MISSING__,__MISSING__,__MISSING__,__MISSING__,__MISSING__,__MISSING__,__MISSING__,__MISSING__,__MISSING__,__MISSING__,6861.6400000000003,6249.6999999999998,611.94000000000005,0,150,45,1,2,24,6249.6999999999998,284.02499999999998,6731.3000000000002,6119.3599999999997,611.94000000000005,0,154,2,24,6119.3599999999997,,,0,0,0,0,0,,,0,0,0,0,0,0,0,0,0,,0,0,1,0,30,4,350,0,0.92307692307692313,0,1.55,0,0,0,0,0,130.34,0.019363273067609526,0,0,130.34,0,,,6861.6400000000003,1,,,0,,,,4,,,,1,1,1,1,1,0,1,-1,-1,-1,-1,-1,-1,-1,-1,-1,-1,-1,-1,-1,-1,1,-1,-1,-1,1,0,0,0,1,1,1,1,0,0,0,0,0,0,1,0,1,0,0,1,0
RCA_000180,INVOICE,EUR,APPROVED,NET60,LEGAL,670100-LEGAL,EUR,ISSUED,LEGAL,670100-LEGAL,SUPPLIER,DE,EUR,NET60,ACH,ACTIVE,__MISSING__,__MISSING__,__MISSING__,__MISSING__,__MISSING__,__MISSING__,__MISSING__,__MISSING__,__MISSING__,__MISSING__,__MISSING__,5434.29,5078.3400000000001,355.94999999999999,0,100,60,3,1,18,5078.3400000000001,282.13,5102.0100000000002,4746.0600000000004,355.94999999999999,0,126,1,18,4746.0600000000004,,,0,0,0,0,0,,,0,0,0,0,0,0,0,0,0,,0,0,0,0,29,4,5,0,0.76923076923076916,4,1031.3800000000001,0,0,0,0,0,332.27999999999997,0.065127273368731142,0,0,332.27999999999997,0,,,5434.29,1,,,0,,,,26,,,,1,1,1,1,1,0,1,-1,-1,-1,-1,-1,-1,-1,-1,-1,-1,-1,-1,-1,-1,0,-1,-1,-1,1,0,0,0,1,1,1,1,0,0,0,0,0,0,1,1,1,0,0,1,0
RCA_000181,INVOICE,EUR,APPROVED,NET45,PEOPLE,660100-PEOPLE,EUR,ISSUED,PEOPLE,660100-PEOPLE,SOFTWARE,DE,EUR,NET45,WIRE,ACTIVE,__MISSING__,__MISSING__,__MISSING__,__MISSING__,__MISSING__,__MISSING__,__MISSING__,__MISSING__,__MISSING__,__MISSING__,__MISSING__,2902.5100000000002,2627.3099999999999,251.21000000000001,23.989999999999998,85,45,4,2,4,2627.3099999999999,726.32500000000005,2787.25,2512.0500000000002,251.21000000000001,23.989999999999998,92,2,4,2512.0500000000002,,,0,0,0,0,0,,,0,0,0,0,0,0,0,0,0,,0,0,0,0,29,4,8,0,0.76923076923076916,19,460.54000000000002,0,0,0,0,0,115.26000000000001,0.041352587676024753,0,0,115.26000000000001,0,,,2902.5100000000002,1,,,0,,,,7,,,,1,1,1,1,1,0,1,-1,-1,-1,-1,-1,-1,-1,-1,-1,-1,-1,-1,-1,-1,0,-1,-1,-1,1,0,0,0,1,1,1,1,0,0,0,0,0,0,1,1,1,0,0,1,0
RCA_000183,INVOICE,EUR,APPROVED,NET45,ENGINEERING,610100-ENGINEERING,EUR,ISSUED,ENGINEERING,610100-ENGINEERING,SUPPLIER,DE,EUR,NET45,ACH,ACTIVE,__MISSING__,__MISSING__,__MISSING__,__MISSING__,__MISSING__,__MISSING__,__MISSING__,__MISSING__,__MISSING__,__MISSING__,__MISSING__,12109.690000000001,11023.43,1086.26,0,280,45,3,3,25,11023.43,666.65999999999997,11948.85,10862.59,1086.26,0,298,3,25,10862.59,,,0,0,0,0,0,,,0,0,0,0,0,0,0,0,0,,0,0,0,0,31,4,24,0,0.84615384615384615,27,770.50999999999999,0,0,0,0,0,160.84,0.013460709608037594,0,0,160.84,0,,,12109.690000000001,1,,,0,,,,18,,,,1,1,1,1,1,0,1,-1,-1,-1,-1,-1,-1,-1,-1,-1,-1,-1,-1,-1,-1,0,-1,-1,-1,1,0,0,0,1,1,1,1,0,0,0,0,0,0,1,1,1,0,0,1,0
RCA_000184,INVOICE,USD,APPROVED,NET30,MARKETING,650100-MARKETING,USD,ISSUED,MARKETING,650100-MARKETING,PROFESSIONAL,US,USD,NET30,VIRTUAL_CARD,ACTIVE,__MISSING__,__MISSING__,__MISSING__,__MISSING__,__MISSING__,__MISSING__,__MISSING__,__MISSING__,__MISSING__,__MISSING__,__MISSING__,15156.17,14120.82,1035.3499999999999,0,367,30,4,3,50,14120.82,256.42666666666668,14839.969999999999,13804.620000000001,1035.3499999999999,0,374,3,50,13804.620000000001,,,0,0,0,0,0,,,0,0,0,0,0,0,0,0,0,,0,0,1,0,29,4,22,0,0.84615384615384615,2,788.78999999999996,0,0,0,0,0,316.19999999999999,0.021307320702130799,0,0,316.19999999999999,0,,,15156.17,1,,,0,,,,7,,,,1,1,1,1,1,0,1,-1,-1,-1,-1,-1,-1,-1,-1,-1,-1,-1,-1,-1,-1,1,-1,-1,-1,1,0,0,0,1,1,1,1,0,0,0,0,0,0,1,0,1,0,0,1,0
RCA_000185,INVOICE,USD,APPROVED,NET30,ENGINEERING,610100-ENGINEERING,USD,ISSUED,ENGINEERING,610100-ENGINEERING,SOFTWARE,US,USD,NET30,ACH,ACTIVE,__MISSING__,__MISSING__,__MISSING__,__MISSING__,__MISSING__,__MISSING__,__MISSING__,__MISSING__,__MISSING__,__MISSING__,__MISSING__,3140.0700000000002,2925.48,214.59,0,464,30,4,2,19,2925.48,302.745,3075.79,2861.1999999999998,214.59,0,490,2,19,2861.1999999999998,,,0,0,0,0,0,,,0,0,0,0,0,0,0,0,0,,0,0,0,0,30,4,42,0,0.92307692307692313,6,18.43,0,0,0,0,0,64.280000000000001,0.020898695944781664,0,0,64.280000000000001,0,,,3140.0700000000002,1,,,0,,,,26,,,,1,1,1,1,1,0,1,-1,-1,-1,-1,-1,-1,-1,-1,-1,-1,-1,-1,-1,-1,0,-1,-1,-1,1,0,0,0,1,1,1,1,0,0,0,0,0,0,1,1,1,0,0,1,0
RCA_000187,INVOICE,USD,APPROVED,NET30,PEOPLE,660100-PEOPLE,USD,ISSUED,PEOPLE,660100-PEOPLE,SERVICES,US,USD,NET30,WIRE,ACTIVE,__MISSING__,__MISSING__,__MISSING__,__MISSING__,__MISSING__,__MISSING__,__MISSING__,__MISSING__,__MISSING__,__MISSING__,__MISSING__,7309.8400000000001,6677.8800000000001,624.10000000000002,7.8600000000000003,128,30,2,1,22,6677.8800000000001,303.54000000000002,6872.9200000000001,6240.96,624.10000000000002,7.8600000000000003,134,1,22,6240.96,,,0,0,0,0,0,,,0,0,0,0,0,0,0,0,0,,0,0,0,0,29,4,29,0,0.84615384615384615,2,82.840000000000003,0,0,0,0,0,436.92000000000002,0.063571233187640769,0,0,436.92000000000002,0,,,7309.8400000000001,1,,,0,,,,6,,,,1,1,1,1,1,0,1,-1,-1,-1,-1,-1,-1,-1,-1,-1,-1,-1,-1,-1,-1,0,-1,-1,-1,1,0,0,0,1,1,1,1,0,0,0,0,0,0,1,1,1,0,0,1,0
RCA_000190,INVOICE,USD,APPROVED,NET45,OPERATIONS,620100-OPERATIONS,USD,ISSUED,OPERATIONS,620100-OPERATIONS,SERVICES,US,USD,NET45,ACH,ACTIVE,__MISSING__,__MISSING__,__MISSING__,__MISSING__,__MISSING__,__MISSING__,__MISSING__,__MISSING__,__MISSING__,__MISSING__,__MISSING__,8472.7900000000009,7901.6400000000003,571.14999999999998,0,131,45,4,2,39,7901.6400000000003,208.83500000000001,8186.5100000000002,7615.3599999999997,571.14999999999998,0,157,2,39,7615.3599999999997,,,0,0,0,0,0,,,0,0,0,0,0,0,0,0,0,,0,0,2,0,30,4,135,0,0.84615384615384615,1,3.6299999999999999,0,0,0,0,0,286.27999999999997,0.034969724583491624,0,0,286.27999999999997,0,,,8472.7900000000009,1,,,0,,,,26,,,,1,1,1,1,1,0,1,-1,-1,-1,-1,-1,-1,-1,-1,-1,-1,-1,-1,-1,-1,1,-1,-1,-1,1,0,0,0,1,1,1,1,0,0,0,0,0,0,1,0,1,0,0,1,0
RCA_000191,INVOICE,CAD,APPROVED,NET15,PEOPLE,660100-PEOPLE,CAD,ISSUED,PEOPLE,660100-PEOPLE,SUPPLIER,CA,CAD,NET15,WIRE,ACTIVE,__MISSING__,__MISSING__,__MISSING__,__MISSING__,__MISSING__,__MISSING__,__MISSING__,__MISSING__,__MISSING__,__MISSING__,__MISSING__,621.53999999999996,544.49000000000001,38.710000000000001,38.340000000000003,300,15,1,2,15,544.49000000000001,35.020000000000003,593.13999999999999,516.09000000000003,38.710000000000001,38.340000000000003,329,2,15,516.09000000000003,,,0,0,0,0,0,,,0,0,0,0,0,0,0,0,0,,0,0,0,0,31,4,6,0,0.84615384615384615,75,1393.5599999999999,0,0,0,0,0,28.399999999999999,0.04788077013858448,0,0,28.399999999999999,0,,,621.53999999999996,1,,,0,,,,29,,,,1,1,1,1,1,0,1,-1,-1,-1,-1,-1,-1,-1,-1,-1,-1,-1,-1,-1,-1,0,-1,-1,-1,1,0,0,0,1,1,1,1,0,0,0,0,0,0,1,1,1,0,0,1,0
RCA_000192,INVOICE,USD,APPROVED,NET45,SALES,640100-SALES,USD,ISSUED,SALES,640100-SALES,SUPPLIER,US,USD,NET45,ACH,ACTIVE,__MISSING__,__MISSING__,__MISSING__,__MISSING__,__MISSING__,__MISSING__,__MISSING__,__MISSING__,__MISSING__,__MISSING__,__MISSING__,1103.8199999999999,1031.52,72.299999999999997,0,233,45,5,1,4,1031.52,257.88,1036.3399999999999,964.03999999999996,72.299999999999997,0,236,1,4,964.03999999999996,,,0,0,0,0,0,,,0,0,0,0,0,0,0,0,0,,0,0,0,0,33,4,8,0,0.76923076923076916,19,436.48000000000002,0,0,0,0,0,67.480000000000004,0.065113765752552247,0,0,67.480000000000004,0,,,1103.8199999999999,1,,,0,,,,3,,,,1,1,1,1,1,0,1,-1,-1,-1,-1,-1,-1,-1,-1,-1,-1,-1,-1,-1,-1,0,-1,-1,-1,1,0,0,0,1,1,1,1,0,0,0,0,0,0,1,1,1,0,0,1,0
RCA_000193,INVOICE,USD,APPROVED,NET15,PEOPLE,660100-PEOPLE,USD,ISSUED,PEOPLE,660100-PEOPLE,SUPPLIER,US,USD,NET15,ACH,ACTIVE,__MISSING__,__MISSING__,__MISSING__,__MISSING__,__MISSING__,__MISSING__,__MISSING__,__MISSING__,__MISSING__,__MISSING__,__MISSING__,352.33999999999997,322.23000000000002,30.109999999999999,0,148,15,2,1,23,322.23000000000002,14.01,331.18000000000001,301.06999999999999,30.109999999999999,0,154,1,23,301.06999999999999,,,0,0,0,0,0,,,0,0,0,0,0,0,0,0,0,,0,0,1,0,31,4,64,0,0.84615384615384615,9,298.16000000000003,0,0,0,0,0,21.16,0.063892747146566828,0,0,21.16,0,,,352.33999999999997,1,,,0,,,,6,,,,1,1,1,1,1,0,1,-1,-1,-1,-1,-1,-1,-1,-1,-1,-1,-1,-1,-1,-1,1,-1,-1,-1,1,0,0,0,1,1,1,1,0,0,0,0,0,0,1,0,1,0,0,1,0
RCA_000194,INVOICE,USD,APPROVED,NET30,FINANCE,630100-FINANCE,USD,ISSUED,FINANCE,630100-FINANCE,SOFTWARE,US,USD,NET30,ACH,ACTIVE,__MISSING__,__MISSING__,__MISSING__,__MISSING__,__MISSING__,__MISSING__,__MISSING__,__MISSING__,__MISSING__,__MISSING__,__MISSING__,8732.5100000000002,8340.2000000000007,392.31,0,219,30,5,2,20,8340.2000000000007,592.87,8238.5100000000002,7846.1999999999998,392.31,0,223,2,20,7846.1999999999998,,,0,0,0,0,0,,,0,0,0,0,0,0,0,0,0,,0,0,1,0,30,4,31,0,0.84615384615384615,8,144.93000000000001,0,0,0,0,0,494,0.059962299007951678,0,0,494,0,,,8732.5100000000002,1,,,0,,,,4,,,,1,1,1,1,1,0,1,-1,-1,-1,-1,-1,-1,-1,-1,-1,-1,-1,-1,-1,-1,1,-1,-1,-1,1,0,0,0,1,1,1,1,0,0,0,0,0,0,1,0,1,0,0,1,0
RCA_000195,INVOICE,USD,APPROVED,NET60,MARKETING,650100-MARKETING,USD,ISSUED,MARKETING,650100-MARKETING,SERVICES,US,USD,NET60,ACH,ACTIVE,__MISSING__,__MISSING__,__MISSING__,__MISSING__,__MISSING__,__MISSING__,__MISSING__,__MISSING__,__MISSING__,__MISSING__,__MISSING__,2400.1399999999999,2366.46,0,33.68,188,60,5,1,18,2366.46,131.47,2245.3400000000001,2211.6599999999999,0,33.68,197,1,18,2211.6599999999999,,,0,0,0,0,0,,,0,0,0,0,0,0,0,0,0,,0,0,1,0,30,4,43,0,0.84615384615384615,5,106.41,0,0,0,0,0,154.80000000000001,0.068942788174619435,0,0,154.80000000000001,0,,,2400.1399999999999,1,,,0,,,,9,,,,1,1,1,1,1,0,1,-1,-1,-1,-1,-1,-1,-1,-1,-1,-1,-1,-1,-1,-1,1,-1,-1,-1,1,0,0,0,1,1,1,1,0,0,0,0,0,0,1,0,1,0,0,1,0
RCA_000196,INVOICE,USD,APPROVED,NET15,IT,680100-IT,USD,ISSUED,IT,680100-IT,SUPPLIER,US,USD,NET15,WIRE,ACTIVE,__MISSING__,__MISSING__,__MISSING__,__MISSING__,__MISSING__,__MISSING__,__MISSING__,__MISSING__,__MISSING__,__MISSING__,__MISSING__,10272.41,9381.9599999999991,876.80999999999995,13.640000000000001,493,15,4,1,21,9381.9599999999991,446.75999999999999,9658.5799999999999,8768.1299999999992,876.80999999999995,13.640000000000001,514,1,21,8768.1299999999992,,,0,0,0,0,0,,,0,0,0,0,0,0,0,0,0,,0,0,2,0,31,4,64,0,0.92307692307692313,4,142.97999999999999,0,0,0,0,0,613.83000000000004,0.063552820393888126,0,0,613.83000000000004,0,,,10272.41,1,,,0,,,,21,,,,1,1,1,1,1,0,1,-1,-1,-1,-1,-1,-1,-1,-1,-1,-1,-1,-1,-1,-1,1,-1,-1,-1,1,0,0,0,1,1,1,1,0,0,0,0,0,0,1,0,1,0,0,1,0
RCA_000197,INVOICE,USD,APPROVED,NET45,FINANCE,630100-FINANCE,USD,ISSUED,FINANCE,630100-FINANCE,SUPPLIER,US,USD,NET45,ACH,ACTIVE,__MISSING__,__MISSING__,__MISSING__,__MISSING__,__MISSING__,__MISSING__,__MISSING__,__MISSING__,__MISSING__,__MISSING__,__MISSING__,1121.78,1045.76,76.019999999999996,0,84,45,3,3,28,1045.76,57.923333333333325,1089.6800000000001,1013.66,76.019999999999996,0,114,3,28,1013.66,,,0,0,0,0,0,,,0,0,0,0,0,0,0,0,0,,0,0,0,0,29,4,8,0,0.84615384615384615,29,612.64999999999998,0,0,0,0,0,32.100000000000001,0.029458189560237869,0,0,32.100000000000001,0,,,1121.78,1,,,0,,,,30,,,,1,1,1,1,1,0,1,-1,-1,-1,-1,-1,-1,-1,-1,-1,-1,-1,-1,-1,-1,0,-1,-1,-1,1,0,0,0,1,1,1,1,0,0,0,0,0,0,1,1,1,0,0,1,0
RCA_000198,INVOICE,CAD,APPROVED,NET30,IT,680100-IT,CAD,ISSUED,IT,680100-IT,PROFESSIONAL,US,CAD,NET30,WIRE,ACTIVE,__MISSING__,__MISSING__,__MISSING__,__MISSING__,__MISSING__,__MISSING__,__MISSING__,__MISSING__,__MISSING__,__MISSING__,__MISSING__,14529.09,13541.35,987.74000000000001,0,113,30,5,2,32,13541.35,486.375,14157.66,13169.92,987.74000000000001,0,141,2,32,13169.92,,,0,0,0,0,0,,,0,0,0,0,0,0,0,0,0,,0,0,0,0,31,4,7,0,0.76923076923076916,48,4948.4399999999996,0,0,0,0,0,371.43000000000001,0.026235267692542412,0,0,371.43000000000001,0,,,14529.09,1,,,0,,,,28,,,,1,1,1,1,1,0,1,-1,-1,-1,-1,-1,-1,-1,-1,-1,-1,-1,-1,-1,-1,0,-1,-1,-1,1,0,0,0,1,1,1,1,0,0,0,0,0,0,1,1,1,0,0,1,0
RCA_000200,INVOICE,EUR,APPROVED,NET30,IT,680100-IT,EUR,ISSUED,IT,680100-IT,PROFESSIONAL,DE,EUR,NET30,ACH,ACTIVE,__MISSING__,__MISSING__,__MISSING__,__MISSING__,__MISSING__,__MISSING__,__MISSING__,__MISSING__,__MISSING__,__MISSING__,__MISSING__,850.98000000000002,795.24000000000001,55.740000000000002,0,329,30,5,1,18,795.24000000000001,44.18,798.96000000000004,743.22000000000003,55.740000000000002,0,345,1,18,743.22000000000003,,,0,0,0,0,0,,,0,0,0,0,0,0,0,0,0,,0,0,0,0,31,4,46,0,0.84615384615384615,13,91.069999999999993,0,0,0,0,0,52.020000000000003,0.065109642535295886,0,0,52.020000000000003,0,,,850.98000000000002,1,,,0,,,,16,,,,1,1,1,1,1,0,1,-1,-1,-1,-1,-1,-1,-1,-1,-1,-1,-1,-1,-1,-1,0,-1,-1,-1,1,0,0,0,1,1,1,1,0,0,0,0,0,0,1,1,1,0,0,1,0
RCA_000201,INVOICE,USD,APPROVED,NET15,ENGINEERING,610100-ENGINEERING,USD,ISSUED,ENGINEERING,610100-ENGINEERING,PROFESSIONAL,US,USD,NET15,ACH,ACTIVE,__MISSING__,__MISSING__,__MISSING__,__MISSING__,__MISSING__,__MISSING__,__MISSING__,__MISSING__,__MISSING__,__MISSING__,__MISSING__,11685.969999999999,10623.610000000001,1062.3599999999999,0,70,15,1,4,46,10623.610000000001,1645.6375,11685.969999999999,10623.610000000001,1062.3599999999999,0,99,4,58,10623.610000000001,,,0,0,0,0,0,,,0,0,0,0,0,0,0,0,0,,0,0,0,0,31,4,9,0,0.76923076923076916,6,1079.97,0,0,0,0,0,0,0,0,0,0,12,,,11685.969999999999,1,,,0,,,,29,,,,1,1,1,1,1,0,0,-1,-1,-1,-1,-1,-1,-1,-1,-1,-1,-1,-1,-1,-1,0,-1,-1,-1,1,0,0,0,1,1,1,1,0,0,0,0,0,0,1,1,1,0,0,1,0
RCA_000202,INVOICE,USD,APPROVED,NET15,ENGINEERING,610100-ENGINEERING,USD,ISSUED,ENGINEERING,610100-ENGINEERING,SOFTWARE,US,USD,NET15,ACH,ACTIVE,__MISSING__,__MISSING__,__MISSING__,__MISSING__,__MISSING__,__MISSING__,__MISSING__,__MISSING__,__MISSING__,__MISSING__,__MISSING__,4115.1700000000001,3818.0900000000001,286.36000000000001,10.720000000000001,321,15,3,2,14,3818.0900000000001,1015.465,4115.1700000000001,3818.0900000000001,286.36000000000001,10.720000000000001,321,2,23,3818.0900000000001,,,0,0,0,0,0,,,0,0,0,0,0,0,0,0,0,,0,0,2,0,27,4,300,0,0.92307692307692313,0,14.699999999999999,0,0,0,0,0,0,0,0,0,0,9,,,4115.1700000000001,1,,,0,,,,0,,,,1,1,1,1,1,0,0,-1,-1,-1,-1,-1,-1,-1,-1,-1,-1,-1,-1,-1,-1,1,-1,-1,-1,1,0,0,0,1,1,1,1,0,0,0,0,0,0,1,0,1,0,0,1,0
RCA_000203,INVOICE,EUR,APPROVED,NET30,IT,680100-IT,EUR,ISSUED,IT,680100-IT,SUPPLIER,DE,EUR,NET30,WIRE,ACTIVE,__MISSING__,__MISSING__,__MISSING__,__MISSING__,__MISSING__,__MISSING__,__MISSING__,__MISSING__,__MISSING__,__MISSING__,__MISSING__,8179.3199999999997,7592.7299999999996,569.45000000000005,17.140000000000001,290,30,5,4,69,7592.7299999999996,252.73750000000001,8179.3199999999997,7592.7299999999996,569.45000000000005,17.140000000000001,290,4,82,7592.7299999999996,,,0,0,0,0,0,,,0,0,0,0,0,0,0,0,0,,0,0,0,0,30,4,4,0,0.76923076923076916,3,767.80999999999995,0,0,0,0,0,0,0,0,0,0,13,,,8179.3199999999997,1,,,0,,,,0,,,,1,1,1,1,1,0,0,-1,-1,-1,-1,-1,-1,-1,-1,-1,-1,-1,-1,-1,-1,0,-1,-1,-1,1,0,0,0,1,1,1,1,0,0,0,0,0,0,1,1,1,0,0,1,0
RCA_000205,INVOICE,USD,APPROVED,NET30,FINANCE,630100-FINANCE,USD,ISSUED,FINANCE,630100-FINANCE,SUPPLIER,US,USD,NET30,ACH,ACTIVE,__MISSING__,__MISSING__,__MISSING__,__MISSING__,__MISSING__,__MISSING__,__MISSING__,__MISSING__,__MISSING__,__MISSING__,__MISSING__,5414.3999999999996,4922.1800000000003,492.22000000000003,0,168,30,3,2,20,4922.1800000000003,574.96000000000004,5414.3999999999996,4922.1800000000003,492.22000000000003,0,169,2,34,4922.1800000000003,,,0,0,0,0,0,,,0,0,0,0,0,0,0,0,0,,0,0,0,0,30,4,12,0,0.76923076923076916,37,274.76999999999998,0,0,0,0,0,0,0,0,0,0,14,,,5414.3999999999996,1,,,0,,,,1,,,,1,1,1,1,1,0,0,-1,-1,-1,-1,-1,-1,-1,-1,-1,-1,-1,-1,-1,-1,0,-1,-1,-1,1,0,0,0,1,1,1,1,0,0,0,0,0,0,1,1,1,0,0,1,0
RCA_000207,INVOICE,USD,APPROVED,NET30,MARKETING,650100-MARKETING,USD,ISSUED,MARKETING,650100-MARKETING,SOFTWARE,US,USD,NET30,ACH,ACTIVE,__MISSING__,__MISSING__,__MISSING__,__MISSING__,__MISSING__,__MISSING__,__MISSING__,__MISSING__,__MISSING__,__MISSING__,__MISSING__,1714.0699999999999,1528.6600000000001,114.65000000000001,70.760000000000005,112,30,3,3,23,1528.6600000000001,209.34333333333333,1714.0699999999999,1528.6600000000001,114.65000000000001,70.760000000000005,142,3,46,1528.6600000000001,,,0,0,0,0,0,,,0,0,0,0,0,0,0,0,0,,0,0,1,0,30,4,31,0,0.84615384615384615,8,19.199999999999999,0,0,0,0,0,0,0,0,0,0,23,,,1714.0699999999999,1,,,0,,,,30,,,,1,1,1,1,1,0,0,-1,-1,-1,-1,-1,-1,-1,-1,-1,-1,-1,-1,-1,-1,1,-1,-1,-1,1,0,0,0,1,1,1,1,0,0,0,0,0,0,1,0,1,0,0,1,0
RCA_000208,INVOICE,USD,APPROVED,NET45,OPERATIONS,620100-OPERATIONS,USD,ISSUED,OPERATIONS,620100-OPERATIONS,SUPPLIER,US,USD,NET45,ACH,ACTIVE,__MISSING__,__MISSING__,__MISSING__,__MISSING__,__MISSING__,__MISSING__,__MISSING__,__MISSING__,__MISSING__,__MISSING__,__MISSING__,1705.22,1586.25,118.97,0,256,45,5,1,1,1586.25,1586.25,1705.22,1586.25,118.97,0,286,1,5,1586.25,,,0,0,0,0,0,,,0,0,0,0,0,0,0,0,0,,0,0,0,0,30,4,11,0,0.76923076923076916,49,177.18000000000001,0,0,0,0,0,0,0,0,0,0,4,,,1705.22,1,,,0,,,,30,,,,1,1,1,1,1,0,0,-1,-1,-1,-1,-1,-1,-1,-1,-1,-1,-1,-1,-1,-1,0,-1,-1,-1,1,0,0,0,1,1,1,1,0,0,0,0,0,0,1,1,1,0,0,1,0
RCA_000213,INVOICE,USD,APPROVED,NET60,IT,680100-IT,USD,ISSUED,IT,680100-IT,PROFESSIONAL,US,USD,NET60,ACH,ACTIVE,__MISSING__,__MISSING__,__MISSING__,__MISSING__,__MISSING__,__MISSING__,__MISSING__,__MISSING__,__MISSING__,__MISSING__,__MISSING__,19201.689999999999,17839.400000000001,1337.96,24.329999999999998,230,60,5,2,8,17839.400000000001,4747.8699999999999,19201.689999999999,17839.400000000001,1337.96,24.329999999999998,237,2,16,17839.400000000001,,,0,0,0,0,0,,,0,0,0,0,0,0,0,0,0,,0,0,0,0,29,4,51,0,0.84615384615384615,13,245.22999999999999,0,0,0,0,0,0,0,0,0,0,8,,,19201.689999999999,1,,,0,,,,7,,,,1,1,1,1,1,0,0,-1,-1,-1,-1,-1,-1,-1,-1,-1,-1,-1,-1,-1,-1,0,-1,-1,-1,1,0,0,0,1,1,1,1,0,0,0,0,0,0,1,1,1,0,0,1,0
RCA_000218,INVOICE,EUR,APPROVED,NET15,SALES,640100-SALES,EUR,ISSUED,SALES,640100-SALES,SUPPLIER,DE,EUR,NET15,WIRE,ACTIVE,__MISSING__,__MISSING__,__MISSING__,__MISSING__,__MISSING__,__MISSING__,__MISSING__,__MISSING__,__MISSING__,__MISSING__,__MISSING__,4369.54,4369.54,0,0,429,15,5,2,19,4369.54,486.63999999999999,4369.54,4369.54,0,0,454,2,20,4369.54,,,0,0,0,0,0,,,0,0,0,0,0,0,0,0,0,,0,0,1,0,35,4,32,0,0.76923076923076916,3,487.17000000000002,0,0,0,0,0,0,0,0,0,0,1,,,4369.54,1,,,0,,,,25,,,,1,1,1,1,1,0,0,-1,-1,-1,-1,-1,-1,-1,-1,-1,-1,-1,-1,-1,-1,1,-1,-1,-1,1,0,0,0,1,1,1,1,0,0,0,0,0,0,1,0,1,0,0,1,0
RCA_000220,INVOICE,USD,APPROVED,NET30,IT,680100-IT,USD,ISSUED,IT,680100-IT,SERVICES,US,USD,NET30,CHECK,ACTIVE,__MISSING__,__MISSING__,__MISSING__,__MISSING__,__MISSING__,__MISSING__,__MISSING__,__MISSING__,__MISSING__,__MISSING__,__MISSING__,17749.110000000001,17726.689999999999,0,22.420000000000002,512,30,1,4,34,17726.689999999999,2234.585,17749.110000000001,17726.689999999999,0,22.420000000000002,515,4,56,17726.689999999999,,,0,0,0,0,0,,,0,0,0,0,0,0,0,0,0,,0,0,0,0,32,4,7,0,0.76923076923076916,19,1617.5799999999999,0,0,0,0,0,0,0,0,0,0,22,,,17749.110000000001,1,,,0,,,,3,,,,1,1,1,1,1,0,0,-1,-1,-1,-1,-1,-1,-1,-1,-1,-1,-1,-1,-1,-1,0,-1,-1,-1,1,0,0,0,1,1,1,1,0,0,0,0,0,0,1,1,1,0,0,1,0
RCA_000223,INVOICE,USD,APPROVED,NET30,OPERATIONS,620100-OPERATIONS,USD,ISSUED,OPERATIONS,620100-OPERATIONS,SOFTWARE,US,USD,NET30,ACH,ACTIVE,__MISSING__,__MISSING__,__MISSING__,__MISSING__,__MISSING__,__MISSING__,__MISSING__,__MISSING__,__MISSING__,__MISSING__,__MISSING__,6286.6899999999996,5848.0799999999999,438.61000000000001,0,281,30,2,3,23,5848.0799999999999,1657.9766666666667,6286.6899999999996,5848.0799999999999,438.61000000000001,0,294,3,43,5848.0799999999999,,,0,0,0,0,0,,,0,0,0,0,0,0,0,0,0,,0,0,0,0,29,4,14,0,0.84615384615384615,8,195.03,0,0,0,0,0,0,0,0,0,0,20,,,6286.6899999999996,1,,,0,,,,13,,,,1,1,1,1,1,0,0,-1,-1,-1,-1,-1,-1,-1,-1,-1,-1,-1,-1,-1,-1,0,-1,-1,-1,1,0,0,0,1,1,1,1,0,0,0,0,0,0,1,1,1,0,0,1,0
RCA_000224,INVOICE,USD,APPROVED,NET30,ENGINEERING,610100-ENGINEERING,USD,ISSUED,ENGINEERING,610100-ENGINEERING,SERVICES,US,USD,NET30,ACH,ACTIVE,__MISSING__,__MISSING__,__MISSING__,__MISSING__,__MISSING__,__MISSING__,__MISSING__,__MISSING__,__MISSING__,__MISSING__,__MISSING__,1646.8299999999999,1515.0599999999999,113.63,18.140000000000001,419,30,3,3,12,1515.0599999999999,233.91,1646.8299999999999,1515.0599999999999,113.63,18.140000000000001,441,3,29,1515.0599999999999,,,0,0,0,0,0,,,0,0,0,0,0,0,0,0,0,,0,0,0,0,30,4,9,0,0.84615384615384615,28,337.06999999999999,0,0,0,0,0,0,0,0,0,0,17,,,1646.8299999999999,1,,,0,,,,22,,,,1,1,1,1,1,0,0,-1,-1,-1,-1,-1,-1,-1,-1,-1,-1,-1,-1,-1,-1,0,-1,-1,-1,1,0,0,0,1,1,1,1,0,0,0,0,0,0,1,1,1,0,0,1,0
RCA_000226,INVOICE,CAD,APPROVED,NET30,MARKETING,650100-MARKETING,CAD,ISSUED,MARKETING,650100-MARKETING,SUPPLIER,CA,CAD,NET30,ACH,ACTIVE,__MISSING__,__MISSING__,__MISSING__,__MISSING__,__MISSING__,__MISSING__,__MISSING__,__MISSING__,__MISSING__,__MISSING__,__MISSING__,1626.6700000000001,1626.6700000000001,0,0,421,30,5,3,41,1626.6700000000001,177.09666666666666,1626.6700000000001,1626.6700000000001,0,0,427,3,47,1626.6700000000001,,,0,0,0,0,0,,,0,0,0,0,0,0,0,0,0,,0,0,0,0,32,4,11,0,0.84615384615384615,29,238.75,0,0,0,0,0,0,0,0,0,0,6,,,1626.6700000000001,1,,,0,,,,6,,,,1,1,1,1,1,0,0,-1,-1,-1,-1,-1,-1,-1,-1,-1,-1,-1,-1,-1,-1,0,-1,-1,-1,1,0,0,0,1,1,1,1,0,0,0,0,0,0,1,1,1,0,0,1,0
RCA_000227,INVOICE,USD,APPROVED,NET15,FINANCE,630100-FINANCE,USD,ISSUED,FINANCE,630100-FINANCE,SOFTWARE,US,USD,NET15,ACH,ACTIVE,__MISSING__,__MISSING__,__MISSING__,__MISSING__,__MISSING__,__MISSING__,__MISSING__,__MISSING__,__MISSING__,__MISSING__,__MISSING__,1280.72,1280.72,0,0,495,15,4,2,15,1280.72,66.409999999999997,1280.72,1280.72,0,0,518,2,35,1280.72,,,0,0,0,0,0,,,0,0,0,0,0,0,0,0,0,,0,0,0,0,32,4,12,0,0.84615384615384615,3,247.11000000000001,0,0,0,0,0,0,0,0,0,0,20,,,1280.72,1,,,0,,,,23,,,,1,1,1,1,1,0,0,-1,-1,-1,-1,-1,-1,-1,-1,-1,-1,-1,-1,-1,-1,0,-1,-1,-1,1,0,0,0,1,1,1,1,0,0,0,0,0,0,1,1,1,0,0,1,0
RCA_000229,INVOICE,USD,APPROVED,NET45,ENGINEERING,610100-ENGINEERING,USD,ISSUED,ENGINEERING,610100-ENGINEERING,SOFTWARE,US,USD,NET45,ACH,ACTIVE,__MISSING__,__MISSING__,__MISSING__,__MISSING__,__MISSING__,__MISSING__,__MISSING__,__MISSING__,__MISSING__,__MISSING__,__MISSING__,6860.0900000000001,6533.4200000000001,326.67000000000002,0,333,45,2,3,15,6533.4200000000001,1418.5466666666664,6860.0900000000001,6533.4200000000001,326.67000000000002,0,347,3,36,6533.4200000000001,,,0,0,0,0,0,,,0,0,0,0,0,0,0,0,0,,0,0,1,0,30,4,350,0,0.92307692307692313,1,1.55,0,0,0,0,0,0,0,0,0,0,21,,,6860.0900000000001,1,,,0,,,,14,,,,1,1,1,1,1,0,0,-1,-1,-1,-1,-1,-1,-1,-1,-1,-1,-1,-1,-1,-1,1,-1,-1,-1,1,0,0,0,1,1,1,1,0,0,0,0,0,0,1,0,1,0,0,1,0
RCA_000230,INVOICE,USD,APPROVED,NET30,FINANCE,630100-FINANCE,USD,ISSUED,FINANCE,630100-FINANCE,SOFTWARE,US,USD,NET30,ACH,ACTIVE,__MISSING__,__MISSING__,__MISSING__,__MISSING__,__MISSING__,__MISSING__,__MISSING__,__MISSING__,__MISSING__,__MISSING__,__MISSING__,6716.4799999999996,6247.8900000000003,468.58999999999997,0,178,30,1,3,10,6247.8900000000003,535.85333333333335,6716.4799999999996,6247.8900000000003,468.58999999999997,0,199,3,12,6247.8900000000003,,,0,0,0,0,0,,,0,0,0,0,0,0,0,0,0,,0,0,0,0,29,4,14,0,0.84615384615384615,66,429.79000000000002,0,0,0,0,0,0,0,0,0,0,2,,,6716.4799999999996,1,,,0,,,,21,,,,1,1,1,1,1,0,0,-1,-1,-1,-1,-1,-1,-1,-1,-1,-1,-1,-1,-1,-1,0,-1,-1,-1,1,0,0,0,1,1,1,1,0,0,0,0,0,0,1,1,1,0,0,1,0
RCA_000233,INVOICE,USD,APPROVED,DUE_ON_RECEIPT,FINANCE,630100-FINANCE,USD,ISSUED,FINANCE,630100-FINANCE,SERVICES,US,USD,DUE_ON_RECEIPT,ACH,ACTIVE,__MISSING__,__MISSING__,__MISSING__,__MISSING__,__MISSING__,__MISSING__,__MISSING__,__MISSING__,__MISSING__,__MISSING__,__MISSING__,1470.98,1470.98,0,0,486,0,5,4,36,1470.98,254.0325,1470.98,1470.98,0,0,508,4,57,1470.98,,,0,0,0,0,0,,,0,0,0,0,0,0,0,0,0,,0,0,3,0,29,4,28,0,0.84615384615384615,8,103.55,0,0,0,0,0,0,0,0,0,0,21,,,1470.98,1,,,0,,,,22,,,,1,1,1,1,1,0,0,-1,-1,-1,-1,-1,-1,-1,-1,-1,-1,-1,-1,-1,-1,1,-1,-1,-1,1,0,0,0,1,1,1,1,0,0,0,0,0,0,1,0,1,0,0,1,0
RCA_000235,INVOICE,USD,APPROVED,NET30,OPERATIONS,620100-OPERATIONS,USD,ISSUED,OPERATIONS,620100-OPERATIONS,SOFTWARE,US,USD,NET30,ACH,ACTIVE,__MISSING__,__MISSING__,__MISSING__,__MISSING__,__MISSING__,__MISSING__,__MISSING__,__MISSING__,__MISSING__,__MISSING__,__MISSING__,3347.1199999999999,3042.8400000000001,304.27999999999997,0,435,30,2,3,48,3042.8400000000001,241.61666666666667,3347.1199999999999,3042.8400000000001,304.27999999999997,0,441,3,59,3042.8400000000001,,,0,0,0,0,0,,,0,0,0,0,0,0,0,0,0,,0,0,0,0,30,4,11,0,0.76923076923076916,4,391.43000000000001,0,0,0,0,0,0,0,0,0,0,11,,,3347.1199999999999,1,,,0,,,,6,,,,1,1,1,1,1,0,0,-1,-1,-1,-1,-1,-1,-1,-1,-1,-1,-1,-1,-1,-1,0,-1,-1,-1,1,0,0,0,1,1,1,1,0,0,0,0,0,0,1,1,1,0,0,1,0
RCA_000237,INVOICE,USD,APPROVED,NET45,FINANCE,630100-FINANCE,USD,ISSUED,FINANCE,630100-FINANCE,SERVICES,US,USD,NET45,WIRE,ACTIVE,__MISSING__,__MISSING__,__MISSING__,__MISSING__,__MISSING__,__MISSING__,__MISSING__,__MISSING__,__MISSING__,__MISSING__,__MISSING__,3303.3000000000002,3003,300.30000000000001,0,365,45,1,4,18,3003,573.30000000000007,3303.3000000000002,3003,300.30000000000001,0,369,4,32,3003,,,0,0,0,0,0,,,0,0,0,0,0,0,0,0,0,,0,0,0,0,29,4,17,0,0.76923076923076916,29,331.81999999999999,0,0,0,0,0,0,0,0,0,0,14,,,3303.3000000000002,1,,,0,,,,4,,,,1,1,1,1,1,0,0,-1,-1,-1,-1,-1,-1,-1,-1,-1,-1,-1,-1,-1,-1,0,-1,-1,-1,1,0,0,0,1,1,1,1,0,0,0,0,0,0,1,1,1,0,0,1,0
RCA_000240,INVOICE,USD,APPROVED,NET30,PEOPLE,660100-PEOPLE,USD,ISSUED,PEOPLE,660100-PEOPLE,SOFTWARE,US,USD,NET30,ACH,ACTIVE,__MISSING__,__MISSING__,__MISSING__,__MISSING__,__MISSING__,__MISSING__,__MISSING__,__MISSING__,__MISSING__,__MISSING__,__MISSING__,1447.77,1316.1500000000001,131.62,0,186,30,5,4,29,1316.1500000000001,83.969999999999999,1447.77,1316.1500000000001,131.62,0,205,4,49,1316.1500000000001,,,0,0,0,0,0,,,0,0,0,0,0,0,0,0,0,,0,0,1,0,30,4,31,0,0.92307692307692313,8,82.930000000000007,0,0,0,0,0,0,0,0,0,0,20,,,1447.77,1,,,0,,,,19,,,,1,1,1,1,1,0,0,-1,-1,-1,-1,-1,-1,-1,-1,-1,-1,-1,-1,-1,-1,1,-1,-1,-1,1,0,0,0,1,1,1,1,0,0,0,0,0,0,1,0,1,0,0,1,0
RCA_000243,INVOICE,USD,APPROVED,NET45,PEOPLE,660100-PEOPLE,USD,ISSUED,PEOPLE,660100-PEOPLE,SOFTWARE,US,USD,NET45,ACH,ACTIVE,__MISSING__,__MISSING__,__MISSING__,__MISSING__,__MISSING__,__MISSING__,__MISSING__,__MISSING__,__MISSING__,__MISSING__,__MISSING__,2327.0599999999999,2164.71,162.34999999999999,0,509,45,1,4,25,2164.71,125.235,2327.0599999999999,2164.71,162.34999999999999,0,530,4,39,2164.71,,,0,0,0,0,0,,,0,0,0,0,0,0,0,0,0,,0,0,1,0,30,4,350,0,0.92307692307692313,1,29.539999999999999,0,0,0,0,0,0,0,0,0,0,14,,,2327.0599999999999,1,,,0,,,,21,,,,1,1,1,1,1,0,0,-1,-1,-1,-1,-1,-1,-1,-1,-1,-1,-1,-1,-1,-1,1,-1,-1,-1,1,0,0,0,1,1,1,1,0,0,0,0,0,0,1,0,1,0,0,1,0
RCA_000245,INVOICE,USD,APPROVED,NET15,ENGINEERING,610100-ENGINEERING,USD,ISSUED,ENGINEERING,610100-ENGINEERING,SUPPLIER,US,USD,NET15,WIRE,ACTIVE,__MISSING__,__MISSING__,__MISSING__,__MISSING__,__MISSING__,__MISSING__,__MISSING__,__MISSING__,__MISSING__,__MISSING__,__MISSING__,7889.9099999999999,7323.5299999999997,549.25999999999999,17.120000000000001,421,15,2,3,43,7323.5299999999997,1813.1099999999999,7889.9099999999999,7323.5299999999997,549.25999999999999,17.120000000000001,421,3,50,7323.5299999999997,,,0,0,0,0,0,,,0,0,0,0,0,0,0,0,0,,0,0,2,0,31,4,64,0,0.84615384615384615,4,225.66,0,0,0,0,0,0,0,0,0,0,7,,,7889.9099999999999,1,,,0,,,,0,,,,1,1,1,1,1,0,0,-1,-1,-1,-1,-1,-1,-1,-1,-1,-1,-1,-1,-1,-1,1,-1,-1,-1,1,0,0,0,1,1,1,1,0,0,0,0,0,0,1,0,1,0,0,1,0
RCA_000246,INVOICE,USD,APPROVED,NET45,FINANCE,630100-FINANCE,USD,ISSUED,FINANCE,630100-FINANCE,SOFTWARE,US,USD,NET45,ACH,ACTIVE,__MISSING__,__MISSING__,__MISSING__,__MISSING__,__MISSING__,__MISSING__,__MISSING__,__MISSING__,__MISSING__,__MISSING__,__MISSING__,1940.77,1786.1800000000001,133.96000000000001,20.629999999999999,190,45,4,3,22,1786.1800000000001,143.41999999999999,1940.77,1786.1800000000001,133.96000000000001,20.629999999999999,191,3,26,1786.1800000000001,,,0,0,0,0,0,,,0,0,0,0,0,0,0,0,0,,0,0,1,0,30,4,350,0,0.92307692307692313,1,19.699999999999999,0,0,0,0,0,0,0,0,0,0,4,,,1940.77,1,,,0,,,,1,,,,1,1,1,1,1,0,0,-1,-1,-1,-1,-1,-1,-1,-1,-1,-1,-1,-1,-1,-1,1,-1,-1,-1,1,0,0,0,1,1,1,1,0,0,0,0,0,0,1,0,1,0,0,1,0
RCA_000248,INVOICE,USD,APPROVED,NET60,ENGINEERING,610100-ENGINEERING,USD,ISSUED,ENGINEERING,610100-ENGINEERING,PROFESSIONAL,US,USD,NET60,ACH,ACTIVE,__MISSING__,__MISSING__,__MISSING__,__MISSING__,__MISSING__,__MISSING__,__MISSING__,__MISSING__,__MISSING__,__MISSING__,__MISSING__,5037.3800000000001,4666.0500000000002,349.94999999999999,21.379999999999999,197,60,0,1,1,4666.0500000000002,4666.0500000000002,5037.3800000000001,4666.0500000000002,349.94999999999999,21.379999999999999,210,1,5,4666.0500000000002,,,0,0,0,0,0,,,0,0,0,0,0,0,0,0,0,,0,0,0,0,30,4,8,0,0.76923076923076916,46,1605.1600000000001,0,0,0,0,0,0,0,0,0,0,4,,,5037.3800000000001,1,,,0,,,,13,,,,1,1,1,1,1,0,0,-1,-1,-1,-1,-1,-1,-1,-1,-1,-1,-1,-1,-1,-1,0,-1,-1,-1,1,0,0,0,1,1,1,1,0,0,0,0,0,0,1,1,1,0,0,1,0
RCA_000252,INVOICE,USD,APPROVED,DUE_ON_RECEIPT,MARKETING,650100-MARKETING,USD,ISSUED,MARKETING,650100-MARKETING,SOFTWARE,US,USD,DUE_ON_RECEIPT,ACH,ACTIVE,__MISSING__,__MISSING__,__MISSING__,__MISSING__,__MISSING__,__MISSING__,__MISSING__,__MISSING__,__MISSING__,__MISSING__,__MISSING__,5540.54,5132.9300000000003,384.97000000000003,22.640000000000001,270,0,0,3,12,5132.9300000000003,545.46333333333337,5540.54,5132.9300000000003,384.97000000000003,22.640000000000001,270,3,34,5132.9300000000003,,,0,0,0,0,0,,,0,0,0,0,0,0,0,0,0,,0,0,0,0,31,4,10,0,0.76923076923076916,63,323.48000000000002,0,0,0,0,0,0,0,0,0,0,22,,,5540.54,1,,,0,,,,0,,,,1,1,1,1,1,0,0,-1,-1,-1,-1,-1,-1,-1,-1,-1,-1,-1,-1,-1,-1,0,-1,-1,-1,1,0,0,0,1,1,1,1,0,0,0,0,0,0,1,1,1,0,0,1,0
RCA_000256,INVOICE,USD,APPROVED,NET45,FINANCE,630100-FINANCE,USD,ISSUED,FINANCE,630100-FINANCE,SOFTWARE,US,USD,NET45,ACH,ACTIVE,__MISSING__,__MISSING__,__MISSING__,__MISSING__,__MISSING__,__MISSING__,__MISSING__,__MISSING__,__MISSING__,__MISSING__,__MISSING__,5263.4499999999998,4975.46,248.77000000000001,39.219999999999999,147,45,3,4,33,4975.46,658.22250000000008,5263.4499999999998,4975.46,248.77000000000001,39.219999999999999,168,4,34,4975.46,,,0,0,0,0,0,,,0,0,0,0,0,0,0,0,0,,0,0,1,0,30,4,350,0,0.84615384615384615,0,39.450000000000003,0,0,0,0,0,0,0,0,0,0,1,,,5263.4499999999998,1,,,0,,,,21,,,,1,1,1,1,1,0,0,-1,-1,-1,-1,-1,-1,-1,-1,-1,-1,-1,-1,-1,-1,1,-1,-1,-1,1,0,0,0,1,1,1,1,0,0,0,0,0,0,1,0,1,0,0,1,0
RCA_000259,INVOICE,GBP,APPROVED,NET30,IT,680100-IT,GBP,ISSUED,IT,680100-IT,SUPPLIER,GB,GBP,NET30,WIRE,ACTIVE,__MISSING__,__MISSING__,__MISSING__,__MISSING__,__MISSING__,__MISSING__,__MISSING__,__MISSING__,__MISSING__,__MISSING__,__MISSING__,4255.2200000000003,4255.2200000000003,0,0,297,30,2,3,28,4255.2200000000003,634.31666666666672,4255.2200000000003,4255.2200000000003,0,0,300,3,41,4255.2200000000003,,,0,0,0,0,0,,,0,0,0,0,0,0,0,0,0,,0,0,0,0,29,4,9,0,0.76923076923076916,16,255.28,0,0,0,0,0,0,0,0,0,0,13,,,4255.2200000000003,1,,,0,,,,3,,,,1,1,1,1,1,0,0,-1,-1,-1,-1,-1,-1,-1,-1,-1,-1,-1,-1,-1,-1,0,-1,-1,-1,1,0,0,0,1,1,1,1,0,0,0,0,0,0,1,1,1,0,0,1,0
RCA_000264,INVOICE,USD,APPROVED,NET30,OPERATIONS,620100-OPERATIONS,USD,ISSUED,OPERATIONS,620100-OPERATIONS,SERVICES,US,USD,NET30,ACH,ACTIVE,__MISSING__,__MISSING__,__MISSING__,__MISSING__,__MISSING__,__MISSING__,__MISSING__,__MISSING__,__MISSING__,__MISSING__,__MISSING__,11741.23,11169.719999999999,558.49000000000001,13.02,324,30,3,1,1,11169.719999999999,11169.719999999999,11741.23,11169.719999999999,558.49000000000001,13.02,329,1,19,11169.719999999999,,,0,0,0,0,0,,,0,0,0,0,0,0,0,0,0,,0,0,0,0,30,4,11,0,0.92307692307692313,14,273.64999999999998,0,0,0,0,0,0,0,0,0,0,18,,,11741.23,1,,,0,,,,5,,,,1,1,1,1,1,0,0,-1,-1,-1,-1,-1,-1,-1,-1,-1,-1,-1,-1,-1,-1,0,-1,-1,-1,1,0,0,0,1,1,1,1,0,0,0,0,0,0,1,1,1,0,0,1,0
RCA_000265,INVOICE,USD,APPROVED,NET30,OPERATIONS,620100-OPERATIONS,USD,ISSUED,OPERATIONS,620100-OPERATIONS,PROFESSIONAL,US,USD,NET30,VIRTUAL_CARD,ACTIVE,__MISSING__,__MISSING__,__MISSING__,__MISSING__,__MISSING__,__MISSING__,__MISSING__,__MISSING__,__MISSING__,__MISSING__,__MISSING__,751.87,683.51999999999998,68.349999999999994,0,444,30,2,1,1,683.51999999999998,683.51999999999998,751.87,683.51999999999998,68.349999999999994,0,468,1,24,683.51999999999998,,,0,0,0,0,0,,,0,0,0,0,0,0,0,0,0,,0,0,1,0,29,4,22,0,0.84615384615384615,2,279.30000000000001,0,0,0,0,0,0,0,0,0,0,23,,,751.87,1,,,0,,,,24,,,,1,1,1,1,1,0,0,-1,-1,-1,-1,-1,-1,-1,-1,-1,-1,-1,-1,-1,-1,1,-1,-1,-1,1,0,0,0,1,1,1,1,0,0,0,0,0,0,1,0,1,0,0,1,0
RCA_000266,INVOICE,USD,APPROVED,NET15,OPERATIONS,620100-OPERATIONS,USD,ISSUED,OPERATIONS,620100-OPERATIONS,PROFESSIONAL,US,USD,NET15,ACH,ACTIVE,__MISSING__,__MISSING__,__MISSING__,__MISSING__,__MISSING__,__MISSING__,__MISSING__,__MISSING__,__MISSING__,__MISSING__,__MISSING__,15508.549999999999,15490.790000000001,0,17.760000000000002,155,15,3,2,8,15490.790000000001,7371.2049999999999,15508.549999999999,15490.790000000001,0,17.760000000000002,167,2,29,15490.790000000001,,,0,0,0,0,0,,,0,0,0,0,0,0,0,0,0,,0,0,1,0,25,4,12,0,0.84615384615384615,10,7261.5299999999997,0,0,0,0,0,0,0,0,0,0,21,,,15508.549999999999,1,,,0,,,,12,,,,1,1,1,1,1,0,0,-1,-1,-1,-1,-1,-1,-1,-1,-1,-1,-1,-1,-1,-1,1,-1,-1,-1,1,0,0,0,1,1,1,1,0,0,0,0,0,0,1,0,1,0,0,1,0
RCA_000267,INVOICE,USD,APPROVED,NET45,MARKETING,650100-MARKETING,USD,ISSUED,MARKETING,650100-MARKETING,SUPPLIER,US,USD,NET45,CHECK,ACTIVE,__MISSING__,__MISSING__,__MISSING__,__MISSING__,__MISSING__,__MISSING__,__MISSING__,__MISSING__,__MISSING__,__MISSING__,__MISSING__,11175.15,10636.74,531.84000000000003,6.5700000000000003,214,45,3,1,1,10636.74,10636.74,11175.15,10636.74,531.84000000000003,6.5700000000000003,228,1,18,10636.74,,,0,0,0,0,0,,,0,0,0,0,0,0,0,0,0,,0,0,0,0,31,4,22,0,0.84615384615384615,19,1459.4400000000001,0,0,0,0,0,0,0,0,0,0,17,,,11175.15,1,,,0,,,,14,,,,1,1,1,1,1,0,0,-1,-1,-1,-1,-1,-1,-1,-1,-1,-1,-1,-1,-1,-1,0,-1,-1,-1,1,0,0,0,1,1,1,1,0,0,0,0,0,0,1,1,1,0,0,1,0
RCA_000270,INVOICE,USD,APPROVED,NET15,MARKETING,650100-MARKETING,USD,ISSUED,MARKETING,650100-MARKETING,SOFTWARE,US,USD,NET15,ACH,ACTIVE,__MISSING__,__MISSING__,__MISSING__,__MISSING__,__MISSING__,__MISSING__,__MISSING__,__MISSING__,__MISSING__,__MISSING__,__MISSING__,3386.6999999999998,3359.04,0,27.66,122,15,1,4,11,3359.04,601.37250000000006,3386.6999999999998,3359.04,0,27.66,146,4,19,3359.04,,,0,0,0,0,0,,,0,0,0,0,0,0,0,0,0,,0,0,2,0,27,4,300,0,0.84615384615384615,1,19.77,0,0,0,0,0,0,0,0,0,0,8,,,3386.6999999999998,1,,,0,,,,24,,,,1,1,1,1,1,0,0,-1,-1,-1,-1,-1,-1,-1,-1,-1,-1,-1,-1,-1,-1,1,-1,-1,-1,1,0,0,0,1,1,1,1,0,0,0,0,0,0,1,0,1,0,0,1,0
RCA_000271,INVOICE,EUR,APPROVED,NET30,SALES,640100-SALES,EUR,ISSUED,SALES,640100-SALES,PROFESSIONAL,DE,EUR,NET30,ACH,ACTIVE,__MISSING__,__MISSING__,__MISSING__,__MISSING__,__MISSING__,__MISSING__,__MISSING__,__MISSING__,__MISSING__,__MISSING__,__MISSING__,5397.2399999999998,5140.2299999999996,257.00999999999999,0,177,30,4,4,58,5140.2299999999996,207.60999999999999,5397.2399999999998,5140.2299999999996,257.00999999999999,0,180,4,68,5140.2299999999996,,,0,0,0,0,0,,,0,0,0,0,0,0,0,0,0,,0,0,0,0,31,4,46,0,0.84615384615384615,7,14.710000000000001,0,0,0,0,0,0,0,0,0,0,10,,,5397.2399999999998,1,,,0,,,,3,,,,1,1,1,1,1,0,0,-1,-1,-1,-1,-1,-1,-1,-1,-1,-1,-1,-1,-1,-1,0,-1,-1,-1,1,0,0,0,1,1,1,1,0,0,0,0,0,0,1,1,1,0,0,1,0
RCA_000273,INVOICE,USD,APPROVED,NET30,ENGINEERING,610100-ENGINEERING,USD,ISSUED,ENGINEERING,610100-ENGINEERING,SOFTWARE,US,USD,NET30,VIRTUAL_CARD,ACTIVE,__MISSING__,__MISSING__,__MISSING__,__MISSING__,__MISSING__,__MISSING__,__MISSING__,__MISSING__,__MISSING__,__MISSING__,__MISSING__,2024.3,1883.0699999999999,141.22999999999999,0,97,30,4,2,21,1883.0699999999999,258.29500000000002,2024.3,1883.0699999999999,141.22999999999999,0,107,2,19,1883.0699999999999,,,0,0,0,0,0,,,0,0,0,0,0,0,0,0,0,,0,0,1,0,29,4,49,0,0.84615384615384615,9,90.290000000000006,0,0,0,0,0,0,0,0,0,0,2,,,2024.3,1,,,0,,,,10,,,,1,1,1,1,1,0,0,-1,-1,-1,-1,-1,-1,-1,-1,-1,-1,-1,-1,-1,-1,1,-1,-1,-1,1,0,0,0,1,1,1,1,0,0,0,0,0,0,1,0,1,0,0,1,0
RCA_000275,INVOICE,USD,APPROVED,NET45,LEGAL,670100-LEGAL,USD,ISSUED,LEGAL,670100-LEGAL,SUPPLIER,US,USD,NET45,ACH,ACTIVE,__MISSING__,__MISSING__,__MISSING__,__MISSING__,__MISSING__,__MISSING__,__MISSING__,__MISSING__,__MISSING__,__MISSING__,__MISSING__,6822.2600000000002,6822.2600000000002,0,0,344,45,0,2,18,6822.2600000000002,1588.385,6822.2600000000002,6822.2600000000002,0,0,355,2,17,6822.2600000000002,,,0,0,0,0,0,,,0,0,0,0,0,0,0,0,0,,0,0,0,0,32,4,4,0,0.76923076923076916,45,3592.6500000000001,0,0,0,0,0,0,0,0,0,0,1,,,6822.2600000000002,1,,,0,,,,11,,,,1,1,1,1,1,0,0,-1,-1,-1,-1,-1,-1,-1,-1,-1,-1,-1,-1,-1,-1,0,-1,-1,-1,1,0,0,0,1,1,1,1,0,0,0,0,0,0,1,1,1,0,0,1,0
RCA_000277,INVOICE,EUR,APPROVED,NET30,MARKETING,650100-MARKETING,EUR,ISSUED,MARKETING,650100-MARKETING,SOFTWARE,DE,EUR,NET30,WIRE,ACTIVE,__MISSING__,__MISSING__,__MISSING__,__MISSING__,__MISSING__,__MISSING__,__MISSING__,__MISSING__,__MISSING__,__MISSING__,__MISSING__,2694.1900000000001,2484.73,186.34999999999999,23.109999999999999,460,30,1,4,25,2484.73,235.08249999999998,2694.1900000000001,2484.73,186.34999999999999,23.109999999999999,473,4,45,2484.73,,,0,0,0,0,0,,,0,0,0,0,0,0,0,0,0,,0,0,0,0,32,4,4,0,0.76923076923076916,40,4257.8000000000002,0,0,0,0,0,0,0,0,0,0,20,,,2694.1900000000001,1,,,0,,,,13,,,,1,1,1,1,1,0,0,-1,-1,-1,-1,-1,-1,-1,-1,-1,-1,-1,-1,-1,-1,0,-1,-1,-1,1,0,0,0,1,1,1,1,0,0,0,0,0,0,1,1,1,0,0,1,0
RCA_000280,INVOICE,GBP,APPROVED,NET30,FINANCE,630100-FINANCE,GBP,ISSUED,FINANCE,630100-FINANCE,SOFTWARE,GB,GBP,NET30,ACH,ACTIVE,__MISSING__,__MISSING__,__MISSING__,__MISSING__,__MISSING__,__MISSING__,__MISSING__,__MISSING__,__MISSING__,__MISSING__,__MISSING__,3755.52,3755.52,0,0,188,30,4,2,23,3755.52,1489.47,3755.52,3755.52,0,0,201,2,41,3755.52,,,0,0,0,0,0,,,0,0,0,0,0,0,0,0,0,,0,0,0,0,29,4,18,0,0.76923076923076916,8,279.25,0,0,0,0,0,0,0,0,0,0,18,,,3755.52,1,,,0,,,,13,,,,1,1,1,1,1,0,0,-1,-1,-1,-1,-1,-1,-1,-1,-1,-1,-1,-1,-1,-1,0,-1,-1,-1,1,0,0,0,1,1,1,1,0,0,0,0,0,0,1,1,1,0,0,1,0
RCA_000281,INVOICE,USD,APPROVED,DUE_ON_RECEIPT,PEOPLE,660100-PEOPLE,USD,ISSUED,PEOPLE,660100-PEOPLE,SOFTWARE,US,USD,DUE_ON_RECEIPT,ACH,ACTIVE,__MISSING__,__MISSING__,__MISSING__,__MISSING__,__MISSING__,__MISSING__,__MISSING__,__MISSING__,__MISSING__,__MISSING__,__MISSING__,1744.4000000000001,1744.4000000000001,0,0,434,0,1,4,31,1744.4000000000001,75.407499999999999,1744.4000000000001,1744.4000000000001,0,0,462,4,38,1744.4000000000001,,,0,0,0,0,0,,,0,0,0,0,0,0,0,0,0,,0,0,2,0,32,4,51,0,0.84615384615384615,8,262.38,0,0,0,0,0,0,0,0,0,0,7,,,1744.4000000000001,1,,,0,,,,28,,,,1,1,1,1,1,0,0,-1,-1,-1,-1,-1,-1,-1,-1,-1,-1,-1,-1,-1,-1,1,-1,-1,-1,1,0,0,0,1,1,1,1,0,0,0,0,0,0,1,0,1,0,0,1,0
RCA_000282,INVOICE,USD,APPROVED,NET45,ENGINEERING,610100-ENGINEERING,USD,ISSUED,ENGINEERING,610100-ENGINEERING,SOFTWARE,US,USD,NET45,ACH,ACTIVE,__MISSING__,__MISSING__,__MISSING__,__MISSING__,__MISSING__,__MISSING__,__MISSING__,__MISSING__,__MISSING__,__MISSING__,__MISSING__,3346.1100000000001,3108.1799999999998,233.11000000000001,4.8200000000000003,396,45,1,2,6,3108.1799999999998,873.8900000000001,3346.1100000000001,3108.1799999999998,233.11000000000001,4.8200000000000003,426,2,13,3108.1799999999998,,,0,0,0,0,0,,,0,0,0,0,0,0,0,0,0,,0,0,1,0,30,4,350,0,0.92307692307692313,0,16.149999999999999,0,0,0,0,0,0,0,0,0,0,7,,,3346.1100000000001,1,,,0,,,,30,,,,1,1,1,1,1,0,0,-1,-1,-1,-1,-1,-1,-1,-1,-1,-1,-1,-1,-1,-1,1,-1,-1,-1,1,0,0,0,1,1,1,1,0,0,0,0,0,0,1,0,1,0,0,1,0
RCA_000285,INVOICE,EUR,APPROVED,NET60,ENGINEERING,610100-ENGINEERING,EUR,ISSUED,ENGINEERING,610100-ENGINEERING,LOGISTICS,DE,EUR,NET60,ACH,ACTIVE,__MISSING__,__MISSING__,__MISSING__,__MISSING__,__MISSING__,__MISSING__,__MISSING__,__MISSING__,__MISSING__,__MISSING__,__MISSING__,5636.7799999999997,5202.6000000000004,390.19999999999999,43.979999999999997,493,60,0,2,16,5202.6000000000004,2429.73,5636.7799999999997,5202.6000000000004,390.19999999999999,43.979999999999997,517,2,20,5202.6000000000004,,,0,0,0,0,0,,,0,0,0,0,0,0,0,0,0,,0,0,0,0,32,4,14,0,0.76923076923076916,8,433.57999999999998,0,0,0,0,0,0,0,0,0,0,4,,,5636.7799999999997,1,,,0,,,,24,,,,1,1,1,1,1,0,0,-1,-1,-1,-1,-1,-1,-1,-1,-1,-1,-1,-1,-1,-1,0,-1,-1,-1,1,0,0,0,1,1,1,1,0,0,0,0,0,0,1,1,1,0,0,1,0
RCA_000286,INVOICE,USD,APPROVED,NET45,IT,680100-IT,USD,ISSUED,IT,680100-IT,SOFTWARE,US,USD,NET45,ACH,ACTIVE,__MISSING__,__MISSING__,__MISSING__,__MISSING__,__MISSING__,__MISSING__,__MISSING__,__MISSING__,__MISSING__,__MISSING__,__MISSING__,7027.5699999999997,6388.6999999999998,638.87,0,370,45,2,3,25,6388.6999999999998,189.85333333333332,7027.5699999999997,6388.6999999999998,638.87,0,373,3,43,6388.6999999999998,,,0,0,0,0,0,,,0,0,0,0,0,0,0,0,0,,0,0,1,0,30,4,350,0,0.92307692307692313,0,13.19,0,0,0,0,0,0,0,0,0,0,18,,,7027.5699999999997,1,,,0,,,,3,,,,1,1,1,1,1,0,0,-1,-1,-1,-1,-1,-1,-1,-1,-1,-1,-1,-1,-1,-1,1,-1,-1,-1,1,0,0,0,1,1,1,1,0,0,0,0,0,0,1,0,1,0,0,1,0
RCA_000287,INVOICE,USD,APPROVED,NET45,LEGAL,670100-LEGAL,USD,ISSUED,LEGAL,670100-LEGAL,SOFTWARE,US,USD,NET45,ACH,ACTIVE,__MISSING__,__MISSING__,__MISSING__,__MISSING__,__MISSING__,__MISSING__,__MISSING__,__MISSING__,__MISSING__,__MISSING__,__MISSING__,3308.54,3072.1599999999999,230.41,5.9699999999999998,285,45,0,2,9,3072.1599999999999,784.41999999999996,3308.54,3072.1599999999999,230.41,5.9699999999999998,287,2,29,3072.1599999999999,,,0,0,0,0,0,,,0,0,0,0,0,0,0,0,0,,0,0,1,0,30,4,350,0,0.92307692307692313,1,13.52,0,0,0,0,0,0,0,0,0,0,20,,,3308.54,1,,,0,,,,2,,,,1,1,1,1,1,0,0,-1,-1,-1,-1,-1,-1,-1,-1,-1,-1,-1,-1,-1,-1,1,-1,-1,-1,1,0,0,0,1,1,1,1,0,0,0,0,0,0,1,0,1,0,0,1,0
RCA_000288,INVOICE,USD,APPROVED,NET30,IT,680100-IT,USD,ISSUED,IT,680100-IT,SERVICES,US,USD,NET30,ACH,ACTIVE,__MISSING__,__MISSING__,__MISSING__,__MISSING__,__MISSING__,__MISSING__,__MISSING__,__MISSING__,__MISSING__,__MISSING__,__MISSING__,15450.389999999999,14372.459999999999,1077.9300000000001,0,287,30,3,1,1,14372.459999999999,14372.459999999999,15450.389999999999,14372.459999999999,1077.9300000000001,0,288,1,18,14372.459999999999,,,0,0,0,0,0,,,0,0,0,0,0,0,0,0,0,,0,0,0,0,30,4,10,0,0.76923076923076916,18,3353.54,0,0,0,0,0,0,0,0,0,0,17,,,15450.389999999999,1,,,0,,,,1,,,,1,1,1,1,1,0,0,-1,-1,-1,-1,-1,-1,-1,-1,-1,-1,-1,-1,-1,-1,0,-1,-1,-1,1,0,0,0,1,1,1,1,0,0,0,0,0,0,1,1,1,0,0,1,0
RCA_000289,INVOICE,USD,APPROVED,DUE_ON_RECEIPT,OPERATIONS,620100-OPERATIONS,USD,ISSUED,OPERATIONS,620100-OPERATIONS,SOFTWARE,US,USD,DUE_ON_RECEIPT,ACH,ACTIVE,__MISSING__,__MISSING__,__MISSING__,__MISSING__,__MISSING__,__MISSING__,__MISSING__,__MISSING__,__MISSING__,__MISSING__,__MISSING__,2966.0999999999999,2696.4499999999998,269.64999999999998,0,105,0,1,2,2,2696.4499999999998,1348.2249999999999,2966.0999999999999,2696.4499999999998,269.64999999999998,0,120,2,5,2696.4499999999998,,,0,0,0,0,0,,,0,0,0,0,0,0,0,0,0,,0,0,2,0,32,4,51,0,0.84615384615384615,0,17.420000000000002,0,0,0,0,0,0,0,0,0,0,3,,,2966.0999999999999,1,,,0,,,,15,,,,1,1,1,1,1,0,0,-1,-1,-1,-1,-1,-1,-1,-1,-1,-1,-1,-1,-1,-1,1,-1,-1,-1,1,0,0,0,1,1,1,1,0,0,0,0,0,0,1,0,1,0,0,1,0
RCA_000290,INVOICE,USD,APPROVED,NET45,LEGAL,670100-LEGAL,USD,ISSUED,LEGAL,670100-LEGAL,SERVICES,US,USD,NET45,ACH,ACTIVE,__MISSING__,__MISSING__,__MISSING__,__MISSING__,__MISSING__,__MISSING__,__MISSING__,__MISSING__,__MISSING__,__MISSING__,__MISSING__,2679.4499999999998,2492.5100000000002,186.94,0,272,45,3,3,17,2492.5100000000002,507.16333333333336,2679.4499999999998,2492.5100000000002,186.94,0,295,3,35,2492.5100000000002,,,0,0,0,0,0,,,0,0,0,0,0,0,0,0,0,,0,0,2,0,30,4,135,0,0.84615384615384615,0,78.810000000000002,0,0,0,0,0,0,0,0,0,0,18,,,2679.4499999999998,1,,,0,,,,23,,,,1,1,1,1,1,0,0,-1,-1,-1,-1,-1,-1,-1,-1,-1,-1,-1,-1,-1,-1,1,-1,-1,-1,1,0,0,0,1,1,1,1,0,0,0,0,0,0,1,0,1,0,0,1,0
RCA_000291,INVOICE,USD,APPROVED,NET30,FINANCE,630100-FINANCE,USD,ISSUED,FINANCE,630100-FINANCE,SUPPLIER,US,USD,NET30,ACH,ACTIVE,__MISSING__,__MISSING__,__MISSING__,__MISSING__,__MISSING__,__MISSING__,__MISSING__,__MISSING__,__MISSING__,__MISSING__,__MISSING__,1980.46,1820.8499999999999,136.56,23.050000000000001,517,30,2,2,2,1820.8499999999999,910.42499999999995,1980.46,1820.8499999999999,136.56,23.050000000000001,538,2,4,1820.8499999999999,,,0,0,0,0,0,,,0,0,0,0,0,0,0,0,0,,0,0,0,0,27,4,6,0,0.84615384615384615,54,462.25,0,0,0,0,0,0,0,0,0,0,2,,,1980.46,1,,,0,,,,21,,,,1,1,1,1,1,0,0,-1,-1,-1,-1,-1,-1,-1,-1,-1,-1,-1,-1,-1,-1,0,-1,-1,-1,1,0,0,0,1,1,1,1,0,0,0,0,0,0,1,1,1,0,0,1,0
RCA_000292,INVOICE,USD,APPROVED,NET45,LEGAL,670100-LEGAL,USD,ISSUED,LEGAL,670100-LEGAL,SOFTWARE,US,USD,NET45,ACH,ACTIVE,__MISSING__,__MISSING__,__MISSING__,__MISSING__,__MISSING__,__MISSING__,__MISSING__,__MISSING__,__MISSING__,__MISSING__,__MISSING__,8565.6800000000003,7954.3000000000002,596.57000000000005,14.81,182,45,4,2,5,7954.3000000000002,3094.8649999999998,8565.6800000000003,7954.3000000000002,596.57000000000005,14.81,187,2,25,7954.3000000000002,,,0,0,0,0,0,,,0,0,0,0,0,0,0,0,0,,0,0,0,0,28,4,22,0,0.92307692307692313,10,725.80999999999995,0,0,0,0,0,0,0,0,0,0,20,,,8565.6800000000003,1,,,0,,,,5,,,,1,1,1,1,1,0,0,-1,-1,-1,-1,-1,-1,-1,-1,-1,-1,-1,-1,-1,-1,0,-1,-1,-1,1,0,0,0,1,1,1,1,0,0,0,0,0,0,1,1,1,0,0,1,0
RCA_000298,INVOICE,EUR,APPROVED,NET30,PEOPLE,660100-PEOPLE,EUR,ISSUED,PEOPLE,660100-PEOPLE,PROFESSIONAL,DE,EUR,NET30,ACH,ACTIVE,__MISSING__,__MISSING__,__MISSING__,__MISSING__,__MISSING__,__MISSING__,__MISSING__,__MISSING__,__MISSING__,__MISSING__,__MISSING__,759.90999999999997,706.88999999999999,53.020000000000003,0,419,30,1,2,4,706.88999999999999,153.815,759.90999999999997,706.88999999999999,53.020000000000003,0,420,2,27,706.88999999999999,,,0,0,0,0,0,,,0,0,0,0,0,0,0,0,0,,0,0,0,0,31,4,46,0,0.84615384615384615,32,91.069999999999993,0,0,0,0,0,0,0,0,0,0,23,,,759.90999999999997,1,,,0,,,,1,,,,1,1,1,1,1,0,0,-1,-1,-1,-1,-1,-1,-1,-1,-1,-1,-1,-1,-1,-1,0,-1,-1,-1,1,0,0,0,1,1,1,1,0,0,0,0,0,0,1,1,1,0,0,1,0
RCA_000303,INVOICE,USD,APPROVED,NET60,IT,680100-IT,USD,ISSUED,IT,680100-IT,LOGISTICS,US,USD,NET30,ACH,ACTIVE,__MISSING__,__MISSING__,__MISSING__,__MISSING__,__MISSING__,__MISSING__,__MISSING__,__MISSING__,__MISSING__,__MISSING__,__MISSING__,10328.76,10328.76,0,0,240,60,0,2,15,10328.76,1499.0550000000001,10328.76,10328.76,0,0,257,2,15,10328.76,,,0,0,0,0,0,,,0,0,0,0,0,0,0,0,0,,0,0,0,0,27,4,5,0,0.69230769230769229,40,153.84,0,0,0,0,0,0,0,0,0,0,0,,,10328.76,1,,,0,,,,17,,,,1,1,0,1,1,0,1,-1,-1,-1,-1,-1,-1,-1,-1,-1,-1,-1,-1,-1,-1,0,-1,-1,-1,1,0,0,0,1,1,1,1,0,0,0,0,0,0,1,1,1,0,0,1,0
RCA_000305,INVOICE,USD,APPROVED,NET15,SALES,640100-SALES,USD,ISSUED,SALES,640100-SALES,PROFESSIONAL,US,USD,NET60,ACH,ACTIVE,__MISSING__,__MISSING__,__MISSING__,__MISSING__,__MISSING__,__MISSING__,__MISSING__,__MISSING__,__MISSING__,__MISSING__,__MISSING__,1422.1600000000001,1322.9400000000001,99.219999999999999,0,298,15,3,1,6,1322.9400000000001,220.49000000000001,1422.1600000000001,1322.9400000000001,99.219999999999999,0,303,1,6,1322.9400000000001,,,0,0,0,0,0,,,0,0,0,0,0,0,0,0,0,,0,0,0,0,29,4,51,0,0.69230769230769229,6,11.800000000000001,0,0,0,0,0,0,0,0,0,0,0,,,1422.1600000000001,1,,,0,,,,5,,,,1,1,0,1,1,0,1,-1,-1,-1,-1,-1,-1,-1,-1,-1,-1,-1,-1,-1,-1,0,-1,-1,-1,1,0,0,0,1,1,1,1,0,0,0,0,0,0,1,1,1,0,0,1,0
RCA_000307,INVOICE,USD,APPROVED,NET60,LEGAL,670100-LEGAL,USD,ISSUED,LEGAL,670100-LEGAL,LOGISTICS,US,USD,NET30,ACH,ACTIVE,__MISSING__,__MISSING__,__MISSING__,__MISSING__,__MISSING__,__MISSING__,__MISSING__,__MISSING__,__MISSING__,__MISSING__,__MISSING__,1646.8900000000001,1497.1700000000001,149.72,0,378,60,5,2,22,1497.1700000000001,66.775000000000006,1646.8900000000001,1497.1700000000001,149.72,0,386,2,22,1497.1700000000001,,,0,0,0,0,0,,,0,0,0,0,0,0,0,0,0,,0,0,0,0,28,4,6,0,0.53846153846153844,3,209.53,0,0,0,0,0,0,0,0,0,0,0,,,1646.8900000000001,1,,,0,,,,8,,,,1,1,0,1,1,0,1,-1,-1,-1,-1,-1,-1,-1,-1,-1,-1,-1,-1,-1,-1,0,-1,-1,-1,1,0,0,0,1,1,1,1,0,0,0,0,0,0,1,1,1,0,0,1,0
RCA_000308,INVOICE,USD,APPROVED,NET30,MARKETING,650100-MARKETING,USD,ISSUED,MARKETING,650100-MARKETING,SOFTWARE,US,USD,NET30,CHECK,ACTIVE,__MISSING__,__MISSING__,__MISSING__,__MISSING__,__MISSING__,__MISSING__,__MISSING__,__MISSING__,__MISSING__,__MISSING__,__MISSING__,7425.4399999999996,6711.1800000000003,671.12,43.140000000000001,259,30,3,2,23,6711.1800000000003,512.22500000000002,7425.4399999999996,6711.1800000000003,671.12,43.140000000000001,262,2,23,6711.1800000000003,,,0,0,0,0,0,,,0,0,0,0,0,0,0,0,0,,0,0,0,0,31,4,2,0,0.46153846153846156,200,4804.3500000000004,0,0,0,0,0,0,0,0,0,0,0,,,7425.4399999999996,1,,,0,,,,3,,,,1,1,0,1,1,0,1,-1,-1,-1,-1,-1,-1,-1,-1,-1,-1,-1,-1,-1,-1,0,-1,-1,-1,1,0,0,0,1,1,1,1,0,0,0,0,0,0,1,1,1,0,0,1,0
RCA_000310,INVOICE,USD,APPROVED,NET30,ENGINEERING,610100-ENGINEERING,USD,ISSUED,ENGINEERING,610100-ENGINEERING,SUPPLIER,US,USD,NET30,ACH,ACTIVE,__MISSING__,__MISSING__,__MISSING__,__MISSING__,__MISSING__,__MISSING__,__MISSING__,__MISSING__,__MISSING__,__MISSING__,__MISSING__,3993.23,3960.0500000000002,0,33.18,205,30,4,3,51,3960.0500000000002,120.32333333333334,3993.23,3960.0500000000002,0,33.18,209,3,51,3960.0500000000002,,,0,0,0,0,0,,,0,0,0,0,0,0,0,0,0,,0,0,0,0,30,4,12,0,0.61538461538461542,37,828.45000000000005,0,0,0,0,0,0,0,0,0,0,0,,,3993.23,1,,,0,,,,4,,,,1,1,0,1,1,0,1,-1,-1,-1,-1,-1,-1,-1,-1,-1,-1,-1,-1,-1,-1,0,-1,-1,-1,1,0,0,0,1,1,1,1,0,0,0,0,0,0,1,1,1,0,0,1,0
RCA_000316,INVOICE,USD,APPROVED,NET45,SALES,640100-SALES,USD,ISSUED,SALES,640100-SALES,SERVICES,US,USD,NET60,ACH,ACTIVE,__MISSING__,__MISSING__,__MISSING__,__MISSING__,__MISSING__,__MISSING__,__MISSING__,__MISSING__,__MISSING__,__MISSING__,__MISSING__,1272.96,1157.24,115.72,0,161,45,4,2,10,1157.24,136.86500000000001,1272.96,1157.24,115.72,0,168,2,10,1157.24,,,0,0,0,0,0,,,0,0,0,0,0,0,0,0,0,,0,0,1,0,30,4,43,0,0.69230769230769229,0,142.28,0,0,0,0,0,0,0,0,0,0,0,,,1272.96,1,,,0,,,,7,,,,1,1,0,1,1,0,1,-1,-1,-1,-1,-1,-1,-1,-1,-1,-1,-1,-1,-1,-1,1,-1,-1,-1,1,0,0,0,1,1,1,1,0,0,0,0,0,0,1,0,1,0,0,1,0
RCA_000318,INVOICE,USD,APPROVED,NET30,FINANCE,630100-FINANCE,USD,ISSUED,FINANCE,630100-FINANCE,SERVICES,US,USD,NET30,ACH,ACTIVE,__MISSING__,__MISSING__,__MISSING__,__MISSING__,__MISSING__,__MISSING__,__MISSING__,__MISSING__,__MISSING__,__MISSING__,__MISSING__,426.14999999999998,405.86000000000001,20.289999999999999,0,98,30,3,2,5,405.86000000000001,83.185000000000002,426.14999999999998,405.86000000000001,20.289999999999999,0,114,2,5,405.86000000000001,,,0,0,0,0,0,,,0,0,0,0,0,0,0,0,0,,0,0,0,0,28,4,5,0,0.53846153846153844,21,1060.3800000000001,0,0,0,0,0,0,0,0,0,0,0,,,426.14999999999998,1,,,0,,,,16,,,,1,1,0,1,1,0,1,-1,-1,-1,-1,-1,-1,-1,-1,-1,-1,-1,-1,-1,-1,0,-1,-1,-1,1,0,0,0,1,1,1,1,0,0,0,0,0,0,1,1,1,0,0,1,0
RCA_000319,INVOICE,USD,APPROVED,NET45,IT,680100-IT,USD,ISSUED,IT,680100-IT,SUPPLIER,US,USD,NET15,ACH,ACTIVE,__MISSING__,__MISSING__,__MISSING__,__MISSING__,__MISSING__,__MISSING__,__MISSING__,__MISSING__,__MISSING__,__MISSING__,__MISSING__,27679.009999999998,25162.740000000002,2516.27,0,315,45,1,3,27,25162.740000000002,2575.1999999999998,27679.009999999998,25162.740000000002,2516.27,0,324,3,27,25162.740000000002,,,0,0,0,0,0,,,0,0,0,0,0,0,0,0,0,,0,0,1,0,31,4,64,0,0.84615384615384615,11,1118.4200000000001,0,0,0,0,0,0,0,0,0,0,0,,,27679.009999999998,1,,,0,,,,9,,,,1,1,0,1,1,0,1,-1,-1,-1,-1,-1,-1,-1,-1,-1,-1,-1,-1,-1,-1,1,-1,-1,-1,1,0,0,0,1,1,1,1,0,0,0,0,0,0,1,0,1,0,0,1,0
RCA_000320,INVOICE,USD,APPROVED,NET45,ENGINEERING,610100-ENGINEERING,USD,ISSUED,ENGINEERING,610100-ENGINEERING,SOFTWARE,US,USD,NET30,ACH,ACTIVE,__MISSING__,__MISSING__,__MISSING__,__MISSING__,__MISSING__,__MISSING__,__MISSING__,__MISSING__,__MISSING__,__MISSING__,__MISSING__,2178.48,1980.4400000000001,198.03999999999999,0,148,45,3,1,22,1980.4400000000001,90.019999999999996,2178.48,1980.4400000000001,198.03999999999999,0,162,1,22,1980.4400000000001,,,0,0,0,0,0,,,0,0,0,0,0,0,0,0,0,,0,0,0,0,31,4,2,0,0.46153846153846156,205,578.51999999999998,0,0,0,0,0,0,0,0,0,0,0,,,2178.48,1,,,0,,,,14,,,,1,1,0,1,1,0,1,-1,-1,-1,-1,-1,-1,-1,-1,-1,-1,-1,-1,-1,-1,0,-1,-1,-1,1,0,0,0,1,1,1,1,0,0,0,0,0,0,1,1,1,0,0,1,0
RCA_000321,INVOICE,USD,APPROVED,NET30,PEOPLE,660100-PEOPLE,USD,ISSUED,PEOPLE,660100-PEOPLE,SUPPLIER,US,USD,NET30,ACH,ACTIVE,__MISSING__,__MISSING__,__MISSING__,__MISSING__,__MISSING__,__MISSING__,__MISSING__,__MISSING__,__MISSING__,__MISSING__,__MISSING__,1778.4400000000001,1616.76,161.68000000000001,0,173,30,2,2,32,1616.76,74.730000000000004,1778.4400000000001,1616.76,161.68000000000001,0,184,2,32,1616.76,,,0,0,0,0,0,,,0,0,0,0,0,0,0,0,0,,0,0,0,0,29,4,5,0,0.53846153846153844,3,1787.25,0,0,0,0,0,0,0,0,0,0,0,,,1778.4400000000001,1,,,0,,,,11,,,,1,1,0,1,1,0,1,-1,-1,-1,-1,-1,-1,-1,-1,-1,-1,-1,-1,-1,-1,0,-1,-1,-1,1,0,0,0,1,1,1,1,0,0,0,0,0,0,1,1,1,0,0,1,0
RCA_000322,INVOICE,USD,APPROVED,NET15,MARKETING,650100-MARKETING,USD,ISSUED,MARKETING,650100-MARKETING,SOFTWARE,US,USD,NET15,WIRE,ACTIVE,__MISSING__,__MISSING__,__MISSING__,__MISSING__,__MISSING__,__MISSING__,__MISSING__,__MISSING__,__MISSING__,__MISSING__,__MISSING__,2898.4699999999998,2760.4499999999998,138.02000000000001,0,206,15,3,1,21,2760.4499999999998,131.44999999999999,2898.4699999999998,2760.4499999999998,138.02000000000001,0,206,1,21,2760.4499999999998,,,0,0,0,0,0,,,0,0,0,0,0,0,0,0,0,,0,0,0,0,34,4,4,0,0.61538461538461542,15,5.9400000000000004,0,0,0,0,0,0,0,0,0,0,0,,,2898.4699999999998,1,,,0,,,,0,,,,1,1,0,1,1,0,1,-1,-1,-1,-1,-1,-1,-1,-1,-1,-1,-1,-1,-1,-1,0,-1,-1,-1,1,0,0,0,1,1,1,1,0,0,0,0,0,0,1,1,1,0,0,1,0
RCA_000327,INVOICE,USD,APPROVED,NET30,MARKETING,650100-MARKETING,USD,ISSUED,MARKETING,650100-MARKETING,PROFESSIONAL,US,USD,NET45,WIRE,ACTIVE,__MISSING__,__MISSING__,__MISSING__,__MISSING__,__MISSING__,__MISSING__,__MISSING__,__MISSING__,__MISSING__,__MISSING__,__MISSING__,7066.71,6711.2200000000003,335.56,19.93,198,30,1,2,18,6711.2200000000003,508.13999999999999,7066.71,6711.2200000000003,335.56,19.93,214,2,18,6711.2200000000003,,,0,0,0,0,0,,,0,0,0,0,0,0,0,0,0,,0,0,0,0,29,4,10,0,0.61538461538461542,30,263.37,0,0,0,0,0,0,0,0,0,0,0,,,7066.71,1,,,0,,,,16,,,,1,1,0,1,1,0,1,-1,-1,-1,-1,-1,-1,-1,-1,-1,-1,-1,-1,-1,-1,0,-1,-1,-1,1,0,0,0,1,1,1,1,0,0,0,0,0,0,1,1,1,0,0,1,0
RCA_000328,INVOICE,USD,APPROVED,NET30,MARKETING,650100-MARKETING,USD,ISSUED,MARKETING,650100-MARKETING,SUPPLIER,US,USD,NET45,WIRE,ACTIVE,__MISSING__,__MISSING__,__MISSING__,__MISSING__,__MISSING__,__MISSING__,__MISSING__,__MISSING__,__MISSING__,__MISSING__,__MISSING__,3490.1999999999998,3172.9099999999999,317.29000000000002,0,289,30,3,2,31,3172.9099999999999,125.62,3490.1999999999998,3172.9099999999999,317.29000000000002,0,309,2,31,3172.9099999999999,,,0,0,0,0,0,,,0,0,0,0,0,0,0,0,0,,0,0,0,0,26,4,10,0,0.61538461538461542,4,727.36000000000001,0,0,0,0,0,0,0,0,0,0,0,,,3490.1999999999998,1,,,0,,,,20,,,,1,1,0,1,1,0,1,-1,-1,-1,-1,-1,-1,-1,-1,-1,-1,-1,-1,-1,-1,0,-1,-1,-1,1,0,0,0,1,1,1,1,0,0,0,0,0,0,1,1,1,0,0,1,0
RCA_000329,INVOICE,USD,APPROVED,NET45,OPERATIONS,620100-OPERATIONS,USD,ISSUED,OPERATIONS,620100-OPERATIONS,SUPPLIER,US,USD,NET15,VIRTUAL_CARD,ACTIVE,__MISSING__,__MISSING__,__MISSING__,__MISSING__,__MISSING__,__MISSING__,__MISSING__,__MISSING__,__MISSING__,__MISSING__,__MISSING__,5555.0200000000004,5112.9700000000003,383.47000000000003,58.579999999999998,423,45,3,3,18,5112.9700000000003,208.08000000000001,5555.0200000000004,5112.9700000000003,383.47000000000003,58.579999999999998,436,3,18,5112.9700000000003,,,0,0,0,0,0,,,0,0,0,0,0,0,0,0,0,,0,0,0,0,27,4,8,0,0.53846153846153844,46,1529.1800000000001,0,0,0,0,0,0,0,0,0,0,0,,,5555.0200000000004,1,,,0,,,,13,,,,1,1,0,1,1,0,1,-1,-1,-1,-1,-1,-1,-1,-1,-1,-1,-1,-1,-1,-1,0,-1,-1,-1,1,0,0,0,1,1,1,1,0,0,0,0,0,0,1,1,1,0,0,1,0
RCA_000330,INVOICE,USD,APPROVED,NET60,MARKETING,650100-MARKETING,USD,ISSUED,MARKETING,650100-MARKETING,LOGISTICS,US,USD,NET60,CHECK,ACTIVE,__MISSING__,__MISSING__,__MISSING__,__MISSING__,__MISSING__,__MISSING__,__MISSING__,__MISSING__,__MISSING__,__MISSING__,__MISSING__,7220.0600000000004,6563.6899999999996,656.37,0,143,60,3,4,19,6563.6899999999996,793.66250000000002,7220.0600000000004,6563.6899999999996,656.37,0,160,4,19,6563.6899999999996,,,0,0,0,0,0,,,0,0,0,0,0,0,0,0,0,,0,0,0,0,30,4,17,0,0.53846153846153844,2,1795.78,0,0,0,0,0,0,0,0,0,0,0,,,7220.0600000000004,1,,,0,,,,17,,,,1,1,0,1,1,0,1,-1,-1,-1,-1,-1,-1,-1,-1,-1,-1,-1,-1,-1,-1,0,-1,-1,-1,1,0,0,0,1,1,1,1,0,0,0,0,0,0,1,1,1,0,0,1,0
RCA_000332,INVOICE,USD,APPROVED,NET15,PEOPLE,660100-PEOPLE,USD,ISSUED,PEOPLE,660100-PEOPLE,SOFTWARE,US,USD,NET45,WIRE,ACTIVE,__MISSING__,__MISSING__,__MISSING__,__MISSING__,__MISSING__,__MISSING__,__MISSING__,__MISSING__,__MISSING__,__MISSING__,__MISSING__,1258.5599999999999,1110.4200000000001,0,148.13999999999999,399,15,4,2,41,1110.4200000000001,26.954999999999998,1258.5599999999999,1110.4200000000001,0,148.13999999999999,411,2,41,1110.4200000000001,,,0,0,0,0,0,,,0,0,0,0,0,0,0,0,0,,0,0,1,0,28,4,6,0,0.84615384615384615,40,314.37,0,0,0,0,0,0,0,0,0,0,0,,,1258.5599999999999,1,,,0,,,,12,,,,1,1,0,1,1,0,1,-1,-1,-1,-1,-1,-1,-1,-1,-1,-1,-1,-1,-1,-1,1,-1,-1,-1,1,0,0,0,1,1,1,1,0,0,0,0,0,0,1,0,1,0,0,1,0
RCA_000336,INVOICE,CAD,APPROVED,NET30,OPERATIONS,620100-OPERATIONS,CAD,ISSUED,OPERATIONS,620100-OPERATIONS,SUPPLIER,CA,CAD,NET30,ACH,ACTIVE,__MISSING__,__MISSING__,__MISSING__,__MISSING__,__MISSING__,__MISSING__,__MISSING__,__MISSING__,__MISSING__,__MISSING__,__MISSING__,13266.940000000001,12341.34,925.60000000000002,0,484,30,4,2,13,12341.34,897.18999999999994,13266.940000000001,12341.34,925.60000000000002,0,507,2,13,12341.34,,,0,0,0,0,0,,,0,0,0,0,0,0,0,0,0,,0,0,0,0,29,4,3,0,0.53846153846153844,268,2574.8000000000002,0,0,0,0,0,0,0,0,0,0,0,,,13266.940000000001,1,,,0,,,,23,,,,1,1,0,1,1,0,1,-1,-1,-1,-1,-1,-1,-1,-1,-1,-1,-1,-1,-1,-1,0,-1,-1,-1,1,0,0,0,1,1,1,1,0,0,0,0,0,0,1,1,1,0,0,1,0
RCA_000339,INVOICE,USD,APPROVED,NET30,ENGINEERING,610100-ENGINEERING,USD,ISSUED,ENGINEERING,610100-ENGINEERING,SUPPLIER,US,USD,NET45,ACH,ACTIVE,__MISSING__,__MISSING__,__MISSING__,__MISSING__,__MISSING__,__MISSING__,__MISSING__,__MISSING__,__MISSING__,__MISSING__,__MISSING__,11510.24,10707.200000000001,803.03999999999996,0,183,30,0,1,5,10707.200000000001,2141.4400000000001,11510.24,10707.200000000001,803.03999999999996,0,196,1,5,10707.200000000001,,,0,0,0,0,0,,,0,0,0,0,0,0,0,0,0,,0,0,0,0,32,4,4,0,0.53846153846153844,79,4687.9799999999996,0,0,0,0,0,0,0,0,0,0,0,,,11510.24,1,,,0,,,,13,,,,1,1,0,1,1,0,1,-1,-1,-1,-1,-1,-1,-1,-1,-1,-1,-1,-1,-1,-1,0,-1,-1,-1,1,0,0,0,1,1,1,1,0,0,0,0,0,0,1,1,1,0,0,1,0
RCA_000340,INVOICE,USD,APPROVED,NET30,PEOPLE,660100-PEOPLE,USD,ISSUED,PEOPLE,660100-PEOPLE,SOFTWARE,US,USD,NET30,ACH,ACTIVE,__MISSING__,__MISSING__,__MISSING__,__MISSING__,__MISSING__,__MISSING__,__MISSING__,__MISSING__,__MISSING__,__MISSING__,__MISSING__,394.81999999999999,394.81999999999999,0,0,97,30,3,1,2,394.81999999999999,197.41,394.81999999999999,394.81999999999999,0,0,127,1,2,394.81999999999999,,,0,0,0,0,0,,,0,0,0,0,0,0,0,0,0,,0,0,0,0,29,4,5,0,0.46153846153846156,8,930.54999999999995,0,0,0,0,0,0,0,0,0,0,0,,,394.81999999999999,1,,,0,,,,30,,,,1,1,0,1,1,0,1,-1,-1,-1,-1,-1,-1,-1,-1,-1,-1,-1,-1,-1,-1,0,-1,-1,-1,1,0,0,0,1,1,1,1,0,0,0,0,0,0,1,1,1,0,0,1,0
RCA_000341,INVOICE,USD,APPROVED,NET45,MARKETING,650100-MARKETING,USD,ISSUED,MARKETING,650100-MARKETING,SERVICES,US,USD,NET45,ACH,ACTIVE,__MISSING__,__MISSING__,__MISSING__,__MISSING__,__MISSING__,__MISSING__,__MISSING__,__MISSING__,__MISSING__,__MISSING__,__MISSING__,3733.8200000000002,3473.3200000000002,260.5,0,203,45,1,2,43,3473.3200000000002,76.715000000000003,3733.8200000000002,3473.3200000000002,260.5,0,211,2,43,3473.3200000000002,,,0,0,0,0,0,,,0,0,0,0,0,0,0,0,0,,0,0,0,0,30,4,4,0,0.61538461538461542,13,287.75999999999999,0,0,0,0,0,0,0,0,0,0,0,,,3733.8200000000002,1,,,0,,,,8,,,,1,1,0,1,1,0,1,-1,-1,-1,-1,-1,-1,-1,-1,-1,-1,-1,-1,-1,-1,0,-1,-1,-1,1,0,0,0,1,1,1,1,0,0,0,0,0,0,1,1,1,0,0,1,0
RCA_000343,INVOICE,USD,APPROVED,NET45,PEOPLE,660100-PEOPLE,USD,ISSUED,PEOPLE,660100-PEOPLE,SOFTWARE,US,USD,NET30,ACH,ACTIVE,__MISSING__,__MISSING__,__MISSING__,__MISSING__,__MISSING__,__MISSING__,__MISSING__,__MISSING__,__MISSING__,__MISSING__,__MISSING__,2641.27,2616.4200000000001,0,24.850000000000001,428,45,1,2,34,2616.4200000000001,101.22499999999999,2641.27,2616.4200000000001,0,24.850000000000001,453,2,34,2616.4200000000001,,,0,0,0,0,0,,,0,0,0,0,0,0,0,0,0,,0,0,1,0,27,4,13,0,0.53846153846153844,21,270.27999999999997,0,0,0,0,0,0,0,0,0,0,0,,,2641.27,1,,,0,,,,25,,,,1,1,0,1,1,0,1,-1,-1,-1,-1,-1,-1,-1,-1,-1,-1,-1,-1,-1,-1,1,-1,-1,-1,1,0,0,0,1,1,1,1,0,0,0,0,0,0,1,0,1,0,0,1,0
RCA_000344,INVOICE,CAD,APPROVED,NET45,LEGAL,670100-LEGAL,CAD,ISSUED,LEGAL,670100-LEGAL,SUPPLIER,CA,CAD,NET15,WIRE,ACTIVE,__MISSING__,__MISSING__,__MISSING__,__MISSING__,__MISSING__,__MISSING__,__MISSING__,__MISSING__,__MISSING__,__MISSING__,__MISSING__,2411.4000000000001,2243.1599999999999,168.24000000000001,0,456,45,1,1,9,2243.1599999999999,249.24000000000001,2411.4000000000001,2243.1599999999999,168.24000000000001,0,474,1,9,2243.1599999999999,,,0,0,0,0,0,,,0,0,0,0,0,0,0,0,0,,0,0,0,0,31,4,6,0,0.61538461538461542,5,20.309999999999999,0,0,0,0,0,0,0,0,0,0,0,,,2411.4000000000001,1,,,0,,,,18,,,,1,1,0,1,1,0,1,-1,-1,-1,-1,-1,-1,-1,-1,-1,-1,-1,-1,-1,-1,0,-1,-1,-1,1,0,0,0,1,1,1,1,0,0,0,0,0,0,1,1,1,0,0,1,0
RCA_000350,INVOICE,USD,APPROVED,NET45,LEGAL,670100-LEGAL,USD,ISSUED,LEGAL,670100-LEGAL,SERVICES,US,USD,NET30,ACH,ACTIVE,__MISSING__,__MISSING__,__MISSING__,__MISSING__,__MISSING__,__MISSING__,__MISSING__,__MISSING__,__MISSING__,__MISSING__,__MISSING__,6948.5200000000004,6617.6400000000003,330.88,0,468,45,4,2,36,6617.6400000000003,177.06,6948.5200000000004,6617.6400000000003,330.88,0,478,2,36,6617.6400000000003,,,0,0,0,0,0,,,0,0,0,0,0,0,0,0,0,,0,0,0,0,30,4,47,0,0.69230769230769229,2,41.32,0,0,0,0,0,0,0,0,0,0,0,,,6948.5200000000004,1,,,0,,,,10,,,,1,1,0,1,1,0,1,-1,-1,-1,-1,-1,-1,-1,-1,-1,-1,-1,-1,-1,-1,0,-1,-1,-1,1,0,0,0,1,1,1,1,0,0,0,0,0,0,1,1,1,0,0,1,0
RCA_000352,INVOICE,USD,APPROVED,NET45,FINANCE,630100-FINANCE,USD,ISSUED,FINANCE,630100-FINANCE,SUPPLIER,US,USD,NET30,ACH,ACTIVE,__MISSING__,__MISSING__,__MISSING__,__MISSING__,__MISSING__,__MISSING__,__MISSING__,__MISSING__,__MISSING__,__MISSING__,__MISSING__,3164.7800000000002,2943.98,220.80000000000001,0,321,45,2,2,23,2943.98,133.625,3164.7800000000002,2943.98,220.80000000000001,0,326,2,23,2943.98,,,0,0,0,0,0,,,0,0,0,0,0,0,0,0,0,,0,0,0,0,30,4,12,0,0.61538461538461542,2,582.14999999999998,0,0,0,0,0,0,0,0,0,0,0,,,3164.7800000000002,1,,,0,,,,5,,,,1,1,0,1,1,0,1,-1,-1,-1,-1,-1,-1,-1,-1,-1,-1,-1,-1,-1,-1,0,-1,-1,-1,1,0,0,0,1,1,1,1,0,0,0,0,0,0,1,1,1,0,0,1,0
RCA_000353,INVOICE,CAD,APPROVED,NET30,PEOPLE,660100-PEOPLE,CAD,ISSUED,PEOPLE,660100-PEOPLE,SUPPLIER,CA,CAD,NET15,CHECK,ACTIVE,__MISSING__,__MISSING__,__MISSING__,__MISSING__,__MISSING__,__MISSING__,__MISSING__,__MISSING__,__MISSING__,__MISSING__,__MISSING__,4595.8299999999999,4595.8299999999999,0,0,40,30,2,2,17,4595.8299999999999,368.58999999999997,4595.8299999999999,4595.8299999999999,0,0,68,2,17,4595.8299999999999,,,0,0,0,0,0,,,0,0,0,0,0,0,0,0,0,,0,0,1,0,28,4,5,0,0.61538461538461542,2,60.829999999999998,0,0,0,0,0,0,0,0,0,0,0,,,4595.8299999999999,1,,,0,,,,28,,,,1,1,0,1,1,0,1,-1,-1,-1,-1,-1,-1,-1,-1,-1,-1,-1,-1,-1,-1,1,-1,-1,-1,1,0,0,0,1,1,1,1,0,0,0,0,0,0,1,0,1,0,0,1,0
RCA_000358,INVOICE,USD,APPROVED,NET60,LEGAL,670100-LEGAL,USD,ISSUED,LEGAL,670100-LEGAL,PROFESSIONAL,US,USD,NET30,CHECK,ACTIVE,__MISSING__,__MISSING__,__MISSING__,__MISSING__,__MISSING__,__MISSING__,__MISSING__,__MISSING__,__MISSING__,__MISSING__,__MISSING__,4042.6999999999998,3660.7199999999998,366.06999999999999,15.91,399,60,3,1,2,3660.7199999999998,1830.3599999999999,4042.6999999999998,3660.7199999999998,366.06999999999999,15.91,423,1,2,3660.7199999999998,,,0,0,0,0,0,,,0,0,0,0,0,0,0,0,0,,0,0,0,0,28,4,10,0,0.76923076923076916,99,153.88,0,0,0,0,0,0,0,0,0,0,0,,,4042.6999999999998,1,,,0,,,,24,,,,1,1,0,1,1,0,1,-1,-1,-1,-1,-1,-1,-1,-1,-1,-1,-1,-1,-1,-1,0,-1,-1,-1,1,0,0,0,1,1,1,1,0,0,0,0,0,0,1,1,1,0,0,1,0
RCA_000359,INVOICE,GBP,APPROVED,NET30,MARKETING,650100-MARKETING,GBP,ISSUED,MARKETING,650100-MARKETING,SUPPLIER,GB,GBP,NET15,ACH,ACTIVE,__MISSING__,__MISSING__,__MISSING__,__MISSING__,__MISSING__,__MISSING__,__MISSING__,__MISSING__,__MISSING__,__MISSING__,__MISSING__,6542.3500000000004,6085.9099999999999,456.44,0,128,30,3,2,25,6085.9099999999999,161.50999999999999,6542.3500000000004,6085.9099999999999,456.44,0,151,2,25,6085.9099999999999,,,0,0,0,0,0,,,0,0,0,0,0,0,0,0,0,,0,0,0,0,29,4,8,0,0.69230769230769229,0,531.99000000000001,0,0,0,0,0,0,0,0,0,0,0,,,6542.3500000000004,1,,,0,,,,23,,,,1,1,0,1,1,0,1,-1,-1,-1,-1,-1,-1,-1,-1,-1,-1,-1,-1,-1,-1,0,-1,-1,-1,1,0,0,0,1,1,1,1,0,0,0,0,0,0,1,1,1,0,0,1,0
RCA_000368,INVOICE,USD,APPROVED,NET45,OPERATIONS,620100-OPERATIONS,USD,ISSUED,OPERATIONS,620100-OPERATIONS,SOFTWARE,US,USD,NET30,ACH,ACTIVE,__MISSING__,__MISSING__,__MISSING__,__MISSING__,__MISSING__,__MISSING__,__MISSING__,__MISSING__,__MISSING__,__MISSING__,__MISSING__,568.25999999999999,516.60000000000002,51.659999999999997,0,440,45,1,1,18,516.60000000000002,28.699999999999999,568.25999999999999,516.60000000000002,51.659999999999997,0,447,1,18,516.60000000000002,,,0,0,0,0,0,,,0,0,0,0,0,0,0,0,0,,0,0,0,0,31,4,10,0,0.61538461538461542,24,1775.5599999999999,0,0,0,0,0,0,0,0,0,0,0,,,568.25999999999999,1,,,0,,,,7,,,,1,1,0,1,1,0,1,-1,-1,-1,-1,-1,-1,-1,-1,-1,-1,-1,-1,-1,-1,0,-1,-1,-1,1,0,0,0,1,1,1,1,0,0,0,0,0,0,1,1,1,0,0,1,0
RCA_000371,INVOICE,CAD,APPROVED,NET15,MARKETING,650100-MARKETING,CAD,ISSUED,MARKETING,650100-MARKETING,SUPPLIER,CA,CAD,NET30,WIRE,ACTIVE,__MISSING__,__MISSING__,__MISSING__,__MISSING__,__MISSING__,__MISSING__,__MISSING__,__MISSING__,__MISSING__,__MISSING__,__MISSING__,6450.5299999999997,6404.8100000000004,0,45.719999999999999,20,15,0,1,23,6404.8100000000004,278.47000000000003,6450.5299999999997,6404.8100000000004,0,45.719999999999999,47,1,23,6404.8100000000004,,,0,0,0,0,0,,,0,0,0,0,0,0,0,0,0,,0,0,0,0,30,4,4,0,0.61538461538461542,25,529.42999999999995,0,0,0,0,0,0,0,0,0,0,0,,,6450.5299999999997,1,,,0,,,,27,,,,1,1,0,1,1,0,1,-1,-1,-1,-1,-1,-1,-1,-1,-1,-1,-1,-1,-1,-1,0,-1,-1,-1,1,0,0,0,1,1,1,1,0,0,0,0,0,0,1,1,1,0,0,1,0
RCA_000373,INVOICE,EUR,APPROVED,NET45,SALES,640100-SALES,EUR,ISSUED,SALES,640100-SALES,SUPPLIER,DE,EUR,NET30,ACH,ACTIVE,__MISSING__,__MISSING__,__MISSING__,__MISSING__,__MISSING__,__MISSING__,__MISSING__,__MISSING__,__MISSING__,__MISSING__,__MISSING__,2130.1100000000001,1981.5,148.61000000000001,0,274,45,0,1,15,1981.5,132.09999999999999,2130.1100000000001,1981.5,148.61000000000001,0,297,1,15,1981.5,,,0,0,0,0,0,,,0,0,0,0,0,0,0,0,0,,0,0,0,0,29,4,6,0,0.53846153846153844,76,116.81999999999999,0,0,0,0,0,0,0,0,0,0,0,,,2130.1100000000001,1,,,0,,,,23,,,,1,1,0,1,1,0,1,-1,-1,-1,-1,-1,-1,-1,-1,-1,-1,-1,-1,-1,-1,0,-1,-1,-1,1,0,0,0,1,1,1,1,0,0,0,0,0,0,1,1,1,0,0,1,0
RCA_000375,INVOICE,EUR,APPROVED,NET30,MARKETING,650100-MARKETING,EUR,ISSUED,MARKETING,650100-MARKETING,SERVICES,DE,EUR,NET30,ACH,ACTIVE,__MISSING__,__MISSING__,__MISSING__,__MISSING__,__MISSING__,__MISSING__,__MISSING__,__MISSING__,__MISSING__,__MISSING__,__MISSING__,3346.2399999999998,3112.7800000000002,233.46000000000001,0,74,30,2,1,22,3112.7800000000002,141.49000000000001,3346.2399999999998,3112.7800000000002,233.46000000000001,0,95,1,22,3112.7800000000002,,,0,0,0,0,0,,,0,0,0,0,0,0,0,0,0,,0,0,0,0,31,4,5,0,0.61538461538461542,22,3103.6199999999999,0,0,0,0,0,0,0,0,0,0,0,,,3346.2399999999998,1,,,0,,,,21,,,,1,1,0,1,1,0,1,-1,-1,-1,-1,-1,-1,-1,-1,-1,-1,-1,-1,-1,-1,0,-1,-1,-1,1,0,0,0,1,1,1,1,0,0,0,0,0,0,1,1,1,0,0,1,0
RCA_000381,INVOICE,USD,APPROVED,NET45,LEGAL,670100-LEGAL,USD,ISSUED,LEGAL,670100-LEGAL,SUPPLIER,US,USD,NET30,CHECK,ON_HOLD,__MISSING__,__MISSING__,__MISSING__,__MISSING__,__MISSING__,__MISSING__,__MISSING__,__MISSING__,__MISSING__,__MISSING__,__MISSING__,9242.9799999999996,8598.1200000000008,644.86000000000001,0,375,45,3,2,15,8598.1200000000008,671.77499999999998,9242.9799999999996,8598.1200000000008,644.86000000000001,0,375,2,15,8598.1200000000008,,,0,0,0,0,0,,,0,0,0,0,0,0,0,0,0,,0,0,0,0,30,4,1,0,0.46153846153846156,310,6817.1000000000004,0,0,0,0,0,0,0,0,0,0,0,,,9242.9799999999996,1,,,0,,,,0,,,,1,1,0,1,1,0,1,-1,-1,-1,-1,-1,-1,-1,-1,-1,-1,-1,-1,-1,-1,0,-1,-1,-1,1,0,0,0,1,1,1,1,0,0,0,0,0,0,1,1,1,0,0,1,0
RCA_000382,INVOICE,EUR,APPROVED,NET30,ENGINEERING,610100-ENGINEERING,EUR,ISSUED,ENGINEERING,610100-ENGINEERING,SOFTWARE,DE,EUR,NET30,ACH,ACTIVE,__MISSING__,__MISSING__,__MISSING__,__MISSING__,__MISSING__,__MISSING__,__MISSING__,__MISSING__,__MISSING__,__MISSING__,__MISSING__,4412.9200000000001,3989.21,398.92000000000002,24.789999999999999,206,30,2,1,1,3989.21,3989.21,4412.9200000000001,3989.21,398.92000000000002,24.789999999999999,228,1,1,3989.21,,,0,0,0,0,0,,,0,0,0,0,0,0,0,0,0,,0,0,0,0,31,4,5,0,0.76923076923076916,10,1690.02,0,0,0,0,0,0,0,0,0,0,0,,,4412.9200000000001,1,,,0,,,,22,,,,1,1,0,1,1,0,1,-1,-1,-1,-1,-1,-1,-1,-1,-1,-1,-1,-1,-1,-1,0,-1,-1,-1,1,0,0,0,1,1,1,1,0,0,0,0,0,0,1,1,1,0,0,1,0
RCA_000383,INVOICE,USD,APPROVED,NET30,FINANCE,630100-FINANCE,USD,ISSUED,FINANCE,630100-FINANCE,LOGISTICS,US,USD,NET60,ACH,ACTIVE,__MISSING__,__MISSING__,__MISSING__,__MISSING__,__MISSING__,__MISSING__,__MISSING__,__MISSING__,__MISSING__,__MISSING__,__MISSING__,3497.5100000000002,3253.5,244.00999999999999,0,508,30,5,2,43,3253.5,71.125,3497.5100000000002,3253.5,244.00999999999999,0,509,2,43,3253.5,,,0,0,0,0,0,,,0,0,0,0,0,0,0,0,0,,0,0,0,0,32,4,25,0,0.69230769230769229,28,74.450000000000003,0,0,0,0,0,0,0,0,0,0,0,,,3497.5100000000002,1,,,0,,,,1,,,,1,1,0,1,1,0,1,-1,-1,-1,-1,-1,-1,-1,-1,-1,-1,-1,-1,-1,-1,0,-1,-1,-1,1,0,0,0,1,1,1,1,0,0,0,0,0,0,1,1,1,0,0,1,0
RCA_000384,INVOICE,USD,APPROVED,NET30,FINANCE,630100-FINANCE,USD,ISSUED,FINANCE,630100-FINANCE,SUPPLIER,US,USD,DUE_ON_RECEIPT,ACH,ACTIVE,__MISSING__,__MISSING__,__MISSING__,__MISSING__,__MISSING__,__MISSING__,__MISSING__,__MISSING__,__MISSING__,__MISSING__,__MISSING__,1147.4100000000001,1043.0999999999999,104.31,0,257,30,2,2,38,1043.0999999999999,27.450000000000003,1147.4100000000001,1043.0999999999999,104.31,0,278,2,38,1043.0999999999999,,,0,0,0,0,0,,,0,0,0,0,0,0,0,0,0,,0,0,0,0,27,4,5,0,0.61538461538461542,70,1437.9000000000001,0,0,0,0,0,0,0,0,0,0,0,,,1147.4100000000001,1,,,0,,,,21,,,,1,1,0,1,1,0,1,-1,-1,-1,-1,-1,-1,-1,-1,-1,-1,-1,-1,-1,-1,0,-1,-1,-1,1,0,0,0,1,1,1,1,0,0,0,0,0,0,1,1,1,0,0,1,0
RCA_000385,INVOICE,USD,APPROVED,NET15,OPERATIONS,620100-OPERATIONS,USD,ISSUED,OPERATIONS,620100-OPERATIONS,SUPPLIER,US,USD,NET30,ACH,ACTIVE,__MISSING__,__MISSING__,__MISSING__,__MISSING__,__MISSING__,__MISSING__,__MISSING__,__MISSING__,__MISSING__,__MISSING__,__MISSING__,2457.1799999999998,2233.8000000000002,223.38,0,150,15,1,1,20,2233.8000000000002,111.69,2457.1799999999998,2233.8000000000002,223.38,0,167,1,20,2233.8000000000002,,,0,0,0,0,0,,,0,0,0,0,0,0,0,0,0,,0,0,1,0,31,4,6,0,0.61538461538461542,18,288.94999999999999,0,0,0,0,0,0,0,0,0,0,0,,,2457.1799999999998,1,,,0,,,,17,,,,1,1,0,1,1,0,1,-1,-1,-1,-1,-1,-1,-1,-1,-1,-1,-1,-1,-1,-1,1,-1,-1,-1,1,0,0,0,1,1,1,1,0,0,0,0,0,0,1,0,1,0,0,1,0
RCA_000387,INVOICE,USD,APPROVED,NET30,IT,680100-IT,USD,ISSUED,IT,680100-IT,SOFTWARE,US,USD,NET45,VIRTUAL_CARD,ACTIVE,__MISSING__,__MISSING__,__MISSING__,__MISSING__,__MISSING__,__MISSING__,__MISSING__,__MISSING__,__MISSING__,__MISSING__,__MISSING__,16495.25,14995.68,1499.5699999999999,0,271,30,4,1,12,14995.68,1249.6400000000001,16495.25,14995.68,1499.5699999999999,0,271,1,12,14995.68,,,0,0,0,0,0,,,0,0,0,0,0,0,0,0,0,,0,0,0,0,30,4,7,0,0.69230769230769229,29,5521.8800000000001,0,0,0,0,0,0,0,0,0,0,0,,,16495.25,1,,,0,,,,0,,,,1,1,0,1,1,0,1,-1,-1,-1,-1,-1,-1,-1,-1,-1,-1,-1,-1,-1,-1,0,-1,-1,-1,1,0,0,0,1,1,1,1,0,0,0,0,0,0,1,1,1,0,0,1,0
RCA_000389,INVOICE,USD,APPROVED,NET15,ENGINEERING,610100-ENGINEERING,USD,ISSUED,ENGINEERING,610100-ENGINEERING,SOFTWARE,US,USD,NET45,WIRE,ACTIVE,__MISSING__,__MISSING__,__MISSING__,__MISSING__,__MISSING__,__MISSING__,__MISSING__,__MISSING__,__MISSING__,__MISSING__,__MISSING__,17658.689999999999,16053.35,1605.3399999999999,0,528,15,1,1,5,16053.35,3210.6700000000001,17658.689999999999,16053.35,1605.3399999999999,0,544,1,5,16053.35,,,0,0,0,0,0,,,0,0,0,0,0,0,0,0,0,,0,0,1,0,28,4,3,0,0.69230769230769229,380,6311.8500000000004,0,0,0,0,0,0,0,0,0,0,0,,,17658.689999999999,1,,,0,,,,16,,,,1,1,0,1,1,0,1,-1,-1,-1,-1,-1,-1,-1,-1,-1,-1,-1,-1,-1,-1,1,-1,-1,-1,1,0,0,0,1,1,1,1,0,0,0,0,0,0,1,0,1,0,0,1,0
RCA_000390,INVOICE,GBP,APPROVED,NET30,LEGAL,670100-LEGAL,GBP,ISSUED,LEGAL,670100-LEGAL,SOFTWARE,GB,GBP,NET60,WIRE,ACTIVE,__MISSING__,__MISSING__,__MISSING__,__MISSING__,__MISSING__,__MISSING__,__MISSING__,__MISSING__,__MISSING__,__MISSING__,__MISSING__,13931.59,12665.08,1266.51,0,250,30,4,3,41,12665.08,311.24666666666667,13931.59,12665.08,1266.51,0,258,3,41,12665.08,,,0,0,0,0,0,,,0,0,0,0,0,0,0,0,0,,0,0,0,0,30,4,9,0,0.53846153846153844,47,6029.5699999999997,0,0,0,0,0,0,0,0,0,0,0,,,13931.59,1,,,0,,,,8,,,,1,1,0,1,1,0,1,-1,-1,-1,-1,-1,-1,-1,-1,-1,-1,-1,-1,-1,-1,0,-1,-1,-1,1,0,0,0,1,1,1,1,0,0,0,0,0,0,1,1,1,0,0,1,0
RCA_000391,INVOICE,EUR,APPROVED,NET30,MARKETING,650100-MARKETING,EUR,ISSUED,MARKETING,650100-MARKETING,SERVICES,DE,EUR,NET30,ACH,ACTIVE,__MISSING__,__MISSING__,__MISSING__,__MISSING__,__MISSING__,__MISSING__,__MISSING__,__MISSING__,__MISSING__,__MISSING__,__MISSING__,4655.6000000000004,4232.3599999999997,423.24000000000001,0,326,30,3,3,40,4232.3599999999997,119.64333333333333,4655.6000000000004,4232.3599999999997,423.24000000000001,0,342,3,40,4232.3599999999997,,,0,0,0,0,0,,,0,0,0,0,0,0,0,0,0,,0,0,0,0,27,4,8,0,0.61538461538461542,14,521.91999999999996,0,0,0,0,0,0,0,0,0,0,0,,,4655.6000000000004,1,,,0,,,,16,,,,1,1,0,1,1,0,1,-1,-1,-1,-1,-1,-1,-1,-1,-1,-1,-1,-1,-1,-1,0,-1,-1,-1,1,0,0,0,1,1,1,1,0,0,0,0,0,0,1,1,1,0,0,1,0
RCA_000392,INVOICE,USD,APPROVED,NET45,FINANCE,630100-FINANCE,USD,ISSUED,FINANCE,630100-FINANCE,SUPPLIER,US,USD,DUE_ON_RECEIPT,ACH,ACTIVE,__MISSING__,__MISSING__,__MISSING__,__MISSING__,__MISSING__,__MISSING__,__MISSING__,__MISSING__,__MISSING__,__MISSING__,__MISSING__,1552.3099999999999,1432.5799999999999,107.44,12.289999999999999,407,45,4,2,13,1432.5799999999999,106.83500000000001,1552.3099999999999,1432.5799999999999,107.44,12.289999999999999,422,2,13,1432.5799999999999,,,0,0,0,0,0,,,0,0,0,0,0,0,0,0,0,,0,0,0,0,32,4,5,0,0.61538461538461542,14,301.41000000000003,0,0,0,0,0,0,0,0,0,0,0,,,1552.3099999999999,1,,,0,,,,15,,,,1,1,0,1,1,0,1,-1,-1,-1,-1,-1,-1,-1,-1,-1,-1,-1,-1,-1,-1,0,-1,-1,-1,1,0,0,0,1,1,1,1,0,0,0,0,0,0,1,1,1,0,0,1,0
RCA_000393,INVOICE,EUR,APPROVED,NET45,PEOPLE,660100-PEOPLE,EUR,ISSUED,PEOPLE,660100-PEOPLE,SUPPLIER,DE,EUR,NET60,ACH,ACTIVE,__MISSING__,__MISSING__,__MISSING__,__MISSING__,__MISSING__,__MISSING__,__MISSING__,__MISSING__,__MISSING__,__MISSING__,__MISSING__,4124.1199999999999,3749.1999999999998,374.92000000000002,0,100,45,0,2,40,3749.1999999999998,93.72999999999999,4124.1199999999999,3749.1999999999998,374.92000000000002,0,117,2,40,3749.1999999999998,,,0,0,0,0,0,,,0,0,0,0,0,0,0,0,0,,0,0,0,0,28,4,4,0,0.61538461538461542,6,889.04999999999995,0,0,0,0,0,0,0,0,0,0,0,,,4124.1199999999999,1,,,0,,,,17,,,,1,1,0,1,1,0,1,-1,-1,-1,-1,-1,-1,-1,-1,-1,-1,-1,-1,-1,-1,0,-1,-1,-1,1,0,0,0,1,1,1,1,0,0,0,0,0,0,1,1,1,0,0,1,0
RCA_000395,INVOICE,EUR,APPROVED,NET30,ENGINEERING,610100-ENGINEERING,EUR,ISSUED,ENGINEERING,610100-ENGINEERING,SERVICES,DE,EUR,NET15,ACH,ACTIVE,__MISSING__,__MISSING__,__MISSING__,__MISSING__,__MISSING__,__MISSING__,__MISSING__,__MISSING__,__MISSING__,__MISSING__,__MISSING__,4460.7600000000002,4460.7600000000002,0,0,44,30,5,3,40,4460.7600000000002,105.89666666666666,4460.7600000000002,4460.7600000000002,0,0,59,3,40,4460.7600000000002,,,0,0,0,0,0,,,0,0,0,0,0,0,0,0,0,,0,0,0,0,26,4,8,0,0.53846153846153844,69,343.26999999999998,0,0,0,0,0,0,0,0,0,0,0,,,4460.7600000000002,1,,,0,,,,15,,,,1,1,0,1,1,0,1,-1,-1,-1,-1,-1,-1,-1,-1,-1,-1,-1,-1,-1,-1,0,-1,-1,-1,1,0,0,0,1,1,1,1,0,0,0,0,0,0,1,1,1,0,0,1,0
RCA_000397,INVOICE,USD,APPROVED,NET15,LEGAL,670100-LEGAL,USD,ISSUED,LEGAL,670100-LEGAL,SOFTWARE,US,USD,NET45,ACH,ACTIVE,__MISSING__,__MISSING__,__MISSING__,__MISSING__,__MISSING__,__MISSING__,__MISSING__,__MISSING__,__MISSING__,__MISSING__,__MISSING__,8761.6200000000008,8142.8500000000004,610.71000000000004,8.0600000000000005,377,15,3,2,23,8142.8500000000004,772.54500000000007,8761.6200000000008,8142.8500000000004,610.71000000000004,8.0600000000000005,385,2,23,8142.8500000000004,,,0,0,0,0,0,,,0,0,0,0,0,0,0,0,0,,0,0,0,0,29,4,6,0,0.61538461538461542,77,2833.0700000000002,0,0,0,0,0,0,0,0,0,0,0,,,8761.6200000000008,1,,,0,,,,8,,,,1,1,0,1,1,0,1,-1,-1,-1,-1,-1,-1,-1,-1,-1,-1,-1,-1,-1,-1,0,-1,-1,-1,1,0,0,0,1,1,1,1,0,0,0,0,0,0,1,1,1,0,0,1,0
RCA_000399,INVOICE,EUR,APPROVED,NET30,IT,680100-IT,EUR,ISSUED,IT,680100-IT,SOFTWARE,DE,EUR,NET30,ACH,ACTIVE,__MISSING__,__MISSING__,__MISSING__,__MISSING__,__MISSING__,__MISSING__,__MISSING__,__MISSING__,__MISSING__,__MISSING__,__MISSING__,8745.6299999999992,8135.4700000000003,610.15999999999997,0,397,30,2,4,63,8135.4700000000003,177.51499999999999,8745.6299999999992,8135.4700000000003,610.15999999999997,0,403,4,63,8135.4700000000003,,,0,0,0,0,0,,,0,0,0,0,0,0,0,0,0,,0,0,1,0,29,4,20,0,0.61538461538461542,23,1049.46,0,0,0,0,0,0,0,0,0,0,0,,,8745.6299999999992,1,,,0,,,,6,,,,1,1,0,1,1,0,1,-1,-1,-1,-1,-1,-1,-1,-1,-1,-1,-1,-1,-1,-1,1,-1,-1,-1,1,0,0,0,1,1,1,1,0,0,0,0,0,0,1,0,1,0,0,1,0
RCA_000400,INVOICE,USD,APPROVED,NET45,FINANCE,630100-FINANCE,USD,ISSUED,FINANCE,630100-FINANCE,SOFTWARE,US,USD,NET30,ACH,ON_HOLD,__MISSING__,__MISSING__,__MISSING__,__MISSING__,__MISSING__,__MISSING__,__MISSING__,__MISSING__,__MISSING__,__MISSING__,__MISSING__,4644.5200000000004,4222.29,422.23000000000002,0,247,45,0,3,31,4222.29,120.46999999999998,4644.5200000000004,4222.29,422.23000000000002,0,271,3,31,4222.29,,,0,0,0,0,0,,,0,0,0,0,0,0,0,0,0,,0,0,0,0,31,4,2,0,0.53846153846153844,27,3293.8299999999999,0,0,0,0,0,0,0,0,0,0,0,,,4644.5200000000004,1,,,0,,,,24,,,,1,1,0,1,1,0,1,-1,-1,-1,-1,-1,-1,-1,-1,-1,-1,-1,-1,-1,-1,0,-1,-1,-1,1,0,0,0,1,1,1,1,0,0,0,0,0,0,1,1,1,0,0,1,0
RCA_000401,PAYMENT,__MISSING__,__MISSING__,__MISSING__,__MISSING__,__MISSING__,__MISSING__,__MISSING__,__MISSING__,__MISSING__,SOFTWARE,GB,GBP,NET60,WIRE,ACTIVE,WIRE,GBP,COMPLETED,SETTLED,WIRE_DEBIT,GBP,DEBIT,POSTED,__MISSING__,__MISSING__,PAYMENT,,,,,,,,0,0,0,,,,,,,0,0,0,2863.6599999999999,195,0,0,0,0,0,2863.6599999999999,194,1,2,1,2863.6599999999999,2863.6599999999999,2863.6599999999999,2863.6599999999999,0,0,,0,0,0,0,30,4,0,0,,,,0,0,0,1,1,,,,,,,2863.6599999999999,1,,,0,0,0,0,0,0,,,0,,-1,-1,-1,-1,-1,-1,-1,0,-1,-1,-1,1,1,1,1,1,1,1,1,1,1,0,-1,-1,-1,-1,1,0,0,0,0,0,1,0,0,0,0,0,0,1,1,0,1,1,0,1
RCA_000403,PAYMENT,__MISSING__,__MISSING__,__MISSING__,__MISSING__,__MISSING__,__MISSING__,__MISSING__,__MISSING__,__MISSING__,SOFTWARE,US,USD,NET15,ACH,ACTIVE,ACH,USD,COMPLETED,SETTLED,ACH_DEBIT,USD,DEBIT,POSTED,__MISSING__,__MISSING__,PAYMENT,,,,,,,,0,0,0,,,,,,,0,0,0,1086.8699999999999,91,0,0,0,0,0,1086.8699999999999,88,1,2,1,1086.8699999999999,1086.8699999999999,1086.8699999999999,1086.8699999999999,0,0,,0,0,0,0,32,4,0,0,,,,0,0,0,1,1,,,,,,,1086.8699999999999,1,,,0,0,0,0,0,0,,,0,,-1,-1,-1,-1,-1,-1,-1,0,-1,-1,-1,1,1,1,1,1,1,1,1,1,1,0,-1,-1,-1,-1,1,0,0,0,0,0,1,0,0,0,0,0,0,1,1,0,1,1,0,1
RCA_000405,PAYMENT,__MISSING__,__MISSING__,__MISSING__,__MISSING__,__MISSING__,__MISSING__,__MISSING__,__MISSING__,__MISSING__,SERVICES,US,USD,NET30,ACH,ACTIVE,ACH,USD,COMPLETED,SETTLED,ACH_DEBIT,USD,DEBIT,POSTED,__MISSING__,__MISSING__,PAYMENT,,,,,,,,0,0,0,,,,,,,0,0,0,2416.3400000000001,225,0,0,0,0,0,2416.3400000000001,222,1,2,1,2416.3400000000001,2416.3400000000001,2416.3400000000001,2416.3400000000001,0,0,,0,0,0,0,30,4,0,0,,,,0,0,0,1,1,,,,,,,2416.3400000000001,1,,,0,0,0,0,0,0,,,0,,-1,-1,-1,-1,-1,-1,-1,0,-1,-1,-1,1,1,1,1,1,1,1,1,1,1,0,-1,-1,-1,-1,1,0,0,0,0,0,1,0,0,0,0,0,0,1,1,0,1,1,0,1
RCA_000406,PAYMENT,__MISSING__,__MISSING__,__MISSING__,__MISSING__,__MISSING__,__MISSING__,__MISSING__,__MISSING__,__MISSING__,SERVICES,CA,CAD,NET30,ACH,ACTIVE,ACH,CAD,COMPLETED,SETTLED,ACH_DEBIT,CAD,DEBIT,POSTED,__MISSING__,__MISSING__,PAYMENT,,,,,,,,0,0,0,,,,,,,0,0,0,1282.3399999999999,92,0,0,0,0,0,1282.3399999999999,89,1,2,1,1282.3399999999999,1282.3399999999999,1282.3399999999999,1282.3399999999999,0,0,,0,0,0,0,31,4,0,0,,,,0,0,0,1,1,,,,,,,1282.3399999999999,1,,,0,0,0,0,0,0,,,0,,-1,-1,-1,-1,-1,-1,-1,0,-1,-1,-1,1,1,1,1,1,1,1,1,1,1,0,-1,-1,-1,-1,1,0,0,0,0,0,1,0,0,0,0,0,0,1,1,0,1,1,0,1
RCA_000407,PAYMENT,__MISSING__,__MISSING__,__MISSING__,__MISSING__,__MISSING__,__MISSING__,__MISSING__,__MISSING__,__MISSING__,PROFESSIONAL,US,USD,NET15,ACH,ACTIVE,ACH,USD,COMPLETED,SETTLED,ACH_DEBIT,USD,DEBIT,POSTED,__MISSING__,__MISSING__,PAYMENT,,,,,,,,0,0,0,,,,,,,0,0,0,737.67999999999995,341,0,0,0,0,0,737.67999999999995,336,1,2,1,737.67999999999995,737.67999999999995,737.67999999999995,737.67999999999995,0,0,,0,0,0,0,31,4,0,0,,,,0,0,0,1,1,,,,,,,737.67999999999995,1,,,0,0,0,0,0,0,,,0,,-1,-1,-1,-1,-1,-1,-1,0,-1,-1,-1,1,1,1,1,1,1,1,1,1,1,0,-1,-1,-1,-1,1,0,0,0,0,0,1,0,0,0,0,0,0,1,1,0,1,1,0,1
RCA_000408,PAYMENT,__MISSING__,__MISSING__,__MISSING__,__MISSING__,__MISSING__,__MISSING__,__MISSING__,__MISSING__,__MISSING__,SUPPLIER,US,USD,NET45,ACH,ACTIVE,ACH,USD,COMPLETED,SETTLED,ACH_DEBIT,USD,DEBIT,POSTED,__MISSING__,__MISSING__,PAYMENT,,,,,,,,0,0,0,,,,,,,0,0,0,3997.73,210,0,0,0,0,0,3997.73,207,1,2,1,3997.73,3997.73,3997.73,3997.73,0,0,,0,0,0,0,30,4,0,0,,,,0,0,0,1,1,,,,,,,3997.73,1,,,0,0,0,0,0,0,,,0,,-1,-1,-1,-1,-1,-1,-1,0,-1,-1,-1,1,1,1,1,1,1,1,1,1,1,0,-1,-1,-1,-1,1,0,0,0,0,0,1,0,0,0,0,0,0,1,1,0,1,1,0,1
RCA_000410,PAYMENT,__MISSING__,__MISSING__,__MISSING__,__MISSING__,__MISSING__,__MISSING__,__MISSING__,__MISSING__,__MISSING__,SOFTWARE,US,USD,NET30,CHECK,ACTIVE,CHECK,USD,COMPLETED,SETTLED,CHECK_CLEARING,USD,DEBIT,POSTED,__MISSING__,__MISSING__,PAYMENT,,,,,,,,0,0,0,,,,,,,0,0,0,3012.3699999999999,160,0,0,0,0,0,3012.3699999999999,146,1,2,1,3012.3699999999999,3012.3699999999999,3012.3699999999999,3012.3699999999999,0,0,,0,0,0,0,31,4,0,0,,,,0,0,0,1,1,,,,,,,3012.3699999999999,1,,,0,0,0,0,0,0,,,0,,-1,-1,-1,-1,-1,-1,-1,0,-1,-1,-1,1,1,1,1,1,1,1,1,1,1,0,-1,-1,-1,-1,1,0,0,0,0,0,1,0,0,0,0,0,0,1,1,0,1,1,0,1
RCA_000412,PAYMENT,__MISSING__,__MISSING__,__MISSING__,__MISSING__,__MISSING__,__MISSING__,__MISSING__,__MISSING__,__MISSING__,LOGISTICS,US,USD,NET15,WIRE,ACTIVE,WIRE,USD,COMPLETED,SETTLED,WIRE_DEBIT,USD,DEBIT,POSTED,__MISSING__,__MISSING__,PAYMENT,,,,,,,,0,0,0,,,,,,,0,0,0,722.12,118,0,0,0,0,0,722.12,117,1,2,1,722.12,722.12,722.12,722.12,0,0,,0,0,1,1,29,4,0,0,,,,0,0,0,1,1,,,,,,,722.12,1,,,0,0,0,0,0,0,,,0,,-1,-1,-1,-1,-1,-1,-1,0,-1,-1,-1,1,1,1,1,1,1,1,1,1,1,1,-1,-1,-1,-1,1,0,0,0,0,0,1,0,0,0,0,0,0,1,0,0,1,1,0,1
RCA_000414,PAYMENT,__MISSING__,__MISSING__,__MISSING__,__MISSING__,__MISSING__,__MISSING__,__MISSING__,__MISSING__,__MISSING__,PROFESSIONAL,US,USD,NET30,CHECK,ACTIVE,CHECK,USD,COMPLETED,SETTLED,CHECK_CLEARING,USD,DEBIT,POSTED,__MISSING__,__MISSING__,PAYMENT,,,,,,,,0,0,0,,,,,,,0,0,0,8052.7299999999996,353,0,0,0,0,0,8052.7299999999996,340,1,2,1,8052.7299999999996,8052.7299999999996,8052.7299999999996,8052.7299999999996,0,0,,0,0,0,0,34,4,0,0,,,,0,0,0,1,1,,,,,,,8052.7299999999996,1,,,0,0,0,0,0,0,,,0,,-1,-1,-1,-1,-1,-1,-1,0,-1,-1,-1,1,1,1,1,1,1,1,1,1,1,0,-1,-1,-1,-1,1,0,0,0,0,0,1,0,0,0,0,0,0,1,1,0,1,1,0,1
RCA_000419,PAYMENT,__MISSING__,__MISSING__,__MISSING__,__MISSING__,__MISSING__,__MISSING__,__MISSING__,__MISSING__,__MISSING__,SERVICES,US,USD,NET45,ACH,ACTIVE,ACH,USD,COMPLETED,SETTLED,ACH_DEBIT,USD,DEBIT,POSTED,__MISSING__,__MISSING__,PAYMENT,,,,,,,,0,0,0,,,,,,,0,0,0,402,219,0,0,0,0,0,402,216,1,2,1,402,402,402,402,0,0,,0,0,0,0,29,4,0,0,,,,0,0,0,1,1,,,,,,,402,1,,,0,0,0,0,0,0,,,0,,-1,-1,-1,-1,-1,-1,-1,0,-1,-1,-1,1,1,1,1,1,1,1,1,1,1,0,-1,-1,-1,-1,1,0,0,0,0,0,1,0,0,0,0,0,0,1,1,0,1,1,0,1
RCA_000423,PAYMENT,__MISSING__,__MISSING__,__MISSING__,__MISSING__,__MISSING__,__MISSING__,__MISSING__,__MISSING__,__MISSING__,PROFESSIONAL,US,USD,NET45,ACH,ACTIVE,ACH,USD,COMPLETED,SETTLED,ACH_DEBIT,USD,DEBIT,POSTED,__MISSING__,__MISSING__,PAYMENT,,,,,,,,0,0,0,,,,,,,0,0,0,6075.6300000000001,193,0,0,0,0,0,6075.6300000000001,188,1,2,1,6075.6300000000001,6075.6300000000001,6075.6300000000001,6075.6300000000001,0,0,,0,0,0,0,30,4,0,0,,,,0,0,0,1,1,,,,,,,6075.6300000000001,1,,,0,0,0,0,0,0,,,0,,-1,-1,-1,-1,-1,-1,-1,0,-1,-1,-1,1,1,1,1,1,1,1,1,1,1,0,-1,-1,-1,-1,1,0,0,0,0,0,1,0,0,0,0,0,0,1,1,0,1,1,0,1
RCA_000424,PAYMENT,__MISSING__,__MISSING__,__MISSING__,__MISSING__,__MISSING__,__MISSING__,__MISSING__,__MISSING__,__MISSING__,SERVICES,CA,CAD,NET60,ACH,ACTIVE,ACH,CAD,COMPLETED,SETTLED,ACH_DEBIT,CAD,DEBIT,POSTED,__MISSING__,__MISSING__,PAYMENT,,,,,,,,0,0,0,,,,,,,0,0,0,3284.4899999999998,279,0,0,0,0,0,3284.4899999999998,274,1,2,1,3284.4899999999998,3284.4899999999998,3284.4899999999998,3284.4899999999998,0,0,,0,0,0,0,27,4,0,0,,,,0,0,0,1,1,,,,,,,3284.4899999999998,1,,,0,0,0,0,0,0,,,0,,-1,-1,-1,-1,-1,-1,-1,0,-1,-1,-1,1,1,1,1,1,1,1,1,1,1,0,-1,-1,-1,-1,1,0,0,0,0,0,1,0,0,0,0,0,0,1,1,0,1,1,0,1
RCA_000425,PAYMENT,__MISSING__,__MISSING__,__MISSING__,__MISSING__,__MISSING__,__MISSING__,__MISSING__,__MISSING__,__MISSING__,SOFTWARE,US,USD,NET30,ACH,ACTIVE,ACH,USD,COMPLETED,SETTLED,ACH_DEBIT,USD,DEBIT,POSTED,__MISSING__,__MISSING__,PAYMENT,,,,,,,,0,0,0,,,,,,,0,0,0,3628.6599999999999,443,0,0,0,0,0,3628.6599999999999,440,1,2,1,3628.6599999999999,3628.6599999999999,3628.6599999999999,3628.6599999999999,0,0,,0,0,1,0,27,4,0,0,,,,0,0,0,1,1,,,,,,,3628.6599999999999,1,,,0,0,0,0,0,0,,,0,,-1,-1,-1,-1,-1,-1,-1,0,-1,-1,-1,1,1,1,1,1,1,1,1,1,1,1,-1,-1,-1,-1,1,0,0,0,0,0,1,0,0,0,0,0,0,1,0,0,1,1,0,1
RCA_000427,PAYMENT,__MISSING__,__MISSING__,__MISSING__,__MISSING__,__MISSING__,__MISSING__,__MISSING__,__MISSING__,__MISSING__,SERVICES,US,USD,NET30,WIRE,ACTIVE,WIRE,USD,COMPLETED,SETTLED,WIRE_DEBIT,USD,DEBIT,POSTED,__MISSING__,__MISSING__,PAYMENT,,,,,,,,0,0,0,,,,,,,0,0,0,3130.2199999999998,42,0,0,0,0,0,3130.2199999999998,41,1,2,1,3130.2199999999998,3130.2199999999998,3130.2199999999998,3130.2199999999998,0,0,,0,0,0,0,31,4,0,0,,,,0,0,0,1,1,,,,,,,3130.2199999999998,1,,,0,0,0,0,0,0,,,0,,-1,-1,-1,-1,-1,-1,-1,0,-1,-1,-1,1,1,1,1,1,1,1,1,1,1,0,-1,-1,-1,-1,1,0,0,0,0,0,1,0,0,0,0,0,0,1,1,0,1,1,0,1
RCA_000428,PAYMENT,__MISSING__,__MISSING__,__MISSING__,__MISSING__,__MISSING__,__MISSING__,__MISSING__,__MISSING__,__MISSING__,SUPPLIER,US,USD,NET45,CHECK,ACTIVE,CHECK,USD,COMPLETED,SETTLED,CHECK_CLEARING,USD,DEBIT,POSTED,__MISSING__,__MISSING__,PAYMENT,,,,,,,,0,0,0,,,,,,,0,0,0,1099.7,523,0,0,0,0,0,1099.7,509,1,2,1,1099.7,1099.7,1099.7,1099.7,0,0,,0,0,0,0,29,4,0,0,,,,0,0,0,1,1,,,,,,,1099.7,1,,,0,0,0,0,0,0,,,0,,-1,-1,-1,-1,-1,-1,-1,0,-1,-1,-1,1,1,1,1,1,1,1,1,1,1,0,-1,-1,-1,-1,1,0,0,0,0,0,1,0,0,0,0,0,0,1,1,0,1,1,0,1
RCA_000429,PAYMENT,__MISSING__,__MISSING__,__MISSING__,__MISSING__,__MISSING__,__MISSING__,__MISSING__,__MISSING__,__MISSING__,SERVICES,JP,JPY,NET15,VIRTUAL_CARD,ACTIVE,VIRTUAL_CARD,JPY,COMPLETED,SETTLED,CARD_SETTLEMENT,JPY,DEBIT,POSTED,__MISSING__,__MISSING__,PAYMENT,,,,,,,,0,0,0,,,,,,,0,0,0,2298,95,0,0,0,0,0,2298,91,1,2,1,2298,2298,2298,2298,0,0,,0,0,0,0,30,4,0,0,,,,0,0,0,1,1,,,,,,,2298,1,,,0,0,0,0,0,0,,,0,,-1,-1,-1,-1,-1,-1,-1,0,-1,-1,-1,1,1,1,1,1,1,1,1,1,1,0,-1,-1,-1,-1,1,0,0,0,0,0,1,0,0,0,0,0,0,1,1,0,1,1,0,1
RCA_000431,PAYMENT,__MISSING__,__MISSING__,__MISSING__,__MISSING__,__MISSING__,__MISSING__,__MISSING__,__MISSING__,__MISSING__,SUPPLIER,US,USD,NET30,CHECK,ACTIVE,CHECK,USD,COMPLETED,SETTLED,CHECK_CLEARING,USD,DEBIT,POSTED,__MISSING__,__MISSING__,PAYMENT,,,,,,,,0,0,0,,,,,,,0,0,0,2338.5,82,0,0,0,0,0,2338.5,68,1,2,1,2338.5,2338.5,2338.5,2338.5,0,0,,0,0,0,0,29,4,0,0,,,,0,0,0,1,1,,,,,,,2338.5,1,,,0,0,0,0,0,0,,,0,,-1,-1,-1,-1,-1,-1,-1,0,-1,-1,-1,1,1,1,1,1,1,1,1,1,1,0,-1,-1,-1,-1,1,0,0,0,0,0,1,0,0,0,0,0,0,1,1,0,1,1,0,1
RCA_000434,PAYMENT,__MISSING__,__MISSING__,__MISSING__,__MISSING__,__MISSING__,__MISSING__,__MISSING__,__MISSING__,__MISSING__,SUPPLIER,US,USD,NET45,CHECK,ACTIVE,CHECK,USD,COMPLETED,SETTLED,CHECK_CLEARING,USD,DEBIT,POSTED,__MISSING__,__MISSING__,PAYMENT,,,,,,,,0,0,0,,,,,,,0,0,0,1725.4000000000001,541,0,0,0,0,0,1725.4000000000001,529,1,2,1,1725.4000000000001,1725.4000000000001,1725.4000000000001,1725.4000000000001,0,0,,0,0,0,0,31,4,0,0,,,,0,0,0,1,1,,,,,,,1725.4000000000001,1,,,0,0,0,0,0,0,,,0,,-1,-1,-1,-1,-1,-1,-1,0,-1,-1,-1,1,1,1,1,1,1,1,1,1,1,0,-1,-1,-1,-1,1,0,0,0,0,0,1,0,0,0,0,0,0,1,1,0,1,1,0,1
RCA_000435,PAYMENT,__MISSING__,__MISSING__,__MISSING__,__MISSING__,__MISSING__,__MISSING__,__MISSING__,__MISSING__,__MISSING__,SUPPLIER,US,USD,NET30,ACH,ACTIVE,ACH,USD,COMPLETED,SETTLED,ACH_DEBIT,USD,DEBIT,POSTED,__MISSING__,__MISSING__,PAYMENT,,,,,,,,0,0,0,,,,,,,0,0,0,475.23000000000002,190,0,0,0,0,0,475.23000000000002,187,1,2,1,475.23000000000002,475.23000000000002,475.23000000000002,475.23000000000002,0,0,,0,0,1,1,31,4,0,0,,,,0,0,0,1,1,,,,,,,475.23000000000002,1,,,0,0,0,0,0,0,,,0,,-1,-1,-1,-1,-1,-1,-1,0,-1,-1,-1,1,1,1,1,1,1,1,1,1,1,1,-1,-1,-1,-1,1,0,0,0,0,0,1,0,0,0,0,0,0,1,0,0,1,1,0,1
RCA_000437,PAYMENT,__MISSING__,__MISSING__,__MISSING__,__MISSING__,__MISSING__,__MISSING__,__MISSING__,__MISSING__,__MISSING__,PROFESSIONAL,CA,CAD,NET15,WIRE,ACTIVE,WIRE,CAD,COMPLETED,SETTLED,WIRE_DEBIT,CAD,DEBIT,POSTED,__MISSING__,__MISSING__,PAYMENT,,,,,,,,0,0,0,,,,,,,0,0,0,1030,159,0,0,0,0,0,1030,158,1,2,1,1030,1030,1030,1030,0,0,,0,0,0,0,29,4,0,0,,,,0,0,0,1,1,,,,,,,1030,1,,,0,0,0,0,0,0,,,0,,-1,-1,-1,-1,-1,-1,-1,0,-1,-1,-1,1,1,1,1,1,1,1,1,1,1,0,-1,-1,-1,-1,1,0,0,0,0,0,1,0,0,0,0,0,0,1,1,0,1,1,0,1
RCA_000438,PAYMENT,__MISSING__,__MISSING__,__MISSING__,__MISSING__,__MISSING__,__MISSING__,__MISSING__,__MISSING__,__MISSING__,SUPPLIER,US,USD,NET45,ACH,ACTIVE,ACH,USD,COMPLETED,SETTLED,ACH_DEBIT,USD,DEBIT,POSTED,__MISSING__,__MISSING__,PAYMENT,,,,,,,,0,0,0,,,,,,,0,0,0,760.69000000000005,523,0,0,0,0,0,760.69000000000005,518,1,2,1,760.69000000000005,760.69000000000005,760.69000000000005,760.69000000000005,0,0,,0,0,0,0,27,4,0,0,,,,0,0,0,1,1,,,,,,,760.69000000000005,1,,,0,0,0,0,0,0,,,0,,-1,-1,-1,-1,-1,-1,-1,0,-1,-1,-1,1,1,1,1,1,1,1,1,1,1,0,-1,-1,-1,-1,1,0,0,0,0,0,1,0,0,0,0,0,0,1,1,0,1,1,0,1
RCA_000439,PAYMENT,__MISSING__,__MISSING__,__MISSING__,__MISSING__,__MISSING__,__MISSING__,__MISSING__,__MISSING__,__MISSING__,SERVICES,US,USD,NET15,ACH,ACTIVE,ACH,USD,COMPLETED,SETTLED,ACH_DEBIT,USD,DEBIT,POSTED,__MISSING__,__MISSING__,PAYMENT,,,,,,,,0,0,0,,,,,,,0,0,0,1223.8800000000001,117,0,0,0,0,0,1223.8800000000001,112,1,2,1,1223.8800000000001,1223.8800000000001,1223.8800000000001,1223.8800000000001,0,0,,0,0,0,0,32,4,0,0,,,,0,0,0,1,1,,,,,,,1223.8800000000001,1,,,0,0,0,0,0,0,,,0,,-1,-1,-1,-1,-1,-1,-1,0,-1,-1,-1,1,1,1,1,1,1,1,1,1,1,0,-1,-1,-1,-1,1,0,0,0,0,0,1,0,0,0,0,0,0,1,1,0,1,1,0,1
RCA_000440,PAYMENT,__MISSING__,__MISSING__,__MISSING__,__MISSING__,__MISSING__,__MISSING__,__MISSING__,__MISSING__,__MISSING__,SERVICES,US,USD,NET60,ACH,ACTIVE,ACH,USD,COMPLETED,SETTLED,ACH_DEBIT,USD,DEBIT,POSTED,__MISSING__,__MISSING__,PAYMENT,,,,,,,,0,0,0,,,,,,,0,0,0,1127.8599999999999,115,0,0,0,0,0,1127.8599999999999,111,1,2,1,1127.8599999999999,1127.8599999999999,1127.8599999999999,1127.8599999999999,0,0,,0,0,1,1,28,4,0,0,,,,0,0,0,1,1,,,,,,,1127.8599999999999,1,,,0,0,0,0,0,0,,,0,,-1,-1,-1,-1,-1,-1,-1,0,-1,-1,-1,1,1,1,1,1,1,1,1,1,1,1,-1,-1,-1,-1,1,0,0,0,0,0,1,0,0,0,0,0,0,1,0,0,1,1,0,1
RCA_000442,PAYMENT,__MISSING__,__MISSING__,__MISSING__,__MISSING__,__MISSING__,__MISSING__,__MISSING__,__MISSING__,__MISSING__,SOFTWARE,US,USD,NET15,ACH,ACTIVE,ACH,USD,COMPLETED,SETTLED,ACH_DEBIT,USD,DEBIT,POSTED,__MISSING__,__MISSING__,PAYMENT,,,,,,,,0,0,0,,,,,,,0,0,0,3700.0999999999999,97,0,0,0,0,0,3700.0999999999999,92,1,2,1,3700.0999999999999,3700.0999999999999,3700.0999999999999,3700.0999999999999,0,0,,0,0,2,2,27,4,0,0,,,,0,0,0,1,1,,,,,,,3700.0999999999999,1,,,0,0,0,0,0,0,,,0,,-1,-1,-1,-1,-1,-1,-1,0,-1,-1,-1,1,1,1,1,1,1,1,1,1,1,1,-1,-1,-1,-1,1,0,0,0,0,0,1,0,0,0,0,0,0,1,0,0,1,1,0,1
RCA_000443,PAYMENT,__MISSING__,__MISSING__,__MISSING__,__MISSING__,__MISSING__,__MISSING__,__MISSING__,__MISSING__,__MISSING__,SUPPLIER,US,USD,NET45,CHECK,ACTIVE,CHECK,USD,COMPLETED,SETTLED,CHECK_CLEARING,USD,DEBIT,POSTED,__MISSING__,__MISSING__,PAYMENT,,,,,,,,0,0,0,,,,,,,0,0,0,5174.9399999999996,30,0,0,0,0,0,5174.9399999999996,18,1,2,1,5174.9399999999996,5174.9399999999996,5174.9399999999996,5174.9399999999996,0,0,,0,0,0,0,31,4,0,0,,,,0,0,0,1,1,,,,,,,5174.9399999999996,1,,,0,0,0,0,0,0,,,0,,-1,-1,-1,-1,-1,-1,-1,0,-1,-1,-1,1,1,1,1,1,1,1,1,1,1,0,-1,-1,-1,-1,1,0,0,0,0,0,1,0,0,0,0,0,0,1,1,0,1,1,0,1
RCA_000448,PAYMENT,__MISSING__,__MISSING__,__MISSING__,__MISSING__,__MISSING__,__MISSING__,__MISSING__,__MISSING__,__MISSING__,PROFESSIONAL,US,USD,NET30,WIRE,ACTIVE,WIRE,USD,COMPLETED,SETTLED,WIRE_DEBIT,USD,DEBIT,POSTED,__MISSING__,__MISSING__,PAYMENT,,,,,,,,0,0,0,,,,,,,0,0,0,845.51999999999998,381,0,0,0,0,0,845.51999999999998,379,1,2,1,845.51999999999998,845.51999999999998,845.51999999999998,845.51999999999998,0,0,,0,0,0,0,28,4,0,0,,,,0,0,0,1,1,,,,,,,845.51999999999998,1,,,0,0,0,0,0,0,,,0,,-1,-1,-1,-1,-1,-1,-1,0,-1,-1,-1,1,1,1,1,1,1,1,1,1,1,0,-1,-1,-1,-1,1,0,0,0,0,0,1,0,0,0,0,0,0,1,1,0,1,1,0,1
RCA_000450,PAYMENT,__MISSING__,__MISSING__,__MISSING__,__MISSING__,__MISSING__,__MISSING__,__MISSING__,__MISSING__,__MISSING__,SUPPLIER,US,USD,NET30,ACH,ACTIVE,ACH,USD,COMPLETED,SETTLED,ACH_DEBIT,USD,DEBIT,POSTED,__MISSING__,__MISSING__,PAYMENT,,,,,,,,0,0,0,,,,,,,0,0,0,541.20000000000005,167,0,0,0,0,0,541.20000000000005,162,1,2,1,541.20000000000005,541.20000000000005,541.20000000000005,541.20000000000005,0,0,,0,0,0,0,31,4,0,0,,,,0,0,0,1,1,,,,,,,541.20000000000005,1,,,0,0,0,0,0,0,,,0,,-1,-1,-1,-1,-1,-1,-1,0,-1,-1,-1,1,1,1,1,1,1,1,1,1,1,0,-1,-1,-1,-1,1,0,0,0,0,0,1,0,0,0,0,0,0,1,1,0,1,1,0,1
RCA_000451,PAYMENT,__MISSING__,__MISSING__,__MISSING__,__MISSING__,__MISSING__,__MISSING__,__MISSING__,__MISSING__,__MISSING__,SOFTWARE,US,USD,NET45,ACH,ACTIVE,ACH,USD,COMPLETED,SETTLED,ACH_DEBIT,USD,DEBIT,POSTED,__MISSING__,__MISSING__,PAYMENT,,,,,,,,0,0,0,,,,,,,0,0,0,621.72000000000003,133,0,0,0,0,0,621.72000000000003,130,1,2,1,621.72000000000003,621.72000000000003,621.72000000000003,621.72000000000003,0,0,,0,0,0,0,29,4,0,0,,,,0,0,0,1,1,,,,,,,621.72000000000003,1,,,0,0,0,0,0,0,,,0,,-1,-1,-1,-1,-1,-1,-1,0,-1,-1,-1,1,1,1,1,1,1,1,1,1,1,0,-1,-1,-1,-1,1,0,0,0,0,0,1,0,0,0,0,0,0,1,1,0,1,1,0,1
RCA_000454,PAYMENT,__MISSING__,__MISSING__,__MISSING__,__MISSING__,__MISSING__,__MISSING__,__MISSING__,__MISSING__,__MISSING__,SERVICES,US,CAD,NET30,ACH,ACTIVE,ACH,CAD,COMPLETED,SETTLED,ACH_DEBIT,CAD,DEBIT,POSTED,__MISSING__,__MISSING__,PAYMENT,,,,,,,,0,0,0,,,,,,,0,0,0,1590.2,355,0,0,0,0,0,1590.2,350,1,2,1,1590.2,1590.2,1590.2,1590.2,0,0,,0,0,1,0,30,4,0,0,,,,0,0,0,1,1,,,,,,,1590.2,1,,,0,0,0,0,0,0,,,0,,-1,-1,-1,-1,-1,-1,-1,0,-1,-1,-1,1,1,1,1,1,1,1,1,1,1,1,-1,-1,-1,-1,1,0,0,0,0,0,1,0,0,0,0,0,0,1,0,0,1,1,0,1
RCA_000456,PAYMENT,__MISSING__,__MISSING__,__MISSING__,__MISSING__,__MISSING__,__MISSING__,__MISSING__,__MISSING__,__MISSING__,SERVICES,CA,CAD,NET30,ACH,ACTIVE,ACH,CAD,COMPLETED,SETTLED,ACH_DEBIT,CAD,DEBIT,POSTED,__MISSING__,__MISSING__,PAYMENT,,,,,,,,0,0,0,,,,,,,0,0,0,3138.4200000000001,469,0,0,0,0,0,3138.4200000000001,466,1,2,1,3138.4200000000001,3138.4200000000001,3138.4200000000001,3138.4200000000001,0,0,,0,0,0,0,26,4,0,0,,,,0,0,0,1,1,,,,,,,3138.4200000000001,1,,,0,0,0,0,0,0,,,0,,-1,-1,-1,-1,-1,-1,-1,0,-1,-1,-1,1,1,1,1,1,1,1,1,1,1,0,-1,-1,-1,-1,1,0,0,0,0,0,1,0,0,0,0,0,0,1,1,0,1,1,0,1
RCA_000458,PAYMENT,__MISSING__,__MISSING__,__MISSING__,__MISSING__,__MISSING__,__MISSING__,__MISSING__,__MISSING__,__MISSING__,SERVICES,GB,GBP,NET45,ACH,ACTIVE,ACH,GBP,COMPLETED,SETTLED,ACH_DEBIT,GBP,DEBIT,POSTED,__MISSING__,__MISSING__,PAYMENT,,,,,,,,0,0,0,,,,,,,0,0,0,3666.4699999999998,63,0,0,0,0,0,3666.4699999999998,60,1,2,1,3666.4699999999998,3666.4699999999998,3666.4699999999998,3666.4699999999998,0,0,,0,0,0,0,30,4,0,0,,,,0,0,0,1,1,,,,,,,3666.4699999999998,1,,,0,0,0,0,0,0,,,0,,-1,-1,-1,-1,-1,-1,-1,0,-1,-1,-1,1,1,1,1,1,1,1,1,1,1,0,-1,-1,-1,-1,1,0,0,0,0,0,1,0,0,0,0,0,0,1,1,0,1,1,0,1
RCA_000460,PAYMENT,__MISSING__,__MISSING__,__MISSING__,__MISSING__,__MISSING__,__MISSING__,__MISSING__,__MISSING__,__MISSING__,SUPPLIER,US,USD,NET45,ACH,ACTIVE,ACH,USD,COMPLETED,SETTLED,ACH_DEBIT,USD,DEBIT,POSTED,__MISSING__,__MISSING__,PAYMENT,,,,,,,,0,0,0,,,,,,,0,0,0,846.52999999999997,413,0,0,0,0,0,846.52999999999997,410,1,2,1,846.52999999999997,846.52999999999997,846.52999999999997,846.52999999999997,0,0,,0,0,0,0,32,4,0,0,,,,0,0,0,1,1,,,,,,,846.52999999999997,1,,,0,0,0,0,0,0,,,0,,-1,-1,-1,-1,-1,-1,-1,0,-1,-1,-1,1,1,1,1,1,1,1,1,1,1,0,-1,-1,-1,-1,1,0,0,0,0,0,1,0,0,0,0,0,0,1,1,0,1,1,0,1
RCA_000461,PAYMENT,__MISSING__,__MISSING__,__MISSING__,__MISSING__,__MISSING__,__MISSING__,__MISSING__,__MISSING__,__MISSING__,SERVICES,DE,EUR,NET45,ACH,ACTIVE,ACH,EUR,COMPLETED,SETTLED,ACH_DEBIT,EUR,DEBIT,POSTED,__MISSING__,__MISSING__,PAYMENT,,,,,,,,0,0,0,,,,,,,0,0,0,1113.73,535,0,0,0,0,0,1113.73,531,1,2,1,1113.73,1113.73,1113.73,1113.73,0,0,,0,0,0,0,29,4,0,0,,,,0,0,0,1,1,,,,,,,1113.73,1,,,0,0,0,0,0,0,,,0,,-1,-1,-1,-1,-1,-1,-1,0,-1,-1,-1,1,1,1,1,1,1,1,1,1,1,0,-1,-1,-1,-1,1,0,0,0,0,0,1,0,0,0,0,0,0,1,1,0,1,1,0,1
RCA_000463,PAYMENT,__MISSING__,__MISSING__,__MISSING__,__MISSING__,__MISSING__,__MISSING__,__MISSING__,__MISSING__,__MISSING__,SUPPLIER,US,USD,NET30,ACH,ACTIVE,ACH,USD,COMPLETED,SETTLED,ACH_DEBIT,USD,DEBIT,POSTED,__MISSING__,__MISSING__,PAYMENT,,,,,,,,0,0,0,,,,,,,0,0,0,1298.8499999999999,434,0,0,0,0,0,1298.8499999999999,431,1,2,1,1298.8499999999999,1298.8499999999999,1298.8499999999999,1298.8499999999999,0,0,,0,0,0,0,33,4,0,0,,,,0,0,0,1,1,,,,,,,1298.8499999999999,1,,,0,0,0,0,0,0,,,0,,-1,-1,-1,-1,-1,-1,-1,0,-1,-1,-1,1,1,1,1,1,1,1,1,1,1,0,-1,-1,-1,-1,1,0,0,0,0,0,1,0,0,0,0,0,0,1,1,0,1,1,0,1
RCA_000464,PAYMENT,__MISSING__,__MISSING__,__MISSING__,__MISSING__,__MISSING__,__MISSING__,__MISSING__,__MISSING__,__MISSING__,SERVICES,US,USD,NET15,ACH,ACTIVE,ACH,USD,COMPLETED,SETTLED,ACH_DEBIT,USD,DEBIT,POSTED,__MISSING__,__MISSING__,PAYMENT,,,,,,,,0,0,0,,,,,,,0,0,0,2944.9000000000001,540,0,0,0,0,0,2944.9000000000001,537,1,2,1,2944.9000000000001,2944.9000000000001,2944.9000000000001,2944.9000000000001,0,0,,0,0,0,0,32,4,0,0,,,,0,0,0,1,1,,,,,,,2944.9000000000001,1,,,0,0,0,0,0,0,,,0,,-1,-1,-1,-1,-1,-1,-1,0,-1,-1,-1,1,1,1,1,1,1,1,1,1,1,0,-1,-1,-1,-1,1,0,0,0,0,0,1,0,0,0,0,0,0,1,1,0,1,1,0,1
RCA_000467,PAYMENT,__MISSING__,__MISSING__,__MISSING__,__MISSING__,__MISSING__,__MISSING__,__MISSING__,__MISSING__,__MISSING__,SUPPLIER,US,USD,NET45,CHECK,ACTIVE,CHECK,USD,COMPLETED,SETTLED,CHECK_CLEARING,USD,DEBIT,POSTED,__MISSING__,__MISSING__,PAYMENT,,,,,,,,0,0,0,,,,,,,0,0,0,3065.3600000000001,181,0,0,0,0,0,3065.3600000000001,167,1,2,1,3065.3600000000001,3065.3600000000001,3065.3600000000001,3065.3600000000001,0,0,,0,0,0,0,31,4,0,0,,,,0,0,0,1,1,,,,,,,3065.3600000000001,1,,,0,0,0,0,0,0,,,0,,-1,-1,-1,-1,-1,-1,-1,0,-1,-1,-1,1,1,1,1,1,1,1,1,1,1,0,-1,-1,-1,-1,1,0,0,0,0,0,1,0,0,0,0,0,0,1,1,0,1,1,0,1
RCA_000470,PAYMENT,__MISSING__,__MISSING__,__MISSING__,__MISSING__,__MISSING__,__MISSING__,__MISSING__,__MISSING__,__MISSING__,LOGISTICS,DE,EUR,NET60,ACH,ACTIVE,ACH,EUR,COMPLETED,SETTLED,ACH_DEBIT,EUR,DEBIT,POSTED,__MISSING__,__MISSING__,PAYMENT,,,,,,,,0,0,0,,,,,,,0,0,0,5664.5,469,0,0,0,0,0,5664.5,466,1,2,1,5664.5,5664.5,5664.5,5664.5,0,0,,0,0,0,0,32,4,0,0,,,,0,0,0,1,1,,,,,,,5664.5,1,,,0,0,0,0,0,0,,,0,,-1,-1,-1,-1,-1,-1,-1,0,-1,-1,-1,1,1,1,1,1,1,1,1,1,1,0,-1,-1,-1,-1,1,0,0,0,0,0,1,0,0,0,0,0,0,1,1,0,1,1,0,1
RCA_000471,PAYMENT,__MISSING__,__MISSING__,__MISSING__,__MISSING__,__MISSING__,__MISSING__,__MISSING__,__MISSING__,__MISSING__,PROFESSIONAL,US,USD,NET30,WIRE,ACTIVE,WIRE,USD,COMPLETED,SETTLED,WIRE_DEBIT,USD,DEBIT,POSTED,__MISSING__,__MISSING__,PAYMENT,,,,,,,,0,0,0,,,,,,,0,0,0,4346.7200000000003,516,0,0,0,0,0,4346.7200000000003,515,1,2,1,4346.7200000000003,4346.7200000000003,4346.7200000000003,4346.7200000000003,0,0,,0,0,0,0,30,4,0,0,,,,0,0,0,1,1,,,,,,,4346.7200000000003,1,,,0,0,0,0,0,0,,,0,,-1,-1,-1,-1,-1,-1,-1,0,-1,-1,-1,1,1,1,1,1,1,1,1,1,1,0,-1,-1,-1,-1,1,0,0,0,0,0,1,0,0,0,0,0,0,1,1,0,1,1,0,1
RCA_000472,PAYMENT,__MISSING__,__MISSING__,__MISSING__,__MISSING__,__MISSING__,__MISSING__,__MISSING__,__MISSING__,__MISSING__,SUPPLIER,DE,EUR,NET30,CHECK,ACTIVE,CHECK,EUR,COMPLETED,SETTLED,CHECK_CLEARING,EUR,DEBIT,POSTED,__MISSING__,__MISSING__,PAYMENT,,,,,,,,0,0,0,,,,,,,0,0,0,980.47000000000003,332,0,0,0,0,0,980.47000000000003,319,1,2,1,980.47000000000003,980.47000000000003,980.47000000000003,980.47000000000003,0,0,,0,0,0,0,29,4,0,0,,,,0,0,0,1,1,,,,,,,980.47000000000003,1,,,0,0,0,0,0,0,,,0,,-1,-1,-1,-1,-1,-1,-1,0,-1,-1,-1,1,1,1,1,1,1,1,1,1,1,0,-1,-1,-1,-1,1,0,0,0,0,0,1,0,0,0,0,0,0,1,1,0,1,1,0,1
RCA_000474,PAYMENT,__MISSING__,__MISSING__,__MISSING__,__MISSING__,__MISSING__,__MISSING__,__MISSING__,__MISSING__,__MISSING__,SERVICES,US,USD,NET30,ACH,ACTIVE,ACH,USD,COMPLETED,SETTLED,ACH_DEBIT,USD,DEBIT,POSTED,__MISSING__,__MISSING__,PAYMENT,,,,,,,,0,0,0,,,,,,,0,0,0,3945.6500000000001,244,0,0,0,0,0,3945.6500000000001,239,1,2,1,3945.6500000000001,3945.6500000000001,3945.6500000000001,3945.6500000000001,0,0,,0,0,0,0,31,4,0,0,,,,0,0,0,1,1,,,,,,,3945.6500000000001,1,,,0,0,0,0,0,0,,,0,,-1,-1,-1,-1,-1,-1,-1,0,-1,-1,-1,1,1,1,1,1,1,1,1,1,1,0,-1,-1,-1,-1,1,0,0,0,0,0,1,0,0,0,0,0,0,1,1,0,1,1,0,1
RCA_000476,PAYMENT,__MISSING__,__MISSING__,__MISSING__,__MISSING__,__MISSING__,__MISSING__,__MISSING__,__MISSING__,__MISSING__,SUPPLIER,US,USD,NET30,ACH,ACTIVE,ACH,USD,COMPLETED,SETTLED,ACH_DEBIT,USD,DEBIT,POSTED,__MISSING__,__MISSING__,PAYMENT,,,,,,,,0,0,0,,,,,,,0,0,0,7946.4099999999999,433,0,0,0,0,0,7946.4099999999999,428,1,2,1,7946.4099999999999,7946.4099999999999,7946.4099999999999,7946.4099999999999,0,0,,0,0,0,0,27,4,0,0,,,,0,0,0,1,1,,,,,,,7946.4099999999999,1,,,0,0,0,0,0,0,,,0,,-1,-1,-1,-1,-1,-1,-1,0,-1,-1,-1,1,1,1,1,1,1,1,1,1,1,0,-1,-1,-1,-1,1,0,0,0,0,0,1,0,0,0,0,0,0,1,1,0,1,1,0,1
RCA_000477,PAYMENT,__MISSING__,__MISSING__,__MISSING__,__MISSING__,__MISSING__,__MISSING__,__MISSING__,__MISSING__,__MISSING__,SOFTWARE,US,USD,NET45,ACH,ACTIVE,ACH,USD,COMPLETED,SETTLED,ACH_DEBIT,USD,DEBIT,POSTED,__MISSING__,__MISSING__,PAYMENT,,,,,,,,0,0,0,,,,,,,0,0,0,842.10000000000002,80,0,0,0,0,0,842.10000000000002,76,1,2,1,842.10000000000002,842.10000000000002,842.10000000000002,842.10000000000002,0,0,,0,0,1,1,30,4,0,0,,,,0,0,0,1,1,,,,,,,842.10000000000002,1,,,0,0,0,0,0,0,,,0,,-1,-1,-1,-1,-1,-1,-1,0,-1,-1,-1,1,1,1,1,1,1,1,1,1,1,1,-1,-1,-1,-1,1,0,0,0,0,0,1,0,0,0,0,0,0,1,0,0,1,1,0,1
RCA_000480,PAYMENT,__MISSING__,__MISSING__,__MISSING__,__MISSING__,__MISSING__,__MISSING__,__MISSING__,__MISSING__,__MISSING__,SERVICES,US,USD,NET30,ACH,ACTIVE,ACH,USD,COMPLETED,SETTLED,ACH_DEBIT,USD,DEBIT,POSTED,__MISSING__,__MISSING__,PAYMENT,,,,,,,,0,0,0,,,,,,,0,0,0,1582.49,82,0,0,0,0,0,1582.49,77,1,2,1,1582.49,1582.49,1582.49,1582.49,0,0,,0,0,0,0,30,4,0,0,,,,0,0,0,1,1,,,,,,,1582.49,1,,,0,0,0,0,0,0,,,0,,-1,-1,-1,-1,-1,-1,-1,0,-1,-1,-1,1,1,1,1,1,1,1,1,1,1,0,-1,-1,-1,-1,1,0,0,0,0,0,1,0,0,0,0,0,0,1,1,0,1,1,0,1
RCA_000483,PAYMENT,__MISSING__,__MISSING__,__MISSING__,__MISSING__,__MISSING__,__MISSING__,__MISSING__,__MISSING__,__MISSING__,SOFTWARE,US,USD,NET15,ACH,ACTIVE,ACH,USD,COMPLETED,SETTLED,ACH_DEBIT,USD,DEBIT,POSTED,__MISSING__,__MISSING__,PAYMENT,,,,,,,,0,0,0,,,,,,,0,0,0,442.69999999999999,190,0,0,0,0,0,442.69999999999999,187,1,2,1,442.69999999999999,442.69999999999999,442.69999999999999,442.69999999999999,0,0,,0,0,0,0,32,4,0,0,,,,0,0,0,1,1,,,,,,,442.69999999999999,1,,,0,0,0,0,0,0,,,0,,-1,-1,-1,-1,-1,-1,-1,0,-1,-1,-1,1,1,1,1,1,1,1,1,1,1,0,-1,-1,-1,-1,1,0,0,0,0,0,1,0,0,0,0,0,0,1,1,0,1,1,0,1
RCA_000485,PAYMENT,__MISSING__,__MISSING__,__MISSING__,__MISSING__,__MISSING__,__MISSING__,__MISSING__,__MISSING__,__MISSING__,SERVICES,US,USD,NET30,ACH,ACTIVE,ACH,USD,COMPLETED,SETTLED,ACH_DEBIT,USD,DEBIT,POSTED,__MISSING__,__MISSING__,PAYMENT,,,,,,,,0,0,0,,,,,,,0,0,0,651.78999999999996,484,0,0,0,0,0,651.78999999999996,481,1,2,1,651.78999999999996,651.78999999999996,651.78999999999996,651.78999999999996,0,0,,0,0,1,0,25,4,0,0,,,,0,0,0,1,1,,,,,,,651.78999999999996,1,,,0,0,0,0,0,0,,,0,,-1,-1,-1,-1,-1,-1,-1,0,-1,-1,-1,1,1,1,1,1,1,1,1,1,1,1,-1,-1,-1,-1,1,0,0,0,0,0,1,0,0,0,0,0,0,1,0,0,1,1,0,1
RCA_000487,PAYMENT,__MISSING__,__MISSING__,__MISSING__,__MISSING__,__MISSING__,__MISSING__,__MISSING__,__MISSING__,__MISSING__,SUPPLIER,US,USD,DUE_ON_RECEIPT,WIRE,ACTIVE,WIRE,USD,COMPLETED,SETTLED,WIRE_DEBIT,USD,DEBIT,POSTED,__MISSING__,__MISSING__,PAYMENT,,,,,,,,0,0,0,,,,,,,0,0,0,890.96000000000004,155,0,0,0,0,0,890.96000000000004,154,1,2,1,890.96000000000004,890.96000000000004,890.96000000000004,890.96000000000004,0,0,,0,0,0,0,33,4,0,0,,,,0,0,0,1,1,,,,,,,890.96000000000004,1,,,0,0,0,0,0,0,,,0,,-1,-1,-1,-1,-1,-1,-1,0,-1,-1,-1,1,1,1,1,1,1,1,1,1,1,0,-1,-1,-1,-1,1,0,0,0,0,0,1,0,0,0,0,0,0,1,1,0,1,1,0,1
RCA_000488,PAYMENT,__MISSING__,__MISSING__,__MISSING__,__MISSING__,__MISSING__,__MISSING__,__MISSING__,__MISSING__,__MISSING__,SERVICES,GB,GBP,NET45,ACH,ACTIVE,ACH,GBP,COMPLETED,SETTLED,ACH_DEBIT,GBP,DEBIT,POSTED,__MISSING__,__MISSING__,PAYMENT,,,,,,,,0,0,0,,,,,,,0,0,0,9029.6900000000005,58,0,0,0,0,0,9029.6900000000005,55,1,2,1,9029.6900000000005,9029.6900000000005,9029.6900000000005,9029.6900000000005,0,0,,0,0,0,0,30,4,0,0,,,,0,0,0,1,1,,,,,,,9029.6900000000005,1,,,0,0,0,0,0,0,,,0,,-1,-1,-1,-1,-1,-1,-1,0,-1,-1,-1,1,1,1,1,1,1,1,1,1,1,0,-1,-1,-1,-1,1,0,0,0,0,0,1,0,0,0,0,0,0,1,1,0,1,1,0,1
RCA_000492,PAYMENT,__MISSING__,__MISSING__,__MISSING__,__MISSING__,__MISSING__,__MISSING__,__MISSING__,__MISSING__,__MISSING__,SOFTWARE,US,USD,NET30,ACH,ACTIVE,ACH,USD,COMPLETED,SETTLED,ACH_DEBIT,USD,DEBIT,POSTED,__MISSING__,__MISSING__,PAYMENT,,,,,,,,0,0,0,,,,,,,0,0,0,3662.1100000000001,229,0,0,0,0,0,3662.1100000000001,224,1,2,1,3662.1100000000001,3662.1100000000001,3662.1100000000001,3662.1100000000001,0,0,,0,0,0,0,30,4,0,0,,,,0,0,0,1,1,,,,,,,3662.1100000000001,1,,,0,0,0,0,0,0,,,0,,-1,-1,-1,-1,-1,-1,-1,0,-1,-1,-1,1,1,1,1,1,1,1,1,1,1,0,-1,-1,-1,-1,1,0,0,0,0,0,1,0,0,0,0,0,0,1,1,0,1,1,0,1
RCA_000493,PAYMENT,__MISSING__,__MISSING__,__MISSING__,__MISSING__,__MISSING__,__MISSING__,__MISSING__,__MISSING__,__MISSING__,SERVICES,US,USD,NET45,ACH,ACTIVE,ACH,USD,COMPLETED,SETTLED,ACH_DEBIT,USD,DEBIT,POSTED,__MISSING__,__MISSING__,PAYMENT,,,,,,,,0,0,0,,,,,,,0,0,0,1893.6800000000001,404,0,0,0,0,0,1893.6800000000001,399,1,2,1,1893.6800000000001,1893.6800000000001,1893.6800000000001,1893.6800000000001,0,0,,0,0,0,0,32,4,0,0,,,,0,0,0,1,1,,,,,,,1893.6800000000001,1,,,0,0,0,0,0,0,,,0,,-1,-1,-1,-1,-1,-1,-1,0,-1,-1,-1,1,1,1,1,1,1,1,1,1,1,0,-1,-1,-1,-1,1,0,0,0,0,0,1,0,0,0,0,0,0,1,1,0,1,1,0,1
RCA_000496,PAYMENT,__MISSING__,__MISSING__,__MISSING__,__MISSING__,__MISSING__,__MISSING__,__MISSING__,__MISSING__,__MISSING__,SERVICES,CA,CAD,NET30,ACH,ACTIVE,ACH,CAD,COMPLETED,SETTLED,ACH_DEBIT,CAD,DEBIT,POSTED,__MISSING__,__MISSING__,PAYMENT,,,,,,,,0,0,0,,,,,,,0,0,0,7012.1800000000003,489,0,0,0,0,0,7012.1800000000003,484,1,2,1,7012.1800000000003,7012.1800000000003,7012.1800000000003,7012.1800000000003,0,0,,0,0,0,0,26,4,0,0,,,,0,0,0,1,1,,,,,,,7012.1800000000003,1,,,0,0,0,0,0,0,,,0,,-1,-1,-1,-1,-1,-1,-1,0,-1,-1,-1,1,1,1,1,1,1,1,1,1,1,0,-1,-1,-1,-1,1,0,0,0,0,0,1,0,0,0,0,0,0,1,1,0,1,1,0,1
RCA_000498,PAYMENT,__MISSING__,__MISSING__,__MISSING__,__MISSING__,__MISSING__,__MISSING__,__MISSING__,__MISSING__,__MISSING__,SUPPLIER,US,USD,NET45,ACH,ACTIVE,ACH,USD,COMPLETED,SETTLED,ACH_DEBIT,USD,DEBIT,POSTED,__MISSING__,__MISSING__,PAYMENT,,,,,,,,0,0,0,,,,,,,0,0,0,324.55000000000001,489,0,0,0,0,0,324.55000000000001,484,1,2,1,324.55000000000001,324.55000000000001,324.55000000000001,324.55000000000001,0,0,,0,0,0,0,29,4,0,0,,,,0,0,0,1,1,,,,,,,324.55000000000001,1,,,0,0,0,0,0,0,,,0,,-1,-1,-1,-1,-1,-1,-1,0,-1,-1,-1,1,1,1,1,1,1,1,1,1,1,0,-1,-1,-1,-1,1,0,0,0,0,0,1,0,0,0,0,0,0,1,1,0,1,1,0,1
RCA_000499,PAYMENT,__MISSING__,__MISSING__,__MISSING__,__MISSING__,__MISSING__,__MISSING__,__MISSING__,__MISSING__,__MISSING__,PROFESSIONAL,US,USD,NET45,ACH,ACTIVE,ACH,USD,COMPLETED,SETTLED,ACH_DEBIT,USD,DEBIT,POSTED,__MISSING__,__MISSING__,PAYMENT,,,,,,,,0,0,0,,,,,,,0,0,0,1735.26,339,0,0,0,0,0,1735.26,335,1,2,1,1735.26,1735.26,1735.26,1735.26,0,0,,0,0,0,0,29,4,0,0,,,,0,0,0,1,1,,,,,,,1735.26,1,,,0,0,0,0,0,0,,,0,,-1,-1,-1,-1,-1,-1,-1,0,-1,-1,-1,1,1,1,1,1,1,1,1,1,1,0,-1,-1,-1,-1,1,0,0,0,0,0,1,0,0,0,0,0,0,1,1,0,1,1,0,1
RCA_000500,PAYMENT,__MISSING__,__MISSING__,__MISSING__,__MISSING__,__MISSING__,__MISSING__,__MISSING__,__MISSING__,__MISSING__,SOFTWARE,US,USD,DUE_ON_RECEIPT,ACH,ACTIVE,ACH,USD,COMPLETED,SETTLED,ACH_DEBIT,USD,DEBIT,POSTED,__MISSING__,__MISSING__,PAYMENT,,,,,,,,0,0,0,,,,,,,0,0,0,1839.27,528,0,0,0,0,0,1839.27,524,1,2,1,1839.27,1839.27,1839.27,1839.27,0,0,,0,0,0,0,30,4,0,0,,,,0,0,0,1,1,,,,,,,1839.27,1,,,0,0,0,0,0,0,,,0,,-1,-1,-1,-1,-1,-1,-1,0,-1,-1,-1,1,1,1,1,1,1,1,1,1,1,0,-1,-1,-1,-1,1,0,0,0,0,0,1,0,0,0,0,0,0,1,1,0,1,1,0,1
RCA_000501,INVOICE,JPY,PAID,DUE_ON_RECEIPT,FINANCE,630100-FINANCE,__MISSING__,__MISSING__,__MISSING__,__MISSING__,SUPPLIER,JP,JPY,DUE_ON_RECEIPT,ACH,ACTIVE,ACH,JPY,COMPLETED,SETTLED,ACH_DEBIT,JPY,DEBIT,POSTED,MANAGER,APPROVED,PAYMENT,2810,2810,0,0,281,0,2,4,22,2810,170,,,,,,0,0,0,2810,277,2,5620,1,2810,2,2810,272,1,4,2,5620,5620,5620,5620,2,1,1,1,0,0,0,31,4,5,0,0.84615384615384615,23,884,0,0,0,1,2,,,,,,,0,0,2810,1,0,0,0,2810,2810,0,,4,0,1260,0,-1,-1,-1,1,0,-1,1,1,1,1,1,1,1,1,1,1,1,1,1,1,0,1,1,1,1,0,0,0,0,0,0,0,0,0,0,0,0,0,0,1,1,2,2,1,1
RCA_000502,INVOICE,USD,PAID,NET45,PEOPLE,660100-PEOPLE,USD,ISSUED,PEOPLE,660100-PEOPLE,SOFTWARE,US,USD,NET45,ACH,ACTIVE,ACH,USD,COMPLETED,SETTLED,ACH_DEBIT,USD,DEBIT,POSTED,MANAGER,APPROVED,PAYMENT,677.84000000000003,611.73000000000002,45.880000000000003,20.23,351,45,1,1,21,611.73000000000002,29.129999999999999,677.84000000000003,611.73000000000002,45.880000000000003,20.23,381,1,21,611.73000000000002,5334.4200000000001,196,3,6012.2600000000002,2,5334.4200000000001,2,5334.4200000000001,193,1,4,2,6012.2600000000002,6012.2600000000002,6012.2600000000002,6012.2600000000002,4,2,1,1,0,1,0,30,4,350,0,0.92307692307692313,4,33.25,0,0,0,1,1,0,0,0,0,0,0,0,0,677.84000000000003,1,0,0,0,677.84000000000003,677.84000000000003,0,30,155,0,63180,1,1,1,1,1,0,1,1,1,1,1,1,1,1,1,1,1,1,1,1,1,1,1,1,1,1,0,0,0,0,0,0,0,0,0,0,0,0,0,0,0,2,2,2,1,1
RCA_000505,INVOICE,GBP,PAID,NET30,LEGAL,670100-LEGAL,__MISSING__,__MISSING__,__MISSING__,__MISSING__,SOFTWARE,GB,GBP,NET30,ACH,ACTIVE,ACH,GBP,COMPLETED,SETTLED,ACH_DEBIT,GBP,DEBIT,POSTED,MANAGER,APPROVED,PAYMENT,4405.3500000000004,4405.3500000000004,0,0,459,30,3,2,10,4405.3500000000004,440.53499999999997,,,,,,0,0,0,4405.3500000000004,429,2,8810.7000000000007,1,4405.3500000000004,2,4405.3500000000004,426,1,4,2,8810.7000000000007,8810.7000000000007,8810.7000000000007,8810.7000000000007,2,1,1,1,0,0,0,29,4,18,0,0.84615384615384615,26,0,0,0,0,1,2,,,,,,,0,0,4405.3500000000004,1,0,0,0,4405.3500000000004,4405.3500000000004,0,,30,0,37260,0,-1,-1,-1,1,0,-1,1,1,1,1,1,1,1,1,1,1,1,1,0,1,0,1,1,1,1,0,0,0,0,0,0,0,0,0,0,0,0,0,0,1,1,2,2,1,1
RCA_000506,INVOICE,EUR,PAID,NET30,PEOPLE,660100-PEOPLE,EUR,ISSUED,PEOPLE,660100-PEOPLE,SERVICES,DE,EUR,NET30,CHECK,ACTIVE,CHECK,EUR,COMPLETED,SETTLED,CHECK_CLEARING,EUR,DEBIT,POSTED,MANAGER,APPROVED,PAYMENT,1728.1800000000001,1594.0999999999999,119.56,14.52,195,30,5,1,19,1594.0999999999999,83.900000000000006,1728.1800000000001,1594.0999999999999,119.56,14.52,216,1,19,1594.0999999999999,1728.1800000000001,165,2,3456.3600000000001,1,1728.1800000000001,2,1728.1800000000001,151,1,4,2,3456.3600000000001,3456.3600000000001,3456.3600000000001,3456.3600000000001,2,1,1,1,0,0,0,29,4,67,0,0.84615384615384615,4,18.510000000000002,0,0,0,1,2,0,0,0,0,0,0,0,0,1728.1800000000001,1,0,0,0,1728.1800000000001,1728.1800000000001,0,21,30,0,34380,1,1,1,1,1,0,1,1,1,1,1,1,1,1,1,1,1,1,1,1,1,0,1,1,1,1,0,0,0,0,0,0,0,0,0,0,0,0,0,0,1,1,2,2,1,1
RCA_000509,INVOICE,USD,PAID,NET45,MARKETING,650100-MARKETING,USD,ISSUED,MARKETING,650100-MARKETING,SERVICES,US,USD,NET45,ACH,ACTIVE,ACH,USD,COMPLETED,SETTLED,ACH_DEBIT,USD,DEBIT,POSTED,MANAGER,APPROVED,PAYMENT,8000.0200000000004,7441.8800000000001,558.13999999999999,0,208,45,5,1,23,7441.8800000000001,323.56,8000.0200000000004,7441.8800000000001,558.13999999999999,0,238,1,23,7441.8800000000001,8000.0200000000004,163,2,16000.040000000001,1,8000.0200000000004,2,8000.0200000000004,160,1,4,2,16000.040000000001,16000.040000000001,16000.040000000001,16000.040000000001,2,1,1,1,0,2,2,30,4,135,0,0.84615384615384615,1,36.840000000000003,0,0,0,1,2,0,0,0,0,0,0,0,0,8000.0200000000004,1,0,0,0,8000.0200000000004,8000.0200000000004,0,30,45,0,55980,1,1,1,1,1,0,1,1,1,1,1,1,1,1,1,1,1,1,1,1,1,1,1,1,1,1,0,0,0,0,0,0,0,0,0,0,0,0,0,0,0,1,2,2,1,1
RCA_000510,INVOICE,USD,PAID,NET15,SALES,640100-SALES,USD,ISSUED,SALES,640100-SALES,SUPPLIER,DE,USD,NET15,ACH,ACTIVE,ACH,USD,COMPLETED,SETTLED,ACH_DEBIT,USD,DEBIT,POSTED,DIRECTOR,APPROVED,PAYMENT,20813.419999999998,19350.439999999999,1451.28,11.699999999999999,221,15,2,2,19,19350.439999999999,894.25999999999999,20813.419999999998,19350.439999999999,1451.28,11.699999999999999,222,2,19,19350.439999999999,20813.419999999998,206,2,41626.839999999997,1,20813.419999999998,2,20813.419999999998,202,1,4,2,41626.839999999997,41626.839999999997,41626.839999999997,41626.839999999997,3,2,2,2,0,1,1,30,4,10,0,0.76923076923076916,19,1585.6800000000001,0,0,0,1,2,0,0,0,0,0,0,0,0,20813.419999999998,1,0,0,0,20813.419999999998,20813.419999999998,0,1,15,0,15600,1,1,1,1,1,0,1,1,1,1,1,1,1,1,1,1,1,1,1,1,1,1,1,1,1,1,0,0,0,0,0,0,0,0,0,0,0,0,0,0,0,1,2,2,1,1
RCA_000514,INVOICE,USD,PAID,NET60,MARKETING,650100-MARKETING,USD,ISSUED,MARKETING,650100-MARKETING,SERVICES,US,USD,NET60,ACH,ACTIVE,ACH,USD,COMPLETED,SETTLED,ACH_DEBIT,USD,DEBIT,POSTED,AUTO,AUTO_APPROVED,PAYMENT,426.04000000000002,379.94,37.990000000000002,8.1099999999999994,477,60,0,1,11,379.94,34.539999999999999,426.04000000000002,379.94,37.990000000000002,8.1099999999999994,501,1,11,379.94,426.04000000000002,417,2,852.08000000000004,1,426.04000000000002,2,426.04000000000002,412,1,4,2,852.08000000000004,852.08000000000004,852.08000000000004,852.08000000000004,2,1,1,1,0,1,0,31,4,12,0,0.84615384615384615,17,1450.3900000000001,0,0,0,1,2,0,0,0,0,0,0,0,0,426.04000000000002,1,0,0,0,426.04000000000002,426.04000000000002,0,24,60,0,84780,1,1,1,1,1,0,1,1,1,1,1,1,1,1,1,1,1,1,1,1,1,1,-1,-1,-1,1,0,0,0,0,0,0,0,0,0,0,0,0,0,0,0,1,2,2,1,1
RCA_000515,INVOICE,USD,PAID,NET15,IT,680100-IT,USD,ISSUED,IT,680100-IT,SOFTWARE,US,USD,NET15,ACH,ACTIVE,ACH,USD,COMPLETED,SETTLED,ACH_DEBIT,USD,DEBIT,POSTED,MANAGER,APPROVED,PAYMENT,6332,6030.4799999999996,301.51999999999998,0,339,15,4,2,24,6030.4799999999996,930.76999999999998,6332,6030.4799999999996,301.51999999999998,0,350,2,24,6030.4799999999996,14482.440000000001,324,3,20814.439999999999,2,14482.440000000001,2,14482.440000000001,321,1,4,2,20814.439999999999,20814.439999999999,20814.439999999999,20814.439999999999,4,2,1,1,0,2,0,27,4,300,0,0.92307692307692313,1,50.280000000000001,0,0,0,1,1,0,0,0,0,0,0,0,0,6332,1,0,0,0,6332,6332,0,11,15,0,14220,1,1,1,1,1,0,1,1,1,1,1,1,1,1,1,1,1,1,1,1,1,1,1,1,1,1,0,0,0,0,0,0,0,0,0,0,0,0,0,0,0,2,2,2,1,1
RCA_000516,INVOICE,USD,PAID,NET30,MARKETING,650100-MARKETING,USD,ISSUED,MARKETING,650100-MARKETING,SERVICES,US,USD,NET30,ACH,ACTIVE,ACH,USD,COMPLETED,SETTLED,ACH_DEBIT,USD,DEBIT,POSTED,MANAGER,APPROVED,PAYMENT,6876.8400000000001,6850.9899999999998,0,25.850000000000001,210,30,2,4,57,6850.9899999999998,116.66249999999999,6876.8400000000001,6850.9899999999998,0,25.850000000000001,235,4,57,6850.9899999999998,6876.8400000000001,180,2,13753.68,1,6876.8400000000001,2,6876.8400000000001,175,1,4,2,13753.68,13753.68,13753.68,13753.68,2,1,1,1,0,0,0,31,4,2,0,0.84615384615384615,225,5019.7600000000002,0,0,0,1,2,0,0,0,0,0,0,0,0,6876.8400000000001,1,0,0,0,6876.8400000000001,6876.8400000000001,0,25,30,0,38700,1,1,1,1,1,0,1,1,1,1,1,1,1,1,1,1,1,1,1,1,1,0,1,1,1,1,0,0,0,0,0,0,0,0,0,0,0,0,0,0,1,1,2,2,1,1
RCA_000519,INVOICE,USD,PAID,NET45,SALES,640100-SALES,USD,ISSUED,SALES,640100-SALES,SOFTWARE,US,USD,NET45,ACH,ACTIVE,ACH,USD,COMPLETED,SETTLED,ACH_DEBIT,USD,DEBIT,POSTED,MANAGER,APPROVED,PAYMENT,5175.9799999999996,5175.9799999999996,0,0,411,45,5,3,44,5175.9799999999996,137.03,5175.9799999999996,5175.9799999999996,0,0,441,3,44,5175.9799999999996,8795.5699999999997,173,4,17591.139999999999,2,8795.5699999999997,3,8795.5699999999997,168,1,6,3,17591.139999999999,17591.139999999999,17591.139999999999,17591.139999999999,4,2,1,1,0,1,0,30,4,350,0,0.92307692307692313,0,37.299999999999997,0,0,0,1,1,0,0,0,0,0,0,0,0,5175.9799999999996,1,0,0,0,8795.5699999999997,8795.5699999999997,0,30,238,0,58860,1,1,1,1,1,0,1,1,1,1,1,1,1,1,1,1,1,1,1,1,1,1,1,1,1,1,0,0,0,0,0,0,0,0,0,0,0,0,0,0,0,2,3,3,1,1
RCA_000520,INVOICE,USD,PAID,NET30,ENGINEERING,610100-ENGINEERING,__MISSING__,__MISSING__,__MISSING__,__MISSING__,PROFESSIONAL,US,USD,NET30,ACH,ACTIVE,ACH,USD,COMPLETED,SETTLED,ACH_DEBIT,USD,DEBIT,POSTED,MANAGER,APPROVED,PAYMENT,3615.6599999999999,3286.96,328.69999999999999,0,545,30,2,1,8,3286.96,410.87,,,,,,0,0,0,3615.6599999999999,515,2,7231.3199999999997,1,3615.6599999999999,2,3615.6599999999999,510,1,4,2,7231.3199999999997,7231.3199999999997,7231.3199999999997,7231.3199999999997,2,1,1,1,0,0,0,30,4,4,0,0.69230769230769229,28,0,0,0,0,1,2,,,,,,,0,0,3615.6599999999999,1,0,0,0,3615.6599999999999,3615.6599999999999,0,,30,0,38700,0,-1,-1,-1,1,0,-1,1,1,1,1,1,1,1,1,1,1,1,1,0,1,0,1,1,1,1,0,0,0,0,0,0,0,0,0,0,0,0,0,0,1,1,2,2,1,1
RCA_000521,INVOICE,USD,PAID,NET30,ENGINEERING,610100-ENGINEERING,__MISSING__,__MISSING__,__MISSING__,__MISSING__,SOFTWARE,US,USD,NET30,ACH,ACTIVE,ACH,USD,COMPLETED,SETTLED,ACH_DEBIT,USD,DEBIT,POSTED,MANAGER,APPROVED,PAYMENT,4105.1199999999999,4105.1199999999999,0,0,26,30,3,1,4,4105.1199999999999,1026.28,,,,,,0,0,0,4105.1199999999999,15,2,8210.2399999999998,1,4105.1199999999999,2,4105.1199999999999,12,1,4,2,8210.2399999999998,8210.2399999999998,8210.2399999999998,8210.2399999999998,2,1,1,1,0,1,1,27,4,13,0,0.84615384615384615,33,432.83999999999997,0,0,0,1,2,,,,,,,0,0,4105.1199999999999,1,0,0,0,4105.1199999999999,4105.1199999999999,0,,11,0,9900,0,-1,-1,-1,1,0,-1,1,1,1,1,1,1,1,1,1,1,1,1,1,1,1,1,1,1,1,0,0,0,0,0,0,0,0,0,0,0,0,0,0,0,1,2,2,1,1
RCA_000524,INVOICE,USD,PAID,DUE_ON_RECEIPT,OPERATIONS,620100-OPERATIONS,USD,ISSUED,OPERATIONS,620100-OPERATIONS,SERVICES,US,USD,DUE_ON_RECEIPT,ACH,ACTIVE,ACH,USD,COMPLETED,SETTLED,ACH_DEBIT,USD,DEBIT,POSTED,MANAGER,APPROVED,PAYMENT,3779.9200000000001,3436.29,343.63,0,250,0,4,4,37,3436.29,84.992500000000007,3779.9200000000001,3436.29,343.63,0,274,4,37,3436.29,5741.9200000000001,244,3,9521.8400000000001,2,5741.9200000000001,2,5741.9200000000001,239,1,4,2,9521.8400000000001,9521.8400000000001,9521.8400000000001,9521.8400000000001,4,2,1,1,0,0,0,30,4,12,0,0.76923076923076916,24,203.86000000000001,0,0,0,1,1,0,0,0,0,0,0,0,0,3779.9200000000001,1,0,0,0,3779.9200000000001,3779.9200000000001,0,24,6,0,1260,1,1,1,1,1,0,1,1,1,1,1,1,1,1,1,1,1,1,1,0,1,0,1,1,1,1,0,0,0,0,0,0,0,0,0,0,0,0,0,0,1,2,2,2,1,1
RCA_000525,INVOICE,CAD,PAID,NET15,OPERATIONS,620100-OPERATIONS,CAD,ISSUED,OPERATIONS,620100-OPERATIONS,SUPPLIER,CA,CAD,NET15,CHECK,ACTIVE,CHECK,CAD,COMPLETED,SETTLED,CHECK_CLEARING,CAD,DEBIT,POSTED,MANAGER,APPROVED,PAYMENT,4535,4218.6000000000004,316.39999999999998,0,42,15,3,2,14,4218.6000000000004,297.13999999999999,4535,4218.6000000000004,316.39999999999998,0,60,2,14,4218.6000000000004,4535,27,2,9070,1,4535,2,4535,13,1,4,2,9070,9070,9070,9070,2,1,1,1,0,1,1,28,4,5,0,0.84615384615384615,2,60.829999999999998,0,0,0,1,2,0,0,0,0,0,0,0,0,4535,1,0,0,0,4535,4535,0,18,15,0,15660,1,1,1,1,1,0,1,1,1,1,1,1,1,1,1,1,1,1,1,1,1,1,1,1,1,1,0,0,0,0,0,0,0,0,0,0,0,0,0,0,0,1,2,2,1,1
RCA_000526,INVOICE,USD,PAID,NET30,LEGAL,670100-LEGAL,USD,ISSUED,LEGAL,670100-LEGAL,SUPPLIER,US,USD,NET30,ACH,ACTIVE,ACH,USD,COMPLETED,SETTLED,ACH_DEBIT,USD,DEBIT,POSTED,MANAGER,APPROVED,PAYMENT,7250.3800000000001,6744.54,505.83999999999997,0,478,30,4,2,19,6744.54,461.70000000000005,7250.3800000000001,6744.54,505.83999999999997,0,505,2,19,6744.54,7250.3800000000001,448,2,14500.76,1,7250.3800000000001,2,7250.3800000000001,445,1,4,2,14500.76,14500.76,14500.76,14500.76,2,1,1,1,0,0,0,30,4,9,0,0.76923076923076916,38,457.88,0,0,0,1,2,0,0,0,0,0,0,0,0,7250.3800000000001,1,0,0,0,7250.3800000000001,7250.3800000000001,0,27,30,0,35820,1,1,1,1,1,0,1,1,1,1,1,1,1,1,1,1,1,1,1,1,1,0,1,1,1,1,0,0,0,0,0,0,0,0,0,0,0,0,0,0,1,1,2,2,1,1
RCA_000527,INVOICE,USD,PAID,NET45,PEOPLE,660100-PEOPLE,USD,ISSUED,PEOPLE,660100-PEOPLE,SUPPLIER,US,USD,NET45,ACH,ACTIVE,ACH,USD,COMPLETED,SETTLED,ACH_DEBIT,USD,DEBIT,POSTED,MANAGER,APPROVED,PAYMENT,1900.74,1757.6500000000001,131.81999999999999,11.27,294,45,3,3,44,1757.6500000000001,48.439999999999998,1900.74,1757.6500000000001,131.81999999999999,11.27,308,3,44,1757.6500000000001,1900.74,249,2,3801.48,1,1900.74,2,1900.74,244,1,4,2,3801.48,3801.48,3801.48,3801.48,2,1,1,1,0,1,1,31,4,10,0,0.84615384615384615,77,491.62,0,0,0,1,2,0,0,0,0,0,0,0,0,1900.74,1,0,0,0,1900.74,1900.74,0,14,45,0,58860,1,1,1,1,1,0,1,1,1,1,1,1,1,1,1,1,1,1,1,1,1,1,1,1,1,1,0,0,0,0,0,0,0,0,0,0,0,0,0,0,0,1,2,2,1,1
RCA_000528,INVOICE,USD,PAID,NET60,MARKETING,650100-MARKETING,USD,ISSUED,MARKETING,650100-MARKETING,LOGISTICS,US,USD,NET60,ACH,ACTIVE,ACH,USD,COMPLETED,SETTLED,ACH_DEBIT,USD,DEBIT,POSTED,MANAGER,APPROVED,PAYMENT,1979.7,1841.5799999999999,138.12,0,20,60,3,1,9,1841.5799999999999,204.62,1979.7,1841.5799999999999,138.12,0,49,1,9,1841.5799999999999,1979.7,15,2,3959.4000000000001,1,1979.7,2,1979.7,12,1,4,2,3959.4000000000001,3959.4000000000001,3959.4000000000001,3959.4000000000001,2,1,1,1,0,0,0,32,4,25,0,0.84615384615384615,53,42.640000000000001,0,0,0,1,2,0,0,0,0,0,0,0,0,1979.7,1,0,0,0,1979.7,1979.7,0,29,5,0,1260,1,1,1,1,1,0,1,1,1,1,1,1,1,1,1,1,1,1,1,1,1,0,1,1,1,1,0,0,0,0,0,0,0,0,0,0,0,0,0,0,1,1,2,2,1,1
RCA_000529,INVOICE,USD,PAID,NET45,FINANCE,630100-FINANCE,USD,ISSUED,FINANCE,630100-FINANCE,SOFTWARE,US,USD,NET45,ACH,ACTIVE,ACH,USD,COMPLETED,SETTLED,ACH_DEBIT,USD,DEBIT,POSTED,MANAGER,APPROVED,PAYMENT,953.69000000000005,887.14999999999998,66.540000000000006,0,494,45,3,1,11,887.14999999999998,80.650000000000006,953.69000000000005,887.14999999999998,66.540000000000006,0,510,1,11,887.14999999999998,572.21000000000004,449,3,1907.3800000000001,1,953.69000000000005,3,572.21000000000004,446,1,6,3,1907.3800000000001,1907.3800000000001,1907.3800000000001,1907.3800000000001,2,1,1,1,0,0,0,28,4,11,0,0.84615384615384615,22,730.45000000000005,0,0,0,1,1,0,0,0,0,0,0,0,0,953.69000000000005,1,0,0,0,1335.1700000000001,1335.1700000000001,0,16,45,0,58860,1,1,1,1,1,0,1,1,1,1,1,1,1,1,1,1,1,1,1,1,1,0,1,1,1,1,0,0,0,0,0,0,0,0,0,0,0,0,0,0,1,1,3,3,1,1
RCA_000530,INVOICE,USD,PAID,NET45,ENGINEERING,610100-ENGINEERING,USD,ISSUED,ENGINEERING,610100-ENGINEERING,SERVICES,US,USD,NET45,ACH,ACTIVE,ACH,USD,COMPLETED,SETTLED,ACH_DEBIT,USD,DEBIT,POSTED,DIRECTOR,APPROVED,PAYMENT,31321.040000000001,31321.040000000001,0,0,39,45,1,4,71,31321.040000000001,400.65250000000003,31321.040000000001,31321.040000000001,0,0,61,4,71,31321.040000000001,31321.040000000001,15,2,62642.080000000002,1,31321.040000000001,2,31321.040000000001,12,1,4,2,62642.080000000002,62642.080000000002,62642.080000000002,62642.080000000002,3,2,2,2,0,2,2,30,4,135,0,0.92307692307692313,0,1188.3599999999999,0,0,0,1,2,0,0,0,0,0,0,0,0,31321.040000000001,1,0,0,0,31321.040000000001,31321.040000000001,0,22,24,0,30000,1,1,1,1,1,0,1,1,1,1,1,1,1,1,1,1,1,1,1,1,1,1,1,1,1,1,0,0,0,0,0,0,0,0,0,0,0,0,0,0,0,1,2,2,1,1
RCA_000532,INVOICE,USD,PAID,NET45,FINANCE,630100-FINANCE,USD,ISSUED,FINANCE,630100-FINANCE,SOFTWARE,US,USD,NET45,ACH,ACTIVE,ACH,USD,COMPLETED,SETTLED,ACH_DEBIT,USD,DEBIT,POSTED,DIRECTOR,APPROVED,PAYMENT,2508.3299999999999,2333.3299999999999,175,0,222,45,1,3,56,2333.3299999999999,51.539999999999999,2508.3299999999999,2333.3299999999999,175,0,226,3,56,2333.3299999999999,13850.219999999999,49,3,16358.549999999999,2,13850.219999999999,2,13850.219999999999,46,1,4,2,16358.549999999999,16358.549999999999,16358.549999999999,16358.549999999999,5,3,2,2,0,1,1,30,4,350,0,0.92307692307692313,2,8.3000000000000007,0,0,0,1,1,0,0,0,0,0,0,0,0,2508.3299999999999,1,0,0,0,2508.3299999999999,2508.3299999999999,0,4,173,0,55920,1,1,1,1,1,0,1,1,1,1,1,1,1,1,1,1,1,1,1,1,1,1,1,1,1,1,0,0,0,0,0,0,0,0,0,0,0,0,0,0,0,2,2,2,1,1
RCA_000533,INVOICE,EUR,PAID,NET30,ENGINEERING,610100-ENGINEERING,__MISSING__,__MISSING__,__MISSING__,__MISSING__,SERVICES,DE,EUR,NET30,CHECK,ACTIVE,CHECK,EUR,COMPLETED,SETTLED,CHECK_CLEARING,EUR,DEBIT,POSTED,MANAGER,APPROVED,PAYMENT,3607.1599999999999,3607.1599999999999,0,0,63,30,1,4,27,3607.1599999999999,254.66249999999999,,,,,,0,0,0,3607.1599999999999,33,2,7214.3199999999997,1,3607.1599999999999,2,3607.1599999999999,19,1,4,2,7214.3199999999997,7214.3199999999997,7214.3199999999997,7214.3199999999997,2,1,1,1,0,0,0,29,4,67,0,0.84615384615384615,4,13.42,0,0,0,1,2,,,,,,,0,0,3607.1599999999999,1,0,0,0,3607.1599999999999,3607.1599999999999,0,,30,0,40140,0,-1,-1,-1,1,0,-1,1,1,1,1,1,1,1,1,1,1,1,1,0,1,0,1,1,1,1,0,0,0,0,0,0,0,0,0,0,0,0,0,0,1,1,2,2,1,1
RCA_000536,INVOICE,USD,PAID,NET45,MARKETING,650100-MARKETING,USD,ISSUED,MARKETING,650100-MARKETING,SOFTWARE,US,USD,NET45,ACH,ACTIVE,ACH,USD,COMPLETED,SETTLED,ACH_DEBIT,USD,DEBIT,POSTED,MANAGER,APPROVED,PAYMENT,4320.3000000000002,4320.3000000000002,0,0,366,45,0,2,12,4320.3000000000002,792.875,4320.3000000000002,4320.3000000000002,0,0,384,2,12,4320.3000000000002,5668.7799999999997,247,3,9989.0799999999999,2,5668.7799999999997,2,5668.7799999999997,244,1,4,2,9989.0799999999999,9989.0799999999999,9989.0799999999999,9989.0799999999999,4,2,1,1,0,1,0,30,4,350,0,0.92307692307692313,0,13.800000000000001,0,0,0,1,1,0,0,0,0,0,0,0,0,4320.3000000000002,1,0,0,0,4320.3000000000002,4320.3000000000002,0,18,119,0,61740,1,1,1,1,1,0,1,1,1,1,1,1,1,1,1,1,1,1,1,1,1,1,1,1,1,1,0,0,0,0,0,0,0,0,0,0,0,0,0,0,0,2,2,2,1,1
RCA_000537,INVOICE,USD,PAID,NET45,LEGAL,670100-LEGAL,__MISSING__,__MISSING__,__MISSING__,__MISSING__,SOFTWARE,US,USD,NET45,ACH,ACTIVE,ACH,USD,COMPLETED,SETTLED,ACH_DEBIT,USD,DEBIT,POSTED,MANAGER,APPROVED,PAYMENT,7887.8199999999997,7337.5100000000002,550.30999999999995,0,51,45,0,4,25,7337.5100000000002,325.01749999999998,,,,,,0,0,0,16965.080000000002,15,3,24852.900000000001,2,16965.080000000002,2,16965.080000000002,12,1,4,2,24852.900000000001,24852.900000000001,24852.900000000001,24852.900000000001,4,2,1,1,0,1,1,30,4,350,0,0.92307692307692313,2,10.92,0,0,0,1,1,,,,,,,0,0,7887.8199999999997,1,0,0,0,7887.8199999999997,7887.8199999999997,0,,36,0,50220,0,-1,-1,-1,1,0,-1,1,1,1,1,1,1,1,1,1,1,1,1,1,1,1,1,1,1,1,0,0,0,0,0,0,0,0,0,0,0,0,0,0,0,2,2,2,1,1
RCA_000540,INVOICE,USD,PAID,NET30,OPERATIONS,620100-OPERATIONS,USD,ISSUED,OPERATIONS,620100-OPERATIONS,SERVICES,US,USD,NET30,ACH,ACTIVE,ACH,USD,COMPLETED,SETTLED,ACH_DEBIT,USD,DEBIT,POSTED,MANAGER,APPROVED,PAYMENT,7338.6599999999999,6671.5100000000002,667.14999999999998,0,59,30,3,3,43,6671.5100000000002,165.21333333333334,7338.6599999999999,6671.5100000000002,667.14999999999998,0,62,3,43,6671.5100000000002,7338.6599999999999,29,2,14677.32,1,7338.6599999999999,2,7338.6599999999999,26,1,4,2,14677.32,14677.32,14677.32,14677.32,2,1,1,1,0,0,0,29,4,7,0,0.76923076923076916,4,1016.7,0,0,0,1,2,0,0,0,0,0,0,0,0,7338.6599999999999,1,0,0,0,7338.6599999999999,7338.6599999999999,0,3,30,0,37260,1,1,1,1,1,0,1,1,1,1,1,1,1,1,1,1,1,1,1,1,1,0,1,1,1,1,0,0,0,0,0,0,0,0,0,0,0,0,0,0,1,1,2,2,1,1
RCA_000541,INVOICE,EUR,PAID,NET30,ENGINEERING,610100-ENGINEERING,EUR,ISSUED,ENGINEERING,610100-ENGINEERING,SERVICES,DE,EUR,NET30,CHECK,ACTIVE,CHECK,EUR,COMPLETED,SETTLED,CHECK_CLEARING,EUR,DEBIT,POSTED,MANAGER,APPROVED,PAYMENT,6792.5,6175,617.5,0,506,30,0,1,13,6175,475,6792.5,6175,617.5,0,523,1,13,6175,6792.5,476,2,13585,1,6792.5,2,6792.5,462,1,4,2,13585,13585,13585,13585,2,1,1,1,0,0,0,29,4,67,0,0.92307692307692313,2,28.59,0,0,0,1,2,0,0,0,0,0,0,0,0,6792.5,1,0,0,0,6792.5,6792.5,0,17,30,0,41580,1,1,1,1,1,0,1,1,1,1,1,1,1,1,1,1,1,1,1,1,1,0,1,1,1,1,0,0,0,0,0,0,0,0,0,0,0,0,0,0,1,1,2,2,1,1
RCA_000542,INVOICE,USD,PAID,NET45,LEGAL,670100-LEGAL,__MISSING__,__MISSING__,__MISSING__,__MISSING__,SERVICES,US,USD,NET45,ACH,ACTIVE,ACH,USD,COMPLETED,SETTLED,ACH_DEBIT,USD,DEBIT,POSTED,DIRECTOR,APPROVED,PAYMENT,33176.050000000003,30861.439999999999,2314.6100000000001,0,222,45,1,1,4,30861.439999999999,7715.3599999999997,,,,,,0,0,0,33176.050000000003,177,2,66352.100000000006,1,33176.050000000003,2,33176.050000000003,174,1,4,2,66352.100000000006,66352.100000000006,66352.100000000006,66352.100000000006,3,2,2,2,0,2,2,30,4,135,0,0.84615384615384615,1,1855.01,0,0,0,1,2,,,,,,,0,0,33176.050000000003,1,0,0,0,33176.050000000003,33176.050000000003,0,,45,0,60240,0,-1,-1,-1,1,0,-1,1,1,1,1,1,1,1,1,1,1,1,1,1,1,1,1,1,1,1,0,0,0,0,0,0,0,0,0,0,0,0,0,0,0,1,2,2,1,1
RCA_000546,INVOICE,USD,PAID,NET15,OPERATIONS,620100-OPERATIONS,USD,ISSUED,OPERATIONS,620100-OPERATIONS,SOFTWARE,US,USD,NET15,ACH,ACTIVE,ACH,USD,COMPLETED,SETTLED,ACH_DEBIT,USD,DEBIT,POSTED,MANAGER,APPROVED,PAYMENT,4344.04,3949.1300000000001,394.91000000000003,0,34,15,0,3,23,3949.1300000000001,287.29666666666668,4344.04,3949.1300000000001,394.91000000000003,0,62,3,23,3949.1300000000001,4774.5,19,3,9118.5400000000009,2,4774.5,2,4774.5,14,1,4,2,9118.5400000000009,9118.5400000000009,9118.5400000000009,9118.5400000000009,4,2,1,2,0,2,2,27,4,300,0,0.92307692307692313,0,10.029999999999999,0,0,0,1,1,0,0,0,0,0,0,0,0,4344.04,1,0,0,0,4344.04,4344.04,0,28,15,0,19980,1,1,1,1,1,0,1,1,1,1,1,1,1,1,1,1,1,1,1,1,1,1,1,1,1,1,0,0,0,0,0,0,0,0,0,0,0,0,0,0,0,2,2,2,1,1
RCA_000549,INVOICE,USD,PAID,NET30,MARKETING,650100-MARKETING,__MISSING__,__MISSING__,__MISSING__,__MISSING__,LOGISTICS,US,USD,NET30,ACH,ACTIVE,ACH,USD,COMPLETED,SETTLED,ACH_DEBIT,USD,DEBIT,POSTED,MANAGER,APPROVED,PAYMENT,4408.5100000000002,4007.7399999999998,400.76999999999998,0,392,30,3,3,30,4007.7399999999998,126.13,,,,,,0,0,0,7552.3100000000004,79,3,11960.82,2,7552.3100000000004,2,7552.3100000000004,76,1,4,2,11960.82,11960.82,11960.82,11960.82,4,2,1,1,0,0,0,27,4,11,0,0.76923076923076916,14,406.16000000000003,0,0,0,1,1,,,,,,,0,0,4408.5100000000002,1,0,0,0,4408.5100000000002,4408.5100000000002,0,,313,0,38700,0,-1,-1,-1,1,0,-1,1,1,1,1,1,1,1,1,1,1,1,1,1,1,0,1,1,1,1,0,0,0,0,0,0,0,0,0,0,0,0,0,0,1,2,2,2,1,1
RCA_000550,INVOICE,USD,PAID,NET45,LEGAL,670100-LEGAL,USD,ISSUED,LEGAL,670100-LEGAL,SERVICES,US,USD,NET45,ACH,ACTIVE,ACH,USD,COMPLETED,SETTLED,ACH_DEBIT,USD,DEBIT,POSTED,MANAGER,APPROVED,PAYMENT,6827.7700000000004,6351.4099999999999,476.36000000000001,0,467,45,4,4,49,6351.4099999999999,195.79750000000001,6827.7700000000004,6351.4099999999999,476.36000000000001,0,475,4,49,6351.4099999999999,4096.6599999999999,422,3,13655.540000000001,1,6827.7700000000004,3,4096.6599999999999,419,1,6,3,13655.540000000001,13655.540000000001,13655.540000000001,13655.540000000001,2,1,1,1,0,0,0,29,4,10,0,0.76923076923076916,25,401.19,0,0,0,1,1,0,0,0,0,0,0,0,0,6827.7700000000004,1,0,0,0,9558.8799999999992,9558.8799999999992,0,8,45,0,57420,1,1,1,1,1,0,1,1,1,1,1,1,1,1,1,1,1,1,1,1,1,0,1,1,1,1,0,0,0,0,0,0,0,0,0,0,0,0,0,0,1,1,3,3,1,1
RCA_000551,INVOICE,USD,PAID,NET30,MARKETING,650100-MARKETING,USD,ISSUED,MARKETING,650100-MARKETING,SERVICES,US,USD,NET30,ACH,ACTIVE,ACH,USD,COMPLETED,SETTLED,ACH_DEBIT,USD,DEBIT,POSTED,MANAGER,APPROVED,PAYMENT,3497.9699999999998,3497.9699999999998,0,0,166,30,2,2,42,3497.9699999999998,83.285000000000011,3497.9699999999998,3497.9699999999998,0,0,193,2,42,3497.9699999999998,2098.7800000000002,136,3,6995.9399999999996,1,3497.9699999999998,3,2098.7800000000002,132,1,6,3,6995.9399999999996,6995.9399999999996,6995.9399999999996,6995.9399999999996,2,1,1,1,0,0,0,28,4,5,0,0.76923076923076916,47,144.28,0,0,0,1,1,0,0,0,0,0,0,0,0,3497.9699999999998,1,0,0,0,4897.1599999999999,4897.1599999999999,0,27,30,0,38700,1,1,1,1,1,0,1,1,1,1,1,1,1,1,1,1,1,1,1,1,1,0,1,1,1,1,0,0,0,0,0,0,0,0,0,0,0,0,0,0,1,1,3,3,1,1
RCA_000552,INVOICE,USD,PAID,NET45,PEOPLE,660100-PEOPLE,__MISSING__,__MISSING__,__MISSING__,__MISSING__,SOFTWARE,US,USD,NET45,ACH,ACTIVE,ACH,USD,COMPLETED,SETTLED,ACH_DEBIT,USD,DEBIT,POSTED,MANAGER,APPROVED,PAYMENT,1851.5599999999999,1722.3800000000001,129.18000000000001,0,328,45,0,3,11,1722.3800000000001,155.72666666666666,,,,,,0,0,0,5800.4700000000003,283,3,7652.0299999999997,2,5800.4700000000003,2,5800.4700000000003,279,1,4,2,7652.0299999999997,7652.0299999999997,7652.0299999999997,7652.0299999999997,4,2,1,1,0,1,0,30,4,350,0,0.92307692307692313,1,1.3500000000000001,0,0,0,1,1,,,,,,,0,0,1851.5599999999999,1,0,0,0,1851.5599999999999,1851.5599999999999,0,,45,0,63180,0,-1,-1,-1,1,0,-1,1,1,1,1,1,1,1,1,1,1,1,1,1,1,1,1,1,1,1,0,0,0,0,0,0,0,0,0,0,0,0,0,0,0,2,2,2,1,1
RCA_000553,INVOICE,USD,PAID,NET45,OPERATIONS,620100-OPERATIONS,__MISSING__,__MISSING__,__MISSING__,__MISSING__,SOFTWARE,US,USD,NET45,ACH,ACTIVE,ACH,USD,COMPLETED,SETTLED,ACH_DEBIT,USD,DEBIT,POSTED,MANAGER,APPROVED,PAYMENT,2781.9000000000001,2781.9000000000001,0,0,371,45,1,1,11,2781.9000000000001,252.90000000000001,,,,,,0,0,0,6076.9200000000001,326,3,8858.8199999999997,2,6076.9200000000001,2,6076.9200000000001,321,1,4,2,8858.8199999999997,8858.8199999999997,8858.8199999999997,8858.8199999999997,4,2,1,1,0,1,0,30,4,350,0,0.84615384615384615,0,0,0,0,0,1,1,,,,,,,0,0,2781.9000000000001,1,0,0,0,2781.9000000000001,2781.9000000000001,0,,45,0,61740,0,-1,-1,-1,1,0,-1,1,1,1,1,1,1,1,1,1,1,1,1,1,1,1,1,1,1,1,0,0,0,0,0,0,0,0,0,0,0,0,0,0,0,2,2,2,1,1
RCA_000555,INVOICE,USD,PAID,NET45,OPERATIONS,620100-OPERATIONS,USD,ISSUED,OPERATIONS,620100-OPERATIONS,SOFTWARE,US,USD,NET45,ACH,ACTIVE,ACH,USD,COMPLETED,SETTLED,ACH_DEBIT,USD,DEBIT,POSTED,MANAGER,APPROVED,PAYMENT,3619.5900000000001,3271.4400000000001,327.13999999999999,21.010000000000002,218,45,3,2,18,3271.4400000000001,207.88499999999999,3619.5900000000001,3271.4400000000001,327.13999999999999,21.010000000000002,226,2,18,3271.4400000000001,8795.5699999999997,173,4,17591.139999999999,2,8795.5699999999997,3,8795.5699999999997,168,1,6,3,17591.139999999999,17591.139999999999,17591.139999999999,17591.139999999999,4,2,1,1,0,1,0,30,4,350,0,0.92307692307692313,0,6.4500000000000002,0,0,0,1,1,0,0,0,0,0,0,0,0,3619.5900000000001,1,0,0,0,8795.5699999999997,8795.5699999999997,0,8,45,0,58860,1,1,1,1,1,0,1,1,1,1,1,1,1,1,1,1,1,1,1,1,1,1,1,1,1,1,0,0,0,0,0,0,0,0,0,0,0,0,0,0,0,2,3,3,1,1
RCA_000556,INVOICE,EUR,PAID,NET15,LEGAL,670100-LEGAL,EUR,ISSUED,LEGAL,670100-LEGAL,SUPPLIER,DE,EUR,NET15,WIRE,ACTIVE,WIRE,EUR,COMPLETED,SETTLED,WIRE_DEBIT,EUR,DEBIT,POSTED,MANAGER,APPROVED,PAYMENT,1620.3299999999999,1507.28,113.05,0,226,15,5,1,2,1507.28,753.63999999999999,1620.3299999999999,1507.28,113.05,0,237,1,2,1507.28,1620.3299999999999,211,2,3240.6599999999999,1,1620.3299999999999,2,1620.3299999999999,210,1,4,2,3240.6599999999999,3240.6599999999999,3240.6599999999999,3240.6599999999999,2,1,1,1,0,1,0,35,4,32,0,0.76923076923076916,4,230.38999999999999,0,0,0,1,2,0,0,0,0,0,0,0,0,1620.3299999999999,1,0,0,0,1620.3299999999999,1620.3299999999999,0,11,15,0,12780,1,1,1,1,1,0,1,1,1,1,1,1,1,1,1,1,1,1,1,1,1,1,1,1,1,1,0,0,0,0,0,0,0,0,0,0,0,0,0,0,0,1,2,2,1,1
RCA_000557,INVOICE,EUR,PAID,NET30,SALES,640100-SALES,EUR,ISSUED,SALES,640100-SALES,LOGISTICS,DE,EUR,NET30,WIRE,ACTIVE,WIRE,EUR,COMPLETED,SETTLED,WIRE_DEBIT,EUR,DEBIT,POSTED,MANAGER,APPROVED,PAYMENT,6365.8699999999999,5921.7399999999998,444.13,0,452,30,2,3,17,5921.7399999999998,564.13999999999999,6365.8699999999999,5921.7399999999998,444.13,0,482,3,17,5921.7399999999998,6365.8699999999999,422,2,12731.74,1,6365.8699999999999,2,6365.8699999999999,421,1,4,2,12731.74,12731.74,12731.74,12731.74,2,1,1,1,0,1,0,29,4,19,0,0.76923076923076916,10,497.10000000000002,0,0,0,1,2,0,0,0,0,0,0,0,0,6365.8699999999999,1,0,0,0,6365.8699999999999,6365.8699999999999,0,30,30,0,38700,1,1,1,1,1,0,1,1,1,1,1,1,1,1,1,1,1,1,1,1,1,1,1,1,1,1,0,0,0,0,0,0,0,0,0,0,0,0,0,0,0,1,2,2,1,1
RCA_000560,INVOICE,USD,PAID,NET30,FINANCE,630100-FINANCE,__MISSING__,__MISSING__,__MISSING__,__MISSING__,SUPPLIER,US,USD,NET30,CHECK,ACTIVE,CHECK,USD,COMPLETED,SETTLED,CHECK_CLEARING,USD,DEBIT,POSTED,MANAGER,APPROVED,PAYMENT,1194.5,1085.9100000000001,108.59,0,206,30,5,3,8,1085.9100000000001,169.32000000000002,,,,,,0,0,0,1194.5,176,2,2389,1,1194.5,2,1194.5,162,1,4,2,2389,2389,2389,2389,2,1,1,1,0,0,0,29,4,13,0,0.84615384615384615,3,199.72999999999999,0,0,0,1,2,,,,,,,0,0,1194.5,1,0,0,0,1194.5,1194.5,0,,30,0,34380,0,-1,-1,-1,1,0,-1,1,1,1,1,1,1,1,1,1,1,1,1,1,1,0,1,1,1,1,0,0,0,0,0,0,0,0,0,0,0,0,0,0,1,1,2,2,1,1
RCA_000561,INVOICE,USD,PAID,NET30,OPERATIONS,620100-OPERATIONS,__MISSING__,__MISSING__,__MISSING__,__MISSING__,SOFTWARE,US,USD,NET30,ACH,ACTIVE,ACH,USD,COMPLETED,SETTLED,ACH_DEBIT,USD,DEBIT,POSTED,MANAGER,APPROVED,PAYMENT,4767.4799999999996,4767.4799999999996,0,0,528,30,3,2,18,4767.4799999999996,251.21000000000001,,,,,,0,0,0,4767.4799999999996,498,2,9534.9599999999991,1,4767.4799999999996,2,4767.4799999999996,495,1,4,2,9534.9599999999991,9534.9599999999991,9534.9599999999991,9534.9599999999991,2,1,1,1,0,1,0,30,4,31,0,0.84615384615384615,23,323.52999999999997,0,0,0,1,2,,,,,,,0,0,4767.4799999999996,1,0,0,0,4767.4799999999996,4767.4799999999996,0,,30,0,37260,0,-1,-1,-1,1,0,-1,1,1,1,1,1,1,1,1,1,1,1,1,1,1,1,1,1,1,1,0,0,0,0,0,0,0,0,0,0,0,0,0,0,0,1,2,2,1,1
RCA_000564,INVOICE,USD,PAID,NET30,IT,680100-IT,USD,ISSUED,IT,680100-IT,SUPPLIER,US,USD,NET30,ACH,ACTIVE,ACH,USD,COMPLETED,SETTLED,ACH_DEBIT,USD,DEBIT,POSTED,MANAGER,APPROVED,PAYMENT,4785.4700000000003,4451.6000000000004,333.87,0,399,30,2,3,17,4451.6000000000004,295.13999999999999,4785.4700000000003,4451.6000000000004,333.87,0,424,3,17,4451.6000000000004,4785.4700000000003,369,2,9570.9400000000005,1,4785.4700000000003,2,4785.4700000000003,364,1,4,2,9570.9400000000005,9570.9400000000005,9570.9400000000005,9570.9400000000005,2,1,1,1,0,0,0,34,4,16,0,0.76923076923076916,8,443.49000000000001,0,0,0,1,2,0,0,0,0,0,0,0,0,4785.4700000000003,1,0,0,0,4785.4700000000003,4785.4700000000003,0,25,30,0,38700,1,1,1,1,1,0,1,1,1,1,1,1,1,1,1,1,1,1,1,1,1,0,1,1,1,1,0,0,0,0,0,0,0,0,0,0,0,0,0,0,1,1,2,2,1,1
RCA_000566,INVOICE,USD,PAID,NET15,ENGINEERING,610100-ENGINEERING,USD,ISSUED,ENGINEERING,610100-ENGINEERING,PROFESSIONAL,US,USD,NET15,ACH,ACTIVE,ACH,USD,COMPLETED,SETTLED,ACH_DEBIT,USD,DEBIT,POSTED,MANAGER,APPROVED,PAYMENT,6780.5299999999997,6285.5,471.41000000000003,23.620000000000001,105,15,2,2,25,6285.5,2335.335,6780.5299999999997,6285.5,471.41000000000003,23.620000000000001,117,2,25,6285.5,4068.3200000000002,90,3,13561.059999999999,1,6780.5299999999997,3,4068.3200000000002,85,1,6,3,13561.059999999999,13561.059999999999,13561.059999999999,13561.059999999999,2,1,1,1,0,2,2,31,4,90,0,0.84615384615384615,2,63.149999999999999,0,0,0,1,1,0,0,0,0,0,0,0,0,6780.5299999999997,1,0,0,0,9492.7399999999998,9492.7399999999998,0,12,15,0,17100,1,1,1,1,1,0,1,1,1,1,1,1,1,1,1,1,1,1,1,1,1,1,1,1,1,1,0,0,0,0,0,0,0,0,0,0,0,0,0,0,0,1,3,3,1,1
RCA_000568,INVOICE,EUR,PAID,NET15,PEOPLE,660100-PEOPLE,__MISSING__,__MISSING__,__MISSING__,__MISSING__,SOFTWARE,DE,EUR,NET15,ACH,ACTIVE,ACH,EUR,COMPLETED,SETTLED,ACH_DEBIT,EUR,DEBIT,POSTED,MANAGER,APPROVED,PAYMENT,7662.3100000000004,7127.7299999999996,534.58000000000004,0,25,15,0,1,3,7127.7299999999996,2375.9099999999999,,,,,,0,0,0,4597.3900000000003,15,3,15324.620000000001,1,7662.3100000000004,3,4597.3900000000003,12,1,6,3,15324.620000000001,15324.620000000001,15324.620000000001,15324.620000000001,2,1,1,1,0,1,1,27,4,23,0,0.84615384615384615,5,0,0,0,0,1,2,,,,,,,0,0,7662.3100000000004,1,0,0,0,10727.23,10727.23,0,,10,0,12780,0,-1,-1,-1,1,0,-1,1,1,1,1,1,1,1,1,1,1,1,1,1,1,1,1,1,1,1,0,0,0,0,0,0,0,0,0,0,0,0,0,0,0,1,3,3,1,1
RCA_000569,INVOICE,USD,PAID,NET30,PEOPLE,660100-PEOPLE,USD,ISSUED,PEOPLE,660100-PEOPLE,SUPPLIER,US,USD,NET30,WIRE,ACTIVE,WIRE,USD,COMPLETED,SETTLED,WIRE_DEBIT,USD,DEBIT,POSTED,MANAGER,APPROVED,PAYMENT,1000.02,952.39999999999998,47.619999999999997,0,143,30,0,2,28,952.39999999999998,50.359999999999999,1000.02,952.39999999999998,47.619999999999997,0,147,2,28,952.39999999999998,1000.02,113,2,2000.04,1,1000.02,2,1000.02,112,1,4,2,2000.04,2000.04,2000.04,2000.04,2,1,1,1,0,1,1,34,4,11,0,0.84615384615384615,23,150.34,0,0,0,1,2,0,0,0,0,0,0,0,0,1000.02,1,0,0,0,1000.02,1000.02,0,4,30,0,41580,1,1,1,1,1,0,1,1,1,1,1,1,1,1,1,1,1,1,1,1,1,1,1,1,1,1,0,0,0,0,0,0,0,0,0,0,0,0,0,0,0,1,2,2,1,1
RCA_000572,INVOICE,USD,PAID,NET30,ENGINEERING,610100-ENGINEERING,USD,ISSUED,ENGINEERING,610100-ENGINEERING,SUPPLIER,US,USD,NET30,ACH,ACTIVE,ACH,USD,COMPLETED,SETTLED,ACH_DEBIT,USD,DEBIT,POSTED,DIRECTOR,APPROVED,PAYMENT,25428.759999999998,23117.049999999999,2311.71,0,474,30,4,2,31,23117.049999999999,661.10000000000002,25428.759999999998,23117.049999999999,2311.71,0,479,2,31,23117.049999999999,15257.26,444,3,50857.519999999997,1,25428.759999999998,3,15257.26,440,1,6,3,50857.519999999997,50857.519999999997,50857.519999999997,50857.519999999997,3,2,2,2,0,0,0,30,4,7,0,0.76923076923076916,39,6082.9700000000003,0,0,0,1,1,0,0,0,0,0,0,0,0,25428.759999999998,1,0,0,0,35600.260000000002,35600.260000000002,0,5,30,0,34320,1,1,1,1,1,0,1,1,1,1,1,1,1,1,1,1,1,1,1,1,1,0,1,1,1,1,0,0,0,0,0,0,0,0,0,0,0,0,0,0,1,1,3,3,1,1
RCA_000573,INVOICE,USD,PAID,NET15,FINANCE,630100-FINANCE,__MISSING__,__MISSING__,__MISSING__,__MISSING__,SUPPLIER,US,USD,NET15,ACH,ACTIVE,ACH,USD,COMPLETED,SETTLED,ACH_DEBIT,USD,DEBIT,POSTED,MANAGER,APPROVED,PAYMENT,2900.3699999999999,2636.6999999999998,263.67000000000002,0,483,15,2,3,26,2636.6999999999998,114.00666666666666,,,,,,0,0,0,2900.3699999999999,468,2,5800.7399999999998,1,2900.3699999999999,2,2900.3699999999999,463,1,4,2,5800.7399999999998,5800.7399999999998,5800.7399999999998,5800.7399999999998,2,1,1,1,0,1,0,31,4,64,0,0.84615384615384615,4,191.75,0,0,0,1,2,,,,,,,0,0,2900.3699999999999,1,0,0,0,2900.3699999999999,2900.3699999999999,0,,15,0,17100,0,-1,-1,-1,1,0,-1,1,1,1,1,1,1,1,1,1,1,1,1,1,1,1,1,1,1,1,0,0,0,0,0,0,0,0,0,0,0,0,0,0,0,1,2,2,1,1
RCA_000575,INVOICE,USD,PAID,NET45,PEOPLE,660100-PEOPLE,USD,ISSUED,PEOPLE,660100-PEOPLE,SUPPLIER,US,USD,NET45,ACH,ACTIVE,ACH,USD,COMPLETED,SETTLED,ACH_DEBIT,USD,DEBIT,POSTED,MANAGER,APPROVED,PAYMENT,1071.5999999999999,974.17999999999995,97.420000000000002,0,56,45,1,4,51,974.17999999999995,35.225000000000001,1071.5999999999999,974.17999999999995,97.420000000000002,0,59,4,51,974.17999999999995,1071.5999999999999,15,2,2143.1999999999998,1,1071.5999999999999,2,1071.5999999999999,12,1,4,2,2143.1999999999998,2143.1999999999998,2143.1999999999998,2143.1999999999998,2,1,1,1,0,1,1,31,4,10,0,0.84615384615384615,3,9.6099999999999994,0,0,0,1,2,0,0,0,0,0,0,0,0,1071.5999999999999,1,0,0,0,1071.5999999999999,1071.5999999999999,0,3,41,0,55980,1,1,1,1,1,0,1,1,1,1,1,1,1,1,1,1,1,1,1,1,1,1,1,1,1,1,0,0,0,0,0,0,0,0,0,0,0,0,0,0,0,1,2,2,1,1
RCA_000576,INVOICE,USD,PAID,NET30,IT,680100-IT,USD,ISSUED,IT,680100-IT,SUPPLIER,US,USD,NET30,CHECK,ACTIVE,CHECK,USD,COMPLETED,SETTLED,CHECK_CLEARING,USD,DEBIT,POSTED,MANAGER,APPROVED,PAYMENT,2057.98,2057.98,0,0,487,30,0,2,5,2057.98,969.40999999999997,2057.98,2057.98,0,0,487,2,5,2057.98,2057.98,457,2,4115.96,1,2057.98,2,2057.98,445,1,4,2,4115.96,4115.96,4115.96,4115.96,2,1,1,1,0,0,0,29,4,13,0,0.76923076923076916,42,356.63,0,0,0,1,2,0,0,0,0,0,0,0,0,2057.98,1,0,0,0,2057.98,2057.98,0,0,30,0,41580,1,1,1,1,1,0,1,1,1,1,1,1,1,1,1,1,1,1,1,0,1,0,1,1,1,1,0,0,0,0,0,0,0,0,0,0,0,0,0,0,1,1,2,2,1,1
RCA_000577,INVOICE,USD,PAID,NET15,PEOPLE,660100-PEOPLE,__MISSING__,__MISSING__,__MISSING__,__MISSING__,PROFESSIONAL,US,USD,NET15,ACH,ACTIVE,ACH,USD,COMPLETED,SETTLED,ACH_DEBIT,USD,DEBIT,POSTED,MANAGER,APPROVED,PAYMENT,2457.75,2234.3200000000002,223.43000000000001,0,351,15,0,2,11,2234.3200000000002,529.07499999999993,,,,,,0,0,0,1474.6500000000001,336,3,4915.5,1,2457.75,3,1474.6500000000001,333,1,6,3,4915.5,4915.5,4915.5,4915.5,2,1,1,1,0,2,1,31,4,90,0,0.92307692307692313,8,2.8599999999999999,0,0,0,1,1,,,,,,,0,0,2457.75,1,0,0,0,3440.8499999999999,3440.8499999999999,0,,15,0,19980,0,-1,-1,-1,1,0,-1,1,1,1,1,1,1,1,1,1,1,1,1,0,1,1,1,1,1,1,0,0,0,0,0,0,0,0,0,0,0,0,0,0,0,1,3,3,1,1
RCA_000578,INVOICE,USD,PAID,NET45,IT,680100-IT,__MISSING__,__MISSING__,__MISSING__,__MISSING__,SOFTWARE,US,USD,NET45,ACH,ACTIVE,ACH,USD,COMPLETED,SETTLED,ACH_DEBIT,USD,DEBIT,POSTED,MANAGER,APPROVED,PAYMENT,8544.4099999999999,7948.29,596.12,0,452,45,0,1,7,7948.29,1135.47,,,,,,0,0,0,19366.98,407,3,27911.389999999999,2,19366.98,2,19366.98,404,1,4,2,27911.389999999999,27911.389999999999,27911.389999999999,27911.389999999999,5,3,2,2,0,1,0,30,4,350,0,0.84615384615384615,3,0,0,0,0,1,1,,,,,,,0,0,8544.4099999999999,1,0,0,0,8544.4099999999999,8544.4099999999999,0,,45,0,63180,0,-1,-1,-1,1,0,-1,1,1,1,1,1,1,1,1,1,1,1,1,1,1,1,1,1,1,1,0,0,0,0,0,0,0,0,0,0,0,0,0,0,0,2,2,2,1,1
RCA_000583,INVOICE,USD,PAID,NET45,MARKETING,650100-MARKETING,USD,ISSUED,MARKETING,650100-MARKETING,SOFTWARE,US,USD,NET45,ACH,ACTIVE,ACH,USD,COMPLETED,SETTLED,ACH_DEBIT,USD,DEBIT,POSTED,MANAGER,APPROVED,PAYMENT,2500.0300000000002,2296.3800000000001,172.22999999999999,31.420000000000002,20,45,4,1,1,2296.3800000000001,2296.3800000000001,2500.0300000000002,2296.3800000000001,172.22999999999999,31.420000000000002,50,1,1,2296.3800000000001,12237.969999999999,14,3,14738,2,12237.969999999999,2,12237.969999999999,11,1,4,2,14738,14738,14738,14738,4,2,1,1,0,1,1,30,4,350,0,0.92307692307692313,3,8.3000000000000007,0,0,0,1,1,0,0,0,0,0,0,0,0,2500.0300000000002,1,0,0,0,2500.0300000000002,2500.0300000000002,0,30,6,0,1260,1,1,1,1,1,0,1,1,1,1,1,1,1,1,1,1,1,1,1,1,1,1,1,1,1,1,0,0,0,0,0,0,0,0,0,0,0,0,0,0,0,2,2,2,1,1
RCA_000585,INVOICE,USD,PAID,NET60,OPERATIONS,620100-OPERATIONS,__MISSING__,__MISSING__,__MISSING__,__MISSING__,SERVICES,US,USD,NET60,CHECK,ACTIVE,CHECK,USD,COMPLETED,SETTLED,CHECK_CLEARING,USD,DEBIT,POSTED,MANAGER,APPROVED,PAYMENT,2920.3499999999999,2716.5999999999999,203.75,0,525,60,5,1,4,2716.5999999999999,679.14999999999998,,,,,,0,0,0,1752.21,465,3,5840.6999999999998,1,2920.3499999999999,3,1752.21,452,1,6,3,5840.6999999999998,5840.6999999999998,5840.6999999999998,5840.6999999999998,2,1,1,1,0,0,0,31,4,6,0,0.76923076923076916,201,1115.0999999999999,0,0,0,1,1,,,,,,,0,0,2920.3499999999999,1,0,0,0,4088.4899999999998,4088.4899999999998,0,,60,0,77580,0,-1,-1,-1,1,0,-1,1,1,1,1,1,1,1,1,1,1,1,1,1,1,0,1,1,1,1,0,0,0,0,0,0,0,0,0,0,0,0,0,0,1,1,3,3,1,1
RCA_000587,INVOICE,CAD,PAID,NET30,MARKETING,650100-MARKETING,CAD,ISSUED,MARKETING,650100-MARKETING,SUPPLIER,CA,CAD,NET30,ACH,ACTIVE,ACH,CAD,COMPLETED,SETTLED,ACH_DEBIT,CAD,DEBIT,POSTED,MANAGER,APPROVED,PAYMENT,8356.0200000000004,7773.04,582.98000000000002,0,259,30,4,2,20,7773.04,1619.98,8356.0200000000004,7773.04,582.98000000000002,0,270,2,20,7773.04,8356.0200000000004,229,2,16712.040000000001,1,8356.0200000000004,2,8356.0200000000004,224,1,4,2,16712.040000000001,16712.040000000001,16712.040000000001,16712.040000000001,2,1,1,1,0,0,0,25,4,9,0,0.84615384615384615,40,983.86000000000001,0,0,0,1,2,0,0,0,0,0,0,0,0,8356.0200000000004,1,0,0,0,8356.0200000000004,8356.0200000000004,0,11,30,0,35820,1,1,1,1,1,0,1,1,1,1,1,1,1,1,1,1,1,1,1,1,1,0,1,1,1,1,0,0,0,0,0,0,0,0,0,0,0,0,0,0,1,1,2,2,1,1
RCA_000588,INVOICE,USD,PAID,DUE_ON_RECEIPT,SALES,640100-SALES,__MISSING__,__MISSING__,__MISSING__,__MISSING__,SUPPLIER,US,USD,DUE_ON_RECEIPT,CHECK,ACTIVE,CHECK,USD,COMPLETED,SETTLED,CHECK_CLEARING,USD,DEBIT,POSTED,DIRECTOR,APPROVED,PAYMENT,10339.139999999999,10339.139999999999,0,0,25,0,5,2,22,10339.139999999999,440.245,,,,,,0,0,0,10339.139999999999,17,2,20678.279999999999,1,10339.139999999999,2,10339.139999999999,4,1,4,2,20678.279999999999,20678.279999999999,20678.279999999999,20678.279999999999,3,2,2,2,0,0,0,28,4,4,0,0.69230769230769229,79,6984.2700000000004,0,0,0,1,1,,,,,,,0,0,10339.139999999999,1,0,0,0,10339.139999999999,10339.139999999999,0,,8,0,1200,0,-1,-1,-1,1,0,-1,1,1,1,1,1,1,1,1,1,1,1,1,1,1,0,1,1,1,1,0,0,0,0,0,0,0,0,0,0,0,0,0,0,1,1,2,1,1,1
RCA_000589,INVOICE,USD,PAID,NET45,OPERATIONS,620100-OPERATIONS,USD,ISSUED,OPERATIONS,620100-OPERATIONS,SUPPLIER,US,USD,NET45,CHECK,ACTIVE,CHECK,USD,COMPLETED,SETTLED,CHECK_CLEARING,USD,DEBIT,POSTED,MANAGER,APPROVED,PAYMENT,2801.6700000000001,2606.1999999999998,195.47,0,456,45,2,2,42,2606.1999999999998,62.620000000000005,2801.6700000000001,2606.1999999999998,195.47,0,459,2,42,2606.1999999999998,2801.6700000000001,411,2,5603.3400000000001,1,2801.6700000000001,2,2801.6700000000001,397,1,4,2,5603.3400000000001,5603.3400000000001,5603.3400000000001,5603.3400000000001,2,1,1,1,0,2,1,31,4,20,0,0.84615384615384615,4,359.01999999999998,0,0,0,1,2,0,0,0,0,0,0,0,0,2801.6700000000001,1,0,0,0,2801.6700000000001,2801.6700000000001,0,3,45,0,60300,1,1,1,1,1,0,1,1,1,1,1,1,1,1,1,1,1,1,1,1,1,1,1,1,1,1,0,0,0,0,0,0,0,0,0,0,0,0,0,0,0,1,2,2,1,1
RCA_000590,INVOICE,USD,PAID,NET45,SALES,640100-SALES,__MISSING__,__MISSING__,__MISSING__,__MISSING__,SUPPLIER,US,USD,NET45,CHECK,ACTIVE,CHECK,USD,COMPLETED,SETTLED,CHECK_CLEARING,USD,DEBIT,POSTED,MANAGER,APPROVED,PAYMENT,2084.9899999999998,1939.53,145.46000000000001,0,489,45,0,3,23,1939.53,120.08333333333333,,,,,,0,0,0,2084.9899999999998,444,2,4169.9799999999996,1,2084.9899999999998,2,2084.9899999999998,431,1,4,2,4169.9799999999996,4169.9799999999996,4169.9799999999996,4169.9799999999996,2,1,1,1,0,2,1,31,4,20,0,0.84615384615384615,6,205.63999999999999,0,0,0,1,2,,,,,,,0,0,2084.9899999999998,1,0,0,0,2084.9899999999998,2084.9899999999998,0,,45,0,63180,0,-1,-1,-1,1,0,-1,1,1,1,1,1,1,1,1,1,1,1,1,1,1,1,1,1,1,1,0,0,0,0,0,0,0,0,0,0,0,0,0,0,0,1,2,2,1,1
RCA_000591,INVOICE,USD,PAID,NET45,LEGAL,670100-LEGAL,USD,ISSUED,LEGAL,670100-LEGAL,PROFESSIONAL,US,USD,NET45,ACH,ACTIVE,ACH,USD,COMPLETED,SETTLED,ACH_DEBIT,USD,DEBIT,POSTED,DIRECTOR,APPROVED,PAYMENT,14206.33,13155.639999999999,986.66999999999996,64.019999999999996,317,45,1,3,21,13155.639999999999,817.18666666666661,14206.33,13155.639999999999,986.66999999999996,64.019999999999996,320,3,21,13155.639999999999,14206.33,272,2,28412.66,1,14206.33,2,14206.33,267,1,4,2,28412.66,28412.66,28412.66,28412.66,3,2,2,2,0,1,0,30,4,15,0,0.76923076923076916,16,3.3999999999999999,0,0,0,1,2,0,0,0,0,0,0,0,0,14206.33,1,0,0,0,14206.33,14206.33,0,3,45,0,60240,1,1,1,1,1,0,1,1,1,1,1,1,1,1,1,1,1,1,1,1,1,1,1,1,1,1,0,0,0,0,0,0,0,0,0,0,0,0,0,0,0,1,2,2,1,1
RCA_000595,INVOICE,USD,PAID,NET15,FINANCE,630100-FINANCE,__MISSING__,__MISSING__,__MISSING__,__MISSING__,SOFTWARE,US,USD,NET15,ACH,ACTIVE,ACH,USD,COMPLETED,SETTLED,ACH_DEBIT,USD,DEBIT,POSTED,MANAGER,APPROVED,PAYMENT,1449.3900000000001,1348.27,101.12,0,468,15,4,1,11,1348.27,122.56999999999999,,,,,,0,0,0,6936.7200000000003,44,3,8386.1100000000006,2,6936.7200000000003,2,6936.7200000000003,41,1,4,2,8386.1100000000006,8386.1100000000006,8386.1100000000006,8386.1100000000006,4,2,1,1,0,2,2,27,4,300,0,0.92307692307692313,2,0,0,0,0,1,1,,,,,,,0,0,1449.3900000000001,1,0,0,0,1449.3900000000001,1449.3900000000001,0,,424,0,14220,0,-1,-1,-1,1,0,-1,1,1,1,1,1,1,1,1,1,1,1,1,1,1,1,1,1,1,1,0,0,0,0,0,0,0,0,0,0,0,0,0,0,0,2,2,2,1,1
RCA_000596,INVOICE,USD,PAID,NET45,SALES,640100-SALES,__MISSING__,__MISSING__,__MISSING__,__MISSING__,PROFESSIONAL,US,USD,NET45,WIRE,ACTIVE,WIRE,USD,COMPLETED,SETTLED,WIRE_DEBIT,USD,DEBIT,POSTED,MANAGER,APPROVED,PAYMENT,1871.3099999999999,1701.1900000000001,170.12,0,68,45,1,4,27,1701.1900000000001,97.784999999999997,,,,,,0,0,0,1871.3099999999999,23,2,3742.6199999999999,1,1871.3099999999999,2,1871.3099999999999,22,1,4,2,3742.6199999999999,3742.6199999999999,3742.6199999999999,3742.6199999999999,2,1,1,1,0,0,0,31,4,24,0,0.76923076923076916,15,0,0,0,0,1,2,,,,,,,0,0,1871.3099999999999,1,0,0,0,1871.3099999999999,1871.3099999999999,0,,45,0,61740,0,-1,-1,-1,1,0,-1,1,1,1,1,1,1,1,1,1,1,1,1,1,1,0,1,1,1,1,0,0,0,0,0,0,0,0,0,0,0,0,0,0,1,1,2,2,1,1
RCA_000598,INVOICE,USD,PAID,NET15,OPERATIONS,620100-OPERATIONS,__MISSING__,__MISSING__,__MISSING__,__MISSING__,SOFTWARE,US,USD,NET15,ACH,ACTIVE,ACH,USD,COMPLETED,SETTLED,ACH_DEBIT,USD,DEBIT,POSTED,MANAGER,APPROVED,PAYMENT,3732.27,3471.8800000000001,260.38999999999999,0,59,15,3,4,19,3471.8800000000001,287.07249999999999,,,,,,0,0,0,10193.709999999999,29,3,13925.98,2,10193.709999999999,2,10193.709999999999,26,1,4,2,13925.98,13925.98,13925.98,13925.98,4,2,1,1,0,2,2,27,4,300,0,0.84615384615384615,0,0,0,0,0,1,1,,,,,,,0,0,3732.27,1,0,0,0,3732.27,3732.27,0,,30,0,19980,0,-1,-1,-1,1,0,-1,1,1,1,1,1,1,1,1,1,1,1,1,1,1,1,1,1,1,1,0,0,0,0,0,0,0,0,0,0,0,0,0,0,0,2,2,2,1,1
RCA_000600,INVOICE,USD,PAID,NET15,PEOPLE,660100-PEOPLE,USD,ISSUED,PEOPLE,660100-PEOPLE,SOFTWARE,US,USD,NET15,ACH,ACTIVE,ACH,USD,COMPLETED,SETTLED,ACH_DEBIT,USD,DEBIT,POSTED,MANAGER,APPROVED,PAYMENT,2781.6300000000001,2641.8200000000002,132.09,7.7199999999999998,537,15,0,3,39,2641.8200000000002,128.42333333333332,2781.6300000000001,2641.8200000000002,132.09,7.7199999999999998,538,3,39,2641.8200000000002,8787.8799999999992,288,3,11569.51,2,8787.8799999999992,2,8787.8799999999992,285,1,4,2,11569.51,11569.51,11569.51,11569.51,4,2,1,1,0,2,0,27,4,300,0,0.92307692307692313,0,14.06,0,0,0,1,1,0,0,0,0,0,0,0,0,2781.6300000000001,1,0,0,0,2781.6300000000001,2781.6300000000001,0,1,249,0,12780,1,1,1,1,1,0,1,1,1,1,1,1,1,1,1,1,1,1,1,1,1,1,1,1,1,1,0,0,0,0,0,0,0,0,0,0,0,0,0,0,0,2,2,2,1,1
RCA_000601,INVOICE,USD,PAID,NET30,SALES,640100-SALES,USD,ISSUED,SALES,640100-SALES,PROFESSIONAL,US,USD,NET30,WIRE,ACTIVE,WIRE,USD,COMPLETED,SETTLED,WIRE_DEBIT,USD,DEBIT,POSTED,MANAGER,APPROVED,PAYMENT,1658.78,1469.5899999999999,73.480000000000004,115.70999999999999,146,30,2,2,9,1469.5899999999999,155.20999999999998,1658.78,1469.5899999999999,73.480000000000004,115.70999999999999,175,2,9,1469.5899999999999,995.26999999999998,116,1,995.26999999999998,1,1658.78,1,995.26999999999998,113,1,2,1,995.26999999999998,995.26999999999998,995.26999999999998,995.26999999999998,2,1,1,1,0,0,0,28,4,8,0,0.76923076923076916,20,326.91000000000003,0,0,0,1,1,0,0,0,0,0,0,0,0,663.50999999999999,0.39999879429460206,0,0,0,0,0,0,29,30,0,38700,1,1,1,1,1,0,1,1,1,1,1,1,1,1,1,1,1,1,1,1,1,0,1,1,1,1,0,0,0,0,0,0,0,0,0,0,0,0,0,0,1,1,1,1,1,1
RCA_000602,INVOICE,USD,PAID,NET30,LEGAL,670100-LEGAL,__MISSING__,__MISSING__,__MISSING__,__MISSING__,SUPPLIER,US,USD,NET30,ACH,ACTIVE,ACH,USD,COMPLETED,SETTLED,ACH_DEBIT,USD,DEBIT,POSTED,MANAGER,APPROVED,PAYMENT,963.24000000000001,963.24000000000001,0,0,132,30,1,1,1,963.24000000000001,963.24000000000001,,,,,,0,0,0,577.94000000000005,102,1,577.94000000000005,1,963.24000000000001,1,577.94000000000005,97,1,2,1,577.94000000000005,577.94000000000005,577.94000000000005,577.94000000000005,2,1,1,1,0,1,1,31,4,6,0,0.76923076923076916,18,1493.9400000000001,0,0,0,1,1,,,,,,,0,0,385.30000000000001,0.40000415265146794,0,0,0,0,0,0,,30,0,40140,0,-1,-1,-1,1,0,-1,1,1,1,1,1,1,1,1,1,1,1,1,1,1,1,1,1,1,1,0,0,0,0,0,0,0,0,0,0,0,0,0,0,0,1,1,1,1,1
RCA_000606,INVOICE,USD,PAID,NET15,IT,680100-IT,USD,ISSUED,IT,680100-IT,PROFESSIONAL,US,USD,NET15,ACH,ACTIVE,ACH,USD,COMPLETED,SETTLED,ACH_DEBIT,USD,DEBIT,POSTED,MANAGER,APPROVED,PAYMENT,4411.9399999999996,4010.8499999999999,401.08999999999997,0,111,15,1,3,51,4010.8499999999999,85.75,4411.9399999999996,4010.8499999999999,401.08999999999997,0,136,3,51,4010.8499999999999,2647.1599999999999,96,1,2647.1599999999999,1,4411.9399999999996,1,2647.1599999999999,91,1,2,1,2647.1599999999999,2647.1599999999999,2647.1599999999999,2647.1599999999999,2,1,1,1,0,2,2,31,4,90,0,0.84615384615384615,5,44.810000000000002,0,0,0,1,1,0,0,0,0,0,0,0,0,1764.78,0.40000090663064319,0,0,0,0,0,0,25,15,0,18540,1,1,1,1,1,0,1,1,1,1,1,1,1,1,1,1,1,1,1,1,1,1,1,1,1,1,0,0,0,0,0,0,0,0,0,0,0,0,0,0,0,1,1,1,1,1
RCA_000607,INVOICE,USD,PAID,NET45,MARKETING,650100-MARKETING,USD,ISSUED,MARKETING,650100-MARKETING,SUPPLIER,US,USD,NET45,ACH,ACTIVE,ACH,USD,COMPLETED,SETTLED,ACH_DEBIT,USD,DEBIT,POSTED,MANAGER,APPROVED,PAYMENT,3554.98,3218.6999999999998,321.87,14.41,49,45,5,3,40,3218.6999999999998,89.243333333333339,3554.98,3218.6999999999998,321.87,14.41,72,3,40,3218.6999999999998,2132.9899999999998,15,1,2132.9899999999998,1,3554.98,1,2132.9899999999998,12,1,2,1,2132.9899999999998,2132.9899999999998,2132.9899999999998,2132.9899999999998,2,1,1,1,0,0,0,31,4,3,0,0.76923076923076916,184,2806.3800000000001,0,0,0,1,1,0,0,0,0,0,0,0,0,1421.99,0.39999943740893057,0,0,0,0,0,0,23,34,0,40140,1,1,1,1,1,0,1,1,1,1,1,1,1,1,1,1,1,1,1,1,1,0,1,1,1,1,0,0,0,0,0,0,0,0,0,0,0,0,0,0,1,1,1,1,1,1
RCA_000609,INVOICE,USD,PAID,NET45,SALES,640100-SALES,USD,ISSUED,SALES,640100-SALES,SUPPLIER,US,USD,NET45,ACH,ACTIVE,ACH,USD,COMPLETED,SETTLED,ACH_DEBIT,USD,DEBIT,POSTED,MANAGER,APPROVED,PAYMENT,2810.1300000000001,2554.6599999999999,255.47,0,395,45,1,3,25,2554.6599999999999,98.160000000000011,2810.1300000000001,2554.6599999999999,255.47,0,398,3,25,2554.6599999999999,1686.0799999999999,350,1,1686.0799999999999,1,2810.1300000000001,1,1686.0799999999999,347,1,2,1,1686.0799999999999,1686.0799999999999,1686.0799999999999,1686.0799999999999,2,1,1,1,0,0,0,27,4,28,0,0.84615384615384615,0,54.670000000000002,0,0,0,1,1,0,0,0,0,0,0,0,0,1124.05,0.39999928828915388,0,0,0,0,0,0,3,45,0,61740,1,1,1,1,1,0,1,1,1,1,1,1,1,1,1,1,1,1,1,1,1,0,1,1,1,1,0,0,0,0,0,0,0,0,0,0,0,0,0,0,1,1,1,1,1,1
RCA_000612,INVOICE,USD,PAID,NET45,PEOPLE,660100-PEOPLE,__MISSING__,__MISSING__,__MISSING__,__MISSING__,SERVICES,US,USD,NET45,ACH,ACTIVE,ACH,USD,COMPLETED,SETTLED,ACH_DEBIT,USD,DEBIT,POSTED,AUTO,AUTO_APPROVED,PAYMENT,463.13999999999999,430.82999999999998,32.310000000000002,0,193,45,4,1,3,430.82999999999998,143.61000000000001,,,,,,0,0,0,277.88,148,1,277.88,1,463.13999999999999,1,277.88,145,1,2,1,277.88,277.88,277.88,277.88,2,1,1,1,0,2,2,30,4,135,0,0.92307692307692313,2,3.9900000000000002,0,0,0,1,1,,,,,,,0,0,185.25999999999999,0.40000863669732695,0,0,0,0,0,0,,45,0,57420,0,-1,-1,-1,1,0,-1,1,1,1,1,1,1,1,1,1,1,1,1,1,1,1,-1,-1,-1,1,0,0,0,0,0,0,0,0,0,0,0,0,0,0,0,1,1,1,1,1
RCA_000613,INVOICE,CAD,PAID,NET45,SALES,640100-SALES,__MISSING__,__MISSING__,__MISSING__,__MISSING__,SUPPLIER,CA,CAD,NET45,ACH,ACTIVE,ACH,CAD,COMPLETED,SETTLED,ACH_DEBIT,CAD,DEBIT,POSTED,MANAGER,APPROVED,PAYMENT,4468.5,4468.5,0,0,319,45,3,3,19,4468.5,477.69666666666666,,,,,,0,0,0,2681.0999999999999,274,1,2681.0999999999999,1,4468.5,1,2681.0999999999999,271,1,2,1,2681.0999999999999,2681.0999999999999,2681.0999999999999,2681.0999999999999,2,1,1,1,0,0,0,35,4,38,0,0.84615384615384615,8,31.530000000000001,0,0,0,1,1,,,,,,,0,0,1787.4000000000001,0.40000000000000002,0,0,0,0,0,0,,45,0,58860,0,-1,-1,-1,1,0,-1,1,1,1,1,1,1,1,1,1,1,1,1,1,1,0,1,1,1,1,0,0,0,0,0,0,0,0,0,0,0,0,0,0,1,1,1,1,1,1
RCA_000616,INVOICE,USD,PAID,NET30,SALES,640100-SALES,__MISSING__,__MISSING__,__MISSING__,__MISSING__,SUPPLIER,US,USD,NET30,ACH,ACTIVE,ACH,USD,COMPLETED,SETTLED,ACH_DEBIT,USD,DEBIT,POSTED,MANAGER,APPROVED,PAYMENT,2958.75,2752.3299999999999,206.41999999999999,0,418,30,0,3,26,2752.3299999999999,91.446666666666658,,,,,,0,0,0,1775.25,388,1,1775.25,1,2958.75,1,1775.25,384,1,2,1,1775.25,1775.25,1775.25,1775.25,2,1,1,1,0,0,0,26,4,6,0,0.76923076923076916,4,645.29999999999995,0,0,0,1,1,,,,,,,0,0,1183.5,0.40000000000000002,0,0,0,0,0,0,,30,0,41580,0,-1,-1,-1,1,0,-1,1,1,1,1,1,1,1,1,1,1,1,1,1,1,0,1,1,1,1,0,0,0,0,0,0,0,0,0,0,0,0,0,0,1,1,1,1,1,1
RCA_000617,INVOICE,USD,PAID,NET60,LEGAL,670100-LEGAL,USD,ISSUED,LEGAL,670100-LEGAL,SERVICES,US,USD,NET60,ACH,ACTIVE,ACH,USD,COMPLETED,SETTLED,ACH_DEBIT,USD,DEBIT,POSTED,MANAGER,APPROVED,PAYMENT,5185.4499999999998,5185.4499999999998,0,0,73,60,1,3,32,5185.4499999999998,230.04666666666665,5185.4499999999998,5185.4499999999998,0,0,99,3,32,5185.4499999999998,3111.27,15,1,3111.27,1,5185.4499999999998,1,3111.27,12,1,2,1,3111.27,3111.27,3111.27,3111.27,2,1,1,1,0,1,1,30,4,43,0,0.84615384615384615,7,163.97999999999999,0,0,0,1,1,0,0,0,0,0,0,0,0,2074.1799999999998,0.40000000000000002,0,0,0,0,0,0,26,58,0,80460,1,1,1,1,1,0,1,1,1,1,1,1,1,1,1,1,1,1,1,1,1,1,1,1,1,1,0,0,0,0,0,0,0,0,0,0,0,0,0,0,0,1,1,1,1,1
RCA_000618,INVOICE,GBP,PAID,NET30,MARKETING,650100-MARKETING,GBP,ISSUED,MARKETING,650100-MARKETING,SUPPLIER,GB,GBP,NET30,WIRE,ACTIVE,WIRE,GBP,COMPLETED,SETTLED,WIRE_DEBIT,GBP,DEBIT,POSTED,MANAGER,APPROVED,PAYMENT,2198.79,1998.9000000000001,199.88999999999999,0,403,30,2,1,15,1998.9000000000001,133.25999999999999,2198.79,1998.9000000000001,199.88999999999999,0,418,1,15,1998.9000000000001,1319.27,373,1,1319.27,1,2198.79,1,1319.27,372,1,2,1,1319.27,1319.27,1319.27,1319.27,2,1,1,1,0,0,0,30,4,8,0,0.84615384615384615,73,330.13999999999999,0,0,0,1,1,0,0,0,0,0,0,0,0,879.51999999999998,0.40000181918236849,0,0,0,0,0,0,15,30,0,38700,1,1,1,1,1,0,1,1,1,1,1,1,1,1,1,1,1,1,1,1,1,0,1,1,1,1,0,0,0,0,0,0,0,0,0,0,0,0,0,0,1,1,1,1,1,1
RCA_000620,INVOICE,USD,PAID,DUE_ON_RECEIPT,FINANCE,630100-FINANCE,__MISSING__,__MISSING__,__MISSING__,__MISSING__,SERVICES,US,USD,DUE_ON_RECEIPT,ACH,ACTIVE,ACH,USD,COMPLETED,SETTLED,ACH_DEBIT,USD,DEBIT,POSTED,MANAGER,APPROVED,PAYMENT,6540.8000000000002,5946.1800000000003,594.62,0,200,0,1,3,27,5946.1800000000003,205.65000000000001,,,,,,0,0,0,3924.48,197,1,3924.48,1,6540.8000000000002,1,3924.48,194,1,2,1,3924.48,3924.48,3924.48,3924.48,2,1,1,1,0,0,0,32,4,4,0,0.76923076923076916,31,0,0,0,0,1,1,,,,,,,0,0,2616.3200000000002,0.40000000000000002,0,0,0,0,0,0,,3,0,1260,0,-1,-1,-1,1,0,-1,1,1,1,1,1,1,1,1,1,1,1,1,1,1,0,1,1,1,1,0,0,0,0,0,0,0,0,0,0,0,0,0,0,1,1,1,1,1,1
RCA_000624,INVOICE,USD,PAID,NET30,FINANCE,630100-FINANCE,USD,ISSUED,FINANCE,630100-FINANCE,SERVICES,US,USD,NET30,ACH,ACTIVE,ACH,USD,COMPLETED,SETTLED,ACH_DEBIT,USD,DEBIT,POSTED,MANAGER,APPROVED,PAYMENT,1002.15,944.67999999999995,0,57.469999999999999,73,30,5,1,4,944.67999999999995,236.16999999999999,1002.15,944.67999999999995,0,57.469999999999999,98,1,4,944.67999999999995,601.28999999999996,43,1,601.28999999999996,1,1002.15,1,601.28999999999996,40,1,2,1,601.28999999999996,601.28999999999996,601.28999999999996,601.28999999999996,2,1,1,1,0,0,0,30,4,9,0,0.84615384615384615,21,22.620000000000001,0,0,0,1,1,0,0,0,0,0,0,0,0,400.86000000000001,0.40000000000000002,0,0,0,0,0,0,25,30,0,34380,1,1,1,1,1,0,1,1,1,1,1,1,1,1,1,1,1,1,1,1,1,0,1,1,1,1,0,0,0,0,0,0,0,0,0,0,0,0,0,0,1,1,1,1,1,1
RCA_000625,INVOICE,USD,PAID,NET45,LEGAL,670100-LEGAL,__MISSING__,__MISSING__,__MISSING__,__MISSING__,LOGISTICS,US,USD,NET45,ACH,ACTIVE,ACH,USD,COMPLETED,SETTLED,ACH_DEBIT,USD,DEBIT,POSTED,MANAGER,APPROVED,PAYMENT,8886.8199999999997,8266.8099999999995,620.00999999999999,0,545,45,1,2,16,8266.8099999999995,620.93500000000006,,,,,,0,0,0,5332.0900000000001,500,1,5332.0900000000001,1,8886.8199999999997,1,5332.0900000000001,496,1,2,1,5332.0900000000001,5332.0900000000001,5332.0900000000001,5332.0900000000001,2,1,1,1,0,0,0,30,4,4,0,0.76923076923076916,244,507.5,0,0,0,1,1,,,,,,,0,0,3554.73,0.40000022505238092,0,0,0,0,0,0,,45,0,61740,0,-1,-1,-1,1,0,-1,1,1,1,1,1,1,1,1,1,1,1,1,1,1,0,1,1,1,1,0,0,0,0,0,0,0,0,0,0,0,0,0,0,1,1,1,1,1,1
RCA_000626,INVOICE,USD,PAID,NET45,PEOPLE,660100-PEOPLE,USD,ISSUED,PEOPLE,660100-PEOPLE,SUPPLIER,US,USD,NET45,CHECK,ACTIVE,CHECK,USD,COMPLETED,SETTLED,CHECK_CLEARING,USD,DEBIT,POSTED,MANAGER,APPROVED,PAYMENT,1658.3,1487.55,148.75999999999999,21.989999999999998,294,45,1,3,47,1487.55,25.183333333333334,1658.3,1487.55,148.75999999999999,21.989999999999998,315,3,47,1487.55,994.98000000000002,249,1,994.98000000000002,1,1658.3,1,994.98000000000002,235,1,2,1,994.98000000000002,994.98000000000002,994.98000000000002,994.98000000000002,2,1,1,1,0,0,0,31,4,22,0,0.92307692307692313,14,59.07,0,0,0,1,1,0,0,0,0,0,0,0,0,663.32000000000005,0.40000000000000002,0,0,0,0,0,0,21,45,0,61740,1,1,1,1,1,0,1,1,1,1,1,1,1,1,1,1,1,1,1,1,1,0,1,1,1,1,0,0,0,0,0,0,0,0,0,0,0,0,0,0,1,1,1,1,1,1
RCA_000627,INVOICE,USD,PAID,DUE_ON_RECEIPT,FINANCE,630100-FINANCE,__MISSING__,__MISSING__,__MISSING__,__MISSING__,SERVICES,US,USD,DUE_ON_RECEIPT,ACH,ACTIVE,ACH,USD,COMPLETED,SETTLED,ACH_DEBIT,USD,DEBIT,POSTED,MANAGER,APPROVED,PAYMENT,6540.8000000000002,5946.1800000000003,594.62,0,169,0,1,3,27,5946.1800000000003,205.65000000000001,,,,,,0,0,0,3924.48,166,1,3924.48,1,6540.8000000000002,1,3924.48,161,1,2,1,3924.48,3924.48,3924.48,3924.48,2,1,1,1,0,0,0,32,4,4,0,0.76923076923076916,31,0,0,0,0,1,1,,,,,,,0,0,2616.3200000000002,0.40000000000000002,0,0,0,0,0,0,,3,0,1260,0,-1,-1,-1,1,0,-1,1,1,1,1,1,1,1,1,1,1,1,1,1,1,0,1,1,1,1,0,0,0,0,0,0,0,0,0,0,0,0,0,0,1,1,1,1,1,1
RCA_000631,INVOICE,GBP,PAID,NET45,SALES,640100-SALES,__MISSING__,__MISSING__,__MISSING__,__MISSING__,SERVICES,GB,GBP,NET45,ACH,ACTIVE,ACH,GBP,COMPLETED,SETTLED,ACH_DEBIT,GBP,DEBIT,POSTED,MANAGER,APPROVED,PAYMENT,8196.3600000000006,7624.5200000000004,571.84000000000003,0,359,45,1,2,19,7624.5200000000004,420.58999999999997,,,,,,0,0,0,4917.8199999999997,314,1,4917.8199999999997,1,8196.3600000000006,1,4917.8199999999997,309,1,2,1,4917.8199999999997,4917.8199999999997,4917.8199999999997,4917.8199999999997,2,1,1,1,0,0,0,30,4,2,0,0.76923076923076916,71,3347.5599999999999,0,0,0,1,1,,,,,,,0,0,3278.54,0.39999951197848799,0,0,0,0,0,0,,45,0,61740,0,-1,-1,-1,1,0,-1,1,1,1,1,1,1,1,1,1,1,1,1,1,1,0,1,1,1,1,0,0,0,0,0,0,0,0,0,0,0,0,0,0,1,1,1,1,1,1
RCA_000632,INVOICE,USD,PAID,NET30,ENGINEERING,610100-ENGINEERING,__MISSING__,__MISSING__,__MISSING__,__MISSING__,SUPPLIER,US,USD,NET30,ACH,ACTIVE,ACH,USD,COMPLETED,SETTLED,ACH_DEBIT,USD,DEBIT,POSTED,DIRECTOR,APPROVED,PAYMENT,12166.889999999999,11318.040000000001,848.85000000000002,0,538,30,0,1,9,11318.040000000001,1257.5599999999999,,,,,,0,0,0,7300.1300000000001,508,1,7300.1300000000001,1,12166.889999999999,1,7300.1300000000001,503,1,2,1,7300.1300000000001,7300.1300000000001,7300.1300000000001,7300.1300000000001,3,2,2,2,0,2,1,29,4,31,0,0.92307692307692313,30,731.69000000000005,0,0,0,1,1,,,,,,,0,0,4866.7600000000002,0.40000032876108849,0,0,0,0,0,0,,30,0,40080,0,-1,-1,-1,1,0,-1,1,1,1,1,1,1,1,1,1,1,1,1,1,1,1,1,1,1,1,0,0,0,0,0,0,0,0,0,0,0,0,0,0,0,1,1,1,1,1
RCA_000633,INVOICE,EUR,PAID,NET30,FINANCE,630100-FINANCE,__MISSING__,__MISSING__,__MISSING__,__MISSING__,SOFTWARE,DE,EUR,NET30,ACH,ACTIVE,ACH,EUR,COMPLETED,SETTLED,ACH_DEBIT,EUR,DEBIT,POSTED,MANAGER,APPROVED,PAYMENT,657.80999999999995,611.91999999999996,45.890000000000001,0,534,30,1,3,26,611.91999999999996,55.526666666666664,,,,,,0,0,0,394.69,504,1,394.69,1,657.80999999999995,1,394.69,501,1,2,1,394.69,394.69,394.69,394.69,2,1,1,1,0,0,0,31,4,12,0,0.76923076923076916,48,220.41999999999999,0,0,0,1,1,,,,,,,0,0,263.12,0.39999391921679511,0,0,0,0,0,0,,30,0,40140,0,-1,-1,-1,1,0,-1,1,1,1,1,1,1,1,1,1,1,1,1,1,1,0,1,1,1,1,0,0,0,0,0,0,0,0,0,0,0,0,0,0,1,1,1,1,1,1
RCA_000636,INVOICE,USD,PAID,NET30,IT,680100-IT,__MISSING__,__MISSING__,__MISSING__,__MISSING__,SUPPLIER,US,USD,NET30,WIRE,ACTIVE,WIRE,USD,COMPLETED,SETTLED,WIRE_DEBIT,USD,DEBIT,POSTED,MANAGER,APPROVED,PAYMENT,8778.9699999999993,8166.4799999999996,612.49000000000001,0,377,30,0,1,12,8166.4799999999996,680.53999999999996,,,,,,0,0,0,5267.3800000000001,347,1,5267.3800000000001,1,8778.9699999999993,1,5267.3800000000001,344,1,2,1,5267.3800000000001,5267.3800000000001,5267.3800000000001,5267.3800000000001,2,1,1,1,0,0,0,30,4,5,0,0.69230769230769229,21,169.46000000000001,0,0,0,1,1,,,,,,,0,0,3511.5900000000001,0.40000022781715849,0,0,0,0,0,0,,30,0,41580,0,-1,-1,-1,1,0,-1,1,1,1,1,1,1,1,1,1,1,1,1,1,1,0,1,1,1,1,0,0,0,0,0,0,0,0,0,0,0,0,0,0,1,1,1,1,1,1
RCA_000637,INVOICE,USD,PAID,NET15,FINANCE,630100-FINANCE,USD,ISSUED,FINANCE,630100-FINANCE,SUPPLIER,US,USD,NET15,WIRE,ACTIVE,WIRE,USD,COMPLETED,SETTLED,WIRE_DEBIT,USD,DEBIT,POSTED,MANAGER,APPROVED,PAYMENT,4052.0900000000001,4052.0900000000001,0,0,56,15,5,3,49,4052.0900000000001,81.593333333333334,4052.0900000000001,4052.0900000000001,0,0,79,3,49,4052.0900000000001,2431.25,41,1,2431.25,1,4052.0900000000001,1,2431.25,40,1,2,1,2431.25,2431.25,2431.25,2431.25,2,1,1,1,0,2,2,31,4,64,0,0.84615384615384615,1,56.420000000000002,0,0,0,1,1,0,0,0,0,0,0,0,0,1620.8399999999999,0.40000098714490545,0,0,0,0,0,0,23,15,0,12780,1,1,1,1,1,0,1,1,1,1,1,1,1,1,1,1,1,1,1,1,1,1,1,1,1,1,0,0,0,0,0,0,0,0,0,0,0,0,0,0,0,1,1,1,1,1
RCA_000638,INVOICE,USD,PAID,NET30,SALES,640100-SALES,USD,ISSUED,SALES,640100-SALES,PROFESSIONAL,US,USD,NET30,WIRE,ACTIVE,WIRE,USD,COMPLETED,SETTLED,WIRE_DEBIT,USD,DEBIT,POSTED,MANAGER,APPROVED,PAYMENT,3146.5100000000002,2860.46,286.05000000000001,0,309,30,5,3,30,2860.46,152.74333333333334,3146.5100000000002,2860.46,286.05000000000001,0,337,3,30,2860.46,1887.9100000000001,279,1,1887.9100000000001,1,3146.5100000000002,1,1887.9100000000001,278,1,2,1,1887.9100000000001,1887.9100000000001,1887.9100000000001,1887.9100000000001,2,1,1,1,0,0,0,28,4,8,0,0.76923076923076916,6,152.59999999999999,0,0,0,1,1,0,0,0,0,0,0,0,0,1258.5999999999999,0.39999872875026615,0,0,0,0,0,0,28,30,0,34380,1,1,1,1,1,0,1,1,1,1,1,1,1,1,1,1,1,1,1,1,1,0,1,1,1,1,0,0,0,0,0,0,0,0,0,0,0,0,0,0,1,1,1,1,1,1
RCA_000640,INVOICE,USD,PAID,NET30,SALES,640100-SALES,USD,ISSUED,SALES,640100-SALES,SUPPLIER,US,USD,NET30,WIRE,ACTIVE,WIRE,USD,COMPLETED,SETTLED,WIRE_DEBIT,USD,DEBIT,POSTED,MANAGER,APPROVED,PAYMENT,8022.2700000000004,7462.5799999999999,559.69000000000005,0,411,30,1,3,50,7462.5799999999999,168.46666666666667,8022.2700000000004,7462.5799999999999,559.69000000000005,0,435,3,50,7462.5799999999999,4813.3599999999997,381,1,4813.3599999999997,1,8022.2700000000004,1,4813.3599999999997,379,1,2,1,4813.3599999999997,4813.3599999999997,4813.3599999999997,4813.3599999999997,2,1,1,1,0,1,1,34,4,11,0,0.84615384615384615,26,38.829999999999998,0,0,0,1,1,0,0,0,0,0,0,0,0,3208.9099999999999,0.40000024930599443,0,0,0,0,0,0,24,30,0,40140,1,1,1,1,1,0,1,1,1,1,1,1,1,1,1,1,1,1,1,1,1,1,1,1,1,1,0,0,0,0,0,0,0,0,0,0,0,0,0,0,0,1,1,1,1,1
RCA_000641,INVOICE,USD,PAID,NET30,OPERATIONS,620100-OPERATIONS,__MISSING__,__MISSING__,__MISSING__,__MISSING__,SUPPLIER,US,USD,NET30,ACH,ACTIVE,ACH,USD,COMPLETED,SETTLED,ACH_DEBIT,USD,DEBIT,POSTED,DIRECTOR,APPROVED,PAYMENT,10647.33,9679.3899999999994,967.94000000000005,0,209,30,0,4,20,9679.3899999999994,1344.6975,,,,,,0,0,0,6388.3999999999996,179,1,6388.3999999999996,1,10647.33,1,6388.3999999999996,174,1,2,1,6388.3999999999996,6388.3999999999996,6388.3999999999996,6388.3999999999996,3,2,2,2,0,2,1,29,4,31,0,0.84615384615384615,5,80.040000000000006,0,0,0,1,1,,,,,,,0,0,4258.9300000000003,0.39999981215948038,0,0,0,0,0,0,,30,0,40080,0,-1,-1,-1,1,0,-1,1,1,1,1,1,1,1,1,1,1,1,1,1,1,1,1,1,1,1,0,0,0,0,0,0,0,0,0,0,0,0,0,0,0,1,1,1,1,1
RCA_000642,INVOICE,EUR,PAID,NET30,IT,680100-IT,EUR,ISSUED,IT,680100-IT,SERVICES,DE,EUR,NET30,CHECK,ACTIVE,CHECK,EUR,COMPLETED,SETTLED,CHECK_CLEARING,EUR,DEBIT,POSTED,MANAGER,APPROVED,PAYMENT,9643.8500000000004,8767.1399999999994,876.71000000000004,0,222,30,0,2,20,8767.1399999999994,2639.1900000000001,9643.8500000000004,8767.1399999999994,876.71000000000004,0,231,2,20,8767.1399999999994,5786.3100000000004,192,1,5786.3100000000004,1,9643.8500000000004,1,5786.3100000000004,179,1,2,1,5786.3100000000004,5786.3100000000004,5786.3100000000004,5786.3100000000004,2,1,1,1,0,0,0,29,4,67,0,0.84615384615384615,5,77.469999999999999,0,0,0,1,1,0,0,0,0,0,0,0,0,3857.54,0.40000000000000002,0,0,0,0,0,0,9,30,0,41580,1,1,1,1,1,0,1,1,1,1,1,1,1,1,1,1,1,1,1,1,1,0,1,1,1,1,0,0,0,0,0,0,0,0,0,0,0,0,0,0,1,1,1,1,1,1
RCA_000644,INVOICE,USD,PAID,NET30,IT,680100-IT,__MISSING__,__MISSING__,__MISSING__,__MISSING__,SOFTWARE,US,USD,NET30,ACH,ACTIVE,ACH,USD,COMPLETED,SETTLED,ACH_DEBIT,USD,DEBIT,POSTED,DIRECTOR,APPROVED,PAYMENT,20086.029999999999,18260.029999999999,1826,0,177,30,4,3,17,18260.029999999999,1035.5933333333332,,,,,,0,0,0,12051.620000000001,147,1,12051.620000000001,1,20086.029999999999,1,12051.620000000001,144,1,2,1,12051.620000000001,12051.620000000001,12051.620000000001,12051.620000000001,3,2,2,2,0,0,0,31,4,18,0,0.92307692307692313,10,5989.3100000000004,0,0,0,1,1,,,,,,,0,0,8034.4099999999999,0.39999990042830763,0,0,0,0,0,0,,30,0,34320,0,-1,-1,-1,1,0,-1,1,1,1,1,1,1,1,1,1,1,1,1,1,1,0,1,1,1,1,0,0,0,0,0,0,0,0,0,0,0,0,0,0,1,1,1,1,1,1
RCA_000645,INVOICE,EUR,PAID,NET30,LEGAL,670100-LEGAL,EUR,ISSUED,LEGAL,670100-LEGAL,LOGISTICS,DE,EUR,NET30,WIRE,ACTIVE,WIRE,EUR,COMPLETED,SETTLED,WIRE_DEBIT,EUR,DEBIT,POSTED,MANAGER,APPROVED,PAYMENT,6862.9700000000003,6848.1599999999999,0,14.81,163,30,1,3,37,6848.1599999999999,302.88666666666666,6862.9700000000003,6848.1599999999999,0,14.81,190,3,37,6848.1599999999999,4117.7799999999997,133,1,4117.7799999999997,1,6862.9700000000003,1,4117.7799999999997,132,1,2,1,4117.7799999999997,4117.7799999999997,4117.7799999999997,4117.7799999999997,2,1,1,1,0,1,0,29,4,19,0,0.84615384615384615,8,497.10000000000002,0,0,0,1,1,0,0,0,0,0,0,0,0,2745.1900000000001,0.40000029141902121,0,0,0,0,0,0,27,30,0,40140,1,1,1,1,1,0,1,1,1,1,1,1,1,1,1,1,1,1,1,1,1,1,1,1,1,1,0,0,0,0,0,0,0,0,0,0,0,0,0,0,0,1,1,1,1,1
RCA_000646,INVOICE,USD,PAID,NET30,SALES,640100-SALES,__MISSING__,__MISSING__,__MISSING__,__MISSING__,SERVICES,US,USD,NET30,ACH,ACTIVE,ACH,USD,COMPLETED,SETTLED,ACH_DEBIT,USD,DEBIT,POSTED,MANAGER,APPROVED,PAYMENT,3470.21,3154.7399999999998,315.47000000000003,0,139,30,1,1,1,3154.7399999999998,3154.7399999999998,,,,,,0,0,0,2082.1300000000001,109,1,2082.1300000000001,1,3470.21,1,2082.1300000000001,104,1,2,1,2082.1300000000001,2082.1300000000001,2082.1300000000001,2082.1300000000001,2,1,1,1,0,0,0,32,4,14,0,0.76923076923076916,4,0,0,0,0,1,1,,,,,,,0,0,1388.0799999999999,0.39999884733200586,0,0,0,0,0,0,,30,0,40140,0,-1,-1,-1,1,0,-1,1,1,1,1,1,1,1,1,1,1,1,1,1,1,0,1,1,1,1,0,0,0,0,0,0,0,0,0,0,0,0,0,0,1,1,1,1,1,1
RCA_000647,INVOICE,USD,PAID,NET45,PEOPLE,660100-PEOPLE,__MISSING__,__MISSING__,__MISSING__,__MISSING__,SUPPLIER,US,USD,NET45,CHECK,ACTIVE,CHECK,USD,COMPLETED,SETTLED,CHECK_CLEARING,USD,DEBIT,POSTED,MANAGER,APPROVED,PAYMENT,2442.6500000000001,2220.5900000000001,222.06,0,61,45,4,3,14,2220.5900000000001,171.87333333333333,,,,,,0,0,0,1465.5899999999999,16,1,1465.5899999999999,1,2442.6500000000001,1,1465.5899999999999,4,1,2,1,1465.5899999999999,1465.5899999999999,1465.5899999999999,1465.5899999999999,2,1,1,1,0,2,2,31,4,20,0,0.84615384615384615,36,357.66000000000003,0,0,0,1,1,,,,,,,0,0,977.05999999999995,0.40000000000000002,0,0,0,0,0,0,,45,0,57420,0,-1,-1,-1,1,0,-1,1,1,1,1,1,1,1,1,1,1,1,1,1,1,1,1,1,1,1,0,0,0,0,0,0,0,0,0,0,0,0,0,0,0,1,1,1,1,1
RCA_000648,INVOICE,EUR,PAID,DUE_ON_RECEIPT,FINANCE,630100-FINANCE,EUR,ISSUED,FINANCE,630100-FINANCE,SERVICES,DE,EUR,DUE_ON_RECEIPT,ACH,ACTIVE,ACH,EUR,COMPLETED,SETTLED,ACH_DEBIT,EUR,DEBIT,POSTED,MANAGER,APPROVED,PAYMENT,5197.6000000000004,4725.0900000000001,472.50999999999999,0,256,0,4,4,38,4725.0900000000001,230.27000000000001,5197.6000000000004,4725.0900000000001,472.50999999999999,0,269,4,38,4725.0900000000001,3118.5599999999999,250,1,3118.5599999999999,1,5197.6000000000004,1,3118.5599999999999,245,1,2,1,3118.5599999999999,3118.5599999999999,3118.5599999999999,3118.5599999999999,2,1,1,1,0,2,1,29,4,49,0,0.92307692307692313,5,72.5,0,0,0,1,1,0,0,0,0,0,0,0,0,2079.04,0.40000000000000002,0,0,0,0,0,0,13,6,0,1260,1,1,1,1,1,0,1,1,1,1,1,1,1,1,1,1,1,1,1,1,1,1,1,1,1,1,0,0,0,0,0,0,0,0,0,0,0,0,0,0,0,1,1,1,1,1
RCA_000649,INVOICE,USD,PAID,NET15,MARKETING,650100-MARKETING,__MISSING__,__MISSING__,__MISSING__,__MISSING__,SOFTWARE,US,USD,NET15,ACH,ACTIVE,ACH,USD,COMPLETED,SETTLED,ACH_DEBIT,USD,DEBIT,POSTED,MANAGER,APPROVED,PAYMENT,2624.8000000000002,2441.6700000000001,183.13,0,184,15,4,1,1,2441.6700000000001,2441.6700000000001,,,,,,0,0,0,1574.8800000000001,169,1,1574.8800000000001,1,2624.8000000000002,1,1574.8800000000001,166,1,2,1,1574.8800000000001,1574.8800000000001,1574.8800000000001,1574.8800000000001,2,1,1,1,0,1,1,29,4,13,0,0.84615384615384615,0,0,0,0,0,1,2,,,,,,,0,0,1049.9200000000001,0.40000000000000002,0,0,0,0,0,0,,15,0,14220,0,-1,-1,-1,1,0,-1,1,1,1,1,1,1,1,1,1,1,1,1,1,1,1,1,1,1,1,0,0,0,0,0,0,0,0,0,0,0,0,0,0,0,1,1,1,1,1
RCA_000651,INVOICE,USD,PAID,NET30,ENGINEERING,610100-ENGINEERING,__MISSING__,__MISSING__,__MISSING__,__MISSING__,SUPPLIER,US,USD,NET30,ACH,ACTIVE,ACH,USD,COMPLETED,SETTLED,ACH_DEBIT,USD,DEBIT,POSTED,DIRECTOR,APPROVED,PAYMENT,13401.58,12183.25,1218.3299999999999,0,533,30,4,3,26,12183.25,490.70666666666665,,,,,,0,0,0,8040.9499999999998,503,1,8040.9499999999998,1,13401.58,1,8040.9499999999998,498,1,2,1,8040.9499999999998,8040.9499999999998,8040.9499999999998,8040.9499999999998,3,2,2,2,0,0,0,30,4,12,0,0.76923076923076916,9,4591.2700000000004,0,0,0,1,1,,,,,,,0,0,5360.6300000000001,0.39999985076386518,0,0,0,0,0,0,,30,0,34320,0,-1,-1,-1,1,0,-1,1,1,1,1,1,1,1,1,1,1,1,1,1,1,0,1,1,1,1,0,0,0,0,0,0,0,0,0,0,0,0,0,0,1,1,1,1,1,1
RCA_000652,INVOICE,USD,PAID,NET30,IT,680100-IT,USD,ISSUED,IT,680100-IT,SERVICES,US,USD,NET30,ACH,ACTIVE,ACH,USD,COMPLETED,SETTLED,ACH_DEBIT,USD,DEBIT,POSTED,MANAGER,APPROVED,PAYMENT,4730.6800000000003,4274.3199999999997,427.43000000000001,28.93,114,30,1,3,35,4274.3199999999997,174.35000000000002,4730.6800000000003,4274.3199999999997,427.43000000000001,28.93,119,3,35,4274.3199999999997,2838.4099999999999,84,1,2838.4099999999999,1,4730.6800000000003,1,2838.4099999999999,81,1,2,1,2838.4099999999999,2838.4099999999999,2838.4099999999999,2838.4099999999999,2,1,1,1,0,1,1,30,4,48,0,0.84615384615384615,4,55.539999999999999,0,0,0,1,1,0,0,0,0,0,0,0,0,1892.27,0.39999957722779811,0,0,0,0,0,0,5,30,0,40140,1,1,1,1,1,0,1,1,1,1,1,1,1,1,1,1,1,1,1,1,1,1,1,1,1,1,0,0,0,0,0,0,0,0,0,0,0,0,0,0,0,1,1,1,1,1
RCA_000653,INVOICE,EUR,PAID,NET45,MARKETING,650100-MARKETING,__MISSING__,__MISSING__,__MISSING__,__MISSING__,SUPPLIER,DE,EUR,NET45,ACH,ACTIVE,ACH,EUR,COMPLETED,SETTLED,ACH_DEBIT,EUR,DEBIT,POSTED,MANAGER,APPROVED,PAYMENT,8803.0699999999997,8188.8999999999996,614.16999999999996,0,307,45,0,2,14,8188.8999999999996,521.54999999999995,,,,,,0,0,0,5281.8400000000001,262,1,5281.8400000000001,1,8803.0699999999997,1,5281.8400000000001,258,1,2,1,5281.8400000000001,5281.8400000000001,5281.8400000000001,5281.8400000000001,2,1,1,1,0,0,0,31,4,24,0,0.84615384615384615,27,0,0,0,0,1,1,,,,,,,0,0,3521.23,0.40000022719346773,0,0,0,0,0,0,,45,0,63180,0,-1,-1,-1,1,0,-1,1,1,1,1,1,1,1,1,1,1,1,1,1,1,0,1,1,1,1,0,0,0,0,0,0,0,0,0,0,0,0,0,0,1,1,1,1,1,1
RCA_000654,INVOICE,USD,PAID,NET30,OPERATIONS,620100-OPERATIONS,USD,ISSUED,OPERATIONS,620100-OPERATIONS,SERVICES,US,USD,NET30,VIRTUAL_CARD,ACTIVE,VIRTUAL_CARD,USD,COMPLETED,SETTLED,CARD_SETTLEMENT,USD,DEBIT,POSTED,MANAGER,APPROVED,PAYMENT,2201.4099999999999,2001.28,200.13,0,202,30,2,1,4,2001.28,500.31999999999999,2201.4099999999999,2001.28,200.13,0,224,1,4,2001.28,1320.8499999999999,172,1,1320.8499999999999,1,2201.4099999999999,1,1320.8499999999999,168,1,2,1,1320.8499999999999,1320.8499999999999,1320.8499999999999,1320.8499999999999,2,1,1,1,0,0,0,31,4,7,0,0.84615384615384615,28,5.4699999999999998,0,0,0,1,1,0,0,0,0,0,0,0,0,880.55999999999995,0.39999818298272471,0,0,0,0,0,0,22,30,0,38700,1,1,1,1,1,0,1,1,1,1,1,1,1,1,1,1,1,1,1,1,1,0,1,1,1,1,0,0,0,0,0,0,0,0,0,0,0,0,0,0,1,1,1,1,1,1
RCA_000655,INVOICE,USD,PAID,NET15,FINANCE,630100-FINANCE,USD,ISSUED,FINANCE,630100-FINANCE,SUPPLIER,US,USD,NET15,ACH,ACTIVE,ACH,USD,COMPLETED,SETTLED,ACH_DEBIT,USD,DEBIT,POSTED,MANAGER,APPROVED,PAYMENT,2555.5999999999999,2323.27,232.33000000000001,0,65,15,0,3,29,2323.27,222.44333333333336,2555.5999999999999,2323.27,232.33000000000001,0,94,3,29,2323.27,1533.3599999999999,50,1,1533.3599999999999,1,2555.5999999999999,1,1533.3599999999999,47,1,2,1,1533.3599999999999,1533.3599999999999,1533.3599999999999,1533.3599999999999,2,1,1,1,0,1,1,31,4,64,0,0.84615384615384615,3,19.760000000000002,0,0,0,1,1,0,0,0,0,0,0,0,0,1022.24,0.40000000000000002,0,0,0,0,0,0,29,15,0,19980,1,1,1,1,1,0,1,1,1,1,1,1,1,1,1,1,1,1,1,1,1,1,1,1,1,1,0,0,0,0,0,0,0,0,0,0,0,0,0,0,0,1,1,1,1,1
RCA_000657,INVOICE,EUR,PAID,DUE_ON_RECEIPT,MARKETING,650100-MARKETING,__MISSING__,__MISSING__,__MISSING__,__MISSING__,SERVICES,DE,EUR,DUE_ON_RECEIPT,ACH,ACTIVE,ACH,EUR,COMPLETED,SETTLED,ACH_DEBIT,EUR,DEBIT,POSTED,DIRECTOR,APPROVED,PAYMENT,28135.110000000001,25577.369999999999,2557.7399999999998,0,539,0,1,1,9,25577.369999999999,2841.9299999999998,,,,,,0,0,0,16881.07,535,1,16881.07,1,28135.110000000001,1,16881.07,531,1,2,1,16881.07,16881.07,16881.07,16881.07,3,2,2,2,0,2,1,29,4,49,0,0.84615384615384615,2,0,0,0,0,1,1,,,,,,,0,0,11254.040000000001,0.39999985782888353,0,0,0,0,0,0,,4,0,1200,0,-1,-1,-1,1,0,-1,1,1,1,1,1,1,1,1,1,1,1,1,1,1,1,1,1,1,1,0,0,0,0,0,0,0,0,0,0,0,0,0,0,0,1,1,1,1,1
RCA_000658,INVOICE,USD,PAID,NET45,MARKETING,650100-MARKETING,USD,ISSUED,MARKETING,650100-MARKETING,SOFTWARE,US,USD,NET45,WIRE,ACTIVE,WIRE,USD,COMPLETED,SETTLED,WIRE_DEBIT,USD,DEBIT,POSTED,DIRECTOR,APPROVED,PAYMENT,10624.65,10617.469999999999,0,7.1799999999999997,292,45,4,3,32,10617.469999999999,269.47666666666669,10624.65,10617.469999999999,0,7.1799999999999997,319,3,32,10617.469999999999,6374.79,247,1,6374.79,1,10624.65,1,6374.79,246,2,2,1,6374.79,6374.79,6374.79,6374.79,3,2,2,2,0,1,1,31,4,8,0,0.76923076923076916,130,4485.8500000000004,0,0,0,1,1,0,0,0,0,0,0,0,0,4249.8599999999997,0.40000000000000002,0,0,0,0,0,0,27,45,0,55920,1,1,1,1,1,0,1,1,1,1,1,1,1,1,0,1,1,1,1,1,1,1,1,1,1,1,0,0,0,0,0,0,0,0,0,0,0,0,0,0,0,1,1,2,1,1
RCA_000660,INVOICE,EUR,PAID,NET45,PEOPLE,660100-PEOPLE,EUR,ISSUED,PEOPLE,660100-PEOPLE,SUPPLIER,DE,EUR,NET45,ACH,ACTIVE,ACH,EUR,COMPLETED,SETTLED,ACH_DEBIT,EUR,DEBIT,POSTED,MANAGER,APPROVED,PAYMENT,5628.8500000000004,5236.1400000000003,392.70999999999998,0,466,45,4,1,21,5236.1400000000003,249.34,5628.8500000000004,5236.1400000000003,392.70999999999998,0,491,1,21,5236.1400000000003,3377.3099999999999,421,1,3377.3099999999999,1,5628.8500000000004,1,3377.3099999999999,418,1,2,1,3377.3099999999999,3377.3099999999999,3377.3099999999999,3377.3099999999999,2,1,1,1,0,0,0,31,4,24,0,0.84615384615384615,5,792.86000000000001,0,0,0,1,1,0,0,0,0,0,0,0,0,2251.54,0.40000000000000002,0,0,0,0,0,0,25,45,0,57420,1,1,1,1,1,0,1,1,1,1,1,1,1,1,1,1,1,1,1,1,1,0,1,1,1,1,0,0,0,0,0,0,0,0,0,0,0,0,0,0,1,1,1,1,1,1
RCA_000662,INVOICE,USD,PAID,NET45,FINANCE,630100-FINANCE,__MISSING__,__MISSING__,__MISSING__,__MISSING__,SUPPLIER,US,USD,NET45,ACH,ACTIVE,ACH,USD,COMPLETED,SETTLED,ACH_DEBIT,USD,DEBIT,POSTED,MANAGER,APPROVED,PAYMENT,1582.5699999999999,1438.7,143.87,0,267,45,3,1,10,1438.7,143.87,,,,,,0,0,0,949.53999999999996,222,1,949.53999999999996,1,1582.5699999999999,1,949.53999999999996,217,1,2,1,949.53999999999996,949.53999999999996,949.53999999999996,949.53999999999996,2,1,1,1,0,0,0,30,4,6,0,0.76923076923076916,75,232.65000000000001,0,0,0,1,1,,,,,,,0,0,633.02999999999997,0.40000126376716355,0,0,0,0,0,0,,45,0,58860,0,-1,-1,-1,1,0,-1,1,1,1,1,1,1,1,1,1,1,1,1,1,1,0,1,1,1,1,0,0,0,0,0,0,0,0,0,0,0,0,0,0,1,1,1,1,1,1
RCA_000663,INVOICE,USD,PAID,NET45,LEGAL,670100-LEGAL,__MISSING__,__MISSING__,__MISSING__,__MISSING__,SUPPLIER,US,USD,NET45,ACH,ACTIVE,ACH,USD,COMPLETED,SETTLED,ACH_DEBIT,USD,DEBIT,POSTED,MANAGER,APPROVED,PAYMENT,3759.8299999999999,3497.52,262.31,0,100,45,0,1,8,3497.52,437.19,,,,,,0,0,0,2255.9000000000001,55,1,2255.9000000000001,1,3759.8299999999999,1,2255.9000000000001,50,1,2,1,2255.9000000000001,2255.9000000000001,2255.9000000000001,2255.9000000000001,2,1,1,1,0,0,0,33,4,7,0,0.76923076923076916,0,22.760000000000002,0,0,0,1,1,,,,,,,0,0,1503.9300000000001,0.39999946806105596,0,0,0,0,0,0,,45,0,63180,0,-1,-1,-1,1,0,-1,1,1,1,1,1,1,1,1,1,1,1,1,1,1,0,1,1,1,1,0,0,0,0,0,0,0,0,0,0,0,0,0,0,1,1,1,1,1,1
RCA_000664,INVOICE,USD,PAID,NET30,IT,680100-IT,__MISSING__,__MISSING__,__MISSING__,__MISSING__,SUPPLIER,US,USD,NET30,ACH,ON_HOLD,ACH,USD,COMPLETED,SETTLED,ACH_DEBIT,USD,DEBIT,POSTED,MANAGER,APPROVED,PAYMENT,1100,1023.26,76.739999999999995,0,420,30,4,1,7,1023.26,146.18000000000001,,,,,,0,0,0,660,390,1,660,1,1100,1,660,385,1,2,1,660,660,660,660,2,1,1,1,0,0,0,31,4,6,0,0.84615384615384615,24,267.12,0,0,0,1,1,,,,,,,0,0,440,0.40000000000000002,0,0,0,0,0,0,,30,0,35820,0,-1,-1,-1,1,0,-1,1,1,1,1,1,1,1,1,1,1,1,1,1,1,0,1,1,1,1,0,0,0,0,0,0,0,0,0,0,0,0,0,0,1,1,1,1,1,1
RCA_000665,INVOICE,USD,PAID,NET60,PEOPLE,660100-PEOPLE,__MISSING__,__MISSING__,__MISSING__,__MISSING__,SERVICES,US,USD,NET60,ACH,ACTIVE,ACH,USD,COMPLETED,SETTLED,ACH_DEBIT,USD,DEBIT,POSTED,MANAGER,APPROVED,PAYMENT,985.55999999999995,916.79999999999995,68.760000000000005,0,418,60,2,2,15,916.79999999999995,84.125,,,,,,0,0,0,591.34000000000003,358,1,591.34000000000003,1,985.55999999999995,1,591.34000000000003,355,1,2,1,591.34000000000003,591.34000000000003,591.34000000000003,591.34000000000003,2,1,1,1,0,1,1,28,4,26,0,0.92307692307692313,1,85.310000000000002,0,0,0,1,1,,,,,,,0,0,394.22000000000003,0.39999594139372541,0,0,0,0,0,0,,60,0,81900,0,-1,-1,-1,1,0,-1,1,1,1,1,1,1,1,1,1,1,1,1,1,1,1,1,1,1,1,0,0,0,0,0,0,0,0,0,0,0,0,0,0,0,1,1,1,1,1
RCA_000667,INVOICE,CAD,PAID,NET30,LEGAL,670100-LEGAL,CAD,ISSUED,LEGAL,670100-LEGAL,SERVICES,CA,CAD,NET30,ACH,ACTIVE,ACH,CAD,COMPLETED,SETTLED,ACH_DEBIT,CAD,DEBIT,POSTED,MANAGER,APPROVED,PAYMENT,2682.3600000000001,2682.3600000000001,0,0,187,30,1,2,21,2682.3600000000001,165.98500000000001,2682.3600000000001,2682.3600000000001,0,0,200,2,21,2682.3600000000001,1609.4200000000001,157,1,1609.4200000000001,1,2682.3600000000001,1,1609.4200000000001,153,1,2,1,1609.4200000000001,1609.4200000000001,1609.4200000000001,1609.4200000000001,2,1,1,1,0,0,0,26,4,10,0,0.84615384615384615,22,614.80999999999995,0,0,0,1,1,0,0,0,0,0,0,0,0,1072.9400000000001,0.39999850877585408,0,0,0,0,0,0,13,30,0,40140,1,1,1,1,1,0,1,1,1,1,1,1,1,1,1,1,1,1,1,1,1,0,1,1,1,1,0,0,0,0,0,0,0,0,0,0,0,0,0,0,1,1,1,1,1,1
RCA_000668,INVOICE,USD,PAID,NET60,MARKETING,650100-MARKETING,__MISSING__,__MISSING__,__MISSING__,__MISSING__,LOGISTICS,US,USD,NET60,ACH,ACTIVE,ACH,USD,COMPLETED,SETTLED,ACH_DEBIT,USD,DEBIT,POSTED,MANAGER,APPROVED,PAYMENT,3423.0599999999999,3184.2399999999998,238.81999999999999,0,222,60,2,1,8,3184.2399999999998,398.02999999999997,,,,,,0,0,0,2053.8400000000001,162,1,2053.8400000000001,1,3423.0599999999999,1,2053.8400000000001,159,1,2,1,2053.8400000000001,2053.8400000000001,2053.8400000000001,2053.8400000000001,2,1,1,1,0,0,0,32,4,25,0,0.84615384615384615,23,74.450000000000003,0,0,0,1,1,,,,,,,0,0,1369.22,0.39999883145489706,0,0,0,0,0,0,,60,0,81900,0,-1,-1,-1,1,0,-1,1,1,1,1,1,1,1,1,1,1,1,1,1,1,0,1,1,1,1,0,0,0,0,0,0,0,0,0,0,0,0,0,0,1,1,1,1,1,1
RCA_000670,INVOICE,USD,PAID,NET45,ENGINEERING,610100-ENGINEERING,__MISSING__,__MISSING__,__MISSING__,__MISSING__,SERVICES,US,USD,NET45,WIRE,ACTIVE,WIRE,USD,COMPLETED,SETTLED,WIRE_DEBIT,USD,DEBIT,POSTED,MANAGER,APPROVED,PAYMENT,2100.23,1953.7,146.53,0,250,45,4,1,10,1953.7,195.37,,,,,,0,0,0,1260.1400000000001,205,1,1260.1400000000001,1,2100.23,1,1260.1400000000001,204,1,2,1,1260.1400000000001,1260.1400000000001,1260.1400000000001,1260.1400000000001,2,1,1,1,0,0,0,29,4,17,0,0.84615384615384615,4,195.11000000000001,0,0,0,1,1,,,,,,,0,0,840.09000000000003,0.3999990477233446,0,0,0,0,0,0,,45,0,57420,0,-1,-1,-1,1,0,-1,1,1,1,1,1,1,1,1,1,1,1,1,1,1,0,1,1,1,1,0,0,0,0,0,0,0,0,0,0,0,0,0,0,1,1,1,1,1,1
RCA_000672,INVOICE,USD,PAID,DUE_ON_RECEIPT,LEGAL,670100-LEGAL,__MISSING__,__MISSING__,__MISSING__,__MISSING__,SERVICES,US,USD,DUE_ON_RECEIPT,ACH,ACTIVE,ACH,USD,COMPLETED,SETTLED,ACH_DEBIT,USD,DEBIT,POSTED,DIRECTOR,APPROVED,PAYMENT,11007.129999999999,10006.48,1000.65,0,331,0,0,2,13,10006.48,1576.78,,,,,,0,0,0,6604.2799999999997,328,1,6604.2799999999997,1,11007.129999999999,1,6604.2799999999997,323,1,2,1,6604.2799999999997,6604.2799999999997,6604.2799999999997,6604.2799999999997,3,2,2,2,0,3,0,29,4,28,0,0.84615384615384615,9,823.15999999999997,0,0,0,1,1,,,,,,,0,0,4402.8500000000004,0.39999981829959308,0,0,0,0,0,0,,3,0,1200,0,-1,-1,-1,1,0,-1,1,1,1,1,1,1,1,1,1,1,1,1,1,1,1,1,1,1,1,0,0,0,0,0,0,0,0,0,0,0,0,0,0,0,1,1,1,1,1
RCA_000673,INVOICE,USD,PAID,NET45,FINANCE,630100-FINANCE,USD,ISSUED,FINANCE,630100-FINANCE,SERVICES,US,USD,NET45,ACH,ACTIVE,ACH,USD,COMPLETED,SETTLED,ACH_DEBIT,USD,DEBIT,POSTED,MANAGER,APPROVED,PAYMENT,3108.9200000000001,2892.02,216.90000000000001,0,106,45,2,2,43,2892.02,68.425000000000011,3108.9200000000001,2892.02,216.90000000000001,0,122,2,43,2892.02,1865.3499999999999,61,1,1865.3499999999999,1,3108.9200000000001,1,1865.3499999999999,56,1,2,1,1865.3499999999999,1865.3499999999999,1865.3499999999999,1865.3499999999999,2,1,1,1,0,2,2,30,4,135,0,0.92307692307692313,7,8,0,0,0,1,1,0,0,0,0,0,0,0,0,1243.5699999999999,0.40000064331021706,0,0,0,0,0,0,16,45,0,60300,1,1,1,1,1,0,1,1,1,1,1,1,1,1,1,1,1,1,1,1,1,1,1,1,1,1,0,0,0,0,0,0,0,0,0,0,0,0,0,0,0,1,1,1,1,1
RCA_000675,INVOICE,EUR,PAID,NET30,ENGINEERING,610100-ENGINEERING,EUR,ISSUED,ENGINEERING,610100-ENGINEERING,SOFTWARE,DE,EUR,NET30,WIRE,ACTIVE,WIRE,EUR,COMPLETED,SETTLED,WIRE_DEBIT,EUR,DEBIT,POSTED,DIRECTOR,APPROVED,PAYMENT,12113.43,11260.709999999999,844.54999999999995,8.1699999999999999,216,30,0,1,9,11260.709999999999,1251.1900000000001,12113.43,11260.709999999999,844.54999999999995,8.1699999999999999,246,1,9,11260.709999999999,7268.0600000000004,186,1,7268.0600000000004,1,12113.43,1,7268.0600000000004,183,1,2,1,7268.0600000000004,7268.0600000000004,7268.0600000000004,7268.0600000000004,3,2,2,2,0,0,0,32,4,4,0,0.76923076923076916,50,2734.8200000000002,0,0,0,1,1,0,0,0,0,0,0,0,0,4845.3699999999999,0.39999983489399782,0,0,0,0,0,0,30,30,0,40080,1,1,1,1,1,0,1,1,1,1,1,1,1,1,1,1,1,1,1,1,1,0,1,1,1,1,0,0,0,0,0,0,0,0,0,0,0,0,0,0,1,1,1,1,1,1
RCA_000677,INVOICE,USD,PAID,NET30,SALES,640100-SALES,__MISSING__,__MISSING__,__MISSING__,__MISSING__,SOFTWARE,US,USD,NET30,ACH,ACTIVE,ACH,USD,COMPLETED,SETTLED,ACH_DEBIT,USD,DEBIT,POSTED,MANAGER,APPROVED,PAYMENT,7733.7200000000003,7194.1599999999999,539.55999999999995,0,504,30,3,2,16,7194.1599999999999,374.22000000000003,,,,,,0,0,0,4640.2299999999996,474,1,4640.2299999999996,1,7733.7200000000003,1,4640.2299999999996,469,1,2,1,4640.2299999999996,4640.2299999999996,4640.2299999999996,4640.2299999999996,2,1,1,1,0,0,0,31,4,18,0,0.84615384615384615,3,967.92999999999995,0,0,0,1,1,,,,,,,0,0,3093.4899999999998,0.40000025860775928,0,0,0,0,0,0,,30,0,37260,0,-1,-1,-1,1,0,-1,1,1,1,1,1,1,1,1,1,1,1,1,1,1,0,1,1,1,1,0,0,0,0,0,0,0,0,0,0,0,0,0,0,1,1,1,1,1,1
RCA_000678,INVOICE,JPY,PAID,NET30,PEOPLE,660100-PEOPLE,JPY,ISSUED,PEOPLE,660100-PEOPLE,SERVICES,JP,JPY,NET30,ACH,ACTIVE,ACH,JPY,COMPLETED,SETTLED,ACH_DEBIT,JPY,DEBIT,POSTED,MANAGER,APPROVED,PAYMENT,839,763,76,0,430,30,0,4,60,763,13.5,839,763,76,0,458,4,60,763,503,400,1,503,1,839,1,503,397,1,2,1,503,503,503,503,2,1,1,1,0,0,0,30,4,13,0,0.76923076923076916,1,660,0,0,0,1,1,0,0,0,0,0,0,0,0,336,0.40047675804529204,0,0,0,0,0,0,28,30,0,41580,1,1,1,1,1,0,1,1,1,1,1,1,1,1,1,1,1,1,1,1,1,0,1,1,1,1,0,0,0,0,0,0,0,0,0,0,0,0,0,0,1,1,1,1,1,1
RCA_000680,INVOICE,USD,PAID,NET30,LEGAL,670100-LEGAL,USD,ISSUED,LEGAL,670100-LEGAL,PROFESSIONAL,US,USD,NET30,WIRE,ACTIVE,WIRE,USD,COMPLETED,SETTLED,WIRE_DEBIT,USD,DEBIT,POSTED,DIRECTOR,APPROVED,PAYMENT,32284.740000000002,30020.700000000001,2251.5500000000002,12.49,317,30,3,2,20,30020.700000000001,2510.5799999999999,32284.740000000002,30020.700000000001,2251.5500000000002,12.49,318,2,20,30020.700000000001,19370.84,287,1,19370.84,1,32284.740000000002,1,19370.84,286,1,2,1,19370.84,19370.84,19370.84,19370.84,3,2,2,2,0,1,0,29,4,20,0,0.84615384615384615,28,17187.450000000001,0,0,0,1,1,0,0,0,0,0,0,0,0,12913.9,0.40000012389754419,0,0,0,0,0,0,1,30,0,35760,1,1,1,1,1,0,1,1,1,1,1,1,1,1,1,1,1,1,1,1,1,1,1,1,1,1,0,0,0,0,0,0,0,0,0,0,0,0,0,0,0,1,1,1,1,1
RCA_000681,INVOICE,USD,PAID,DUE_ON_RECEIPT,MARKETING,650100-MARKETING,USD,ISSUED,MARKETING,650100-MARKETING,SUPPLIER,US,USD,DUE_ON_RECEIPT,ACH,ACTIVE,ACH,USD,COMPLETED,SETTLED,ACH_DEBIT,USD,DEBIT,POSTED,MANAGER,APPROVED,PAYMENT,2585.3099999999999,2462.1999999999998,123.11,0,465,0,1,1,10,2462.1999999999998,246.22,2585.3099999999999,2462.1999999999998,123.11,0,489,1,10,2462.1999999999998,1551.1900000000001,462,1,1551.1900000000001,1,2585.3099999999999,1,1551.1900000000001,459,1,2,1,1551.1900000000001,1551.1900000000001,1551.1900000000001,1551.1900000000001,2,1,1,1,0,0,0,27,4,5,0,0.69230769230769229,33,1294.1199999999999,0,0,0,1,1,0,0,0,0,0,0,0,0,1034.1199999999999,0.39999845279676327,0,0,0,0,0,0,24,3,0,1260,1,1,1,1,1,0,1,1,1,1,1,1,1,1,1,1,1,1,1,1,1,0,1,1,1,1,0,0,0,0,0,0,0,0,0,0,0,0,0,0,1,1,1,1,1,1
RCA_000683,INVOICE,USD,PAID,NET15,PEOPLE,660100-PEOPLE,USD,ISSUED,PEOPLE,660100-PEOPLE,SERVICES,US,USD,NET15,CHECK,ACTIVE,CHECK,USD,COMPLETED,SETTLED,CHECK_CLEARING,USD,DEBIT,POSTED,MANAGER,APPROVED,PAYMENT,3143.5999999999999,2924.2800000000002,219.31999999999999,0,518,15,2,2,28,2924.2800000000002,320.685,3143.5999999999999,2924.2800000000002,219.31999999999999,0,519,2,28,2924.2800000000002,1886.1600000000001,503,1,1886.1600000000001,1,3143.5999999999999,1,1886.1600000000001,489,1,2,1,1886.1600000000001,1886.1600000000001,1886.1600000000001,1886.1600000000001,2,1,1,1,0,1,0,28,4,7,0,0.76923076923076916,139,35.770000000000003,0,0,0,1,1,0,0,0,0,0,0,0,0,1257.4400000000001,0.40000000000000002,0,0,0,0,0,0,1,15,0,17100,1,1,1,1,1,0,1,1,1,1,1,1,1,1,1,1,1,1,1,1,1,1,1,1,1,1,0,0,0,0,0,0,0,0,0,0,0,0,0,0,0,1,1,1,1,1
RCA_000684,INVOICE,USD,PAID,NET30,SALES,640100-SALES,USD,ISSUED,SALES,640100-SALES,SERVICES,US,USD,NET30,ACH,ACTIVE,ACH,USD,COMPLETED,SETTLED,ACH_DEBIT,USD,DEBIT,POSTED,MANAGER,APPROVED,PAYMENT,2401.5799999999999,2234.0300000000002,167.55000000000001,0,35,30,1,4,33,2234.0300000000002,72.602500000000006,2401.5799999999999,2234.0300000000002,167.55000000000001,0,62,4,33,2234.0300000000002,1440.95,15,1,1440.95,1,2401.5799999999999,1,1440.95,12,1,2,1,1440.95,1440.95,1440.95,1440.95,2,1,1,1,0,0,0,28,4,5,0,0.76923076923076916,63,418.00999999999999,0,0,0,1,1,0,0,0,0,0,0,0,0,960.63,0.39999916721491685,0,0,0,0,0,0,27,20,0,25740,1,1,1,1,1,0,1,1,1,1,1,1,1,1,1,1,1,1,1,1,1,0,1,1,1,1,0,0,0,0,0,0,0,0,0,0,0,0,0,0,1,1,1,1,1,1
RCA_000686,INVOICE,EUR,PAID,NET15,OPERATIONS,620100-OPERATIONS,EUR,ISSUED,OPERATIONS,620100-OPERATIONS,SOFTWARE,DE,EUR,NET15,ACH,ACTIVE,ACH,EUR,COMPLETED,SETTLED,ACH_DEBIT,EUR,DEBIT,POSTED,MANAGER,APPROVED,PAYMENT,2915.3099999999999,2915.3099999999999,0,0,458,15,3,2,21,2915.3099999999999,126.455,2915.3099999999999,2915.3099999999999,0,0,466,2,21,2915.3099999999999,1749.1900000000001,443,1,1749.1900000000001,1,2915.3099999999999,1,1749.1900000000001,440,1,2,1,1749.1900000000001,1749.1900000000001,1749.1900000000001,1749.1900000000001,2,1,1,1,0,1,0,27,4,23,0,0.84615384615384615,2,272.31999999999999,0,0,0,1,1,0,0,0,0,0,0,0,0,1166.1199999999999,0.3999986279332215,0,0,0,0,0,0,8,15,0,15660,1,1,1,1,1,0,1,1,1,1,1,1,1,1,1,1,1,1,1,1,1,1,1,1,1,1,0,0,0,0,0,0,0,0,0,0,0,0,0,0,0,1,1,1,1,1
RCA_000687,INVOICE,USD,PAID,NET45,SALES,640100-SALES,USD,ISSUED,SALES,640100-SALES,SUPPLIER,US,USD,NET45,CHECK,ACTIVE,CHECK,USD,COMPLETED,SETTLED,CHECK_CLEARING,USD,DEBIT,POSTED,MANAGER,APPROVED,PAYMENT,3962.5999999999999,3595.1999999999998,359.51999999999998,7.8799999999999999,151,45,1,2,14,3595.1999999999998,256.80000000000001,3962.5999999999999,3595.1999999999998,359.51999999999998,7.8799999999999999,176,2,14,3595.1999999999998,2377.5599999999999,106,1,2377.5599999999999,1,3962.5999999999999,1,2377.5599999999999,92,1,2,1,2377.5599999999999,2377.5599999999999,2377.5599999999999,2377.5599999999999,2,1,1,1,0,2,2,31,4,20,0,0.84615384615384615,1,58.939999999999998,0,0,0,1,1,0,0,0,0,0,0,0,0,1585.04,0.40000000000000002,0,0,0,0,0,0,25,45,0,61740,1,1,1,1,1,0,1,1,1,1,1,1,1,1,1,1,1,1,1,1,1,1,1,1,1,1,0,0,0,0,0,0,0,0,0,0,0,0,0,0,0,1,1,1,1,1
RCA_000693,INVOICE,CAD,PAID,NET15,PEOPLE,660100-PEOPLE,CAD,ISSUED,PEOPLE,660100-PEOPLE,SUPPLIER,CA,CAD,NET15,CHECK,ACTIVE,CHECK,CAD,COMPLETED,SETTLED,CHECK_CLEARING,CAD,DEBIT,POSTED,MANAGER,APPROVED,PAYMENT,3759.1900000000001,3496.9200000000001,262.26999999999998,0,296,15,4,1,12,3496.9200000000001,291.41000000000003,3759.1900000000001,3496.9200000000001,262.26999999999998,0,299,1,12,3496.9200000000001,2255.5100000000002,281,1,2255.5100000000002,1,3759.1900000000001,1,2255.5100000000002,267,1,2,1,2255.5100000000002,2255.5100000000002,2255.5100000000002,2255.5100000000002,2,1,1,1,0,1,1,28,4,5,0,0.76923076923076916,21,775.80999999999995,0,0,0,1,1,0,0,0,0,0,0,0,0,1503.6800000000001,0.4000010640590127,0,0,0,0,0,0,3,15,0,14220,1,1,1,1,1,0,1,1,1,1,1,1,1,1,1,1,1,1,1,1,1,1,1,1,1,1,0,0,0,0,0,0,0,0,0,0,0,0,0,0,0,1,1,1,1,1
RCA_000696,INVOICE,USD,PAID,NET30,IT,680100-IT,__MISSING__,__MISSING__,__MISSING__,__MISSING__,PROFESSIONAL,US,USD,NET30,WIRE,ACTIVE,WIRE,USD,COMPLETED,SETTLED,WIRE_DEBIT,USD,DEBIT,POSTED,MANAGER,APPROVED,PAYMENT,1461.6400000000001,1328.76,132.88,0,326,30,0,1,12,1328.76,110.73,,,,,,0,0,0,876.98000000000002,296,1,876.98000000000002,1,1461.6400000000001,1,876.98000000000002,295,1,2,1,876.98000000000002,876.98000000000002,876.98000000000002,876.98000000000002,2,1,1,1,0,0,0,29,4,8,0,0.76923076923076916,16,1231.6400000000001,0,0,0,1,1,,,,,,,0,0,584.65999999999997,0.40000273665198,0,0,0,0,0,0,,30,0,41580,0,-1,-1,-1,1,0,-1,1,1,1,1,1,1,1,1,1,1,1,1,1,1,0,1,1,1,1,0,0,0,0,0,0,0,0,0,0,0,0,0,0,1,1,1,1,1,1
RCA_000697,INVOICE,USD,PAID,NET45,ENGINEERING,610100-ENGINEERING,USD,ISSUED,ENGINEERING,610100-ENGINEERING,SUPPLIER,US,USD,NET45,ACH,ACTIVE,ACH,USD,COMPLETED,SETTLED,ACH_DEBIT,USD,DEBIT,POSTED,MANAGER,APPROVED,PAYMENT,2649.7800000000002,2523.5999999999999,126.18000000000001,0,84,45,4,1,8,2523.5999999999999,315.44999999999999,2649.7800000000002,2523.5999999999999,126.18000000000001,0,108,1,8,2523.5999999999999,1589.8699999999999,39,1,1589.8699999999999,1,2649.7800000000002,1,1589.8699999999999,34,1,2,1,1589.8699999999999,1589.8699999999999,1589.8699999999999,1589.8699999999999,2,1,1,1,0,0,0,27,4,28,0,0.84615384615384615,5,1.1899999999999999,0,0,0,1,1,0,0,0,0,0,0,0,0,1059.9100000000001,0.3999992452203579,0,0,0,0,0,0,24,45,0,57420,1,1,1,1,1,0,1,1,1,1,1,1,1,1,1,1,1,1,1,1,1,0,1,1,1,1,0,0,0,0,0,0,0,0,0,0,0,0,0,0,1,1,1,1,1,1
RCA_000698,INVOICE,CAD,PAID,NET30,ENGINEERING,610100-ENGINEERING,__MISSING__,__MISSING__,__MISSING__,__MISSING__,SERVICES,US,CAD,NET30,ACH,ACTIVE,ACH,CAD,COMPLETED,SETTLED,ACH_DEBIT,CAD,DEBIT,POSTED,CONTROLLER,APPROVED,PAYMENT,68913.550000000003,64105.629999999997,4807.9200000000001,0,500,30,5,2,11,64105.629999999997,7148.8550000000005,,,,,,0,0,0,41348.129999999997,470,1,41348.129999999997,1,68913.550000000003,1,41348.129999999997,467,1,2,1,41348.129999999997,41348.129999999997,41348.129999999997,41348.129999999997,4,3,3,3,0,1,0,30,4,20,0,0.76923076923076916,11,21676.470000000001,0,0,0,1,1,,,,,,,0,0,27565.419999999998,0.40000000000000002,0,0,0,0,0,0,,30,0,31380,0,-1,-1,-1,1,0,-1,1,1,1,1,1,1,1,1,1,1,1,1,1,1,1,1,1,1,1,0,0,0,0,0,0,0,0,0,0,0,0,0,0,0,1,1,1,1,1
RCA_000699,INVOICE,USD,PAID,NET30,PEOPLE,660100-PEOPLE,USD,ISSUED,PEOPLE,660100-PEOPLE,SERVICES,US,USD,NET30,CHECK,ACTIVE,CHECK,USD,COMPLETED,SETTLED,CHECK_CLEARING,USD,DEBIT,POSTED,MANAGER,APPROVED,PAYMENT,2610.7600000000002,2610.7600000000002,0,0,539,30,5,3,41,2610.7600000000002,69.743333333333339,2610.7600000000002,2610.7600000000002,0,0,543,3,41,2610.7600000000002,1566.46,509,1,1566.46,1,2610.7600000000002,1,1566.46,495,1,2,1,1566.46,1566.46,1566.46,1566.46,2,1,1,1,0,0,0,32,4,7,0,0.76923076923076916,8,992.84000000000003,0,0,0,1,1,0,0,0,0,0,0,0,0,1044.3,0.399998467879085,0,0,0,0,0,0,4,30,0,34380,1,1,1,1,1,0,1,1,1,1,1,1,1,1,1,1,1,1,1,1,1,0,1,1,1,1,0,0,0,0,0,0,0,0,0,0,0,0,0,0,1,1,1,1,1,1
RCA_000703,PAYMENT,USD,PAID,NET30,MARKETING,650100-MARKETING,USD,ISSUED,MARKETING,650100-MARKETING,SOFTWARE,US,USD,NET30,VIRTUAL_CARD,ACTIVE,VIRTUAL_CARD,USD,COMPLETED,SETTLED,CARD_SETTLEMENT,USD,DEBIT,POSTED,__MISSING__,__MISSING__,PAYMENT,4358.5,4358.5,0,0,66,30,0,2,10,4358.5,435.85000000000002,4358.5,4358.5,0,0,96,2,10,4358.5,4358.5,36,1,4358.5,1,4358.5,1,4358.5,34,1,2,1,4358.5,4358.5,4358.5,4358.5,1,0,,0,0,1,1,29,4,49,0,0.84615384615384615,3,106.48,0,0,0,1,1,0,0,0,0,0,0,0,0,0,0,0,0,0,0,0,0,30,30,0,,1,1,1,1,1,0,1,1,1,1,1,1,1,1,1,1,1,1,1,1,1,1,-1,-1,-1,1,0,0,0,0,0,0,0,0,0,0,0,0,0,0,0,1,1,1,1,1
RCA_000704,PAYMENT,USD,PAID,NET15,FINANCE,630100-FINANCE,__MISSING__,__MISSING__,__MISSING__,__MISSING__,SOFTWARE,US,USD,NET15,ACH,ACTIVE,ACH,USD,COMPLETED,SETTLED,ACH_DEBIT,USD,DEBIT,POSTED,MANAGER,APPROVED,PAYMENT,1449.3900000000001,1348.27,101.12,0,498,15,2,1,11,1348.27,122.56999999999999,,,,,,0,0,0,4918.5500000000002,167,2,4918.5500000000002,2,4918.5500000000002,1,4918.5500000000002,162,1,2,1,4918.5500000000002,4918.5500000000002,4918.5500000000002,4918.5500000000002,3,1,1,1,0,2,2,27,4,300,0,0.84615384615384615,1,0,0,0,0,1,1,,,,,,,0,0,0,0,0,0,0,0,0,0,,331,0,14220,0,-1,-1,-1,1,0,-1,1,1,1,1,1,1,1,1,1,1,1,1,1,1,1,1,1,1,1,0,0,0,0,0,0,0,0,0,0,0,0,0,0,0,2,1,1,1,1
RCA_000705,PAYMENT,USD,PAID,NET15,MARKETING,650100-MARKETING,__MISSING__,__MISSING__,__MISSING__,__MISSING__,SOFTWARE,US,USD,NET15,WIRE,ACTIVE,WIRE,USD,COMPLETED,SETTLED,WIRE_DEBIT,USD,DEBIT,POSTED,__MISSING__,__MISSING__,PAYMENT,6943.6199999999999,6459.1800000000003,484.44,0,133,15,3,3,20,6459.1800000000003,293.28000000000003,,,,,,0,0,0,6943.6199999999999,118,1,6943.6199999999999,1,6943.6199999999999,1,6943.6199999999999,117,1,2,1,6943.6199999999999,6943.6199999999999,6943.6199999999999,6943.6199999999999,1,0,,0,0,0,0,30,4,2,0,0.84615384615384615,32,2517.5799999999999,0,0,0,1,1,,,,,,,0,0,0,0,0,0,0,0,0,0,,15,0,,0,-1,-1,-1,1,0,-1,1,1,1,1,1,1,1,1,1,1,1,1,1,1,0,-1,-1,-1,1,0,0,0,0,0,0,0,0,0,0,0,0,0,0,1,1,1,1,1,1
RCA_000706,PAYMENT,USD,PAID,NET45,SALES,640100-SALES,USD,ISSUED,SALES,640100-SALES,SOFTWARE,US,USD,NET45,ACH,ACTIVE,ACH,USD,COMPLETED,SETTLED,ACH_DEBIT,USD,DEBIT,POSTED,MANAGER,APPROVED,PAYMENT,2745.9699999999998,2745.9699999999998,0,0,292,45,1,1,23,2745.9699999999998,119.39,2745.9699999999998,2745.9699999999998,0,0,296,1,23,2745.9699999999998,10513.67,55,2,10513.67,2,10513.67,1,10513.67,50,1,2,1,10513.67,10513.67,10513.67,10513.67,3,1,1,1,0,1,1,30,4,350,0,0.92307692307692313,0,5.3099999999999996,0,0,0,1,1,0,0,0,0,0,0,0,0,0,0,0,0,0,0,0,0,4,237,0,338220,1,1,1,1,1,0,1,1,1,1,1,1,1,1,1,1,1,1,1,1,1,1,1,1,1,1,0,0,0,0,0,0,0,0,0,0,0,0,0,0,0,2,1,1,1,1
RCA_000707,PAYMENT,USD,PAID,NET60,FINANCE,630100-FINANCE,USD,ISSUED,FINANCE,630100-FINANCE,PROFESSIONAL,US,USD,NET60,ACH,ACTIVE,ACH,USD,COMPLETED,SETTLED,ACH_DEBIT,USD,DEBIT,POSTED,MANAGER,APPROVED,PAYMENT,1298.73,1208.1199999999999,90.609999999999999,0,61,60,3,3,34,1208.1199999999999,131.89000000000001,1298.73,1208.1199999999999,90.609999999999999,0,66,3,34,1208.1199999999999,41760.57,15,2,41760.57,2,41760.57,1,41760.57,12,1,2,1,41760.57,41760.57,41760.57,41760.57,4,2,1,1,0,0,0,29,4,51,0,0.92307692307692313,1,123.43000000000001,0,0,0,1,1,0,0,0,0,0,0,0,0,0,0,0,0,0,0,0,0,5,46,0,60300,1,1,1,1,1,0,1,1,1,1,1,1,1,1,1,1,1,1,1,1,1,0,1,1,1,1,0,0,0,0,0,0,0,0,0,0,0,0,0,0,1,2,1,1,1,1
RCA_000710,PAYMENT,USD,PAID,NET45,ENGINEERING,610100-ENGINEERING,USD,ISSUED,ENGINEERING,610100-ENGINEERING,SOFTWARE,US,USD,NET45,ACH,ACTIVE,ACH,USD,COMPLETED,SETTLED,ACH_DEBIT,USD,DEBIT,POSTED,MANAGER,APPROVED,PAYMENT,7157.3100000000004,7157.3100000000004,0,0,165,45,1,4,48,7157.3100000000004,1446.45,7157.3100000000004,7157.3100000000004,0,0,187,4,48,7157.3100000000004,13278.1,120,2,13278.1,2,13278.1,1,13278.1,117,1,2,1,13278.1,13278.1,13278.1,13278.1,3,1,1,1,0,1,1,30,4,350,0,0.92307692307692313,2,12.51,0,0,0,1,1,0,0,0,0,0,0,0,0,0,0,0,0,0,0,0,0,22,45,0,61740,1,1,1,1,1,0,1,1,1,1,1,1,1,1,1,1,1,1,1,1,1,1,1,1,1,1,0,0,0,0,0,0,0,0,0,0,0,0,0,0,0,2,1,1,1,1
RCA_000711,PAYMENT,USD,PAID,NET30,PEOPLE,660100-PEOPLE,__MISSING__,__MISSING__,__MISSING__,__MISSING__,SUPPLIER,US,USD,NET30,ACH,ACTIVE,ACH,USD,COMPLETED,SETTLED,ACH_DEBIT,USD,DEBIT,POSTED,__MISSING__,__MISSING__,PAYMENT,2994.1700000000001,2785.27,208.90000000000001,0,135,30,2,4,27,2785.27,325.6875,,,,,,0,0,0,2994.1700000000001,105,1,2994.1700000000001,1,2994.1700000000001,1,2994.1700000000001,102,1,2,1,2994.1700000000001,2994.1700000000001,2994.1700000000001,2994.1700000000001,1,0,,0,0,0,0,33,4,4,0,0.84615384615384615,29,1047.3299999999999,0,0,0,1,1,,,,,,,0,0,0,0,0,0,0,0,0,0,,30,0,,0,-1,-1,-1,1,0,-1,1,1,1,1,1,1,1,1,1,1,1,1,1,1,0,-1,-1,-1,1,0,0,0,0,0,0,0,0,0,0,0,0,0,0,1,1,1,1,1,1
RCA_000712,PAYMENT,USD,PAID,NET30,OPERATIONS,620100-OPERATIONS,USD,ISSUED,OPERATIONS,620100-OPERATIONS,SUPPLIER,US,USD,NET30,ACH,ACTIVE,ACH,USD,COMPLETED,SETTLED,ACH_DEBIT,USD,DEBIT,POSTED,__MISSING__,__MISSING__,PAYMENT,7942.4700000000003,7384.7700000000004,553.86000000000001,3.8399999999999999,70,30,4,3,39,7384.7700000000004,185.13,7942.4700000000003,7384.7700000000004,553.86000000000001,3.8399999999999999,97,3,39,7384.7700000000004,7942.4700000000003,40,1,7942.4700000000003,1,7942.4700000000003,1,7942.4700000000003,35,1,2,1,7942.4700000000003,7942.4700000000003,7942.4700000000003,7942.4700000000003,1,0,,0,0,0,0,32,4,4,0,0.84615384615384615,30,396.11000000000001,0,0,0,1,1,0,0,0,0,0,0,0,0,0,0,0,0,0,0,0,0,27,30,0,,1,1,1,1,1,0,1,1,1,1,1,1,1,1,1,1,1,1,1,1,1,0,-1,-1,-1,1,0,0,0,0,0,0,0,0,0,0,0,0,0,0,1,1,1,1,1,1
RCA_000713,PAYMENT,USD,PAID,NET30,MARKETING,650100-MARKETING,__MISSING__,__MISSING__,__MISSING__,__MISSING__,SUPPLIER,US,USD,NET30,ACH,ACTIVE,ACH,USD,COMPLETED,SETTLED,ACH_DEBIT,USD,DEBIT,POSTED,__MISSING__,__MISSING__,PAYMENT,6402.5600000000004,6402.5600000000004,0,0,61,30,1,1,2,6402.5600000000004,3201.2800000000002,,,,,,0,0,0,6402.5600000000004,31,1,6402.5600000000004,1,6402.5600000000004,1,6402.5600000000004,27,1,2,1,6402.5600000000004,6402.5600000000004,6402.5600000000004,6402.5600000000004,1,0,,0,0,0,0,29,4,60,0,0.84615384615384615,5,113.45999999999999,0,0,0,1,1,,,,,,,0,0,0,0,0,0,0,0,0,0,,30,0,,0,-1,-1,-1,1,0,-1,1,1,1,1,1,1,1,1,1,1,1,1,1,1,0,-1,-1,-1,1,0,0,0,0,0,0,0,0,0,0,0,0,0,0,1,1,1,1,1,1
RCA_000714,PAYMENT,EUR,PAID,NET15,FINANCE,630100-FINANCE,EUR,ISSUED,FINANCE,630100-FINANCE,SOFTWARE,DE,EUR,NET15,ACH,ACTIVE,ACH,EUR,COMPLETED,SETTLED,ACH_DEBIT,EUR,DEBIT,POSTED,__MISSING__,__MISSING__,PAYMENT,6191.8199999999997,6191.8199999999997,0,0,360,15,5,3,47,6191.8199999999997,136.63666666666666,6191.8199999999997,6191.8199999999997,0,0,376,3,47,6191.8199999999997,6191.8199999999997,345,1,6191.8199999999997,1,6191.8199999999997,1,6191.8199999999997,342,1,2,1,6191.8199999999997,6191.8199999999997,6191.8199999999997,6191.8199999999997,1,0,,0,0,1,0,27,4,23,0,0.84615384615384615,55,44.909999999999997,0,0,0,1,1,0,0,0,0,0,0,0,0,0,0,0,0,0,0,0,0,16,15,0,,1,1,1,1,1,0,1,1,1,1,1,1,1,1,1,1,1,1,1,1,1,1,-1,-1,-1,1,0,0,0,0,0,0,0,0,0,0,0,0,0,0,0,1,1,1,1,1
RCA_000716,PAYMENT,JPY,PAID,NET30,MARKETING,650100-MARKETING,JPY,ISSUED,MARKETING,650100-MARKETING,SUPPLIER,JP,JPY,NET30,ACH,ACTIVE,ACH,JPY,COMPLETED,SETTLED,ACH_DEBIT,JPY,DEBIT,POSTED,__MISSING__,__MISSING__,PAYMENT,7792,7084,708,0,158,30,0,2,33,7084,216,7792,7084,708,0,176,2,33,7084,7792,128,1,7792,1,7792,1,7792,125,1,2,1,7792,7792,7792,7792,1,0,,0,0,0,0,27,4,5,0,0.76923076923076916,32,396,0,0,0,1,1,0,0,0,0,0,0,0,0,0,0,0,0,0,0,0,0,18,30,0,,1,1,1,1,1,0,1,1,1,1,1,1,1,1,1,1,1,1,1,1,1,0,-1,-1,-1,1,0,0,0,0,0,0,0,0,0,0,0,0,0,0,1,1,1,1,1,1
RCA_000717,PAYMENT,USD,PAID,NET60,SALES,640100-SALES,USD,ISSUED,SALES,640100-SALES,PROFESSIONAL,US,USD,NET60,ACH,ACTIVE,ACH,USD,COMPLETED,SETTLED,ACH_DEBIT,USD,DEBIT,POSTED,MANAGER,APPROVED,PAYMENT,11471.879999999999,10671.52,800.36000000000001,0,63,60,2,2,19,10671.52,471.48000000000002,11471.879999999999,10671.52,800.36000000000001,0,79,2,19,10671.52,20511.77,15,2,20511.77,2,20511.77,1,20511.77,12,1,2,1,20511.77,20511.77,20511.77,20511.77,4,2,1,1,0,0,0,29,4,51,0,0.84615384615384615,2,121.41,0,0,0,1,1,0,0,0,0,0,0,0,0,0,0,0,0,0,0,0,0,16,48,0,64620,1,1,1,1,1,0,1,1,1,1,1,1,1,1,1,1,1,1,1,1,1,0,1,1,1,1,0,0,0,0,0,0,0,0,0,0,0,0,0,0,1,2,1,1,1,1
RCA_000719,PAYMENT,USD,PAID,NET30,PEOPLE,660100-PEOPLE,USD,ISSUED,PEOPLE,660100-PEOPLE,SOFTWARE,US,USD,NET30,ACH,ACTIVE,ACH,USD,COMPLETED,SETTLED,ACH_DEBIT,USD,DEBIT,POSTED,__MISSING__,__MISSING__,PAYMENT,6164.4899999999998,5708.6999999999998,428.14999999999998,27.640000000000001,59,30,2,1,5,5708.6999999999998,1141.74,6164.4899999999998,5708.6999999999998,428.14999999999998,27.640000000000001,87,1,5,5708.6999999999998,3698.6900000000001,29,2,6164.4899999999998,1,6164.4899999999998,2,3698.6900000000001,26,1,4,2,6164.4899999999998,6164.4899999999998,6164.4899999999998,6164.4899999999998,1,0,,0,0,1,1,27,4,13,0,0.84615384615384615,33,504.63999999999999,0,0,0,1,1,0,0,0,0,0,0,0,0,0,0,0,0,0,2465.8000000000002,2465.8000000000002,0,28,30,0,,1,1,1,1,1,0,1,1,1,1,1,1,1,1,1,1,1,1,1,1,1,1,-1,-1,-1,1,0,0,0,0,0,0,0,0,0,0,0,0,0,0,0,1,2,2,1,1
RCA_000722,PAYMENT,EUR,PAID,NET30,ENGINEERING,610100-ENGINEERING,EUR,ISSUED,ENGINEERING,610100-ENGINEERING,LOGISTICS,DE,EUR,NET30,WIRE,ACTIVE,WIRE,EUR,COMPLETED,SETTLED,WIRE_DEBIT,EUR,DEBIT,POSTED,__MISSING__,__MISSING__,PAYMENT,3592.7600000000002,3394.2600000000002,169.71000000000001,28.789999999999999,473,30,4,3,21,3394.2600000000002,270.16000000000003,3592.7600000000002,3394.2600000000002,169.71000000000001,28.789999999999999,488,3,21,3394.2600000000002,2155.6599999999999,443,2,3592.7600000000002,1,3592.7600000000002,2,2155.6599999999999,442,1,4,2,3592.7600000000002,3592.7600000000002,3592.7600000000002,3592.7600000000002,1,0,,0,0,1,0,29,4,19,0,0.76923076923076916,1,33.399999999999999,0,0,0,1,1,0,0,0,0,0,0,0,0,0,0,0,0,0,1437.0999999999999,1437.0999999999999,0,15,30,0,,1,1,1,1,1,0,1,1,1,1,1,1,1,1,1,1,1,1,1,1,1,1,-1,-1,-1,1,0,0,0,0,0,0,0,0,0,0,0,0,0,0,0,1,2,2,1,1
RCA_000723,PAYMENT,JPY,PAID,NET60,IT,680100-IT,JPY,ISSUED,IT,680100-IT,SERVICES,JP,JPY,NET60,WIRE,ACTIVE,WIRE,JPY,COMPLETED,SETTLED,WIRE_DEBIT,JPY,DEBIT,POSTED,__MISSING__,__MISSING__,PAYMENT,7450,6744,674,32,433,60,4,2,24,6744,281,7450,6744,674,32,438,2,24,6744,7450,373,1,7450,1,7450,1,7450,372,1,2,1,7450,7450,7450,7450,1,0,,0,0,1,0,27,4,14,0,0.76923076923076916,69,736,0,0,0,1,1,0,0,0,0,0,0,0,0,0,0,0,0,0,0,0,0,5,60,0,,1,1,1,1,1,0,1,1,1,1,1,1,1,1,1,1,1,1,1,1,1,1,-1,-1,-1,1,0,0,0,0,0,0,0,0,0,0,0,0,0,0,0,1,1,1,1,1
RCA_000726,PAYMENT,USD,PAID,NET45,LEGAL,670100-LEGAL,__MISSING__,__MISSING__,__MISSING__,__MISSING__,SERVICES,US,USD,NET45,ACH,ACTIVE,ACH,USD,COMPLETED,SETTLED,ACH_DEBIT,USD,DEBIT,POSTED,MANAGER,APPROVED,PAYMENT,17288.200000000001,16082.049999999999,1206.1500000000001,0,487,45,1,3,17,16082.049999999999,1679.3900000000001,,,,,,0,0,0,10372.92,442,2,17288.200000000001,1,17288.200000000001,2,10372.92,439,1,4,2,17288.200000000001,17288.200000000001,17288.200000000001,17288.200000000001,2,1,1,1,0,2,0,30,4,135,0,0.84615384615384615,6,878.60000000000002,0,0,0,1,1,,,,,,,0,0,0,0,0,0,0,6915.2799999999997,6915.2799999999997,0,,45,0,61740,0,-1,-1,-1,1,0,-1,1,1,1,1,1,1,1,1,1,1,1,1,1,1,1,1,1,1,1,0,0,0,0,0,0,0,0,0,0,0,0,0,0,0,1,2,2,1,1
RCA_000727,PAYMENT,USD,PAID,NET30,IT,680100-IT,USD,ISSUED,IT,680100-IT,SOFTWARE,US,USD,NET30,WIRE,ACTIVE,WIRE,USD,COMPLETED,SETTLED,WIRE_DEBIT,USD,DEBIT,POSTED,MANAGER,APPROVED,PAYMENT,30528.810000000001,27741.98,2774.1999999999998,12.630000000000001,189,30,0,1,14,27741.98,1981.5699999999999,30528.810000000001,27741.98,2774.1999999999998,12.630000000000001,203,1,14,27741.98,30528.810000000001,159,1,30528.810000000001,1,30528.810000000001,1,30528.810000000001,158,1,2,1,30528.810000000001,30528.810000000001,30528.810000000001,30528.810000000001,2,1,1,1,0,0,0,28,4,5,0,0.69230769230769229,41,25984.209999999999,0,0,0,1,1,0,0,0,0,0,0,0,0,0,0,0,0,0,0,0,0,14,30,0,41580,1,1,1,1,1,0,1,1,1,1,1,1,1,1,1,1,1,1,1,1,1,0,1,1,1,1,0,0,0,0,0,0,0,0,0,0,0,0,0,0,1,1,1,1,1,1
RCA_000729,PAYMENT,USD,PAID,NET15,FINANCE,630100-FINANCE,__MISSING__,__MISSING__,__MISSING__,__MISSING__,PROFESSIONAL,US,USD,NET15,ACH,ACTIVE,ACH,USD,COMPLETED,SETTLED,ACH_DEBIT,USD,DEBIT,POSTED,__MISSING__,__MISSING__,PAYMENT,1114.72,1036.95,77.769999999999996,0,366,15,4,2,19,1036.95,52.125,,,,,,0,0,0,1114.72,351,1,1114.72,1,1114.72,1,1114.72,348,1,2,1,1114.72,1114.72,1114.72,1114.72,1,0,,0,0,2,1,31,4,90,0,0.84615384615384615,7,76.049999999999997,0,0,0,1,1,,,,,,,0,0,0,0,0,0,0,0,0,0,,15,0,,0,-1,-1,-1,1,0,-1,1,1,1,1,1,1,1,1,1,1,1,1,1,1,1,-1,-1,-1,1,0,0,0,0,0,0,0,0,0,0,0,0,0,0,0,1,1,1,1,1
RCA_000730,PAYMENT,USD,PAID,NET45,IT,680100-IT,USD,ISSUED,IT,680100-IT,SOFTWARE,US,USD,NET45,ACH,ACTIVE,ACH,USD,COMPLETED,SETTLED,ACH_DEBIT,USD,DEBIT,POSTED,CONTROLLER,APPROVED,PAYMENT,59387.959999999999,56559.959999999999,2828,0,180,45,2,1,19,56559.959999999999,2976.8400000000001,59387.959999999999,56559.959999999999,2828,0,190,1,19,56559.959999999999,61820.440000000002,135,2,61820.440000000002,2,61820.440000000002,1,61820.440000000002,132,1,2,1,61820.440000000002,61820.440000000002,61820.440000000002,61820.440000000002,5,3,3,3,0,1,1,30,4,350,0,0.92307692307692313,1,6963.3500000000004,0,0,0,1,1,0,0,0,0,0,0,0,0,0,0,0,0,0,0,0,0,10,45,0,57300,1,1,1,1,1,0,1,1,1,1,1,1,1,1,1,1,1,1,1,1,1,1,1,1,1,1,0,0,0,0,0,0,0,0,0,0,0,0,0,0,0,2,1,1,1,1
RCA_000732,PAYMENT,USD,PAID,NET30,SALES,640100-SALES,__MISSING__,__MISSING__,__MISSING__,__MISSING__,SUPPLIER,US,USD,NET30,ACH,ACTIVE,ACH,USD,COMPLETED,SETTLED,ACH_DEBIT,USD,DEBIT,POSTED,__MISSING__,__MISSING__,PAYMENT,2021.51,1880.47,141.03999999999999,0,484,30,2,2,7,1880.47,284.69499999999999,,,,,,0,0,0,1212.9100000000001,454,2,2021.51,1,2021.51,2,1212.9100000000001,449,1,4,2,2021.51,2021.51,2021.51,2021.51,1,0,,0,0,0,0,31,4,11,0,0.84615384615384615,5,162.69,0,0,0,1,1,,,,,,,0,0,0,0,0,0,0,808.60000000000002,808.60000000000002,0,,30,0,,0,-1,-1,-1,1,0,-1,1,1,1,1,1,1,1,1,1,1,1,1,1,1,0,-1,-1,-1,1,0,0,0,0,0,0,0,0,0,0,0,0,0,0,1,1,2,2,1,1
RCA_000734,PAYMENT,USD,PAID,NET45,ENGINEERING,610100-ENGINEERING,__MISSING__,__MISSING__,__MISSING__,__MISSING__,PROFESSIONAL,US,USD,NET45,WIRE,ACTIVE,WIRE,USD,COMPLETED,SETTLED,WIRE_DEBIT,USD,DEBIT,POSTED,__MISSING__,__MISSING__,PAYMENT,8279.2800000000007,7701.6599999999999,577.62,0,305,45,3,2,17,7701.6599999999999,498.95999999999998,,,,,,0,0,0,8279.2800000000007,260,1,8279.2800000000007,1,8279.2800000000007,1,8279.2800000000007,259,1,2,1,8279.2800000000007,8279.2800000000007,8279.2800000000007,8279.2800000000007,1,0,,0,0,1,1,31,4,8,0,0.76923076923076916,14,3865.1199999999999,0,0,0,1,1,,,,,,,0,0,0,0,0,0,0,0,0,0,,45,0,,0,-1,-1,-1,1,0,-1,1,1,1,1,1,1,1,1,1,1,1,1,1,1,1,-1,-1,-1,1,0,0,0,0,0,0,0,0,0,0,0,0,0,0,0,1,1,1,1,1
RCA_000739,PAYMENT,USD,PAID,NET30,MARKETING,650100-MARKETING,USD,ISSUED,MARKETING,650100-MARKETING,SERVICES,US,USD,NET30,ACH,ACTIVE,ACH,USD,COMPLETED,SETTLED,ACH_DEBIT,USD,DEBIT,POSTED,__MISSING__,__MISSING__,PAYMENT,1075.3,1057.98,0,17.32,118,30,2,1,7,1057.98,151.13999999999999,1075.3,1057.98,0,17.32,144,1,7,1057.98,1075.3,88,1,1075.3,1,1075.3,1,1075.3,83,1,2,1,1075.3,1075.3,1075.3,1075.3,1,0,,0,0,1,1,30,4,48,0,0.84615384615384615,4,104.05,0,0,0,1,1,0,0,0,0,0,0,0,0,0,0,0,0,0,0,0,0,26,30,0,,1,1,1,1,1,0,1,1,1,1,1,1,1,1,1,1,1,1,1,1,1,1,-1,-1,-1,1,0,0,0,0,0,0,0,0,0,0,0,0,0,0,0,1,1,1,1,1
RCA_000740,PAYMENT,GBP,PAID,NET30,MARKETING,650100-MARKETING,GBP,ISSUED,MARKETING,650100-MARKETING,SUPPLIER,GB,GBP,NET30,WIRE,ACTIVE,WIRE,GBP,COMPLETED,SETTLED,WIRE_DEBIT,GBP,DEBIT,POSTED,MANAGER,APPROVED,PAYMENT,14579.76,14579.76,0,0,412,30,3,2,19,14579.76,746.21000000000004,14579.76,14579.76,0,0,432,2,19,14579.76,8747.8600000000006,382,2,14579.76,1,14579.76,2,8747.8600000000006,379,1,4,2,14579.76,14579.76,14579.76,14579.76,2,1,1,1,0,0,0,29,4,9,0,0.84615384615384615,2,1044.9300000000001,0,0,0,1,1,0,0,0,0,0,0,0,0,0,0,0,0,0,5831.8999999999996,5831.8999999999996,0,20,30,0,37260,1,1,1,1,1,0,1,1,1,1,1,1,1,1,1,1,1,1,1,1,1,0,1,1,1,1,0,0,0,0,0,0,0,0,0,0,0,0,0,0,1,1,2,2,1,1
RCA_000743,PAYMENT,USD,PAID,NET45,PEOPLE,660100-PEOPLE,USD,ISSUED,PEOPLE,660100-PEOPLE,SOFTWARE,US,USD,NET45,ACH,ACTIVE,ACH,USD,COMPLETED,SETTLED,ACH_DEBIT,USD,DEBIT,POSTED,MANAGER,APPROVED,PAYMENT,1256.4400000000001,1168.78,87.659999999999997,0,124,45,4,4,60,1168.78,36.689999999999998,1256.4400000000001,1168.78,87.659999999999997,0,131,4,60,1168.78,14714.370000000001,79,2,14714.370000000001,2,14714.370000000001,1,14714.370000000001,76,1,2,1,14714.370000000001,14714.370000000001,14714.370000000001,14714.370000000001,4,2,1,1,0,1,1,30,4,350,0,0.92307692307692313,0,20.940000000000001,0,0,0,1,1,0,0,0,0,0,0,0,0,0,0,0,0,0,0,0,0,7,45,0,57420,1,1,1,1,1,0,1,1,1,1,1,1,1,1,1,1,1,1,1,1,1,1,1,1,1,1,0,0,0,0,0,0,0,0,0,0,0,0,0,0,0,2,1,1,1,1
RCA_000744,PAYMENT,USD,PAID,NET30,SALES,640100-SALES,USD,ISSUED,SALES,640100-SALES,SUPPLIER,US,USD,NET30,CHECK,ACTIVE,CHECK,USD,COMPLETED,SETTLED,CHECK_CLEARING,USD,DEBIT,POSTED,__MISSING__,__MISSING__,PAYMENT,2092.7600000000002,2092.7600000000002,0,0,44,30,5,2,44,2092.7600000000002,47.260000000000005,2092.7600000000002,2092.7600000000002,0,0,70,2,44,2092.7600000000002,2092.7600000000002,15,1,2092.7600000000002,1,2092.7600000000002,1,2092.7600000000002,1,1,2,1,2092.7600000000002,2092.7600000000002,2092.7600000000002,2092.7600000000002,1,0,,0,0,0,0,30,4,4,0,0.84615384615384615,136,3896.3800000000001,0,0,0,1,1,0,0,0,0,0,0,0,0,0,0,0,0,0,0,0,0,26,29,0,,1,1,1,1,1,0,1,1,1,1,1,1,1,1,1,1,1,1,1,1,1,0,-1,-1,-1,1,0,0,0,0,0,0,0,0,0,0,0,0,0,0,1,1,1,1,1,1
RCA_000745,PAYMENT,USD,PAID,NET15,FINANCE,630100-FINANCE,USD,ISSUED,FINANCE,630100-FINANCE,SOFTWARE,US,USD,NET15,CHECK,ACTIVE,CHECK,USD,COMPLETED,SETTLED,CHECK_CLEARING,USD,DEBIT,POSTED,MANAGER,APPROVED,PAYMENT,6382.4799999999996,5910.4799999999996,443.29000000000002,28.710000000000001,84,15,4,1,12,5910.4799999999996,492.54000000000002,6382.4799999999996,5910.4799999999996,443.29000000000002,28.710000000000001,105,1,12,5910.4799999999996,13630.879999999999,69,2,13630.879999999999,2,13630.879999999999,1,13630.879999999999,55,1,2,1,13630.879999999999,13630.879999999999,13630.879999999999,13630.879999999999,3,1,1,1,0,1,1,28,4,150,0,0.92307692307692313,0,7.0499999999999998,0,0,0,1,1,0,0,0,0,0,0,0,0,0,0,0,0,0,0,0,0,21,15,0,14220,1,1,1,1,1,0,1,1,1,1,1,1,1,1,1,1,1,1,1,1,1,1,1,1,1,1,0,0,0,0,0,0,0,0,0,0,0,0,0,0,0,2,1,1,1,1
RCA_000748,PAYMENT,USD,PAID,DUE_ON_RECEIPT,LEGAL,670100-LEGAL,USD,ISSUED,LEGAL,670100-LEGAL,SOFTWARE,US,USD,DUE_ON_RECEIPT,ACH,ACTIVE,ACH,USD,COMPLETED,SETTLED,ACH_DEBIT,USD,DEBIT,POSTED,MANAGER,APPROVED,PAYMENT,18492.75,17182.25,1288.6700000000001,21.829999999999998,399,0,0,4,40,17182.25,570.64750000000004,18492.75,17182.25,1288.6700000000001,21.829999999999998,410,4,40,17182.25,18492.75,396,1,18492.75,1,18492.75,1,18492.75,391,1,2,1,18492.75,18492.75,18492.75,18492.75,2,1,1,1,0,2,0,32,4,51,0,0.84615384615384615,8,1442.96,0,0,0,1,1,0,0,0,0,0,0,0,0,0,0,0,0,0,0,0,0,11,3,0,2700,1,1,1,1,1,0,1,1,1,1,1,1,1,1,1,1,1,1,1,1,1,1,1,1,1,1,0,0,0,0,0,0,0,0,0,0,0,0,0,0,0,1,1,1,1,1
RCA_000749,PAYMENT,USD,PAID,NET15,MARKETING,650100-MARKETING,USD,ISSUED,MARKETING,650100-MARKETING,SOFTWARE,US,USD,NET15,ACH,ACTIVE,ACH,USD,COMPLETED,SETTLED,ACH_DEBIT,USD,DEBIT,POSTED,DIRECTOR,APPROVED,PAYMENT,9033.4200000000001,8603.2600000000002,430.16000000000003,0,257,15,4,3,18,8603.2600000000002,1456.4433333333334,9033.4200000000001,8603.2600000000002,430.16000000000003,0,268,3,18,8603.2600000000002,20602.540000000001,242,2,20602.540000000001,2,20602.540000000001,1,20602.540000000001,237,1,2,1,20602.540000000001,20602.540000000001,20602.540000000001,20602.540000000001,4,2,2,2,0,2,0,27,4,300,0,0.92307692307692313,0,50.539999999999999,0,0,0,1,1,0,0,0,0,0,0,0,0,0,0,0,0,0,0,0,0,11,15,0,330960,1,1,1,1,1,0,1,1,1,1,1,1,1,1,1,1,1,1,1,1,1,1,1,1,1,1,0,0,0,0,0,0,0,0,0,0,0,0,0,0,0,2,1,1,1,1
RCA_000750,PAYMENT,USD,PAID,NET15,ENGINEERING,610100-ENGINEERING,USD,ISSUED,ENGINEERING,610100-ENGINEERING,SOFTWARE,US,USD,NET15,ACH,ACTIVE,ACH,USD,COMPLETED,SETTLED,ACH_DEBIT,USD,DEBIT,POSTED,MANAGER,APPROVED,PAYMENT,3753.6500000000001,3412.4099999999999,341.24000000000001,0,220,15,5,2,18,3412.4099999999999,361.33500000000004,3753.6500000000001,3412.4099999999999,341.24000000000001,0,249,2,18,3412.4099999999999,6667.0100000000002,205,2,6667.0100000000002,2,6667.0100000000002,1,6667.0100000000002,202,1,2,1,6667.0100000000002,6667.0100000000002,6667.0100000000002,6667.0100000000002,3,1,1,1,0,2,1,27,4,300,0,0.84615384615384615,1,12.83,0,0,0,1,1,0,0,0,0,0,0,0,0,0,0,0,0,0,0,0,0,29,15,0,12780,1,1,1,1,1,0,1,1,1,1,1,1,1,1,1,1,1,1,1,1,1,1,1,1,1,1,0,0,0,0,0,0,0,0,0,0,0,0,0,0,0,2,1,1,1,1
RCA_000753,PAYMENT,USD,PAID,DUE_ON_RECEIPT,FINANCE,630100-FINANCE,__MISSING__,__MISSING__,__MISSING__,__MISSING__,SOFTWARE,US,USD,DUE_ON_RECEIPT,ACH,ACTIVE,ACH,USD,COMPLETED,SETTLED,ACH_DEBIT,USD,DEBIT,POSTED,__MISSING__,__MISSING__,PAYMENT,6344.3000000000002,5901.6700000000001,442.63,0,357,0,5,3,8,5901.6700000000001,1032.5466666666669,,,,,,0,0,0,6344.3000000000002,350,1,6344.3000000000002,1,6344.3000000000002,1,6344.3000000000002,347,1,2,1,6344.3000000000002,6344.3000000000002,6344.3000000000002,6344.3000000000002,1,0,,0,0,0,0,31,4,10,0,0.84615384615384615,31,0,0,0,0,1,1,,,,,,,0,0,0,0,0,0,0,0,0,0,,7,0,,0,-1,-1,-1,1,0,-1,1,1,1,1,1,1,1,1,1,1,1,1,1,1,0,-1,-1,-1,1,0,0,0,0,0,0,0,0,0,0,0,0,0,0,1,1,1,1,1,1
RCA_000754,PAYMENT,USD,PAID,NET15,MARKETING,650100-MARKETING,__MISSING__,__MISSING__,__MISSING__,__MISSING__,PROFESSIONAL,US,USD,NET15,ACH,ACTIVE,ACH,USD,COMPLETED,SETTLED,ACH_DEBIT,USD,DEBIT,POSTED,__MISSING__,__MISSING__,PAYMENT,4929.2299999999996,4481.1199999999999,448.11000000000001,0,292,15,1,1,7,4481.1199999999999,640.15999999999997,,,,,,0,0,0,4929.2299999999996,277,1,4929.2299999999996,1,4929.2299999999996,1,4929.2299999999996,272,1,2,1,4929.2299999999996,4929.2299999999996,4929.2299999999996,4929.2299999999996,1,0,,0,0,2,1,31,4,90,0,0.84615384615384615,0,0,0,0,0,1,2,,,,,,,0,0,0,0,0,0,0,0,0,0,,15,0,,0,-1,-1,-1,1,0,-1,1,1,1,1,1,1,1,1,1,1,1,1,1,1,1,-1,-1,-1,1,0,0,0,0,0,0,0,0,0,0,0,0,0,0,0,1,1,1,1,1
RCA_000759,PAYMENT,USD,PAID,NET45,OPERATIONS,620100-OPERATIONS,USD,ISSUED,OPERATIONS,620100-OPERATIONS,SERVICES,US,USD,NET45,ACH,ACTIVE,ACH,USD,COMPLETED,SETTLED,ACH_DEBIT,USD,DEBIT,POSTED,__MISSING__,__MISSING__,PAYMENT,6426.5799999999999,5963.4200000000001,447.25999999999999,15.9,386,45,1,3,28,5963.4200000000001,288.85999999999996,6426.5799999999999,5963.4200000000001,447.25999999999999,15.9,408,3,28,5963.4200000000001,6426.5799999999999,341,1,6426.5799999999999,1,6426.5799999999999,1,6426.5799999999999,336,1,2,1,6426.5799999999999,6426.5799999999999,6426.5799999999999,6426.5799999999999,1,0,,0,0,0,0,29,4,10,0,0.84615384615384615,37,401.19,0,0,0,1,1,0,0,0,0,0,0,0,0,0,0,0,0,0,0,0,0,22,45,0,,1,1,1,1,1,0,1,1,1,1,1,1,1,1,1,1,1,1,1,1,1,0,-1,-1,-1,1,0,0,0,0,0,0,0,0,0,0,0,0,0,0,1,1,1,1,1,1
RCA_000761,PAYMENT,USD,PAID,NET45,PEOPLE,660100-PEOPLE,USD,ISSUED,PEOPLE,660100-PEOPLE,SOFTWARE,US,USD,NET45,ACH,ACTIVE,ACH,USD,COMPLETED,SETTLED,ACH_DEBIT,USD,DEBIT,POSTED,__MISSING__,__MISSING__,PAYMENT,6890.4499999999998,6387.8999999999996,479.08999999999997,23.460000000000001,183,45,3,3,38,6387.8999999999996,190.23666666666668,6890.4499999999998,6387.8999999999996,479.08999999999997,23.460000000000001,199,3,38,6387.8999999999996,4134.2700000000004,138,2,6890.4499999999998,1,6890.4499999999998,2,4134.2700000000004,133,1,4,2,6890.4499999999998,6890.4499999999998,6890.4499999999998,6890.4499999999998,1,0,,0,0,1,1,32,4,22,0,0.84615384615384615,18,307.14999999999998,0,0,0,1,1,0,0,0,0,0,0,0,0,0,0,0,0,0,2756.1799999999998,2756.1799999999998,0,16,45,0,,1,1,1,1,1,0,1,1,1,1,1,1,1,1,1,1,1,1,1,1,1,1,-1,-1,-1,1,0,0,0,0,0,0,0,0,0,0,0,0,0,0,0,1,2,2,1,1
RCA_000763,PAYMENT,EUR,PAID,NET15,PEOPLE,660100-PEOPLE,EUR,ISSUED,PEOPLE,660100-PEOPLE,SUPPLIER,DE,EUR,NET15,ACH,ACTIVE,ACH,EUR,COMPLETED,SETTLED,ACH_DEBIT,EUR,DEBIT,POSTED,MANAGER,APPROVED,PAYMENT,3038.0700000000002,2826.1100000000001,211.96000000000001,0,185,15,4,3,60,2826.1100000000001,41.960000000000001,3038.0700000000002,2826.1100000000001,211.96000000000001,0,200,3,60,2826.1100000000001,5615.0600000000004,170,2,5615.0600000000004,2,5615.0600000000004,1,5615.0600000000004,167,1,2,1,5615.0600000000004,5615.0600000000004,5615.0600000000004,5615.0600000000004,3,1,1,1,0,0,0,26,4,6,0,0.76923076923076916,89,461.07999999999998,0,0,0,1,1,0,0,0,0,0,0,0,0,0,0,0,0,0,0,0,0,15,15,0,349740,1,1,1,1,1,0,1,1,1,1,1,1,1,1,1,1,1,1,1,1,1,0,1,1,1,1,0,0,0,0,0,0,0,0,0,0,0,0,0,0,1,2,1,1,1,1
RCA_000764,PAYMENT,USD,PAID,NET30,IT,680100-IT,USD,ISSUED,IT,680100-IT,SOFTWARE,US,USD,NET30,ACH,ACTIVE,ACH,USD,COMPLETED,SETTLED,ACH_DEBIT,USD,DEBIT,POSTED,__MISSING__,__MISSING__,PAYMENT,4831.2799999999997,4494.21,337.06999999999999,0,234,30,2,2,19,4494.21,280.20999999999998,4831.2799999999997,4494.21,337.06999999999999,0,239,2,19,4494.21,2898.77,204,2,4831.2799999999997,1,4831.2799999999997,2,2898.77,201,1,4,2,4831.2799999999997,4831.2799999999997,4831.2799999999997,4831.2799999999997,1,0,,0,0,0,0,30,4,42,0,0.84615384615384615,3,54.130000000000003,0,0,0,1,1,0,0,0,0,0,0,0,0,0,0,0,0,0,1932.51,1932.51,0,5,30,0,,1,1,1,1,1,0,1,1,1,1,1,1,1,1,1,1,1,1,1,1,1,0,-1,-1,-1,1,0,0,0,0,0,0,0,0,0,0,0,0,0,0,1,1,2,2,1,1
RCA_000765,PAYMENT,USD,PAID,NET45,FINANCE,630100-FINANCE,__MISSING__,__MISSING__,__MISSING__,__MISSING__,SOFTWARE,US,USD,NET45,ACH,ACTIVE,ACH,USD,COMPLETED,SETTLED,ACH_DEBIT,USD,DEBIT,POSTED,__MISSING__,__MISSING__,PAYMENT,744.36000000000001,744.36000000000001,0,0,274,45,4,2,16,744.36000000000001,62.974999999999994,,,,,,0,0,0,744.36000000000001,229,1,744.36000000000001,1,744.36000000000001,1,744.36000000000001,224,1,2,1,744.36000000000001,744.36000000000001,744.36000000000001,744.36000000000001,1,0,,0,0,0,0,28,4,22,0,0.76923076923076916,2,27.52,0,0,0,1,1,,,,,,,0,0,0,0,0,0,0,0,0,0,,45,0,,0,-1,-1,-1,1,0,-1,1,1,1,1,1,1,1,1,1,1,1,1,1,1,0,-1,-1,-1,1,0,0,0,0,0,0,0,0,0,0,0,0,0,0,1,1,1,1,1,1
RCA_000768,PAYMENT,USD,PAID,NET30,MARKETING,650100-MARKETING,__MISSING__,__MISSING__,__MISSING__,__MISSING__,SUPPLIER,US,USD,NET30,ACH,ACTIVE,ACH,USD,COMPLETED,SETTLED,ACH_DEBIT,USD,DEBIT,POSTED,__MISSING__,__MISSING__,PAYMENT,5923.1999999999998,5923.1999999999998,0,0,67,30,1,2,9,5923.1999999999998,774.34000000000003,,,,,,0,0,0,5923.1999999999998,37,1,5923.1999999999998,1,5923.1999999999998,1,5923.1999999999998,34,1,2,1,5923.1999999999998,5923.1999999999998,5923.1999999999998,5923.1999999999998,1,0,,0,0,0,0,35,4,14,0,0.76923076923076916,4,58.640000000000001,0,0,0,1,1,,,,,,,0,0,0,0,0,0,0,0,0,0,,30,0,,0,-1,-1,-1,1,0,-1,1,1,1,1,1,1,1,1,1,1,1,1,1,1,0,-1,-1,-1,1,0,0,0,0,0,0,0,0,0,0,0,0,0,0,1,1,1,1,1,1
RCA_000770,PAYMENT,USD,PAID,NET30,MARKETING,650100-MARKETING,__MISSING__,__MISSING__,__MISSING__,__MISSING__,SUPPLIER,US,USD,NET30,ACH,ON_HOLD,ACH,USD,COMPLETED,SETTLED,ACH_DEBIT,USD,DEBIT,POSTED,__MISSING__,__MISSING__,PAYMENT,5746.7799999999997,5345.8400000000001,400.94,0,171,30,4,2,12,5345.8400000000001,494.16500000000002,,,,,,0,0,0,3448.0700000000002,141,2,5746.7799999999997,1,5746.7799999999997,2,3448.0700000000002,138,1,4,2,5746.7799999999997,5746.7799999999997,5746.7799999999997,5746.7799999999997,1,0,,0,0,0,0,31,4,6,0,0.84615384615384615,17,374.31,0,0,0,1,1,,,,,,,0,0,0,0,0,0,0,2298.71,2298.71,0,,30,0,,0,-1,-1,-1,1,0,-1,1,1,1,1,1,1,1,1,1,1,1,1,1,1,0,-1,-1,-1,1,0,0,0,0,0,0,0,0,0,0,0,0,0,0,1,1,2,2,1,1
RCA_000777,PAYMENT,USD,PAID,NET60,ENGINEERING,610100-ENGINEERING,__MISSING__,__MISSING__,__MISSING__,__MISSING__,SERVICES,US,USD,NET60,ACH,ACTIVE,ACH,USD,COMPLETED,SETTLED,ACH_DEBIT,USD,DEBIT,POSTED,MANAGER,APPROVED,PAYMENT,26072.169999999998,23701.970000000001,2370.1999999999998,0,205,60,1,2,8,23701.970000000001,2640.3850000000002,,,,,,0,0,0,26072.169999999998,145,1,26072.169999999998,1,26072.169999999998,1,26072.169999999998,140,1,2,1,26072.169999999998,26072.169999999998,26072.169999999998,26072.169999999998,2,1,1,1,0,1,1,28,4,26,0,0.84615384615384615,13,3848.3400000000001,0,0,0,1,1,,,,,,,0,0,0,0,0,0,0,0,0,0,,60,0,83340,0,-1,-1,-1,1,0,-1,1,1,1,1,1,1,1,1,1,1,1,1,1,1,1,1,1,1,1,0,0,0,0,0,0,0,0,0,0,0,0,0,0,0,1,1,1,1,1
RCA_000779,PAYMENT,USD,PAID,NET30,SALES,640100-SALES,__MISSING__,__MISSING__,__MISSING__,__MISSING__,SOFTWARE,US,USD,NET30,ACH,ACTIVE,ACH,USD,COMPLETED,SETTLED,ACH_DEBIT,USD,DEBIT,POSTED,__MISSING__,__MISSING__,PAYMENT,2367.8600000000001,2367.8600000000001,0,0,512,30,0,4,18,2367.8600000000001,385.55000000000001,,,,,,0,0,0,2367.8600000000001,482,1,2367.8600000000001,1,2367.8600000000001,1,2367.8600000000001,477,1,2,1,2367.8600000000001,2367.8600000000001,2367.8600000000001,2367.8600000000001,1,0,,0,0,0,0,30,4,2,0,0.76923076923076916,288,1005.1,0,0,0,1,1,,,,,,,0,0,0,0,0,0,0,0,0,0,,30,0,,0,-1,-1,-1,1,0,-1,1,1,1,1,1,1,1,1,1,1,1,1,1,1,0,-1,-1,-1,1,0,0,0,0,0,0,0,0,0,0,0,0,0,0,1,1,1,1,1,1
RCA_000781,PAYMENT,EUR,PAID,NET30,OPERATIONS,620100-OPERATIONS,__MISSING__,__MISSING__,__MISSING__,__MISSING__,SERVICES,DE,EUR,NET30,CHECK,ACTIVE,CHECK,EUR,COMPLETED,SETTLED,CHECK_CLEARING,EUR,DEBIT,POSTED,__MISSING__,__MISSING__,PAYMENT,1975.4400000000001,1795.8499999999999,179.59,0,106,30,3,1,7,1795.8499999999999,256.55000000000001,,,,,,0,0,0,1975.4400000000001,76,1,1975.4400000000001,1,1975.4400000000001,1,1975.4400000000001,62,1,2,1,1975.4400000000001,1975.4400000000001,1975.4400000000001,1975.4400000000001,1,0,,0,0,0,0,29,4,67,0,0.84615384615384615,7,84.859999999999999,0,0,0,1,1,,,,,,,0,0,0,0,0,0,0,0,0,0,,30,0,,0,-1,-1,-1,1,0,-1,1,1,1,1,1,1,1,1,1,1,1,1,1,1,0,-1,-1,-1,1,0,0,0,0,0,0,0,0,0,0,0,0,0,0,1,1,1,1,1,1
RCA_000782,PAYMENT,USD,PAID,NET30,FINANCE,630100-FINANCE,__MISSING__,__MISSING__,__MISSING__,__MISSING__,SUPPLIER,US,USD,NET30,ACH,ACTIVE,ACH,USD,COMPLETED,SETTLED,ACH_DEBIT,USD,DEBIT,POSTED,__MISSING__,__MISSING__,PAYMENT,5954.3500000000004,5538.9300000000003,415.42000000000002,0,201,30,5,2,15,5538.9300000000003,322.19499999999999,,,,,,0,0,0,3572.6100000000001,171,2,5954.3500000000004,1,5954.3500000000004,2,3572.6100000000001,167,1,4,2,5954.3500000000004,5954.3500000000004,5954.3500000000004,5954.3500000000004,1,0,,0,0,2,1,29,4,31,0,0.76923076923076916,3,464.94999999999999,0,0,0,1,1,,,,,,,0,0,0,0,0,0,0,2381.7399999999998,2381.7399999999998,0,,30,0,,0,-1,-1,-1,1,0,-1,1,1,1,1,1,1,1,1,1,1,1,1,1,1,1,-1,-1,-1,1,0,0,0,0,0,0,0,0,0,0,0,0,0,0,0,1,2,2,1,1
RCA_000785,PAYMENT,JPY,PAID,NET30,ENGINEERING,610100-ENGINEERING,JPY,ISSUED,ENGINEERING,610100-ENGINEERING,SUPPLIER,JP,JPY,NET30,ACH,ACTIVE,ACH,JPY,COMPLETED,SETTLED,ACH_DEBIT,JPY,DEBIT,POSTED,__MISSING__,__MISSING__,PAYMENT,8188,7798,390,0,126,30,2,3,35,7798,235.66666666666666,8188,7798,390,0,144,3,35,7798,8188,96,1,8188,1,8188,1,8188,91,1,2,1,8188,8188,8188,8188,1,0,,0,0,0,0,27,4,5,0,0.84615384615384615,32,396,0,0,0,1,1,0,0,0,0,0,0,0,0,0,0,0,0,0,0,0,0,18,30,0,,1,1,1,1,1,0,1,1,1,1,1,1,1,1,1,1,1,1,1,1,1,0,-1,-1,-1,1,0,0,0,0,0,0,0,0,0,0,0,0,0,0,1,1,1,1,1,1
RCA_000789,PAYMENT,USD,PAID,NET45,ENGINEERING,610100-ENGINEERING,USD,ISSUED,ENGINEERING,610100-ENGINEERING,SERVICES,US,USD,NET45,ACH,ACTIVE,ACH,USD,COMPLETED,SETTLED,ACH_DEBIT,USD,DEBIT,POSTED,__MISSING__,__MISSING__,PAYMENT,3803.0799999999999,3803.0799999999999,0,0,202,45,4,2,20,3803.0799999999999,174.06999999999999,3803.0799999999999,3803.0799999999999,0,0,207,2,20,3803.0799999999999,3803.0799999999999,157,1,3803.0799999999999,1,3803.0799999999999,1,3803.0799999999999,153,1,2,1,3803.0799999999999,3803.0799999999999,3803.0799999999999,3803.0799999999999,1,0,,0,0,2,2,30,4,135,0,0.84615384615384615,1,157.30000000000001,0,0,0,1,1,0,0,0,0,0,0,0,0,0,0,0,0,0,0,0,0,5,45,0,,1,1,1,1,1,0,1,1,1,1,1,1,1,1,1,1,1,1,1,1,1,1,-1,-1,-1,1,0,0,0,0,0,0,0,0,0,0,0,0,0,0,0,1,1,1,1,1
RCA_000790,PAYMENT,USD,PAID,NET45,LEGAL,670100-LEGAL,__MISSING__,__MISSING__,__MISSING__,__MISSING__,SUPPLIER,US,USD,NET45,ACH,ACTIVE,ACH,USD,COMPLETED,SETTLED,ACH_DEBIT,USD,DEBIT,POSTED,__MISSING__,__MISSING__,PAYMENT,8873.0699999999997,8066.4300000000003,806.63999999999999,0,444,45,4,2,13,8066.4300000000003,620.17000000000007,,,,,,0,0,0,8873.0699999999997,399,1,8873.0699999999997,1,8873.0699999999997,1,8873.0699999999997,396,1,2,1,8873.0699999999997,8873.0699999999997,8873.0699999999997,8873.0699999999997,1,0,,0,0,0,0,32,4,0,0,,,,0,0,0,1,1,,,,,,,0,0,0,0,0,0,0,0,0,0,,45,0,,0,-1,-1,-1,1,0,-1,1,1,1,1,1,1,1,1,1,1,1,1,1,1,0,-1,-1,-1,1,0,0,0,0,0,0,0,0,0,0,0,0,0,0,1,1,1,1,1,1
RCA_000792,PAYMENT,USD,PAID,NET30,LEGAL,670100-LEGAL,USD,ISSUED,LEGAL,670100-LEGAL,SOFTWARE,US,USD,NET30,ACH,ACTIVE,ACH,USD,COMPLETED,SETTLED,ACH_DEBIT,USD,DEBIT,POSTED,DIRECTOR,APPROVED,PAYMENT,76878.350000000006,71514.740000000005,5363.6099999999997,0,302,30,5,1,11,71514.740000000005,6501.3400000000001,76878.350000000006,71514.740000000005,5363.6099999999997,0,308,1,11,71514.740000000005,76878.350000000006,272,1,76878.350000000006,1,76878.350000000006,1,76878.350000000006,267,1,2,1,76878.350000000006,76878.350000000006,76878.350000000006,76878.350000000006,3,2,2,2,0,0,0,30,4,5,0,0.76923076923076916,80,69390.860000000001,0,0,0,1,1,0,0,0,0,0,0,0,0,0,0,0,0,0,0,0,0,6,30,0,32880,1,1,1,1,1,0,1,1,1,1,1,1,1,1,1,1,1,1,1,1,1,0,1,1,1,1,0,0,0,0,0,0,0,0,0,0,0,0,0,0,1,1,1,1,1,1
RCA_000793,PAYMENT,USD,PAID,NET45,OPERATIONS,620100-OPERATIONS,USD,ISSUED,OPERATIONS,620100-OPERATIONS,SUPPLIER,US,USD,NET45,ACH,ACTIVE,ACH,USD,COMPLETED,SETTLED,ACH_DEBIT,USD,DEBIT,POSTED,__MISSING__,__MISSING__,PAYMENT,799.20000000000005,694.67999999999995,52.100000000000001,52.420000000000002,222,45,5,1,21,694.67999999999995,33.079999999999998,799.20000000000005,694.67999999999995,52.100000000000001,52.420000000000002,229,1,21,694.67999999999995,799.20000000000005,177,1,799.20000000000005,1,799.20000000000005,1,799.20000000000005,174,1,2,1,799.20000000000005,799.20000000000005,799.20000000000005,799.20000000000005,1,0,,0,0,0,0,32,4,3,0,0.76923076923076916,50,1788.03,0,0,0,1,1,0,0,0,0,0,0,0,0,0,0,0,0,0,0,0,0,7,45,0,,1,1,1,1,1,0,1,1,1,1,1,1,1,1,1,1,1,1,1,1,1,0,-1,-1,-1,1,0,0,0,0,0,0,0,0,0,0,0,0,0,0,1,1,1,1,1,1
RCA_000795,PAYMENT,USD,PAID,NET45,SALES,640100-SALES,USD,ISSUED,SALES,640100-SALES,SERVICES,US,USD,NET45,ACH,ACTIVE,ACH,USD,COMPLETED,SETTLED,ACH_DEBIT,USD,DEBIT,POSTED,__MISSING__,__MISSING__,PAYMENT,4069.5100000000002,3699.5500000000002,369.95999999999998,0,234,45,2,4,62,3699.5500000000002,66.25,4069.5100000000002,3699.5500000000002,369.95999999999998,0,256,4,62,3699.5500000000002,4069.5100000000002,189,1,4069.5100000000002,1,4069.5100000000002,1,4069.5100000000002,186,1,2,1,4069.5100000000002,4069.5100000000002,4069.5100000000002,4069.5100000000002,1,0,,0,0,2,2,30,4,135,0,0.84615384615384615,2,10.31,0,0,0,1,1,0,0,0,0,0,0,0,0,0,0,0,0,0,0,0,0,22,45,0,,1,1,1,1,1,0,1,1,1,1,1,1,1,1,1,1,1,1,1,1,1,1,-1,-1,-1,1,0,0,0,0,0,0,0,0,0,0,0,0,0,0,0,1,1,1,1,1
RCA_000796,PAYMENT,USD,PAID,NET45,PEOPLE,660100-PEOPLE,USD,ISSUED,PEOPLE,660100-PEOPLE,PROFESSIONAL,US,USD,NET45,WIRE,ACTIVE,WIRE,USD,COMPLETED,SETTLED,WIRE_DEBIT,USD,DEBIT,POSTED,__MISSING__,__MISSING__,PAYMENT,4057.8099999999999,3774.71,283.10000000000002,0,265,45,3,2,24,3774.71,390.91499999999996,4057.8099999999999,3774.71,283.10000000000002,0,272,2,24,3774.71,4057.8099999999999,220,1,4057.8099999999999,1,4057.8099999999999,1,4057.8099999999999,218,1,2,1,4057.8099999999999,4057.8099999999999,4057.8099999999999,4057.8099999999999,1,0,,0,0,0,0,29,4,10,0,0.84615384615384615,31,284.67000000000002,0,0,0,1,1,0,0,0,0,0,0,0,0,0,0,0,0,0,0,0,0,7,45,0,,1,1,1,1,1,0,1,1,1,1,1,1,1,1,1,1,1,1,1,1,1,0,-1,-1,-1,1,0,0,0,0,0,0,0,0,0,0,0,0,0,0,1,1,1,1,1,1
RCA_000797,PAYMENT,USD,PAID,NET30,FINANCE,630100-FINANCE,__MISSING__,__MISSING__,__MISSING__,__MISSING__,SUPPLIER,US,USD,NET30,ACH,ON_HOLD,ACH,USD,COMPLETED,SETTLED,ACH_DEBIT,USD,DEBIT,POSTED,__MISSING__,__MISSING__,PAYMENT,8500.2999999999993,7907.2600000000002,593.03999999999996,0,33,30,0,1,2,7907.2600000000002,3953.6300000000001,,,,,,0,0,0,8500.2999999999993,15,1,8500.2999999999993,1,8500.2999999999993,1,8500.2999999999993,12,1,2,1,8500.2999999999993,8500.2999999999993,8500.2999999999993,8500.2999999999993,1,0,,0,0,0,0,29,4,0,0,,,,0,0,0,1,1,,,,,,,0,0,0,0,0,0,0,0,0,0,,18,0,,0,-1,-1,-1,1,0,-1,1,1,1,1,1,1,1,1,1,1,1,1,1,1,0,-1,-1,-1,1,0,0,0,0,0,0,0,0,0,0,0,0,0,0,1,1,1,1,1,1
RCA_000798,PAYMENT,EUR,PAID,NET30,SALES,640100-SALES,__MISSING__,__MISSING__,__MISSING__,__MISSING__,LOGISTICS,DE,EUR,NET30,ACH,ACTIVE,ACH,EUR,COMPLETED,SETTLED,ACH_DEBIT,EUR,DEBIT,POSTED,__MISSING__,__MISSING__,PAYMENT,2231.2199999999998,2028.3800000000001,202.84,0,296,30,1,2,22,2028.3800000000001,98.830000000000013,,,,,,0,0,0,2231.2199999999998,266,1,2231.2199999999998,1,2231.2199999999998,1,2231.2199999999998,263,1,2,1,2231.2199999999998,2231.2199999999998,2231.2199999999998,2231.2199999999998,1,0,,0,0,0,0,29,4,14,0,0.92307692307692313,10,900.69000000000005,0,0,0,1,1,,,,,,,0,0,0,0,0,0,0,0,0,0,,30,0,,0,-1,-1,-1,1,0,-1,1,1,1,1,1,1,1,1,1,1,1,1,1,1,0,-1,-1,-1,1,0,0,0,0,0,0,0,0,0,0,0,0,0,0,1,1,1,1,1,1
RCA_000799,PAYMENT,USD,PAID,NET45,ENGINEERING,610100-ENGINEERING,__MISSING__,__MISSING__,__MISSING__,__MISSING__,PROFESSIONAL,US,USD,NET45,ACH,ACTIVE,ACH,USD,COMPLETED,SETTLED,ACH_DEBIT,USD,DEBIT,POSTED,__MISSING__,__MISSING__,PAYMENT,849.20000000000005,789.95000000000005,59.25,0,32,45,2,1,5,789.95000000000005,157.99000000000001,,,,,,0,0,0,509.51999999999998,15,2,849.20000000000005,1,849.20000000000005,2,509.51999999999998,12,1,4,2,861.76999999999998,861.76999999999998,861.76999999999998,861.76999999999998,1,0,,0,0,0,0,30,4,6,0,0.76923076923076916,119,277.85000000000002,0,0,0,1,1,,,,,,,0,0,0,0,0,0,0,352.25,352.25,0,,17,0,,0,-1,-1,-1,1,0,-1,1,1,1,1,1,1,1,1,1,1,1,1,1,1,0,-1,-1,-1,1,0,0,0,0,0,0,0,0,0,0,0,0,0,0,1,1,2,2,1,1
RCA_000800,PAYMENT,EUR,PAID,DUE_ON_RECEIPT,IT,680100-IT,EUR,ISSUED,IT,680100-IT,SERVICES,DE,EUR,DUE_ON_RECEIPT,ACH,ACTIVE,ACH,EUR,COMPLETED,SETTLED,ACH_DEBIT,EUR,DEBIT,POSTED,MANAGER,APPROVED,PAYMENT,13368.34,12428.379999999999,932.13,7.8300000000000001,262,0,2,2,17,12428.379999999999,1911.4200000000001,13368.34,12428.379999999999,932.13,7.8300000000000001,287,2,17,12428.379999999999,13368.34,257,1,13368.34,1,13368.34,1,13368.34,252,1,2,1,13368.34,13368.34,13368.34,13368.34,2,1,1,1,0,2,1,29,4,49,0,0.84615384615384615,6,325.30000000000001,0,0,0,1,1,0,0,0,0,0,0,0,0,0,0,0,0,0,0,0,0,25,5,0,2700,1,1,1,1,1,0,1,1,1,1,1,1,1,1,1,1,1,1,1,1,1,1,1,1,1,1,0,0,0,0,0,0,0,0,0,0,0,0,0,0,0,1,1,1,1,1
RCA_000802,PAYMENT,USD,PAID,NET30,SALES,640100-SALES,USD,ISSUED,SALES,640100-SALES,SUPPLIER,US,USD,NET30,ACH,ACTIVE,ACH,USD,COMPLETED,SETTLED,ACH_DEBIT,USD,DEBIT,POSTED,MANAGER,APPROVED,PAYMENT,4425.6700000000001,4102.0900000000001,307.66000000000003,15.92,415,30,3,4,71,4102.0900000000001,65.907499999999999,4425.6700000000001,4102.0900000000001,307.66000000000003,15.92,439,4,71,4102.0900000000001,4425.6700000000001,385,1,4425.6700000000001,1,4425.6700000000001,1,4425.6700000000001,382,1,2,1,4589.4200000000001,4589.4200000000001,4589.4200000000001,4589.4200000000001,2,1,1,1,0,0,0,29,4,60,0,0.84615384615384615,0,108.25,0,0,0,1,1,0,0,0,0,0,0,0,0,0,0,0,0,0,163.75,163.75,0,24,30,0,37260,1,1,1,1,1,0,1,1,1,1,1,1,1,1,1,1,1,1,1,1,1,0,1,1,1,1,0,0,0,0,0,0,0,0,0,0,0,0,0,0,1,1,1,1,1,1
RCA_000803,PAYMENT,USD,PAID,NET45,LEGAL,670100-LEGAL,__MISSING__,__MISSING__,__MISSING__,__MISSING__,SUPPLIER,US,USD,NET45,ACH,ACTIVE,ACH,USD,COMPLETED,SETTLED,ACH_DEBIT,USD,DEBIT,POSTED,MANAGER,APPROVED,PAYMENT,8964.8899999999994,8964.8899999999994,0,0,494,45,2,3,26,8964.8899999999994,504.13999999999993,,,,,,0,0,0,8964.8899999999994,449,1,8964.8899999999994,1,8964.8899999999994,1,8964.8899999999994,446,1,2,1,9296.5900000000001,9296.5900000000001,9296.5900000000001,9296.5900000000001,2,1,1,1,0,0,0,33,4,8,0,0.76923076923076916,14,2251.7800000000002,0,0,0,1,1,,,,,,,0,0,0,0,0,0,0,331.69999999999999,331.69999999999999,0,,45,0,60300,0,-1,-1,-1,1,0,-1,1,1,1,1,1,1,1,1,1,1,1,1,1,1,0,1,1,1,1,0,0,0,0,0,0,0,0,0,0,0,0,0,0,1,1,1,1,1,1
RCA_000804,PAYMENT,USD,PAID,NET30,IT,680100-IT,USD,ISSUED,IT,680100-IT,SOFTWARE,US,USD,NET30,VIRTUAL_CARD,ACTIVE,VIRTUAL_CARD,USD,COMPLETED,SETTLED,CARD_SETTLEMENT,USD,DEBIT,POSTED,DIRECTOR,APPROVED,PAYMENT,16266.9,16259.969999999999,0,6.9299999999999997,361,30,3,2,20,16259.969999999999,635.38499999999999,16266.9,16259.969999999999,0,6.9299999999999997,362,2,20,16259.969999999999,6506.7600000000002,328,2,16266.9,1,16266.9,2,9760.1399999999994,329,1,4,2,16507.650000000001,16507.650000000001,16507.650000000001,16507.650000000001,3,2,2,2,0,1,1,29,4,49,0,0.84615384615384615,11,683.25,0,0,0,1,1,0,0,0,0,0,0,0,0,0,0,3253.3800000000001,0.5,0,10000.889999999999,10000.889999999999,3253.3800000000001,1,33,-3,40080,1,1,1,1,1,0,1,1,1,1,1,1,1,1,1,1,1,1,1,1,1,1,1,1,1,1,0,0,0,0,0,0,0,0,0,0,0,0,0,0,0,1,2,2,1,1
RCA_000805,PAYMENT,EUR,PAID,NET30,MARKETING,650100-MARKETING,__MISSING__,__MISSING__,__MISSING__,__MISSING__,LOGISTICS,DE,EUR,NET30,ACH,ACTIVE,ACH,EUR,COMPLETED,SETTLED,ACH_DEBIT,EUR,DEBIT,POSTED,MANAGER,APPROVED,PAYMENT,9914.2000000000007,9914.2000000000007,0,0,169,30,0,1,2,9914.2000000000007,4957.1000000000004,,,,,,0,0,0,11226.780000000001,139,2,11226.780000000001,2,11226.780000000001,1,11226.780000000001,134,1,2,1,11642.17,11642.17,11642.17,11642.17,4,2,1,1,0,0,0,29,4,14,0,0.76923076923076916,38,1474.6900000000001,0,0,0,1,1,,,,,,,0,0,0,0,0,0,0,415.38999999999999,415.38999999999999,0,,30,0,41580,0,-1,-1,-1,1,0,-1,1,1,1,1,1,1,1,1,1,1,1,1,1,1,0,1,1,1,1,0,0,0,0,0,0,0,0,0,0,0,0,0,0,1,2,1,1,1,1
RCA_000806,PAYMENT,EUR,PAID,DUE_ON_RECEIPT,PEOPLE,660100-PEOPLE,EUR,ISSUED,PEOPLE,660100-PEOPLE,SERVICES,DE,EUR,DUE_ON_RECEIPT,ACH,ACTIVE,ACH,EUR,COMPLETED,SETTLED,ACH_DEBIT,EUR,DEBIT,POSTED,MANAGER,APPROVED,PAYMENT,2904.75,2596.79,259.68000000000001,48.280000000000001,251,0,5,4,42,2596.79,124.6875,2904.75,2596.79,259.68000000000001,48.280000000000001,269,4,42,2596.79,1161.9000000000001,241,2,2904.75,1,2904.75,2,1742.8499999999999,239,1,4,2,2947.7399999999998,2947.7399999999998,2947.7399999999998,2947.7399999999998,2,1,1,1,0,2,1,29,4,49,0,0.84615384615384615,5,181.55000000000001,0,0,0,1,1,0,0,0,0,0,0,0,0,0,0,580.95000000000005,0.5,0,1785.8399999999999,1785.8399999999999,580.95000000000005,18,10,-3,5580,1,1,1,1,1,0,1,1,1,1,1,1,1,1,1,1,1,1,1,0,1,1,1,1,1,1,0,0,0,0,0,0,0,0,0,0,0,0,0,0,0,1,2,2,1,1
RCA_000809,PAYMENT,USD,PAID,NET45,PEOPLE,660100-PEOPLE,USD,ISSUED,PEOPLE,660100-PEOPLE,SOFTWARE,US,USD,NET45,ACH,ACTIVE,ACH,USD,COMPLETED,SETTLED,ACH_DEBIT,USD,DEBIT,POSTED,MANAGER,APPROVED,PAYMENT,8021.8000000000002,7462.1400000000003,559.65999999999997,0,228,45,2,2,30,7462.1400000000003,329.48999999999995,8021.8000000000002,7462.1400000000003,559.65999999999997,0,257,2,30,7462.1400000000003,11286.23,183,2,11286.23,2,11286.23,1,11286.23,180,1,2,1,11703.82,11703.82,11703.82,11703.82,4,2,1,1,0,1,0,30,4,350,0,0.92307692307692313,2,39.259999999999998,0,0,0,1,1,0,0,0,0,0,0,0,0,0,0,0,0,0,417.58999999999997,417.58999999999997,0,29,45,0,60300,1,1,1,1,1,0,1,1,1,1,1,1,1,1,1,1,1,1,1,1,1,1,1,1,1,1,0,0,0,0,0,0,0,0,0,0,0,0,0,0,0,2,1,1,1,1
RCA_000810,PAYMENT,GBP,PAID,NET45,IT,680100-IT,__MISSING__,__MISSING__,__MISSING__,__MISSING__,SUPPLIER,US,GBP,NET45,ACH,ACTIVE,ACH,GBP,COMPLETED,SETTLED,ACH_DEBIT,GBP,DEBIT,POSTED,MANAGER,APPROVED,PAYMENT,9794.7999999999993,9111.4400000000005,683.36000000000001,0,100,45,4,2,9,9111.4400000000005,2213.5900000000001,,,,,,0,0,0,3917.9200000000001,52,2,9794.7999999999993,1,9794.7999999999993,2,5876.8800000000001,50,1,4,2,9939.7600000000002,9939.7600000000002,9939.7600000000002,9939.7600000000002,2,1,1,1,0,0,0,32,4,11,0,0.76923076923076916,26,1147.8399999999999,0,0,0,1,1,,,,,,,0,0,0,0,1958.96,0.5,0,6021.8400000000001,6021.8400000000001,1958.96,,48,-3,61740,0,-1,-1,-1,1,0,-1,1,1,1,1,1,1,1,1,1,1,1,1,1,1,0,1,1,1,1,0,0,0,0,0,0,0,0,0,0,0,0,0,0,1,1,2,2,1,1
RCA_000811,PAYMENT,EUR,PAID,NET60,ENGINEERING,610100-ENGINEERING,EUR,ISSUED,ENGINEERING,610100-ENGINEERING,LOGISTICS,DE,EUR,NET60,ACH,ACTIVE,ACH,EUR,COMPLETED,SETTLED,ACH_DEBIT,EUR,DEBIT,POSTED,DIRECTOR,APPROVED,PAYMENT,13914.74,12943.940000000001,970.79999999999995,0,405,60,1,2,26,12943.940000000001,774.71499999999992,13914.74,12943.940000000001,970.79999999999995,0,421,2,26,12943.940000000001,8348.8400000000001,345,2,13914.74,1,13914.74,2,8348.8400000000001,342,1,4,2,14223.65,14223.65,14223.65,14223.65,3,2,2,2,0,0,0,32,4,14,0,0.92307692307692313,28,263.25999999999999,0,0,0,1,1,0,0,0,0,0,0,0,0,0,0,0,0,0,5874.8100000000004,5874.8100000000004,0,16,60,0,81840,1,1,1,1,1,0,1,1,1,1,1,1,1,1,1,1,1,1,1,0,1,0,1,1,1,1,0,0,0,0,0,0,0,0,0,0,0,0,0,0,1,1,2,2,1,1
RCA_000814,PAYMENT,USD,PAID,NET30,OPERATIONS,620100-OPERATIONS,USD,ISSUED,OPERATIONS,620100-OPERATIONS,SERVICES,US,USD,NET30,WIRE,ACTIVE,WIRE,USD,COMPLETED,SETTLED,WIRE_DEBIT,USD,DEBIT,POSTED,MANAGER,APPROVED,PAYMENT,1892.8900000000001,1737.24,130.28999999999999,25.359999999999999,436,30,0,4,55,1737.24,33.505000000000003,1892.8900000000001,1737.24,130.28999999999999,25.359999999999999,436,4,55,1737.24,1892.8900000000001,406,1,1892.8900000000001,1,1892.8900000000001,1,1892.8900000000001,405,1,2,1,1962.9300000000001,1962.9300000000001,1962.9300000000001,1962.9300000000001,2,1,1,1,0,0,0,31,4,6,0,0.84615384615384615,55,218.62,0,0,0,1,1,0,0,0,0,0,0,0,0,0,0,0,0,0,70.040000000000006,70.040000000000006,0,0,30,0,41580,1,1,1,1,1,0,1,1,1,1,1,1,1,1,1,1,1,1,1,1,1,0,1,1,1,1,0,0,0,0,0,0,0,0,0,0,0,0,0,0,1,1,1,1,1,1
RCA_000815,PAYMENT,EUR,PAID,NET30,IT,680100-IT,EUR,ISSUED,IT,680100-IT,LOGISTICS,DE,EUR,NET30,ACH,ACTIVE,ACH,EUR,COMPLETED,SETTLED,ACH_DEBIT,EUR,DEBIT,POSTED,MANAGER,APPROVED,PAYMENT,7702.6899999999996,7692.4700000000003,0,10.220000000000001,95,30,4,3,9,7692.4700000000003,2273.6366666666668,7702.6899999999996,7692.4700000000003,0,10.220000000000001,113,3,9,7692.4700000000003,8826.2600000000002,65,2,8826.2600000000002,2,8826.2600000000002,1,8826.2600000000002,62,1,2,1,9152.8299999999999,9152.8299999999999,9152.8299999999999,9152.8299999999999,4,2,1,1,0,0,0,29,4,14,0,0.76923076923076916,74,210.78,0,0,0,1,1,0,0,0,0,0,0,0,0,0,0,0,0,0,326.56999999999999,326.56999999999999,0,18,30,0,35820,1,1,1,1,1,0,1,1,1,1,1,1,1,1,1,1,1,1,1,1,1,0,1,1,1,1,0,0,0,0,0,0,0,0,0,0,0,0,0,0,1,2,1,1,1,1
RCA_000816,PAYMENT,USD,PAID,NET60,PEOPLE,660100-PEOPLE,__MISSING__,__MISSING__,__MISSING__,__MISSING__,SERVICES,US,USD,NET60,ACH,ACTIVE,ACH,USD,COMPLETED,SETTLED,ACH_DEBIT,USD,DEBIT,POSTED,MANAGER,APPROVED,PAYMENT,3524.4400000000001,3278.5500000000002,245.88999999999999,0,375,60,4,3,21,3278.5500000000002,142.72666666666666,,,,,,0,0,0,3524.4400000000001,315,1,3524.4400000000001,1,3524.4400000000001,1,3524.4400000000001,312,1,2,1,3654.8400000000001,3654.8400000000001,3654.8400000000001,3654.8400000000001,2,1,1,1,0,1,0,30,4,43,0,0.84615384615384615,4,34.100000000000001,0,0,0,1,1,,,,,,,0,0,0,0,0,0,0,130.40000000000001,130.40000000000001,0,,60,0,79020,0,-1,-1,-1,1,0,-1,1,1,1,1,1,1,1,1,1,1,1,1,1,1,1,1,1,1,1,0,0,0,0,0,0,0,0,0,0,0,0,0,0,0,1,1,1,1,1
RCA_000818,PAYMENT,USD,PAID,NET30,OPERATIONS,620100-OPERATIONS,USD,ISSUED,OPERATIONS,620100-OPERATIONS,SUPPLIER,US,USD,NET30,ACH,ACTIVE,ACH,USD,COMPLETED,SETTLED,ACH_DEBIT,USD,DEBIT,POSTED,MANAGER,APPROVED,PAYMENT,2746.2800000000002,2554.6799999999998,191.59999999999999,0,56,30,0,2,26,2554.6799999999998,272.37,2746.2800000000002,2554.6799999999998,191.59999999999999,0,78,2,26,2554.6799999999998,1098.51,23,2,2746.2800000000002,1,2746.2800000000002,2,1647.77,21,1,4,2,2786.9200000000001,2786.9200000000001,2786.9200000000001,2786.9200000000001,2,1,1,1,0,0,0,29,4,60,0,0.84615384615384615,5,79.859999999999999,0,0,0,1,1,0,0,0,0,0,0,0,0,0,0,549.25999999999999,0.50000455161992152,0,1688.4100000000001,1688.4100000000001,549.25999999999999,22,33,-3,45900,1,1,1,1,1,0,1,1,1,1,1,1,1,1,1,1,1,1,1,1,1,0,1,1,1,1,0,0,0,0,0,0,0,0,0,0,0,0,0,0,1,1,2,2,1,1
RCA_000819,PAYMENT,USD,PAID,NET45,LEGAL,670100-LEGAL,USD,ISSUED,LEGAL,670100-LEGAL,SOFTWARE,US,USD,NET45,ACH,ACTIVE,ACH,USD,COMPLETED,SETTLED,ACH_DEBIT,USD,DEBIT,POSTED,MANAGER,APPROVED,PAYMENT,2481.9099999999999,2212.3600000000001,165.93000000000001,103.62,358,45,3,1,4,2212.3600000000001,553.09000000000003,2481.9099999999999,2212.3600000000001,165.93000000000001,103.62,360,1,4,2212.3600000000001,8870.9500000000007,313,2,8870.9500000000007,2,8870.9500000000007,1,8870.9500000000007,308,1,2,1,9199.1800000000003,9199.1800000000003,9199.1800000000003,9199.1800000000003,4,2,1,1,0,1,0,30,4,350,0,0.92307692307692313,1,18.120000000000001,0,0,0,1,1,0,0,0,0,0,0,0,0,0,0,0,0,0,328.23000000000002,328.23000000000002,0,2,45,0,58860,1,1,1,1,1,0,1,1,1,1,1,1,1,1,1,1,1,1,1,1,1,1,1,1,1,1,0,0,0,0,0,0,0,0,0,0,0,0,0,0,0,2,1,1,1,1
RCA_000820,PAYMENT,USD,PAID,NET15,IT,680100-IT,USD,ISSUED,IT,680100-IT,SOFTWARE,US,USD,NET15,ACH,ACTIVE,ACH,USD,COMPLETED,SETTLED,ACH_DEBIT,USD,DEBIT,POSTED,DIRECTOR,APPROVED,PAYMENT,14937.18,14937.18,0,0,518,15,0,3,51,14937.18,251.17999999999998,14937.18,14937.18,0,0,539,3,51,14937.18,27337.689999999999,15,2,27337.689999999999,2,27337.689999999999,1,27337.689999999999,12,1,2,1,28349.18,28349.18,28349.18,28349.18,6,4,2,2,0,2,2,27,4,300,0,0.92307692307692313,1,111.70999999999999,0,0,0,1,1,0,0,0,0,0,0,0,0,0,0,0,0,0,1011.49,1011.49,0,21,503,0,8400,1,1,1,1,1,0,1,1,1,1,1,1,1,1,1,1,1,1,1,1,1,1,1,1,1,1,0,0,0,0,0,0,0,0,0,0,0,0,0,0,0,2,1,1,1,1
RCA_000821,PAYMENT,USD,PAID,DUE_ON_RECEIPT,FINANCE,630100-FINANCE,USD,ISSUED,FINANCE,630100-FINANCE,SUPPLIER,US,USD,DUE_ON_RECEIPT,ACH,ACTIVE,ACH,USD,COMPLETED,SETTLED,ACH_DEBIT,USD,DEBIT,POSTED,MANAGER,APPROVED,PAYMENT,1905.8199999999999,1815.0699999999999,90.75,0,186,0,3,1,19,1815.0699999999999,95.530000000000001,1905.8199999999999,1815.0699999999999,90.75,0,194,1,19,1815.0699999999999,762.33000000000004,178,2,1905.8199999999999,1,1905.8199999999999,2,1143.49,176,1,4,2,1934.03,1934.03,1934.03,1934.03,2,1,1,1,0,0,0,32,4,6,0,0.76923076923076916,11,408.88999999999999,0,0,0,1,1,0,0,0,0,0,0,0,0,0,0,381.16000000000003,0.4999934411606522,0,1171.7,1171.7,381.16000000000003,8,8,-3,5580,1,1,1,1,1,0,1,1,1,1,1,1,1,1,1,1,1,1,1,0,1,0,1,1,1,1,0,0,0,0,0,0,0,0,0,0,0,0,0,0,1,1,2,2,1,1
RCA_000824,PAYMENT,EUR,PAID,NET30,ENGINEERING,610100-ENGINEERING,__MISSING__,__MISSING__,__MISSING__,__MISSING__,SERVICES,DE,EUR,NET30,CHECK,ACTIVE,CHECK,EUR,COMPLETED,SETTLED,CHECK_CLEARING,EUR,DEBIT,POSTED,MANAGER,APPROVED,PAYMENT,9566.3799999999992,8898.9599999999991,667.41999999999996,0,465,30,2,3,20,8898.9599999999991,434.81666666666666,,,,,,0,0,0,5739.8299999999999,435,2,9566.3799999999992,1,9566.3799999999992,2,5739.8299999999999,421,1,4,2,9778.75,9778.75,9778.75,9778.75,2,1,1,1,0,0,0,29,4,67,0,0.84615384615384615,2,77.469999999999999,0,0,0,1,1,,,,,,,0,0,0,0,0,0,0,4038.9200000000001,4038.9200000000001,0,,30,0,38700,0,-1,-1,-1,1,0,-1,1,1,1,1,1,1,1,1,1,1,1,1,1,1,0,1,1,1,1,0,0,0,0,0,0,0,0,0,0,0,0,0,0,1,1,2,2,1,1
RCA_000826,PAYMENT,USD,PAID,NET30,ENGINEERING,610100-ENGINEERING,__MISSING__,__MISSING__,__MISSING__,__MISSING__,SUPPLIER,US,USD,NET30,ACH,ACTIVE,ACH,USD,COMPLETED,SETTLED,ACH_DEBIT,USD,DEBIT,POSTED,MANAGER,APPROVED,PAYMENT,4288.0799999999999,4288.0799999999999,0,0,415,30,5,1,8,4288.0799999999999,536.00999999999999,,,,,,0,0,0,2572.8499999999999,385,2,4288.0799999999999,1,4288.0799999999999,2,2572.8499999999999,382,1,4,2,4383.2799999999997,4383.2799999999997,4383.2799999999997,4383.2799999999997,2,1,1,1,0,0,0,29,4,60,0,0.84615384615384615,0,21.649999999999999,0,0,0,1,1,,,,,,,0,0,0,0,0,0,0,1810.4300000000001,1810.4300000000001,0,,30,0,34380,0,-1,-1,-1,1,0,-1,1,1,1,1,1,1,1,1,1,1,1,1,1,1,0,1,1,1,1,0,0,0,0,0,0,0,0,0,0,0,0,0,0,1,1,2,2,1,1
RCA_000828,PAYMENT,USD,PAID,NET45,ENGINEERING,610100-ENGINEERING,USD,ISSUED,ENGINEERING,610100-ENGINEERING,SUPPLIER,US,USD,NET45,CHECK,ACTIVE,CHECK,USD,COMPLETED,SETTLED,CHECK_CLEARING,USD,DEBIT,POSTED,MANAGER,APPROVED,PAYMENT,7058.8999999999996,6722.7600000000002,336.13999999999999,0,514,45,0,1,22,6722.7600000000002,305.57999999999998,7058.8999999999996,6722.7600000000002,336.13999999999999,0,525,1,22,6722.7600000000002,4235.3400000000001,469,2,7058.8999999999996,1,7058.8999999999996,2,4235.3400000000001,455,1,4,2,7215.6099999999997,7215.6099999999997,7215.6099999999997,7215.6099999999997,2,1,1,1,0,0,0,31,4,22,0,0.92307692307692313,28,24.640000000000001,0,0,0,1,1,0,0,0,0,0,0,0,0,0,0,0,0,0,2980.27,2980.27,0,11,45,0,63180,1,1,1,1,1,0,1,1,1,1,1,1,1,1,1,1,1,1,1,1,1,0,1,1,1,1,0,0,0,0,0,0,0,0,0,0,0,0,0,0,1,1,2,2,1,1
RCA_000829,PAYMENT,USD,PAID,NET45,FINANCE,630100-FINANCE,USD,ISSUED,FINANCE,630100-FINANCE,SUPPLIER,US,USD,NET45,ACH,ACTIVE,ACH,USD,COMPLETED,SETTLED,ACH_DEBIT,USD,DEBIT,POSTED,MANAGER,APPROVED,PAYMENT,4096.5500000000002,3763.0799999999999,282.23000000000002,51.240000000000002,148,45,1,4,42,3763.0799999999999,174.44749999999999,4096.5500000000002,3763.0799999999999,282.23000000000002,51.240000000000002,165,4,42,3763.0799999999999,4509.2799999999997,103,2,4509.2799999999997,2,4509.2799999999997,1,4509.2799999999997,98,1,2,1,4676.1199999999999,4676.1199999999999,4676.1199999999999,4676.1199999999999,4,2,1,2,0,0,0,31,4,44,0,0.84615384615384615,15,29.129999999999999,0,0,0,1,1,0,0,0,0,0,0,0,0,0,0,0,0,0,166.84,166.84,0,17,45,0,61740,1,1,1,1,1,0,1,1,1,1,1,1,1,1,1,1,1,1,1,1,1,0,1,1,1,1,0,0,0,0,0,0,0,0,0,0,0,0,0,0,1,2,1,1,1,1
RCA_000833,PAYMENT,USD,PAID,NET30,MARKETING,650100-MARKETING,USD,ISSUED,MARKETING,650100-MARKETING,LOGISTICS,US,USD,NET30,ACH,ACTIVE,ACH,USD,COMPLETED,SETTLED,ACH_DEBIT,USD,DEBIT,POSTED,DIRECTOR,APPROVED,PAYMENT,10688.299999999999,9942.6000000000004,745.70000000000005,0,251,30,0,1,20,9942.6000000000004,497.13,10688.299999999999,9942.6000000000004,745.70000000000005,0,252,1,20,9942.6000000000004,6412.9799999999996,221,2,10688.299999999999,1,10688.299999999999,2,6412.9799999999996,216,1,4,2,10925.58,10925.58,10925.58,10925.58,3,2,2,2,0,0,0,27,4,3,0,0.69230769230769229,99,413.52999999999997,0,0,0,1,1,0,0,0,0,0,0,0,0,0,0,0,0,0,4512.6000000000004,4512.6000000000004,0,1,30,0,40080,1,1,1,1,1,0,1,1,1,1,1,1,1,1,1,1,1,1,1,1,1,0,1,1,1,1,0,0,0,0,0,0,0,0,0,0,0,0,0,0,1,1,2,2,1,1
RCA_000837,PAYMENT,USD,PAID,NET15,PEOPLE,660100-PEOPLE,USD,ISSUED,PEOPLE,660100-PEOPLE,PROFESSIONAL,US,USD,NET15,ACH,ACTIVE,ACH,USD,COMPLETED,SETTLED,ACH_DEBIT,USD,DEBIT,POSTED,MANAGER,APPROVED,PAYMENT,1526.27,1526.27,0,0,394,15,1,1,19,1526.27,80.329999999999998,1526.27,1526.27,0,0,405,1,19,1526.27,1526.27,379,1,1526.27,1,1526.27,1,1526.27,376,1,2,1,1582.74,1582.74,1582.74,1582.74,2,1,1,1,0,2,1,31,4,90,0,0.84615384615384615,1,65.219999999999999,0,0,0,1,1,0,0,0,0,0,0,0,0,0,0,0,0,0,56.469999999999999,56.469999999999999,0,11,15,0,18540,1,1,1,1,1,0,1,1,1,1,1,1,1,1,1,1,1,1,1,1,1,1,1,1,1,1,0,0,0,0,0,0,0,0,0,0,0,0,0,0,0,1,1,1,1,1
RCA_000838,PAYMENT,USD,PAID,NET45,PEOPLE,660100-PEOPLE,__MISSING__,__MISSING__,__MISSING__,__MISSING__,SUPPLIER,US,USD,NET45,ACH,ACTIVE,ACH,USD,COMPLETED,SETTLED,ACH_DEBIT,USD,DEBIT,POSTED,MANAGER,APPROVED,PAYMENT,1892.02,1760.02,132,0,51,45,3,2,16,1760.02,137.34999999999999,,,,,,0,0,0,3533.5599999999999,15,2,3533.5599999999999,2,3533.5599999999999,1,3533.5599999999999,12,1,2,1,3664.3000000000002,3664.3000000000002,3664.3000000000002,3664.3000000000002,4,2,1,1,0,0,0,31,4,44,0,0.84615384615384615,13,3.3300000000000001,0,0,0,1,1,,,,,,,0,0,0,0,0,0,0,130.74000000000001,130.74000000000001,0,,36,0,45900,0,-1,-1,-1,1,0,-1,1,1,1,1,1,1,1,1,1,1,1,1,1,1,0,1,1,1,1,0,0,0,0,0,0,0,0,0,0,0,0,0,0,1,2,1,1,1,1
RCA_000844,PAYMENT,USD,PAID,NET15,OPERATIONS,620100-OPERATIONS,USD,ISSUED,OPERATIONS,620100-OPERATIONS,SOFTWARE,US,USD,NET15,ACH,ACTIVE,ACH,USD,COMPLETED,SETTLED,ACH_DEBIT,USD,DEBIT,POSTED,MANAGER,APPROVED,PAYMENT,990.74000000000001,921.62,69.120000000000005,0,414,15,4,1,14,921.62,65.829999999999998,990.74000000000001,921.62,69.120000000000005,0,427,1,14,921.62,10380.700000000001,82,2,10380.700000000001,2,10380.700000000001,1,10380.700000000001,77,1,2,1,10764.790000000001,10764.790000000001,10764.790000000001,10764.790000000001,4,2,1,1,0,2,2,27,4,300,0,0.84615384615384615,0,36.039999999999999,0,0,0,1,1,0,0,0,0,0,0,0,0,0,0,0,0,0,384.08999999999997,384.08999999999997,0,13,332,0,18540,1,1,1,1,1,0,1,1,1,1,1,1,1,1,1,1,1,1,1,1,1,1,1,1,1,1,0,0,0,0,0,0,0,0,0,0,0,0,0,0,0,2,1,1,1,1
RCA_000847,PAYMENT,JPY,PAID,NET30,LEGAL,670100-LEGAL,JPY,ISSUED,LEGAL,670100-LEGAL,SERVICES,JP,JPY,NET30,ACH,ACTIVE,ACH,JPY,COMPLETED,SETTLED,ACH_DEBIT,JPY,DEBIT,POSTED,DIRECTOR,APPROVED,PAYMENT,13526,12582,944,0,220,30,4,1,18,12582,699,13526,12582,944,0,237,1,18,12582,8116,190,2,13526,1,13526,2,8116,187,1,4,2,13826,13826,13826,13826,3,2,2,2,0,0,0,25,4,4,0,0.84615384615384615,118,5638,0,0,0,1,1,0,0,0,0,0,0,0,0,0,0,0,0,0,5710,5710,0,17,30,0,34320,1,1,1,1,1,0,1,1,1,1,1,1,1,1,1,1,1,1,1,1,1,0,1,1,1,1,0,0,0,0,0,0,0,0,0,0,0,0,0,0,1,1,2,2,1,1
RCA_000849,PAYMENT,CAD,PAID,NET30,OPERATIONS,620100-OPERATIONS,__MISSING__,__MISSING__,__MISSING__,__MISSING__,SERVICES,US,CAD,NET30,ACH,ACTIVE,ACH,CAD,COMPLETED,SETTLED,ACH_DEBIT,CAD,DEBIT,POSTED,MANAGER,APPROVED,PAYMENT,4125.6300000000001,3750.5700000000002,375.06,0,397,30,3,2,13,3750.5700000000002,295.48500000000001,,,,,,0,0,0,4125.6300000000001,367,1,4125.6300000000001,1,4125.6300000000001,1,4125.6300000000001,363,1,2,1,4278.2799999999997,4278.2799999999997,4278.2799999999997,4278.2799999999997,2,1,1,1,0,1,0,30,4,20,0,0.84615384615384615,32,430.44999999999999,0,0,0,1,1,,,,,,,0,0,0,0,0,0,0,152.65000000000001,152.65000000000001,0,,30,0,37260,0,-1,-1,-1,1,0,-1,1,1,1,1,1,1,1,1,1,1,1,1,1,1,1,1,1,1,1,0,0,0,0,0,0,0,0,0,0,0,0,0,0,0,1,1,1,1,1
RCA_000854,PAYMENT,USD,PAID,NET45,FINANCE,630100-FINANCE,USD,ISSUED,FINANCE,630100-FINANCE,PROFESSIONAL,US,USD,NET45,WIRE,ACTIVE,WIRE,USD,COMPLETED,SETTLED,WIRE_DEBIT,USD,DEBIT,POSTED,MANAGER,APPROVED,PAYMENT,4839.8400000000001,4399.8500000000004,439.99000000000001,0,213,45,5,3,40,4399.8500000000004,125.83333333333333,4839.8400000000001,4399.8500000000004,439.99000000000001,0,229,3,40,4399.8500000000004,2903.9000000000001,168,2,4839.8400000000001,1,4839.8400000000001,2,2903.9000000000001,167,1,4,2,4947.2799999999997,4947.2799999999997,4947.2799999999997,4947.2799999999997,2,1,1,1,0,0,0,31,4,24,0,0.84615384615384615,18,55.450000000000003,0,0,0,1,1,0,0,0,0,0,0,0,0,0,0,0,0,0,2043.3800000000001,2043.3800000000001,0,16,45,0,55980,1,1,1,1,1,0,1,1,1,1,1,1,1,1,1,1,1,1,1,1,1,0,1,1,1,1,0,0,0,0,0,0,0,0,0,0,0,0,0,0,1,1,2,2,1,1
RCA_000855,PAYMENT,USD,PAID,NET30,LEGAL,670100-LEGAL,__MISSING__,__MISSING__,__MISSING__,__MISSING__,SUPPLIER,US,USD,NET30,WIRE,ACTIVE,WIRE,USD,COMPLETED,SETTLED,WIRE_DEBIT,USD,DEBIT,POSTED,DIRECTOR,APPROVED,PAYMENT,19164.389999999999,17827.34,1337.05,0,437,30,2,2,5,17827.34,3740.5900000000001,,,,,,0,0,0,11498.629999999999,407,2,19164.389999999999,1,19164.389999999999,2,11498.629999999999,406,1,4,2,19589.84,19589.84,19589.84,19589.84,3,2,2,2,0,1,0,34,4,11,0,0.76923076923076916,26,2435.9200000000001,0,0,0,1,1,,,,,,,0,0,7665.7600000000002,0.40000020872044451,0,0,0,8091.21,8091.21,0,,30,0,37200,0,-1,-1,-1,1,0,-1,1,1,1,1,1,1,1,1,1,1,1,1,1,1,1,1,1,1,1,0,0,0,0,0,0,0,0,0,0,0,0,0,0,0,1,2,2,1,1
RCA_000856,PAYMENT,GBP,PAID,NET45,PEOPLE,660100-PEOPLE,__MISSING__,__MISSING__,__MISSING__,__MISSING__,SUPPLIER,US,GBP,NET45,ACH,ACTIVE,ACH,GBP,COMPLETED,SETTLED,ACH_DEBIT,GBP,DEBIT,POSTED,MANAGER,APPROVED,PAYMENT,713.97000000000003,664.15999999999997,49.810000000000002,0,56,45,3,2,7,664.15999999999997,88.480000000000004,,,,,,0,0,0,428.38,15,2,713.97000000000003,1,713.97000000000003,2,428.38,12,1,4,2,729.82000000000005,729.82000000000005,729.82000000000005,729.82000000000005,2,1,1,1,0,0,0,32,4,11,0,0.84615384615384615,6,650.41999999999996,0,0,0,1,1,,,,,,,0,0,0,0,0,0,0,301.44,301.44,0,,41,0,53100,0,-1,-1,-1,1,0,-1,1,1,1,1,1,1,1,1,1,1,1,1,1,1,0,1,1,1,1,0,0,0,0,0,0,0,0,0,0,0,0,0,0,1,1,2,2,1,1
RCA_000857,PAYMENT,USD,PAID,NET45,FINANCE,630100-FINANCE,__MISSING__,__MISSING__,__MISSING__,__MISSING__,SERVICES,US,USD,NET45,ACH,ACTIVE,ACH,USD,COMPLETED,SETTLED,ACH_DEBIT,USD,DEBIT,POSTED,MANAGER,APPROVED,PAYMENT,2035.96,1893.9200000000001,142.03999999999999,0,148,45,0,3,21,1893.9200000000001,98.153333333333322,,,,,,0,0,0,814.38,100,2,2035.96,1,2035.96,2,1221.5799999999999,98,1,4,2,2066.0900000000001,2066.0900000000001,2066.0900000000001,2066.0900000000001,2,1,1,1,0,2,2,30,4,135,0,0.84615384615384615,1,40.170000000000002,0,0,0,1,1,,,,,,,0,0,0,0,407.19999999999999,0.50001227927994307,0,1251.71,1251.71,407.19999999999999,,48,-3,67500,0,-1,-1,-1,1,0,-1,1,1,1,1,1,1,1,1,1,1,1,1,1,1,1,1,1,1,1,0,0,0,0,0,0,0,0,0,0,0,0,0,0,0,1,2,2,1,1
RCA_000858,PAYMENT,EUR,PAID,NET30,IT,680100-IT,EUR,ISSUED,IT,680100-IT,SOFTWARE,DE,EUR,NET30,ACH,ACTIVE,ACH,EUR,COMPLETED,SETTLED,ACH_DEBIT,EUR,DEBIT,POSTED,DIRECTOR,APPROVED,PAYMENT,21408.990000000002,19462.720000000001,1946.27,0,512,30,5,3,27,19462.720000000001,1608.6733333333334,21408.990000000002,19462.720000000001,1946.27,0,525,3,27,19462.720000000001,21408.990000000002,482,1,21408.990000000002,1,21408.990000000002,1,21408.990000000002,477,1,2,1,22201.119999999999,22201.119999999999,22201.119999999999,22201.119999999999,3,2,2,2,0,1,0,29,4,20,0,0.84615384615384615,24,5812.1599999999999,0,0,0,1,1,0,0,0,0,0,0,0,0,0,0,0,0,0,792.13,792.13,0,13,30,0,32880,1,1,1,1,1,0,1,1,1,1,1,1,1,1,1,1,1,1,1,1,1,1,1,1,1,1,0,0,0,0,0,0,0,0,0,0,0,0,0,0,0,1,1,1,1,1
RCA_000861,PAYMENT,USD,PAID,NET15,IT,680100-IT,__MISSING__,__MISSING__,__MISSING__,__MISSING__,SOFTWARE,US,USD,NET15,ACH,ACTIVE,ACH,USD,COMPLETED,SETTLED,ACH_DEBIT,USD,DEBIT,POSTED,DIRECTOR,APPROVED,PAYMENT,16244.540000000001,16244.540000000001,0,0,360,15,3,2,11,16244.540000000001,6832.1200000000008,,,,,,0,0,0,26589.040000000001,161,2,26589.040000000001,2,26589.040000000001,1,26589.040000000001,158,1,2,1,27572.830000000002,27572.830000000002,27572.830000000002,27572.830000000002,6,4,2,2,0,2,2,27,4,300,0,0.84615384615384615,2,320.00999999999999,0,0,0,1,1,,,,,,,0,0,0,0,0,0,0,983.78999999999996,983.78999999999996,0,,199,0,15600,0,-1,-1,-1,1,0,-1,1,1,1,1,1,1,1,1,1,1,1,1,1,1,1,1,1,1,1,0,0,0,0,0,0,0,0,0,0,0,0,0,0,0,2,1,1,1,1
RCA_000862,PAYMENT,USD,PAID,NET30,PEOPLE,660100-PEOPLE,USD,ISSUED,PEOPLE,660100-PEOPLE,PROFESSIONAL,US,USD,NET30,WIRE,ACTIVE,WIRE,USD,COMPLETED,SETTLED,WIRE_DEBIT,USD,DEBIT,POSTED,MANAGER,APPROVED,PAYMENT,1535,1400.6800000000001,105.05,29.27,66,30,3,4,53,1400.6800000000001,32.997500000000002,1535,1400.6800000000001,105.05,29.27,79,4,53,1400.6800000000001,921,36,2,1535,1,1535,2,921,35,1,4,2,1569.0799999999999,1569.0799999999999,1569.0799999999999,1569.0799999999999,2,1,1,1,0,0,0,31,4,6,0,0.76923076923076916,26,308.81,0,0,0,1,1,0,0,0,0,0,0,0,0,0,0,0,0,0,648.08000000000004,648.08000000000004,0,13,30,0,37260,1,1,1,1,1,0,1,1,1,1,1,1,1,1,1,1,1,1,1,1,1,0,1,1,1,1,0,0,0,0,0,0,0,0,0,0,0,0,0,0,1,1,2,2,1,1
RCA_000863,PAYMENT,EUR,PAID,NET30,SALES,640100-SALES,EUR,ISSUED,SALES,640100-SALES,SERVICES,DE,EUR,NET30,ACH,ACTIVE,ACH,EUR,COMPLETED,SETTLED,ACH_DEBIT,EUR,DEBIT,POSTED,MANAGER,APPROVED,PAYMENT,7800.0699999999997,7249,543.67999999999995,7.3899999999999997,430,30,1,2,23,7249,397.90000000000003,7800.0699999999997,7249,543.67999999999995,7.3899999999999997,444,2,23,7249,3120.0300000000002,397,2,7800.0699999999997,1,7800.0699999999997,2,4680.04,397,1,4,2,7915.5100000000002,7915.5100000000002,7915.5100000000002,7915.5100000000002,2,1,1,1,0,0,0,31,4,5,0,0.76923076923076916,30,286.49000000000001,0,0,0,1,1,0,0,0,0,0,0,0,0,0,0,1560.01,0.49999839745130653,0,4795.4799999999996,4795.4799999999996,1560.01,14,33,-3,44460,1,1,1,1,1,0,1,1,1,1,1,1,1,1,1,1,1,1,1,1,1,0,1,1,1,1,0,0,0,0,0,0,0,0,0,0,0,0,0,0,1,1,2,2,1,1
RCA_000864,PAYMENT,USD,PAID,NET15,MARKETING,650100-MARKETING,USD,ISSUED,MARKETING,650100-MARKETING,SUPPLIER,US,USD,NET15,WIRE,ACTIVE,WIRE,USD,COMPLETED,SETTLED,WIRE_DEBIT,USD,DEBIT,POSTED,MANAGER,APPROVED,PAYMENT,5136.2399999999998,4777.8999999999996,358.33999999999997,0,199,15,1,1,10,4777.8999999999996,477.79000000000002,5136.2399999999998,4777.8999999999996,358.33999999999997,0,209,1,10,4777.8999999999996,3081.7399999999998,184,2,5136.2399999999998,1,5136.2399999999998,2,3081.7399999999998,183,1,4,2,5250.2600000000002,5250.2600000000002,5250.2600000000002,5250.2600000000002,2,1,1,1,0,2,0,31,4,64,0,0.84615384615384615,13,118.25,0,0,0,1,1,0,0,0,0,0,0,0,0,0,0,0,0,0,2168.52,2168.52,0,10,15,0,18540,1,1,1,1,1,0,1,1,1,1,1,1,1,1,1,1,1,1,1,1,1,1,1,1,1,1,0,0,0,0,0,0,0,0,0,0,0,0,0,0,0,1,2,2,1,1
RCA_000869,PAYMENT,USD,PAID,NET45,IT,680100-IT,USD,ISSUED,IT,680100-IT,SUPPLIER,US,USD,NET45,ACH,ACTIVE,ACH,USD,COMPLETED,SETTLED,ACH_DEBIT,USD,DEBIT,POSTED,MANAGER,APPROVED,PAYMENT,2157.7399999999998,2007.2,150.53999999999999,0,477,45,1,2,22,2007.2,98.564999999999998,2157.7399999999998,2007.2,150.53999999999999,0,484,2,22,2007.2,2157.7399999999998,432,1,2157.7399999999998,1,2157.7399999999998,1,2157.7399999999998,427,1,2,1,2237.5799999999999,2237.5799999999999,2237.5799999999999,2237.5799999999999,2,1,1,1,0,0,0,30,4,6,0,0.76923076923076916,80,575.16999999999996,0,0,0,1,1,0,0,0,0,0,0,0,0,0,0,0,0,0,79.840000000000003,79.840000000000003,0,7,45,0,61740,1,1,1,1,1,0,1,1,1,1,1,1,1,1,1,1,1,1,1,1,1,0,1,1,1,1,0,0,0,0,0,0,0,0,0,0,0,0,0,0,1,1,1,1,1,1
RCA_000870,PAYMENT,USD,PAID,NET45,ENGINEERING,610100-ENGINEERING,__MISSING__,__MISSING__,__MISSING__,__MISSING__,PROFESSIONAL,US,USD,NET45,ACH,ACTIVE,ACH,USD,COMPLETED,SETTLED,ACH_DEBIT,USD,DEBIT,POSTED,__MISSING__,__MISSING__,PAYMENT,849.20000000000005,789.95000000000005,59.25,0,32,45,2,1,5,789.95000000000005,157.99000000000001,,,,,,0,0,0,339.68000000000001,15,2,849.20000000000005,1,849.20000000000005,2,509.51999999999998,12,1,4,2,861.76999999999998,861.76999999999998,861.76999999999998,861.76999999999998,1,0,,0,0,0,0,30,4,6,0,0.76923076923076916,119,277.85000000000002,0,0,0,1,1,,,,,,,0,0,0,0,169.84,0.5,0,522.09000000000003,522.09000000000003,169.84,,17,0,,0,-1,-1,-1,1,0,-1,1,1,1,1,1,1,1,1,1,1,1,1,1,1,0,-1,-1,-1,1,0,0,0,0,0,0,0,0,0,0,0,0,0,0,1,1,2,2,1,1
RCA_000871,PAYMENT,EUR,PAID,NET15,SALES,640100-SALES,EUR,ISSUED,SALES,640100-SALES,SUPPLIER,DE,EUR,NET15,WIRE,ACTIVE,WIRE,EUR,COMPLETED,SETTLED,WIRE_DEBIT,EUR,DEBIT,POSTED,DIRECTOR,APPROVED,PAYMENT,13356.66,12424.799999999999,931.86000000000001,0,188,15,5,1,16,12424.799999999999,776.54999999999995,13356.66,12424.799999999999,931.86000000000001,0,195,1,16,12424.799999999999,5342.6599999999999,170,2,13356.66,1,13356.66,2,8014,172,1,4,2,13554.34,13554.34,13554.34,13554.34,3,2,2,2,0,1,1,35,4,32,0,0.76923076923076916,3,1006.65,0,0,0,1,1,0,0,0,0,0,0,0,0,0,0,2671.3400000000001,0.50000187172681776,0,8211.6800000000003,8211.6800000000003,2671.3400000000001,7,18,-3,15600,1,1,1,1,1,0,1,1,1,1,1,1,1,1,1,1,1,1,1,1,1,1,1,1,1,1,0,0,0,0,0,0,0,0,0,0,0,0,0,0,0,1,2,2,1,1
RCA_000872,PAYMENT,EUR,PAID,NET30,PEOPLE,660100-PEOPLE,__MISSING__,__MISSING__,__MISSING__,__MISSING__,SERVICES,DE,EUR,NET30,CHECK,ACTIVE,CHECK,EUR,COMPLETED,SETTLED,CHECK_CLEARING,EUR,DEBIT,POSTED,MANAGER,APPROVED,PAYMENT,2094.8400000000001,2094.8400000000001,0,0,155,30,2,3,11,2094.8400000000001,190.18666666666664,,,,,,0,0,0,1256.9000000000001,125,2,2094.8400000000001,1,2094.8400000000001,2,1256.9000000000001,111,1,4,2,2141.3499999999999,2141.3499999999999,2141.3499999999999,2141.3499999999999,2,1,1,1,0,0,0,29,4,67,0,0.84615384615384615,1,61.780000000000001,0,0,0,1,1,,,,,,,0,0,0,0,0,0,0,884.45000000000005,884.45000000000005,0,,30,0,38700,0,-1,-1,-1,1,0,-1,1,1,1,1,1,1,1,1,1,1,1,1,1,1,0,1,1,1,1,0,0,0,0,0,0,0,0,0,0,0,0,0,0,1,1,2,2,1,1
RCA_000874,PAYMENT,USD,PAID,NET30,LEGAL,670100-LEGAL,USD,ISSUED,LEGAL,670100-LEGAL,LOGISTICS,US,USD,NET30,ACH,ACTIVE,ACH,USD,COMPLETED,SETTLED,ACH_DEBIT,USD,DEBIT,POSTED,DIRECTOR,APPROVED,PAYMENT,11007.76,10996.16,0,11.6,159,30,3,2,22,10996.16,615.16000000000008,11007.76,10996.16,0,11.6,181,2,22,10996.16,6604.6599999999999,129,2,11007.76,1,11007.76,2,6604.6599999999999,125,1,4,2,11252.129999999999,11252.129999999999,11252.129999999999,11252.129999999999,3,2,2,2,0,0,0,27,4,5,0,0.84615384615384615,41,525.15999999999997,0,0,0,1,1,0,0,0,0,0,0,0,0,0,0,0,0,0,4647.4700000000003,4647.4700000000003,0,22,30,0,35760,1,1,1,1,1,0,1,1,1,1,1,1,1,1,1,1,1,1,1,0,1,0,1,1,1,1,0,0,0,0,0,0,0,0,0,0,0,0,0,0,1,1,2,2,1,1
RCA_000875,PAYMENT,USD,PAID,NET60,SALES,640100-SALES,__MISSING__,__MISSING__,__MISSING__,__MISSING__,SERVICES,US,USD,NET60,ACH,ACTIVE,ACH,USD,COMPLETED,SETTLED,ACH_DEBIT,USD,DEBIT,POSTED,MANAGER,APPROVED,PAYMENT,1933.6300000000001,1798.73,134.90000000000001,0,545,60,3,3,26,1798.73,66.183333333333337,,,,,,0,0,0,1933.6300000000001,485,1,1933.6300000000001,1,1933.6300000000001,1,1933.6300000000001,482,1,2,1,2005.1700000000001,2005.1700000000001,2005.1700000000001,2005.1700000000001,2,1,1,1,0,0,0,30,4,7,0,0.76923076923076916,65,3323.4499999999998,0,0,0,1,1,,,,,,,0,0,0,0,0,0,0,71.540000000000006,71.540000000000006,0,,60,0,80460,0,-1,-1,-1,1,0,-1,1,1,1,1,1,1,1,1,1,1,1,1,1,1,0,1,1,1,1,0,0,0,0,0,0,0,0,0,0,0,0,0,0,1,1,1,1,1,1
RCA_000876,PAYMENT,USD,PAID,NET45,LEGAL,670100-LEGAL,USD,ISSUED,LEGAL,670100-LEGAL,SOFTWARE,US,USD,NET45,ACH,ACTIVE,ACH,USD,COMPLETED,SETTLED,ACH_DEBIT,USD,DEBIT,POSTED,DIRECTOR,APPROVED,PAYMENT,13355.59,13114.93,0,240.66,393,45,5,3,48,13114.93,279.17000000000002,13355.59,13114.93,0,240.66,421,3,48,13114.93,27472.009999999998,77,2,27472.009999999998,2,27472.009999999998,1,27472.009999999998,74,1,2,1,28488.470000000001,28488.470000000001,28488.470000000001,28488.470000000001,6,4,2,2,0,1,1,30,4,350,0,0.84615384615384615,2,6.9199999999999999,0,0,0,1,1,0,0,0,0,0,0,0,0,0,0,0,0,0,1016.46,1016.46,0,28,316,0,57360,1,1,1,1,1,0,1,1,1,1,1,1,1,1,1,1,1,1,1,1,1,1,1,1,1,1,0,0,0,0,0,0,0,0,0,0,0,0,0,0,0,2,1,1,1,1
RCA_000878,PAYMENT,USD,PAID,NET15,IT,680100-IT,USD,ISSUED,IT,680100-IT,SOFTWARE,US,USD,NET15,ACH,ACTIVE,ACH,USD,COMPLETED,SETTLED,ACH_DEBIT,USD,DEBIT,POSTED,MANAGER,APPROVED,PAYMENT,3616.1300000000001,3443.9299999999998,172.19999999999999,0,247,15,5,4,65,3443.9299999999998,60.879999999999995,3616.1300000000001,3443.9299999999998,172.19999999999999,0,262,4,65,3443.9299999999998,6619.8299999999999,232,2,6619.8299999999999,2,6619.8299999999999,1,6619.8299999999999,229,1,2,1,6864.7600000000002,6864.7600000000002,6864.7600000000002,6864.7600000000002,4,2,1,1,0,2,0,27,4,300,0,0.92307692307692313,0,9.5500000000000007,0,0,0,1,1,0,0,0,0,0,0,0,0,0,0,0,0,0,244.93000000000001,244.93000000000001,0,15,15,0,12780,1,1,1,1,1,0,1,1,1,1,1,1,1,1,1,1,1,1,1,1,1,1,1,1,1,1,0,0,0,0,0,0,0,0,0,0,0,0,0,0,0,2,1,1,1,1
RCA_000884,PAYMENT,USD,PAID,NET60,ENGINEERING,610100-ENGINEERING,USD,ISSUED,ENGINEERING,610100-ENGINEERING,SERVICES,US,USD,NET60,ACH,ACTIVE,ACH,USD,COMPLETED,SETTLED,ACH_DEBIT,USD,DEBIT,POSTED,DIRECTOR,APPROVED,PAYMENT,11477.719999999999,10662.709999999999,799.70000000000005,15.31,386,60,2,2,38,10662.709999999999,284.36500000000001,11477.719999999999,10662.709999999999,799.70000000000005,15.31,413,2,38,10662.709999999999,11477.719999999999,326,1,11477.719999999999,1,11477.719999999999,1,11477.719999999999,321,1,2,1,11902.4,11902.4,11902.4,11902.4,3,2,2,2,0,1,0,31,4,12,0,0.84615384615384615,33,906.86000000000001,0,0,0,1,1,0,0,0,0,0,0,0,0,0,0,0,0,0,424.68000000000001,424.68000000000001,0,27,60,0,80400,1,1,1,1,1,0,1,1,1,1,1,1,1,1,1,1,1,1,1,1,1,1,1,1,1,1,0,0,0,0,0,0,0,0,0,0,0,0,0,0,0,1,1,1,1,1
RCA_000886,PAYMENT,USD,PAID,NET45,ENGINEERING,610100-ENGINEERING,__MISSING__,__MISSING__,__MISSING__,__MISSING__,SOFTWARE,US,USD,NET45,ACH,ACTIVE,ACH,USD,COMPLETED,SETTLED,ACH_DEBIT,USD,DEBIT,POSTED,MANAGER,APPROVED,PAYMENT,16138.18,16138.18,0,0,485,45,1,3,30,16138.18,500.47333333333336,,,,,,0,0,0,21482.330000000002,181,2,21482.330000000002,2,21482.330000000002,1,21482.330000000002,176,1,2,1,22277.18,22277.18,22277.18,22277.18,5,3,2,2,0,1,0,30,4,350,0,0.92307692307692313,1,0,0,0,0,1,1,,,,,,,0,0,0,0,0,0,0,794.85000000000002,794.85000000000002,0,,304,0,58860,0,-1,-1,-1,1,0,-1,1,1,1,1,1,1,1,1,1,1,1,1,1,1,1,1,1,1,1,0,0,0,0,0,0,0,0,0,0,0,0,0,0,0,2,1,1,1,1
RCA_000887,PAYMENT,USD,PAID,NET45,SALES,640100-SALES,__MISSING__,__MISSING__,__MISSING__,__MISSING__,SUPPLIER,US,USD,NET45,ACH,ACTIVE,ACH,USD,COMPLETED,SETTLED,ACH_DEBIT,USD,DEBIT,POSTED,MANAGER,APPROVED,PAYMENT,5458.6800000000003,5077.8400000000001,380.83999999999997,0,441,45,4,4,35,5077.8400000000001,155.1825,,,,,,0,0,0,5458.6800000000003,396,1,5458.6800000000003,1,5458.6800000000003,1,5458.6800000000003,391,1,2,1,5660.6499999999996,5660.6499999999996,5660.6499999999996,5660.6499999999996,2,1,1,1,0,1,1,31,4,22,0,0.84615384615384615,6,334.01999999999998,0,0,0,1,1,,,,,,,0,0,0,0,0,0,0,201.97,201.97,0,,45,0,57420,0,-1,-1,-1,1,0,-1,1,1,1,1,1,1,1,1,1,1,1,1,1,1,1,1,1,1,1,0,0,0,0,0,0,0,0,0,0,0,0,0,0,0,1,1,1,1,1
RCA_000888,PAYMENT,USD,PAID,NET45,LEGAL,670100-LEGAL,__MISSING__,__MISSING__,__MISSING__,__MISSING__,SUPPLIER,US,USD,NET45,ACH,ACTIVE,ACH,USD,COMPLETED,SETTLED,ACH_DEBIT,USD,DEBIT,POSTED,AUTO,AUTO_APPROVED,PAYMENT,381.60000000000002,381.60000000000002,0,0,140,45,3,1,12,381.60000000000002,31.800000000000001,,,,,,0,0,0,381.60000000000002,95,1,381.60000000000002,1,381.60000000000002,1,381.60000000000002,90,1,2,1,395.72000000000003,395.72000000000003,395.72000000000003,395.72000000000003,2,1,1,1,0,1,1,31,4,22,0,0.84615384615384615,2,169.77000000000001,0,0,0,1,1,,,,,,,0,0,0,0,0,0,0,14.119999999999999,14.119999999999999,0,,45,0,58860,0,-1,-1,-1,1,0,-1,1,1,1,1,1,1,1,1,1,1,1,1,1,1,1,-1,-1,-1,1,0,0,0,0,0,0,0,0,0,0,0,0,0,0,0,1,1,1,1,1
RCA_000889,PAYMENT,USD,PAID,NET45,FINANCE,630100-FINANCE,__MISSING__,__MISSING__,__MISSING__,__MISSING__,SOFTWARE,US,USD,NET45,VIRTUAL_CARD,ACTIVE,VIRTUAL_CARD,USD,COMPLETED,SETTLED,CARD_SETTLEMENT,USD,DEBIT,POSTED,MANAGER,APPROVED,PAYMENT,1304.1099999999999,1185.55,118.56,0,275,45,4,3,32,1185.55,39.380000000000003,,,,,,0,0,0,782.47000000000003,230,2,1304.1099999999999,1,1304.1099999999999,2,782.47000000000003,228,1,4,2,1333.0599999999999,1333.0599999999999,1333.0599999999999,1333.0599999999999,2,1,1,1,0,0,0,35,4,20,0,0.84615384615384615,6,95.299999999999997,0,0,0,1,1,,,,,,,0,0,0,0,0,0,0,550.59000000000003,550.59000000000003,0,,45,0,57420,0,-1,-1,-1,1,0,-1,1,1,1,1,1,1,1,1,1,1,1,1,1,1,0,1,1,1,1,0,0,0,0,0,0,0,0,0,0,0,0,0,0,1,1,2,2,1,1
RCA_000890,PAYMENT,EUR,PAID,NET45,PEOPLE,660100-PEOPLE,EUR,ISSUED,PEOPLE,660100-PEOPLE,SUPPLIER,DE,EUR,NET45,ACH,ACTIVE,ACH,EUR,COMPLETED,SETTLED,ACH_DEBIT,EUR,DEBIT,POSTED,MANAGER,APPROVED,PAYMENT,2698.79,2510.5,188.28999999999999,0,508,45,1,2,18,2510.5,209.59999999999999,2698.79,2510.5,188.28999999999999,0,511,2,18,2510.5,2698.79,463,1,2698.79,1,2698.79,1,2698.79,460,1,2,1,2798.6500000000001,2798.6500000000001,2798.6500000000001,2798.6500000000001,2,1,1,1,0,0,0,31,4,24,0,0.76923076923076916,11,173.75,0,0,0,1,1,0,0,0,0,0,0,0,0,0,0,0,0,0,99.859999999999999,99.859999999999999,0,3,45,0,61740,1,1,1,1,1,0,1,1,1,1,1,1,1,1,1,1,1,1,1,1,1,0,1,1,1,1,0,0,0,0,0,0,0,0,0,0,0,0,0,0,1,1,1,1,1,1
RCA_000891,PAYMENT,USD,PAID,NET45,ENGINEERING,610100-ENGINEERING,USD,ISSUED,ENGINEERING,610100-ENGINEERING,SOFTWARE,US,USD,NET45,ACH,ACTIVE,ACH,USD,COMPLETED,SETTLED,ACH_DEBIT,USD,DEBIT,POSTED,MANAGER,APPROVED,PAYMENT,7129.9799999999996,6632.54,497.44,0,273,45,5,2,32,6632.54,209.465,7129.9799999999996,6632.54,497.44,0,274,2,32,6632.54,17387.939999999999,228,2,17387.939999999999,2,17387.939999999999,1,17387.939999999999,223,1,2,1,18031.290000000001,18031.290000000001,18031.290000000001,18031.290000000001,5,3,2,2,0,1,0,30,4,350,0,0.84615384615384615,0,27.329999999999998,0,0,0,1,1,0,0,0,0,0,0,0,0,0,0,0,0,0,643.35000000000002,643.35000000000002,0,1,45,0,55980,1,1,1,1,1,0,1,1,1,1,1,1,1,1,1,1,1,1,1,1,1,1,1,1,1,1,0,0,0,0,0,0,0,0,0,0,0,0,0,0,0,2,1,1,1,1
RCA_000893,PAYMENT,USD,PAID,NET30,FINANCE,630100-FINANCE,USD,ISSUED,FINANCE,630100-FINANCE,SOFTWARE,US,USD,NET30,ACH,ACTIVE,ACH,USD,COMPLETED,SETTLED,ACH_DEBIT,USD,DEBIT,POSTED,MANAGER,APPROVED,PAYMENT,4443.9499999999998,4437.75,0,6.2000000000000002,227,30,3,1,5,4437.75,887.54999999999995,4443.9499999999998,4437.75,0,6.2000000000000002,249,1,5,4437.75,4443.9499999999998,197,1,4443.9499999999998,1,4443.9499999999998,1,4443.9499999999998,194,1,2,1,4608.3800000000001,4608.3800000000001,4608.3800000000001,4608.3800000000001,2,1,1,1,0,1,1,30,4,31,0,0.84615384615384615,4,115.62,0,0,0,1,1,0,0,0,0,0,0,0,0,0,0,0,0,0,164.43000000000001,164.43000000000001,0,22,30,0,37260,1,1,1,1,1,0,1,1,1,1,1,1,1,1,1,1,1,1,1,1,1,1,1,1,1,1,0,0,0,0,0,0,0,0,0,0,0,0,0,0,0,1,1,1,1,1
RCA_000894,PAYMENT,USD,PAID,NET30,PEOPLE,660100-PEOPLE,USD,ISSUED,PEOPLE,660100-PEOPLE,SERVICES,US,USD,NET30,ACH,ACTIVE,ACH,USD,COMPLETED,SETTLED,ACH_DEBIT,USD,DEBIT,POSTED,MANAGER,APPROVED,PAYMENT,2638.6300000000001,2512.98,125.65000000000001,0,121,30,0,1,6,2512.98,418.82999999999998,2638.6300000000001,2512.98,125.65000000000001,0,126,1,6,2512.98,2638.6300000000001,91,1,2638.6300000000001,1,2638.6300000000001,1,2638.6300000000001,88,1,2,1,2736.2600000000002,2736.2600000000002,2736.2600000000002,2736.2600000000002,2,1,1,1,0,0,0,28,4,7,0,0.76923076923076916,2,450.19,0,0,0,1,1,0,0,0,0,0,0,0,0,0,0,0,0,0,97.629999999999995,97.629999999999995,0,5,30,0,41580,1,1,1,1,1,0,1,1,1,1,1,1,1,1,1,1,1,1,1,1,1,0,1,1,1,1,0,0,0,0,0,0,0,0,0,0,0,0,0,0,1,1,1,1,1,1
RCA_000896,PAYMENT,USD,PAID,NET30,OPERATIONS,620100-OPERATIONS,USD,ISSUED,OPERATIONS,620100-OPERATIONS,SERVICES,US,USD,NET30,ACH,ACTIVE,ACH,USD,COMPLETED,SETTLED,ACH_DEBIT,USD,DEBIT,POSTED,MANAGER,APPROVED,PAYMENT,4786.2200000000003,4425.8299999999999,331.94,28.449999999999999,466,30,0,4,29,4425.8299999999999,200.40000000000001,4786.2200000000003,4425.8299999999999,331.94,28.449999999999999,486,4,29,4425.8299999999999,4786.2200000000003,436,1,4786.2200000000003,1,4786.2200000000003,1,4786.2200000000003,433,1,2,1,4963.3100000000004,4963.3100000000004,4963.3100000000004,4963.3100000000004,2,1,1,1,0,1,0,30,4,48,0,0.84615384615384615,0,55.539999999999999,0,0,0,1,1,0,0,0,0,0,0,0,0,0,0,0,0,0,177.09,177.09,0,20,30,0,41580,1,1,1,1,1,0,1,1,1,1,1,1,1,1,1,1,1,1,1,1,1,1,1,1,1,1,0,0,0,0,0,0,0,0,0,0,0,0,0,0,0,1,1,1,1,1
RCA_000899,PAYMENT,USD,PAID,NET15,FINANCE,630100-FINANCE,__MISSING__,__MISSING__,__MISSING__,__MISSING__,PROFESSIONAL,US,USD,NET15,ACH,ACTIVE,ACH,USD,COMPLETED,SETTLED,ACH_DEBIT,USD,DEBIT,POSTED,MANAGER,APPROVED,PAYMENT,2454.8899999999999,2454.8899999999999,0,0,175,15,0,3,14,2454.8899999999999,192.98333333333335,,,,,,0,0,0,981.96000000000004,157,2,2454.8899999999999,1,2454.8899999999999,2,1472.9300000000001,155,1,4,2,2491.2199999999998,2491.2199999999998,2491.2199999999998,2491.2199999999998,2,1,1,1,0,2,2,31,4,90,0,0.84615384615384615,8,2.8599999999999999,0,0,0,1,1,,,,,,,0,0,0,0,490.97000000000003,0.49998981628579575,0,1509.26,1509.26,490.97000000000003,,18,-3,24300,0,-1,-1,-1,1,0,-1,1,1,1,1,1,1,1,1,1,1,1,1,1,1,1,1,1,1,1,0,0,0,0,0,0,0,0,0,0,0,0,0,0,0,1,2,2,1,1
RCA_000900,PAYMENT,USD,PAID,NET30,SALES,640100-SALES,__MISSING__,__MISSING__,__MISSING__,__MISSING__,SUPPLIER,US,USD,NET30,ACH,ACTIVE,ACH,USD,COMPLETED,SETTLED,ACH_DEBIT,USD,DEBIT,POSTED,MANAGER,APPROVED,PAYMENT,885.89999999999998,824.09000000000003,61.810000000000002,0,232,30,1,3,25,824.09000000000003,34.850000000000001,,,,,,0,0,0,885.89999999999998,202,1,885.89999999999998,1,885.89999999999998,1,885.89999999999998,197,1,2,1,918.67999999999995,918.67999999999995,918.67999999999995,918.67999999999995,2,1,1,1,0,0,0,29,4,60,0,0.84615384615384615,2,156.75999999999999,0,0,0,1,1,,,,,,,0,0,0,0,0,0,0,32.780000000000001,32.780000000000001,0,,30,0,40140,0,-1,-1,-1,1,0,-1,1,1,1,1,1,1,1,1,1,1,1,1,1,1,0,1,1,1,1,0,0,0,0,0,0,0,0,0,0,0,0,0,0,1,1,1,1,1,1
RCA_000901,GL_JOURNAL,USD,PAID,NET15,SALES,640100-SALES,USD,ISSUED,SALES,640100-SALES,SOFTWARE,US,USD,NET15,ACH,ACTIVE,ACH,USD,COMPLETED,SETTLED,ACH_DEBIT,USD,DEBIT,POSTED,DIRECTOR,APPROVED,PAYMENT,5682.79,5166.1700000000001,516.62,0,414,15,0,2,19,5166.1700000000001,264.79500000000002,5682.79,5166.1700000000001,516.62,0,423,2,19,5166.1700000000001,45498.980000000003,41,2,45498.980000000003,2,45498.980000000003,1,45498.980000000003,36,1,2,1,45498.980000000003,45498.980000000003,45498.980000000003,45498.980000000003,5,3,2,2,0,2,2,27,4,300,0,0.92307692307692313,0,48.640000000000001,0,0,0,1,1,0,0,0,0,0,0,0,0,0,0,0,0,0,0,0,0,9,373,0,14160,1,1,1,1,1,0,1,1,1,1,1,1,1,1,1,1,1,1,1,0,1,1,1,1,1,1,0,0,0,0,0,0,0,0,0,0,0,0,0,0,0,2,1,1,1,1
RCA_000905,GL_JOURNAL,USD,PAID,NET15,PEOPLE,660100-PEOPLE,USD,ISSUED,PEOPLE,660100-PEOPLE,PROFESSIONAL,US,USD,NET15,ACH,ACTIVE,ACH,USD,COMPLETED,SETTLED,ACH_DEBIT,USD,DEBIT,POSTED,MANAGER,APPROVED,PAYMENT,1215.8299999999999,1195.52,0,20.309999999999999,165,15,1,2,43,1195.52,30.164999999999999,1215.8299999999999,1195.52,0,20.309999999999999,193,2,43,1195.52,1215.8299999999999,150,1,1215.8299999999999,1,1215.8299999999999,1,1215.8299999999999,146,1,2,1,1215.8299999999999,1215.8299999999999,1215.8299999999999,1215.8299999999999,2,1,1,1,0,1,1,25,4,12,0,0.76923076923076916,10,459.80000000000001,0,0,0,1,1,0,0,0,0,0,0,0,0,0,0,0,0,0,0,0,0,28,15,0,18540,1,1,1,1,1,0,1,1,1,1,1,1,1,1,1,1,1,1,1,0,1,1,1,1,1,1,0,0,0,0,0,0,0,0,0,0,0,0,0,0,0,1,1,1,1,1
RCA_000906,GL_JOURNAL,USD,PAID,NET15,IT,680100-IT,USD,ISSUED,IT,680100-IT,PROFESSIONAL,US,USD,NET15,ACH,ACTIVE,ACH,USD,COMPLETED,SETTLED,ACH_DEBIT,USD,DEBIT,POSTED,DIRECTOR,APPROVED,PAYMENT,24173.830000000002,24173.830000000002,0,0,206,15,1,4,54,24173.830000000002,363.74000000000001,24173.830000000002,24173.830000000002,0,0,212,4,54,24173.830000000002,14504.299999999999,191,2,24173.830000000002,1,24173.830000000002,2,14504.299999999999,188,1,4,2,24173.830000000002,24173.830000000002,24173.830000000002,24173.830000000002,3,2,2,2,0,2,2,31,4,90,0,0.84615384615384615,6,1259.5999999999999,0,0,0,1,1,0,0,0,0,0,0,0,0,0,0,0,0,0,9669.5300000000007,9669.5300000000007,0,6,15,0,17040,1,1,1,1,1,0,1,1,1,1,1,1,1,1,1,1,1,1,1,0,1,1,1,1,1,1,0,0,0,0,0,0,0,0,0,0,0,0,0,0,0,1,2,2,1,1
RCA_000907,GL_JOURNAL,USD,PAID,NET45,OPERATIONS,620100-OPERATIONS,USD,ISSUED,OPERATIONS,620100-OPERATIONS,SERVICES,US,USD,NET45,ACH,ACTIVE,ACH,USD,COMPLETED,SETTLED,ACH_DEBIT,USD,DEBIT,POSTED,MANAGER,APPROVED,PAYMENT,1754.3199999999999,1582.54,158.25,13.529999999999999,500,45,4,1,2,1582.54,791.26999999999998,1754.3199999999999,1582.54,158.25,13.529999999999999,505,1,2,1582.54,1052.5899999999999,455,2,1754.3199999999999,1,1754.3199999999999,2,1052.5899999999999,452,1,4,2,1754.3199999999999,1754.3199999999999,1754.3199999999999,1754.3199999999999,2,1,1,1,0,2,0,30,4,135,0,0.84615384615384615,2,48.350000000000001,0,0,0,1,1,0,0,0,0,0,0,0,0,0,0,0,0,0,701.73000000000002,701.73000000000002,0,5,45,0,57420,1,1,1,1,1,0,1,1,1,1,1,1,1,1,1,1,1,1,1,0,1,1,1,1,1,1,0,0,0,0,0,0,0,0,0,0,0,0,0,0,0,1,2,2,1,1
RCA_000908,GL_JOURNAL,USD,PAID,DUE_ON_RECEIPT,ENGINEERING,610100-ENGINEERING,USD,ISSUED,ENGINEERING,610100-ENGINEERING,SUPPLIER,US,USD,DUE_ON_RECEIPT,ACH,ACTIVE,ACH,USD,COMPLETED,SETTLED,ACH_DEBIT,USD,DEBIT,POSTED,MANAGER,APPROVED,PAYMENT,7954.6700000000001,7568.6000000000004,378.43000000000001,7.6399999999999997,188,0,0,3,43,7568.6000000000004,596.93333333333339,7954.6700000000001,7568.6000000000004,378.43000000000001,7.6399999999999997,217,3,43,7568.6000000000004,7954.6700000000001,186,1,7954.6700000000001,1,7954.6700000000001,1,7954.6700000000001,181,1,2,1,7954.6700000000001,7954.6700000000001,7954.6700000000001,7954.6700000000001,2,1,1,1,0,0,0,27,4,11,0,0.76923076923076916,19,3189.3099999999999,0,0,0,1,1,0,0,0,0,0,0,0,0,0,0,0,0,0,0,0,0,29,2,0,1260,1,1,1,1,1,0,1,1,1,1,1,1,1,1,1,1,1,1,1,0,1,0,1,1,1,1,0,0,0,0,0,0,0,0,0,0,0,0,0,0,1,1,1,1,1,1
RCA_000913,GL_JOURNAL,USD,PAID,NET45,IT,680100-IT,USD,ISSUED,IT,680100-IT,SOFTWARE,US,USD,NET45,ACH,ACTIVE,ACH,USD,COMPLETED,SETTLED,ACH_DEBIT,USD,DEBIT,POSTED,MANAGER,APPROVED,PAYMENT,8271.8799999999992,7694.7700000000004,577.11000000000001,0,248,45,0,3,51,7694.7700000000004,290.00666666666672,8271.8799999999992,7694.7700000000004,577.11000000000001,0,261,3,51,7694.7700000000004,9213.2999999999993,203,2,9213.2999999999993,2,9213.2999999999993,1,9213.2999999999993,200,1,2,1,9213.2999999999993,9213.2999999999993,9213.2999999999993,9213.2999999999993,4,2,1,1,0,1,0,30,4,350,0,0.92307692307692313,0,138.33000000000001,0,0,0,1,1,0,0,0,0,0,0,0,0,0,0,0,0,0,0,0,0,13,45,0,63180,1,1,1,1,1,0,1,1,1,1,1,1,1,1,1,1,1,1,1,0,1,1,1,1,1,1,0,0,0,0,0,0,0,0,0,0,0,0,0,0,0,2,1,1,1,1
RCA_000914,GL_JOURNAL,EUR,PAID,NET15,PEOPLE,660100-PEOPLE,__MISSING__,__MISSING__,__MISSING__,__MISSING__,SOFTWARE,DE,EUR,NET15,ACH,ACTIVE,ACH,EUR,COMPLETED,SETTLED,ACH_DEBIT,EUR,DEBIT,POSTED,MANAGER,APPROVED,PAYMENT,7662.3100000000004,7127.7299999999996,534.58000000000004,0,20,15,0,1,3,7127.7299999999996,2375.9099999999999,,,,,,0,0,0,4597.3900000000003,15,2,7662.3100000000004,1,7662.3100000000004,2,4597.3900000000003,12,1,4,2,7662.3100000000004,7662.3100000000004,7662.3100000000004,7662.3100000000004,2,1,1,1,0,1,1,27,4,23,0,0.84615384615384615,5,0,0,0,0,1,2,,,,,,,0,0,0,0,0,0,0,3064.9200000000001,3064.9200000000001,0,,5,0,5580,0,-1,-1,-1,1,0,-1,1,1,1,1,1,1,1,1,1,1,1,1,0,1,1,1,1,1,1,0,0,0,0,0,0,0,0,0,0,0,0,0,0,0,1,2,2,1,1
RCA_000916,GL_JOURNAL,USD,PAID,NET30,OPERATIONS,620100-OPERATIONS,__MISSING__,__MISSING__,__MISSING__,__MISSING__,SUPPLIER,US,USD,NET30,ACH,ACTIVE,ACH,USD,COMPLETED,SETTLED,ACH_DEBIT,USD,DEBIT,POSTED,MANAGER,APPROVED,PAYMENT,5622.4700000000003,5230.1999999999998,392.26999999999998,0,174,30,3,2,6,5230.1999999999998,871.70000000000005,,,,,,0,0,0,5622.4700000000003,144,1,5622.4700000000003,1,5622.4700000000003,1,5622.4700000000003,139,1,2,1,5622.4700000000003,5622.4700000000003,5622.4700000000003,5622.4700000000003,2,1,1,1,0,0,0,35,4,14,0,0.76923076923076916,103,137.49000000000001,0,0,0,1,1,,,,,,,0,0,0,0,0,0,0,0,0,0,,30,0,37260,0,-1,-1,-1,1,0,-1,1,1,1,1,1,1,1,1,1,1,1,1,0,1,0,1,1,1,1,0,0,0,0,0,0,0,0,0,0,0,0,0,0,1,1,1,1,1,1
RCA_000917,GL_JOURNAL,USD,PAID,NET15,ENGINEERING,610100-ENGINEERING,USD,ISSUED,ENGINEERING,610100-ENGINEERING,SOFTWARE,US,USD,NET15,CHECK,ACTIVE,CHECK,USD,COMPLETED,SETTLED,CHECK_CLEARING,USD,DEBIT,POSTED,MANAGER,APPROVED,PAYMENT,8139.8000000000002,7558.8100000000004,566.90999999999997,14.08,205,15,3,2,35,7558.8100000000004,220.37,8139.8000000000002,7558.8100000000004,566.90999999999997,14.08,228,2,35,7558.8100000000004,11356.309999999999,190,2,11356.309999999999,2,11356.309999999999,1,11356.309999999999,176,1,2,1,11356.309999999999,11356.309999999999,11356.309999999999,11356.309999999999,4,2,1,1,0,1,1,28,4,150,0,0.84615384615384615,5,101.11,0,0,0,1,1,0,0,0,0,0,0,0,0,0,0,0,0,0,0,0,0,23,15,0,15660,1,1,1,1,1,0,1,1,1,1,1,1,1,1,1,1,1,1,1,0,1,1,1,1,1,1,0,0,0,0,0,0,0,0,0,0,0,0,0,0,0,2,1,1,1,1
RCA_000918,GL_JOURNAL,USD,PAID,NET45,PEOPLE,660100-PEOPLE,__MISSING__,__MISSING__,__MISSING__,__MISSING__,SUPPLIER,US,USD,NET45,ACH,ACTIVE,ACH,USD,COMPLETED,SETTLED,ACH_DEBIT,USD,DEBIT,POSTED,MANAGER,APPROVED,PAYMENT,1081.21,982.91999999999996,98.290000000000006,0,371,45,1,2,17,982.91999999999996,57.109999999999999,,,,,,0,0,0,1081.21,326,1,1081.21,1,1081.21,1,1081.21,321,1,2,1,1081.21,1081.21,1081.21,1081.21,2,1,1,1,0,1,1,31,4,10,0,0.76923076923076916,58,9.6099999999999994,0,0,0,1,1,,,,,,,0,0,0,0,0,0,0,0,0,0,,45,0,61740,0,-1,-1,-1,1,0,-1,1,1,1,1,1,1,1,1,1,1,1,1,0,1,1,1,1,1,1,0,0,0,0,0,0,0,0,0,0,0,0,0,0,0,1,1,1,1,1
RCA_000919,GL_JOURNAL,USD,PAID,NET15,ENGINEERING,610100-ENGINEERING,USD,ISSUED,ENGINEERING,610100-ENGINEERING,SOFTWARE,US,USD,NET15,ACH,ACTIVE,ACH,USD,COMPLETED,SETTLED,ACH_DEBIT,USD,DEBIT,POSTED,MANAGER,APPROVED,PAYMENT,1372.5,1372.5,0,0,351,15,4,1,15,1372.5,91.5,1372.5,1372.5,0,0,381,1,15,1372.5,3164.77,263,2,3164.77,2,3164.77,1,3164.77,258,1,2,1,3164.77,3164.77,3164.77,3164.77,4,2,1,1,0,2,0,27,4,300,0,0.84615384615384615,0,71.489999999999995,0,0,0,1,1,0,0,0,0,0,0,0,0,0,0,0,0,0,0,0,0,30,88,0,15660,1,1,1,1,1,0,1,1,1,1,1,1,1,1,1,1,1,1,1,0,1,1,1,1,1,1,0,0,0,0,0,0,0,0,0,0,0,0,0,0,0,2,1,1,1,1
RCA_000920,GL_JOURNAL,USD,PAID,NET45,IT,680100-IT,__MISSING__,__MISSING__,__MISSING__,__MISSING__,SOFTWARE,US,USD,NET45,WIRE,ON_HOLD,WIRE,USD,COMPLETED,SETTLED,WIRE_DEBIT,USD,DEBIT,POSTED,MANAGER,APPROVED,PAYMENT,4809.0600000000004,4371.8699999999999,437.19,0,104,45,4,1,1,4371.8699999999999,4371.8699999999999,,,,,,0,0,0,4809.0600000000004,59,1,4809.0600000000004,1,4809.0600000000004,1,4809.0600000000004,57,1,2,1,4809.0600000000004,4809.0600000000004,4809.0600000000004,4809.0600000000004,2,1,1,1,0,0,0,28,4,12,0,0.84615384615384615,10,136.27000000000001,0,0,0,1,1,,,,,,,0,0,0,0,0,0,0,0,0,0,,45,0,57420,0,-1,-1,-1,1,0,-1,1,1,1,1,1,1,1,1,1,1,1,1,0,1,0,1,1,1,1,0,0,0,0,0,0,0,0,0,0,0,0,0,0,1,1,1,1,1,1
RCA_000921,GL_JOURNAL,USD,PAID,NET60,IT,680100-IT,__MISSING__,__MISSING__,__MISSING__,__MISSING__,SERVICES,US,USD,NET60,ACH,ACTIVE,ACH,USD,COMPLETED,SETTLED,ACH_DEBIT,USD,DEBIT,POSTED,MANAGER,APPROVED,PAYMENT,2121.9499999999998,1973.9100000000001,148.03999999999999,0,126,60,4,2,21,1973.9100000000001,92.834999999999994,,,,,,0,0,0,2121.9499999999998,66,1,2121.9499999999998,1,2121.9499999999998,1,2121.9499999999998,62,1,2,1,2121.9499999999998,2121.9499999999998,2121.9499999999998,2121.9499999999998,2,1,1,1,0,1,1,28,4,26,0,0.84615384615384615,2,0,0,0,0,1,2,,,,,,,0,0,0,0,0,0,0,0,0,0,,60,0,79020,0,-1,-1,-1,1,0,-1,1,1,1,1,1,1,1,1,1,1,1,1,0,1,1,1,1,1,1,0,0,0,0,0,0,0,0,0,0,0,0,0,0,0,1,1,1,1,1
RCA_000929,GL_JOURNAL,USD,PAID,NET30,FINANCE,630100-FINANCE,USD,ISSUED,FINANCE,630100-FINANCE,SUPPLIER,US,USD,NET30,ACH,ACTIVE,ACH,USD,COMPLETED,SETTLED,ACH_DEBIT,USD,DEBIT,POSTED,MANAGER,APPROVED,PAYMENT,736.12,701.07000000000005,35.049999999999997,0,523,30,1,1,3,701.07000000000005,233.69,736.12,701.07000000000005,35.049999999999997,0,540,1,3,701.07000000000005,441.67000000000002,493,2,736.12,1,736.12,2,441.67000000000002,489,1,4,2,736.12,736.12,736.12,736.12,2,1,1,1,0,2,0,30,4,24,0,0.76923076923076916,28,85.920000000000002,0,0,0,1,1,0,0,0,0,0,0,0,0,0,0,0,0,0,294.44999999999999,294.44999999999999,0,17,30,0,40140,1,1,1,1,1,0,1,1,1,1,1,1,1,1,1,1,1,1,1,0,1,1,1,1,1,1,0,0,0,0,0,0,0,0,0,0,0,0,0,0,0,1,2,2,1,1
RCA_000930,GL_JOURNAL,USD,PAID,NET30,OPERATIONS,620100-OPERATIONS,USD,ISSUED,OPERATIONS,620100-OPERATIONS,SOFTWARE,US,USD,NET30,VIRTUAL_CARD,ACTIVE,VIRTUAL_CARD,USD,COMPLETED,SETTLED,CARD_SETTLEMENT,USD,DEBIT,POSTED,MANAGER,APPROVED,PAYMENT,7344.8299999999999,6677.1199999999999,667.71000000000004,0,149,30,0,2,19,6677.1199999999999,309.91999999999996,7344.8299999999999,6677.1199999999999,667.71000000000004,0,167,2,19,6677.1199999999999,7344.8299999999999,119,1,7344.8299999999999,1,7344.8299999999999,1,7344.8299999999999,117,1,2,1,7344.8299999999999,7344.8299999999999,7344.8299999999999,7344.8299999999999,2,1,1,1,0,1,1,29,4,49,0,0.84615384615384615,4,0.62,0,0,0,1,1,0,0,0,0,0,0,0,0,0,0,0,0,0,0,0,0,18,30,0,41580,1,1,1,1,1,0,1,1,1,1,1,1,1,1,1,1,1,1,1,0,1,1,1,1,1,1,0,0,0,0,0,0,0,0,0,0,0,0,0,0,0,1,1,1,1,1
RCA_000932,GL_JOURNAL,USD,PAID,NET60,LEGAL,670100-LEGAL,USD,ISSUED,LEGAL,670100-LEGAL,SERVICES,US,USD,NET60,ACH,ACTIVE,ACH,USD,COMPLETED,SETTLED,ACH_DEBIT,USD,DEBIT,POSTED,MANAGER,APPROVED,PAYMENT,9155.7000000000007,9155.7000000000007,0,0,415,60,0,4,57,9155.7000000000007,256.5675,9155.7000000000007,9155.7000000000007,0,0,433,4,57,9155.7000000000007,9155.7000000000007,355,1,9155.7000000000007,1,9155.7000000000007,1,9155.7000000000007,350,1,2,1,9155.7000000000007,9155.7000000000007,9155.7000000000007,9155.7000000000007,2,1,1,1,0,1,0,30,4,43,0,0.84615384615384615,4,7,0,0,0,1,1,0,0,0,0,0,0,0,0,0,0,0,0,0,0,0,0,18,60,0,84780,1,1,1,1,1,0,1,1,1,1,1,1,1,1,1,1,1,1,1,0,1,1,1,1,1,1,0,0,0,0,0,0,0,0,0,0,0,0,0,0,0,1,1,1,1,1
RCA_000933,GL_JOURNAL,USD,PAID,NET15,OPERATIONS,620100-OPERATIONS,USD,ISSUED,OPERATIONS,620100-OPERATIONS,SOFTWARE,US,USD,NET15,CHECK,ACTIVE,CHECK,USD,COMPLETED,SETTLED,CHECK_CLEARING,USD,DEBIT,POSTED,MANAGER,APPROVED,PAYMENT,2985.1100000000001,2842.96,142.15000000000001,0,309,15,2,2,28,2842.96,94.704999999999998,2985.1100000000001,2842.96,142.15000000000001,0,339,2,28,2842.96,5914.4799999999996,294,2,5914.4799999999996,2,5914.4799999999996,1,5914.4799999999996,280,1,2,1,5914.4799999999996,5914.4799999999996,5914.4799999999996,5914.4799999999996,4,2,1,1,0,1,1,28,4,150,0,0.92307692307692313,0,8.8399999999999999,0,0,0,1,1,0,0,0,0,0,0,0,0,0,0,0,0,0,0,0,0,30,15,0,17100,1,1,1,1,1,0,1,1,1,1,1,1,1,1,1,1,1,1,1,0,1,1,1,1,1,1,0,0,0,0,0,0,0,0,0,0,0,0,0,0,0,2,1,1,1,1
RCA_000935,GL_JOURNAL,EUR,PAID,NET30,OPERATIONS,620100-OPERATIONS,EUR,ISSUED,OPERATIONS,620100-OPERATIONS,SERVICES,DE,EUR,NET30,VIRTUAL_CARD,ACTIVE,VIRTUAL_CARD,EUR,COMPLETED,SETTLED,CARD_SETTLEMENT,EUR,DEBIT,POSTED,DIRECTOR,APPROVED,PAYMENT,19216.02,17469.110000000001,1746.9100000000001,0,88,30,0,2,11,17469.110000000001,1379.365,19216.02,17469.110000000001,1746.9100000000001,0,116,2,11,17469.110000000001,19216.02,58,1,19216.02,1,19216.02,1,19216.02,56,1,2,1,19216.02,19216.02,19216.02,19216.02,3,2,2,2,0,0,0,29,4,10,0,0.76923076923076916,44,4467.6199999999999,0,0,0,1,1,0,0,0,0,0,0,0,0,0,0,0,0,0,0,0,0,28,30,0,40080,1,1,1,1,1,0,1,1,1,1,1,1,1,1,1,1,1,1,1,0,1,0,1,1,1,1,0,0,0,0,0,0,0,0,0,0,0,0,0,0,1,1,1,1,1,1
RCA_000937,GL_JOURNAL,USD,PAID,NET60,SALES,640100-SALES,__MISSING__,__MISSING__,__MISSING__,__MISSING__,SERVICES,US,USD,NET60,ACH,ACTIVE,ACH,USD,COMPLETED,SETTLED,ACH_DEBIT,USD,DEBIT,POSTED,MANAGER,APPROVED,PAYMENT,4423.0200000000004,4114.4399999999996,308.57999999999998,0,41,60,1,1,12,4114.4399999999996,342.87,,,,,,0,0,0,4423.0200000000004,15,1,4423.0200000000004,1,4423.0200000000004,1,4423.0200000000004,12,1,2,1,4423.0200000000004,4423.0200000000004,4423.0200000000004,4423.0200000000004,2,1,1,1,0,1,1,28,4,26,0,0.84615384615384615,1,140.22999999999999,0,0,0,1,1,,,,,,,0,0,0,0,0,0,0,0,0,0,,26,0,34380,0,-1,-1,-1,1,0,-1,1,1,1,1,1,1,1,1,1,1,1,1,0,1,1,1,1,1,1,0,0,0,0,0,0,0,0,0,0,0,0,0,0,0,1,1,1,1,1
RCA_000938,GL_JOURNAL,USD,PAID,NET45,PEOPLE,660100-PEOPLE,USD,ISSUED,PEOPLE,660100-PEOPLE,SOFTWARE,US,USD,NET45,ACH,ACTIVE,ACH,USD,COMPLETED,SETTLED,ACH_DEBIT,USD,DEBIT,POSTED,CONTROLLER,APPROVED,PAYMENT,1285.71,1285.71,0,0,192,45,0,4,60,1285.71,35.672499999999999,1285.71,1285.71,0,0,192,4,60,1285.71,53710.32,66,2,53710.32,2,53710.32,1,53710.32,62,1,2,1,53710.32,53710.32,53710.32,53710.32,6,4,3,3,0,1,1,30,4,350,0,0.92307692307692313,0,8.3300000000000001,0,0,0,1,1,0,0,0,0,0,0,0,0,0,0,0,0,0,0,0,0,0,126,0,54420,1,1,1,1,1,0,1,1,1,1,1,1,1,1,1,1,1,1,1,0,1,1,1,1,1,1,0,0,0,0,0,0,0,0,0,0,0,0,0,0,0,2,1,1,1,1
RCA_000939,GL_JOURNAL,USD,PAID,NET45,MARKETING,650100-MARKETING,__MISSING__,__MISSING__,__MISSING__,__MISSING__,PROFESSIONAL,US,USD,NET45,ACH,ACTIVE,ACH,USD,COMPLETED,SETTLED,ACH_DEBIT,USD,DEBIT,POSTED,MANAGER,APPROVED,PAYMENT,7850.6999999999998,7302.9799999999996,547.72000000000003,0,289,45,4,2,16,7302.9799999999996,415.83500000000004,,,,,,0,0,0,7850.6999999999998,244,1,7850.6999999999998,1,7850.6999999999998,1,7850.6999999999998,239,1,2,1,7850.6999999999998,7850.6999999999998,7850.6999999999998,7850.6999999999998,2,1,1,1,0,0,0,27,4,10,0,0.84615384615384615,0,0,0,0,0,1,1,,,,,,,0,0,0,0,0,0,0,0,0,0,,45,0,57420,0,-1,-1,-1,1,0,-1,1,1,1,1,1,1,1,1,1,1,1,1,0,1,0,1,1,1,1,0,0,0,0,0,0,0,0,0,0,0,0,0,0,1,1,1,1,1,1
RCA_000940,GL_JOURNAL,USD,PAID,NET30,FINANCE,630100-FINANCE,__MISSING__,__MISSING__,__MISSING__,__MISSING__,SERVICES,US,USD,NET30,ACH,ACTIVE,ACH,USD,COMPLETED,SETTLED,ACH_DEBIT,USD,DEBIT,POSTED,MANAGER,APPROVED,PAYMENT,1168.0899999999999,1168.0899999999999,0,0,111,30,3,1,11,1168.0899999999999,106.19,,,,,,0,0,0,700.85000000000002,81,2,1168.0899999999999,1,1168.0899999999999,2,700.85000000000002,76,1,4,2,1168.0899999999999,1168.0899999999999,1168.0899999999999,1168.0899999999999,2,1,1,1,0,0,0,29,4,7,0,0.84615384615384615,21,666.86000000000001,0,0,0,1,1,,,,,,,0,0,0,0,0,0,0,467.24000000000001,467.24000000000001,0,,30,0,37260,0,-1,-1,-1,1,0,-1,1,1,1,1,1,1,1,1,1,1,1,1,0,1,0,1,1,1,1,0,0,0,0,0,0,0,0,0,0,0,0,0,0,1,1,2,2,1,1
RCA_000942,GL_JOURNAL,USD,PAID,NET45,SALES,640100-SALES,__MISSING__,__MISSING__,__MISSING__,__MISSING__,SERVICES,US,USD,NET45,ACH,ACTIVE,ACH,USD,COMPLETED,SETTLED,ACH_DEBIT,USD,DEBIT,POSTED,AUTO,AUTO_APPROVED,PAYMENT,467.13,434.54000000000002,32.590000000000003,0,224,45,3,2,21,434.54000000000002,21.164999999999999,,,,,,0,0,0,280.27999999999997,179,2,467.13,1,467.13,2,280.27999999999997,174,1,4,2,467.13,467.13,467.13,467.13,2,1,1,1,0,2,2,30,4,135,0,0.92307692307692313,2,3.9900000000000002,0,0,0,1,1,,,,,,,0,0,0,0,0,0,0,186.84999999999999,186.84999999999999,0,,45,0,58860,0,-1,-1,-1,1,0,-1,1,1,1,1,1,1,1,1,1,1,1,1,0,1,1,-1,-1,-1,1,0,0,0,0,0,0,0,0,0,0,0,0,0,0,0,1,2,2,1,1
RCA_000943,GL_JOURNAL,USD,PAID,NET30,LEGAL,670100-LEGAL,__MISSING__,__MISSING__,__MISSING__,__MISSING__,PROFESSIONAL,US,USD,NET30,WIRE,ACTIVE,WIRE,USD,COMPLETED,SETTLED,WIRE_DEBIT,USD,DEBIT,POSTED,MANAGER,APPROVED,PAYMENT,2389.73,2389.73,0,0,167,30,1,2,16,2389.73,215.435,,,,,,0,0,0,2389.73,137,1,2389.73,1,2389.73,1,2389.73,134,1,2,1,2389.73,2389.73,2389.73,2389.73,2,1,1,1,0,0,0,28,4,8,0,0.69230769230769229,21,404.04000000000002,0,0,0,1,1,,,,,,,0,0,0,0,0,0,0,0,0,0,,30,0,40140,0,-1,-1,-1,1,0,-1,1,1,1,1,1,1,1,1,1,1,1,1,0,1,0,1,1,1,1,0,0,0,0,0,0,0,0,0,0,0,0,0,0,1,1,1,1,1,1
RCA_000944,GL_JOURNAL,USD,PAID,NET30,FINANCE,630100-FINANCE,__MISSING__,__MISSING__,__MISSING__,__MISSING__,SUPPLIER,US,USD,NET30,WIRE,ACTIVE,WIRE,USD,COMPLETED,SETTLED,WIRE_DEBIT,USD,DEBIT,POSTED,MANAGER,APPROVED,PAYMENT,994.79999999999995,904.36000000000001,90.439999999999998,0,127,30,1,2,11,904.36000000000001,91.829999999999998,,,,,,0,0,0,596.88,97,2,994.79999999999995,1,994.79999999999995,2,596.88,96,1,4,2,994.79999999999995,994.79999999999995,994.79999999999995,994.79999999999995,2,1,1,1,0,1,0,30,4,10,0,0.76923076923076916,10,0,0,0,0,1,1,,,,,,,0,0,0,0,0,0,0,397.92000000000002,397.92000000000002,0,,30,0,40140,0,-1,-1,-1,1,0,-1,1,1,1,1,1,1,1,1,1,1,1,1,0,1,1,1,1,1,1,0,0,0,0,0,0,0,0,0,0,0,0,0,0,0,1,2,2,1,1
RCA_000947,GL_JOURNAL,USD,PAID,NET30,LEGAL,670100-LEGAL,USD,ISSUED,LEGAL,670100-LEGAL,LOGISTICS,US,USD,NET30,ACH,ACTIVE,ACH,USD,COMPLETED,SETTLED,ACH_DEBIT,USD,DEBIT,POSTED,DIRECTOR,APPROVED,PAYMENT,11007.76,10996.16,0,11.6,159,30,3,2,22,10996.16,615.16000000000008,11007.76,10996.16,0,11.6,181,2,22,10996.16,6604.6599999999999,129,2,11007.76,1,11007.76,2,6604.6599999999999,125,1,4,2,11252.129999999999,11252.129999999999,11252.129999999999,11252.129999999999,3,2,2,2,0,0,0,27,4,5,0,0.84615384615384615,41,525.15999999999997,0,0,0,1,1,0,0,0,0,0,0,0,0,0,0,0,0,0,4647.4700000000003,4647.4700000000003,0,22,30,0,35760,1,1,1,1,1,0,1,1,1,1,1,1,1,1,1,1,1,1,1,0,1,0,1,1,1,1,0,0,0,0,0,0,0,0,0,0,0,0,0,0,1,1,2,2,1,1
RCA_000949,GL_JOURNAL,USD,PAID,NET15,MARKETING,650100-MARKETING,USD,ISSUED,MARKETING,650100-MARKETING,SOFTWARE,US,USD,NET15,CHECK,ACTIVE,CHECK,USD,COMPLETED,SETTLED,CHECK_CLEARING,USD,DEBIT,POSTED,MANAGER,APPROVED,PAYMENT,18190.98,16921.84,1269.1400000000001,0,411,15,1,3,62,16921.84,266.75333333333333,18190.98,16921.84,1269.1400000000001,0,421,3,62,16921.84,25872.32,232,2,25872.32,2,25872.32,1,25872.32,218,1,2,1,25872.32,25872.32,25872.32,25872.32,5,3,2,2,0,1,1,28,4,150,0,0.84615384615384615,2,838.15999999999997,0,0,0,1,1,0,0,0,0,0,0,0,0,0,0,0,0,0,0,0,0,10,179,0,17100,1,1,1,1,1,0,1,1,1,1,1,1,1,1,1,1,1,1,1,0,1,1,1,1,1,1,0,0,0,0,0,0,0,0,0,0,0,0,0,0,0,2,1,1,1,1
RCA_000951,GL_JOURNAL,USD,PAID,NET15,LEGAL,670100-LEGAL,__MISSING__,__MISSING__,__MISSING__,__MISSING__,PROFESSIONAL,US,USD,NET15,ACH,ACTIVE,ACH,USD,COMPLETED,SETTLED,ACH_DEBIT,USD,DEBIT,POSTED,DIRECTOR,APPROVED,PAYMENT,22198.560000000001,20649.82,1548.74,0,519,15,4,1,1,20649.82,20649.82,,,,,,0,0,0,13319.139999999999,504,2,22198.560000000001,1,22198.560000000001,2,13319.139999999999,501,1,4,2,22198.560000000001,22198.560000000001,22198.560000000001,22198.560000000001,3,2,2,2,0,2,0,31,4,90,0,0.84615384615384615,3,0,0,0,0,1,1,,,,,,,0,0,0,0,0,0,0,8879.4200000000001,8879.4200000000001,0,,15,0,12720,0,-1,-1,-1,1,0,-1,1,1,1,1,1,1,1,1,1,1,1,1,0,1,1,1,1,1,1,0,0,0,0,0,0,0,0,0,0,0,0,0,0,0,1,2,2,1,1
RCA_000952,GL_JOURNAL,USD,PAID,NET30,SALES,640100-SALES,__MISSING__,__MISSING__,__MISSING__,__MISSING__,LOGISTICS,US,USD,NET30,ACH,ACTIVE,ACH,USD,COMPLETED,SETTLED,ACH_DEBIT,USD,DEBIT,POSTED,MANAGER,APPROVED,PAYMENT,3891.4899999999998,3619.9899999999998,271.5,0,100,30,0,3,17,3619.9899999999998,176.07000000000002,,,,,,0,0,0,7398.8000000000002,70,2,7398.8000000000002,2,7398.8000000000002,1,7398.8000000000002,67,1,2,1,7398.8000000000002,7398.8000000000002,7398.8000000000002,7398.8000000000002,4,2,1,1,0,0,0,27,4,11,0,0.84615384615384615,9,110.86,0,0,0,1,1,,,,,,,0,0,0,0,0,0,0,0,0,0,,30,0,41580,0,-1,-1,-1,1,0,-1,1,1,1,1,1,1,1,1,1,1,1,1,0,1,0,1,1,1,1,0,0,0,0,0,0,0,0,0,0,0,0,0,0,1,2,1,1,1,1
RCA_000954,GL_JOURNAL,USD,PAID,NET15,ENGINEERING,610100-ENGINEERING,USD,ISSUED,ENGINEERING,610100-ENGINEERING,SUPPLIER,US,USD,NET15,WIRE,ACTIVE,WIRE,USD,COMPLETED,SETTLED,WIRE_DEBIT,USD,DEBIT,POSTED,CONTROLLER,APPROVED,PAYMENT,56081.480000000003,50983.160000000003,5098.3199999999997,0,212,15,1,4,38,50983.160000000003,2579.8400000000001,56081.480000000003,50983.160000000003,5098.3199999999997,0,213,4,38,50983.160000000003,56081.480000000003,197,1,56081.480000000003,1,56081.480000000003,1,56081.480000000003,196,1,2,1,56081.480000000003,56081.480000000003,56081.480000000003,56081.480000000003,4,3,3,3,0,2,0,31,4,64,0,0.84615384615384615,2,25832.360000000001,0,0,0,1,1,0,0,0,0,0,0,0,0,0,0,0,0,0,0,0,0,1,15,0,15540,1,1,1,1,1,0,1,1,1,1,1,1,1,1,1,1,1,1,1,0,1,1,1,1,1,1,0,0,0,0,0,0,0,0,0,0,0,0,0,0,0,1,1,1,1,1
RCA_000956,GL_JOURNAL,EUR,PAID,NET45,FINANCE,630100-FINANCE,EUR,ISSUED,FINANCE,630100-FINANCE,SERVICES,DE,EUR,NET45,ACH,ACTIVE,ACH,EUR,COMPLETED,SETTLED,ACH_DEBIT,EUR,DEBIT,POSTED,MANAGER,APPROVED,PAYMENT,933.23000000000002,933.23000000000002,0,0,318,45,4,2,30,933.23000000000002,40.784999999999997,933.23000000000002,933.23000000000002,0,0,318,2,30,933.23000000000002,933.23000000000002,273,1,933.23000000000002,1,933.23000000000002,1,933.23000000000002,270,1,2,1,933.23000000000002,933.23000000000002,933.23000000000002,933.23000000000002,2,1,1,1,0,0,0,29,4,3,0,0.69230769230769229,13,670.42999999999995,0,0,0,1,1,0,0,0,0,0,0,0,0,0,0,0,0,0,0,0,0,0,45,0,57420,1,1,1,1,1,0,1,1,1,1,1,1,1,1,1,1,1,1,1,0,1,0,1,1,1,1,0,0,0,0,0,0,0,0,0,0,0,0,0,0,1,1,1,1,1,1
RCA_000957,GL_JOURNAL,USD,PAID,NET60,OPERATIONS,620100-OPERATIONS,USD,ISSUED,OPERATIONS,620100-OPERATIONS,LOGISTICS,US,USD,NET60,ACH,ACTIVE,ACH,USD,COMPLETED,SETTLED,ACH_DEBIT,USD,DEBIT,POSTED,MANAGER,APPROVED,PAYMENT,6668.3100000000004,6062.1000000000004,606.21000000000004,0,248,60,2,2,39,6062.1000000000004,147.77000000000001,6668.3100000000004,6062.1000000000004,606.21000000000004,0,262,2,39,6062.1000000000004,4000.9899999999998,188,2,6668.3100000000004,1,6668.3100000000004,2,4000.9899999999998,183,1,4,2,6668.3100000000004,6668.3100000000004,6668.3100000000004,6668.3100000000004,2,1,1,1,0,0,0,32,4,23,0,0.76923076923076916,25,346.57999999999998,0,0,0,1,1,0,0,0,0,0,0,0,0,0,0,0,0,0,2667.3200000000002,2667.3200000000002,0,14,60,0,81900,1,1,1,1,1,0,1,1,1,1,1,1,1,1,1,1,1,1,1,0,1,0,1,1,1,1,0,0,0,0,0,0,0,0,0,0,0,0,0,0,1,1,2,2,1,1
RCA_000958,GL_JOURNAL,CAD,PAID,NET30,OPERATIONS,620100-OPERATIONS,CAD,ISSUED,OPERATIONS,620100-OPERATIONS,SUPPLIER,CA,CAD,NET30,ACH,ACTIVE,ACH,CAD,COMPLETED,SETTLED,ACH_DEBIT,CAD,DEBIT,POSTED,DIRECTOR,APPROVED,PAYMENT,15841.74,14736.5,1105.24,0,216,30,4,2,13,14736.5,4019.8499999999999,15841.74,14736.5,1105.24,0,228,2,13,14736.5,15841.74,186,1,15841.74,1,15841.74,1,15841.74,181,1,2,1,15841.74,15841.74,15841.74,15841.74,3,2,2,2,0,0,0,29,4,3,0,0.84615384615384615,133,2574.8000000000002,0,0,0,1,1,0,0,0,0,0,0,0,0,0,0,0,0,0,0,0,0,12,30,0,34320,1,1,1,1,1,0,1,1,1,1,1,1,1,1,1,1,1,1,1,0,1,0,1,1,1,1,0,0,0,0,0,0,0,0,0,0,0,0,0,0,1,1,1,1,1,1
RCA_000959,GL_JOURNAL,USD,PAID,DUE_ON_RECEIPT,IT,680100-IT,USD,ISSUED,IT,680100-IT,SERVICES,US,USD,DUE_ON_RECEIPT,ACH,ACTIVE,ACH,USD,COMPLETED,SETTLED,ACH_DEBIT,USD,DEBIT,POSTED,DIRECTOR,APPROVED,PAYMENT,11693.719999999999,10599.73,1059.97,34.020000000000003,305,0,3,4,72,10599.73,164.64000000000001,11693.719999999999,10599.73,1059.97,34.020000000000003,321,4,72,10599.73,7016.2299999999996,299,2,11693.719999999999,1,11693.719999999999,2,7016.2299999999996,294,1,4,2,11693.719999999999,11693.719999999999,11693.719999999999,11693.719999999999,3,2,2,2,0,0,0,31,4,6,0,0.76923076923076916,63,2825.0500000000002,0,0,0,1,1,0,0,0,0,0,0,0,0,0,0,0,0,0,4677.4899999999998,4677.4899999999998,0,16,6,0,1200,1,1,1,1,1,0,1,1,1,1,1,1,1,1,1,1,1,1,1,0,1,0,1,1,1,1,0,0,0,0,0,0,0,0,0,0,0,0,0,0,1,1,2,1,1,1
RCA_000960,GL_JOURNAL,CAD,PAID,NET30,ENGINEERING,610100-ENGINEERING,CAD,ISSUED,ENGINEERING,610100-ENGINEERING,SERVICES,US,CAD,NET30,ACH,ACTIVE,ACH,CAD,COMPLETED,SETTLED,ACH_DEBIT,CAD,DEBIT,POSTED,MANAGER,APPROVED,PAYMENT,5999.4399999999996,5580.8699999999999,418.56999999999999,0,235,30,3,2,24,5580.8699999999999,1360.105,5999.4399999999996,5580.8699999999999,418.56999999999999,0,252,2,24,5580.8699999999999,5999.4399999999996,205,1,5999.4399999999996,1,5999.4399999999996,1,5999.4399999999996,202,1,2,1,5999.4399999999996,5999.4399999999996,5999.4399999999996,5999.4399999999996,2,1,1,1,0,1,0,30,4,20,0,0.84615384615384615,28,426.62,0,0,0,1,1,0,0,0,0,0,0,0,0,0,0,0,0,0,0,0,0,17,30,0,37260,1,1,1,1,1,0,1,1,1,1,1,1,1,1,1,1,1,1,1,0,1,1,1,1,1,1,0,0,0,0,0,0,0,0,0,0,0,0,0,0,0,1,1,1,1,1
RCA_000961,GL_JOURNAL,EUR,PAID,NET30,LEGAL,670100-LEGAL,EUR,ISSUED,LEGAL,670100-LEGAL,SERVICES,DE,EUR,NET30,CHECK,ACTIVE,CHECK,EUR,COMPLETED,SETTLED,CHECK_CLEARING,EUR,DEBIT,POSTED,DIRECTOR,APPROVED,PAYMENT,22601.389999999999,21024.549999999999,1576.8399999999999,0,524,30,5,2,25,21024.549999999999,857.14999999999998,22601.389999999999,21024.549999999999,1576.8399999999999,0,532,2,25,21024.549999999999,13560.83,494,2,22601.389999999999,1,22601.389999999999,2,13560.83,480,1,4,2,22601.389999999999,22601.389999999999,22601.389999999999,22601.389999999999,3,2,2,2,0,0,0,29,4,67,0,0.84615384615384615,4,5902.1899999999996,0,0,0,1,1,0,0,0,0,0,0,0,0,9040.5599999999995,0.40000017698026535,0,0,0,9040.5599999999995,9040.5599999999995,0,8,30,0,32880,1,1,1,1,1,0,1,1,1,1,1,1,1,1,1,1,1,1,1,0,1,0,1,1,1,1,0,0,0,0,0,0,0,0,0,0,0,0,0,0,1,1,2,1,1,1
RCA_000962,GL_JOURNAL,EUR,PAID,NET60,ENGINEERING,610100-ENGINEERING,EUR,ISSUED,ENGINEERING,610100-ENGINEERING,LOGISTICS,DE,EUR,NET60,ACH,ACTIVE,ACH,EUR,COMPLETED,SETTLED,ACH_DEBIT,EUR,DEBIT,POSTED,DIRECTOR,APPROVED,PAYMENT,13914.74,12943.940000000001,970.79999999999995,0,405,60,1,2,26,12943.940000000001,774.71499999999992,13914.74,12943.940000000001,970.79999999999995,0,421,2,26,12943.940000000001,8348.8400000000001,345,2,13914.74,1,13914.74,2,8348.8400000000001,342,1,4,2,14223.65,14223.65,14223.65,14223.65,3,2,2,2,0,0,0,32,4,14,0,0.92307692307692313,28,263.25999999999999,0,0,0,1,1,0,0,0,0,0,0,0,0,0,0,0,0,0,5874.8100000000004,5874.8100000000004,0,16,60,0,81840,1,1,1,1,1,0,1,1,1,1,1,1,1,1,1,1,1,1,1,0,1,0,1,1,1,1,0,0,0,0,0,0,0,0,0,0,0,0,0,0,1,1,2,2,1,1
RCA_000963,GL_JOURNAL,USD,PAID,NET15,MARKETING,650100-MARKETING,USD,ISSUED,MARKETING,650100-MARKETING,PROFESSIONAL,US,USD,NET15,ACH,ACTIVE,ACH,USD,COMPLETED,SETTLED,ACH_DEBIT,USD,DEBIT,POSTED,MANAGER,APPROVED,PAYMENT,6441.6000000000004,6441.6000000000004,0,0,62,15,4,3,33,6441.6000000000004,782.25999999999988,6441.6000000000004,6441.6000000000004,0,0,88,3,33,6441.6000000000004,3864.96,47,2,6441.6000000000004,1,6441.6000000000004,2,3864.96,42,1,4,2,6441.6000000000004,6441.6000000000004,6441.6000000000004,6441.6000000000004,2,1,1,1,0,2,2,31,4,90,0,0.92307692307692313,1,0.28999999999999998,0,0,0,1,1,0,0,0,0,0,0,0,0,0,0,0,0,0,2576.6399999999999,2576.6399999999999,0,26,15,0,14220,1,1,1,1,1,0,1,1,1,1,1,1,1,1,1,1,1,1,1,0,1,1,1,1,1,1,0,0,0,0,0,0,0,0,0,0,0,0,0,0,0,1,2,2,1,1
RCA_000966,GL_JOURNAL,USD,PAID,NET15,MARKETING,650100-MARKETING,USD,ISSUED,MARKETING,650100-MARKETING,SUPPLIER,US,USD,NET15,WIRE,ACTIVE,WIRE,USD,COMPLETED,SETTLED,WIRE_DEBIT,USD,DEBIT,POSTED,MANAGER,APPROVED,PAYMENT,3363.5799999999999,3092.9400000000001,231.97,38.670000000000002,529,15,5,2,22,3092.9400000000001,1299.4699999999998,3363.5799999999999,3092.9400000000001,231.97,38.670000000000002,531,2,22,3092.9400000000001,2018.1500000000001,514,2,3363.5799999999999,1,3363.5799999999999,2,2018.1500000000001,512,1,4,2,3363.5799999999999,3363.5799999999999,3363.5799999999999,3363.5799999999999,2,1,1,1,0,2,0,31,4,64,0,0.84615384615384615,10,60.490000000000002,0,0,0,1,1,0,0,0,0,0,0,0,0,0,0,0,0,0,1345.4300000000001,1345.4300000000001,0,2,15,0,12780,1,1,1,1,1,0,1,1,1,1,1,1,1,1,1,1,1,1,1,0,1,1,1,1,1,1,0,0,0,0,0,0,0,0,0,0,0,0,0,0,0,1,2,3,1,1
RCA_000968,GL_JOURNAL,USD,PAID,NET30,LEGAL,670100-LEGAL,USD,ISSUED,LEGAL,670100-LEGAL,SERVICES,US,USD,NET30,WIRE,ACTIVE,WIRE,USD,COMPLETED,SETTLED,WIRE_DEBIT,USD,DEBIT,POSTED,MANAGER,APPROVED,PAYMENT,8482.7800000000007,8078.8400000000001,403.94,0,175,30,5,1,22,8078.8400000000001,367.22000000000003,8482.7800000000007,8078.8400000000001,403.94,0,200,1,22,8078.8400000000001,13646.49,145,2,13646.49,2,13646.49,1,13646.49,144,1,2,1,13646.49,13646.49,13646.49,13646.49,4,2,1,1,0,0,0,29,4,29,0,0.76923076923076916,2,403.93000000000001,0,0,0,1,1,0,0,0,0,0,0,0,0,0,0,0,0,0,0,0,0,25,30,0,34380,1,1,1,1,1,0,1,1,1,1,1,1,1,1,1,1,1,1,1,0,1,0,1,1,1,1,0,0,0,0,0,0,0,0,0,0,0,0,0,0,1,2,1,1,1,1
RCA_000970,GL_JOURNAL,USD,PAID,NET45,OPERATIONS,620100-OPERATIONS,USD,ISSUED,OPERATIONS,620100-OPERATIONS,SUPPLIER,US,USD,NET45,ACH,ACTIVE,ACH,USD,COMPLETED,SETTLED,ACH_DEBIT,USD,DEBIT,POSTED,MANAGER,APPROVED,PAYMENT,2244.3600000000001,2244.3600000000001,0,0,101,45,1,1,6,2244.3600000000001,374.06,2244.3600000000001,2244.3600000000001,0,0,106,1,6,2244.3600000000001,2244.3600000000001,56,1,2244.3600000000001,1,2244.3600000000001,1,2244.3600000000001,53,1,2,1,2244.3600000000001,2244.3600000000001,2244.3600000000001,2244.3600000000001,2,1,1,1,0,1,1,31,4,22,0,0.84615384615384615,10,116.87,0,0,0,1,1,0,0,0,0,0,0,0,0,0,0,0,0,0,0,0,0,5,45,0,61740,1,1,1,1,1,0,1,1,1,1,1,1,1,1,1,1,1,1,1,0,1,1,1,1,1,1,0,0,0,0,0,0,0,0,0,0,0,0,0,0,0,1,1,1,1,1
RCA_000971,GL_JOURNAL,USD,PAID,NET45,LEGAL,670100-LEGAL,USD,ISSUED,LEGAL,670100-LEGAL,SUPPLIER,US,USD,NET45,ACH,ACTIVE,ACH,USD,COMPLETED,SETTLED,ACH_DEBIT,USD,DEBIT,POSTED,DIRECTOR,APPROVED,PAYMENT,16975.880000000001,15791.52,1184.3599999999999,0,448,45,0,2,32,15791.52,493.48500000000001,16975.880000000001,15791.52,1184.3599999999999,0,461,2,32,15791.52,10185.530000000001,403,2,16975.880000000001,1,16975.880000000001,2,10185.530000000001,398,1,4,2,16975.880000000001,16975.880000000001,16975.880000000001,16975.880000000001,3,2,2,2,0,0,0,33,4,7,0,0.76923076923076916,78,8902.7999999999993,0,0,0,1,1,0,0,0,0,0,0,0,0,0,0,0,0,0,6790.3500000000004,6790.3500000000004,0,13,45,0,61680,1,1,1,1,1,0,1,1,1,1,1,1,1,1,1,1,1,1,1,0,1,0,1,1,1,1,0,0,0,0,0,0,0,0,0,0,0,0,0,0,1,1,2,2,1,1
RCA_000972,GL_JOURNAL,USD,PAID,NET45,OPERATIONS,620100-OPERATIONS,__MISSING__,__MISSING__,__MISSING__,__MISSING__,SOFTWARE,US,USD,NET45,ACH,ACTIVE,ACH,USD,COMPLETED,SETTLED,ACH_DEBIT,USD,DEBIT,POSTED,MANAGER,APPROVED,PAYMENT,2105.1799999999998,1958.3099999999999,146.87,0,475,45,1,2,12,1958.3099999999999,202.26500000000001,,,,,,0,0,0,1263.1099999999999,430,2,2105.1799999999998,1,2105.1799999999998,2,1263.1099999999999,426,1,4,2,2105.1799999999998,2105.1799999999998,2105.1799999999998,2105.1799999999998,2,1,1,1,0,0,0,29,4,19,0,0.84615384615384615,2,35.340000000000003,0,0,0,1,1,,,,,,,0,0,0,0,0,0,0,842.07000000000005,842.07000000000005,0,,45,0,61740,0,-1,-1,-1,1,0,-1,1,1,1,1,1,1,1,1,1,1,1,1,0,1,0,1,1,1,1,0,0,0,0,0,0,0,0,0,0,0,0,0,0,1,1,2,2,1,1
RCA_000973,GL_JOURNAL,USD,PAID,NET30,ENGINEERING,610100-ENGINEERING,USD,ISSUED,ENGINEERING,610100-ENGINEERING,SUPPLIER,US,USD,NET30,WIRE,ACTIVE,WIRE,USD,COMPLETED,SETTLED,WIRE_DEBIT,USD,DEBIT,POSTED,DIRECTOR,APPROVED,PAYMENT,11109.379999999999,10580.360000000001,529.01999999999998,0,233,30,1,1,1,10580.360000000001,10580.360000000001,11109.379999999999,10580.360000000001,529.01999999999998,0,244,1,1,10580.360000000001,6665.6300000000001,203,2,11109.379999999999,1,11109.379999999999,2,6665.6300000000001,202,2,4,2,11109.379999999999,11109.379999999999,11109.379999999999,11109.379999999999,3,2,2,2,0,0,0,27,4,7,0,0.76923076923076916,56,6199.9700000000003,0,0,0,1,1,0,0,0,0,0,0,0,0,0,0,0,0,0,4443.75,4443.75,0,11,30,0,38640,1,1,1,1,1,0,1,1,1,1,1,1,1,1,0,1,1,1,1,0,1,0,1,1,1,1,0,0,0,0,0,0,0,0,0,0,0,0,0,0,1,1,2,3,1,1
RCA_000976,GL_JOURNAL,USD,PAID,NET45,OPERATIONS,620100-OPERATIONS,USD,ISSUED,OPERATIONS,620100-OPERATIONS,SOFTWARE,US,USD,NET45,ACH,ACTIVE,ACH,USD,COMPLETED,SETTLED,ACH_DEBIT,USD,DEBIT,POSTED,DIRECTOR,APPROVED,PAYMENT,4268.8400000000001,3971.0100000000002,297.82999999999998,0,514,45,0,3,29,3971.0100000000002,213.70666666666668,4268.8400000000001,3971.0100000000002,297.82999999999998,0,544,3,29,3971.0100000000002,16690.849999999999,152,2,16690.849999999999,2,16690.849999999999,1,16690.849999999999,147,1,2,1,16690.849999999999,16690.849999999999,16690.849999999999,16690.849999999999,5,3,2,2,0,1,1,30,4,350,0,0.92307692307692313,1,20.789999999999999,0,0,0,1,1,0,0,0,0,0,0,0,0,0,0,0,0,0,0,0,0,30,362,0,60240,1,1,1,1,1,0,1,1,1,1,1,1,1,1,1,1,1,1,1,0,1,1,1,1,1,1,0,0,0,0,0,0,0,0,0,0,0,0,0,0,0,2,1,1,1,1
RCA_000979,GL_JOURNAL,USD,PAID,NET30,MARKETING,650100-MARKETING,USD,ISSUED,MARKETING,650100-MARKETING,SERVICES,US,USD,NET30,ACH,ACTIVE,ACH,USD,COMPLETED,SETTLED,ACH_DEBIT,USD,DEBIT,POSTED,MANAGER,APPROVED,PAYMENT,2518.27,2518.27,0,0,338,30,5,1,23,2518.27,109.48999999999999,2518.27,2518.27,0,0,358,1,23,2518.27,1510.96,308,2,2518.27,1,2518.27,2,1510.96,305,1,4,2,2518.27,2518.27,2518.27,2518.27,2,1,1,1,0,0,0,30,4,11,0,0.76923076923076916,4,377.74000000000001,0,0,0,1,1,0,0,0,0,0,0,0,0,0,0,0,0,0,1007.3099999999999,1007.3099999999999,0,20,30,0,34380,1,1,1,1,1,0,1,1,1,1,1,1,1,1,1,1,1,1,1,0,1,0,1,1,1,1,0,0,0,0,0,0,0,0,0,0,0,0,0,0,1,1,2,2,1,1
RCA_000982,GL_JOURNAL,USD,PAID,NET30,MARKETING,650100-MARKETING,USD,ISSUED,MARKETING,650100-MARKETING,SOFTWARE,US,USD,NET30,VIRTUAL_CARD,ACTIVE,VIRTUAL_CARD,USD,COMPLETED,SETTLED,CARD_SETTLEMENT,USD,DEBIT,POSTED,MANAGER,APPROVED,PAYMENT,6932.0299999999997,6448.3999999999996,483.63,0,218,30,4,3,30,6448.3999999999996,207.5566666666667,6932.0299999999997,6448.3999999999996,483.63,0,225,3,30,6448.3999999999996,6932.0299999999997,188,1,6932.0299999999997,1,6932.0299999999997,1,6932.0299999999997,186,1,2,1,6932.0299999999997,6932.0299999999997,6932.0299999999997,6932.0299999999997,2,1,1,1,0,1,1,29,4,49,0,0.84615384615384615,8,41.399999999999999,0,0,0,1,1,0,0,0,0,0,0,0,0,0,0,0,0,0,0,0,0,7,30,0,35820,1,1,1,1,1,0,1,1,1,1,1,1,1,1,1,1,1,1,1,0,1,1,1,1,1,1,0,0,0,0,0,0,0,0,0,0,0,0,0,0,0,1,1,1,1,1
RCA_000983,GL_JOURNAL,USD,PAID,NET60,PEOPLE,660100-PEOPLE,USD,ISSUED,PEOPLE,660100-PEOPLE,LOGISTICS,US,USD,NET60,ACH,ACTIVE,ACH,USD,COMPLETED,SETTLED,ACH_DEBIT,USD,DEBIT,POSTED,MANAGER,APPROVED,PAYMENT,2882.4499999999998,2612.2199999999998,261.22000000000003,9.0099999999999998,345,60,2,1,6,2612.2199999999998,435.37,2882.4499999999998,2612.2199999999998,261.22000000000003,9.0099999999999998,373,1,6,2612.2199999999998,2882.4499999999998,285,1,2882.4499999999998,1,2882.4499999999998,1,2882.4499999999998,280,1,2,1,2882.4499999999998,2882.4499999999998,2882.4499999999998,2882.4499999999998,2,1,1,1,0,0,0,31,4,5,0,0.76923076923076916,35,745.09000000000003,0,0,0,1,1,0,0,0,0,0,0,0,0,0,0,0,0,0,0,0,0,28,60,0,81900,1,1,1,1,1,0,1,1,1,1,1,1,1,1,1,1,1,1,1,0,1,0,1,1,1,1,0,0,0,0,0,0,0,0,0,0,0,0,0,0,1,1,1,1,1,1
RCA_000985,GL_JOURNAL,EUR,PAID,NET30,SALES,640100-SALES,__MISSING__,__MISSING__,__MISSING__,__MISSING__,SERVICES,DE,EUR,NET30,CHECK,ACTIVE,CHECK,EUR,COMPLETED,SETTLED,CHECK_CLEARING,EUR,DEBIT,POSTED,MANAGER,APPROVED,PAYMENT,4445.3199999999997,4041.1999999999998,404.12,0,99,30,3,1,10,4041.1999999999998,404.12,,,,,,0,0,0,2667.1900000000001,69,2,4445.3199999999997,1,4445.3199999999997,2,2667.1900000000001,55,1,4,2,4445.3199999999997,4445.3199999999997,4445.3199999999997,4445.3199999999997,2,1,1,1,0,0,0,29,4,67,0,0.84615384615384615,7,57.159999999999997,0,0,0,1,1,,,,,,,0,0,0,0,0,0,0,1778.1300000000001,1778.1300000000001,0,,30,0,37260,0,-1,-1,-1,1,0,-1,1,1,1,1,1,1,1,1,1,1,1,1,0,1,0,1,1,1,1,0,0,0,0,0,0,0,0,0,0,0,0,0,0,1,1,2,2,1,1
RCA_000988,GL_JOURNAL,USD,PAID,NET15,SALES,640100-SALES,USD,ISSUED,SALES,640100-SALES,SUPPLIER,DE,USD,NET15,ACH,ACTIVE,ACH,USD,COMPLETED,SETTLED,ACH_DEBIT,USD,DEBIT,POSTED,DIRECTOR,APPROVED,PAYMENT,13951.950000000001,13951.950000000001,0,0,46,15,1,2,11,13951.950000000001,6379.5,13951.950000000001,13951.950000000001,0,0,68,2,11,13951.950000000001,13951.950000000001,31,1,13951.950000000001,1,13951.950000000001,1,13951.950000000001,27,1,2,1,13951.950000000001,13951.950000000001,13951.950000000001,13951.950000000001,3,2,2,2,0,1,1,30,4,10,0,0.76923076923076916,51,1305.77,0,0,0,1,1,0,0,0,0,0,0,0,0,0,0,0,0,0,0,0,0,22,15,0,17040,1,1,1,1,1,0,1,1,1,1,1,1,1,1,1,1,1,1,1,0,1,1,1,1,1,1,0,0,0,0,0,0,0,0,0,0,0,0,0,0,0,1,1,1,1,1
RCA_000990,GL_JOURNAL,USD,PAID,NET60,OPERATIONS,620100-OPERATIONS,__MISSING__,__MISSING__,__MISSING__,__MISSING__,SUPPLIER,US,USD,NET60,ACH,ON_HOLD,ACH,USD,COMPLETED,SETTLED,ACH_DEBIT,USD,DEBIT,POSTED,MANAGER,APPROVED,PAYMENT,4932.1000000000004,4932.1000000000004,0,0,212,60,1,2,15,4932.1000000000004,385.88999999999999,,,,,,0,0,0,2959.2600000000002,152,2,4932.1000000000004,1,4932.1000000000004,2,2959.2600000000002,147,1,4,2,4932.1000000000004,4932.1000000000004,4932.1000000000004,4932.1000000000004,2,1,1,1,0,0,0,26,4,1,0,0.69230769230769229,162,2512.1799999999998,0,0,0,1,1,,,,,,,0,0,0,0,0,0,0,1972.8399999999999,1972.8399999999999,0,,60,0,83340,0,-1,-1,-1,1,0,-1,1,1,1,1,1,1,1,1,1,1,1,1,0,1,0,1,1,1,1,0,0,0,0,0,0,0,0,0,0,0,0,0,0,1,1,2,2,1,1
RCA_000991,GL_JOURNAL,USD,PAID,DUE_ON_RECEIPT,FINANCE,630100-FINANCE,USD,ISSUED,FINANCE,630100-FINANCE,SERVICES,US,USD,DUE_ON_RECEIPT,ACH,ACTIVE,ACH,USD,COMPLETED,SETTLED,ACH_DEBIT,USD,DEBIT,POSTED,MANAGER,APPROVED,PAYMENT,1367.4300000000001,1243.1199999999999,124.31,0,398,0,3,2,37,1243.1199999999999,33.75,1367.4300000000001,1243.1199999999999,124.31,0,399,2,37,1243.1199999999999,1367.4300000000001,393,1,1367.4300000000001,1,1367.4300000000001,1,1367.4300000000001,390,1,2,1,1367.4300000000001,1367.4300000000001,1367.4300000000001,1367.4300000000001,2,1,1,1,0,3,0,29,4,28,0,0.76923076923076916,28,65.510000000000005,0,0,0,1,1,0,0,0,0,0,0,0,0,0,0,0,0,0,0,0,0,1,5,0,1260,1,1,1,1,1,0,1,1,1,1,1,1,1,1,1,1,1,1,1,0,1,1,1,1,1,1,0,0,0,0,0,0,0,0,0,0,0,0,0,0,0,1,1,1,1,1
RCA_000992,GL_JOURNAL,USD,PAID,NET15,FINANCE,630100-FINANCE,USD,ISSUED,FINANCE,630100-FINANCE,SOFTWARE,US,USD,NET15,ACH,ACTIVE,ACH,USD,COMPLETED,SETTLED,ACH_DEBIT,USD,DEBIT,POSTED,MANAGER,APPROVED,PAYMENT,2354.29,2140.2600000000002,214.03,0,404,15,4,3,26,2140.2600000000002,117.02999999999999,2354.29,2140.2600000000002,214.03,0,409,3,26,2140.2600000000002,10987.940000000001,335,2,10987.940000000001,2,10987.940000000001,1,10987.940000000001,330,1,2,1,10987.940000000001,10987.940000000001,10987.940000000001,10987.940000000001,4,2,1,1,0,2,0,27,4,300,0,0.84615384615384615,1,15.93,0,0,0,1,1,0,0,0,0,0,0,0,0,0,0,0,0,0,0,0,0,5,69,0,19980,1,1,1,1,1,0,1,1,1,1,1,1,1,1,1,1,1,1,1,0,1,1,1,1,1,1,0,0,0,0,0,0,0,0,0,0,0,0,0,0,0,2,1,1,1,1
RCA_000993,GL_JOURNAL,USD,PAID,NET60,ENGINEERING,610100-ENGINEERING,USD,ISSUED,ENGINEERING,610100-ENGINEERING,PROFESSIONAL,US,USD,NET60,ACH,ACTIVE,ACH,USD,COMPLETED,SETTLED,ACH_DEBIT,USD,DEBIT,POSTED,MANAGER,APPROVED,PAYMENT,1527.8800000000001,1421.28,106.59999999999999,0,256,60,0,1,18,1421.28,78.959999999999994,1527.8800000000001,1421.28,106.59999999999999,0,266,1,18,1421.28,1527.8800000000001,196,1,1527.8800000000001,1,1527.8800000000001,1,1527.8800000000001,193,1,2,1,1527.8800000000001,1527.8800000000001,1527.8800000000001,1527.8800000000001,2,1,1,1,0,0,0,30,4,4,0,0.76923076923076916,61,2952.6199999999999,0,0,0,1,1,0,0,0,0,0,0,0,0,0,0,0,0,0,0,0,0,10,60,0,84780,1,1,1,1,1,0,1,1,1,1,1,1,1,1,1,1,1,1,1,0,1,0,1,1,1,1,0,0,0,0,0,0,0,0,0,0,0,0,0,0,1,1,1,1,1,1
RCA_000995,GL_JOURNAL,USD,PAID,DUE_ON_RECEIPT,SALES,640100-SALES,USD,ISSUED,SALES,640100-SALES,SERVICES,US,USD,DUE_ON_RECEIPT,ACH,ACTIVE,ACH,USD,COMPLETED,SETTLED,ACH_DEBIT,USD,DEBIT,POSTED,MANAGER,APPROVED,PAYMENT,1301.9200000000001,1239.9200000000001,62,0,47,0,1,1,11,1239.9200000000001,112.72,1301.9200000000001,1239.9200000000001,62,0,75,1,11,1239.9200000000001,1301.9200000000001,44,1,1301.9200000000001,1,1301.9200000000001,1,1301.9200000000001,41,1,2,1,1301.9200000000001,1301.9200000000001,1301.9200000000001,1301.9200000000001,2,1,1,1,0,3,3,29,4,28,0,0.84615384615384615,13,65.510000000000005,0,0,0,1,1,0,0,0,0,0,0,0,0,0,0,0,0,0,0,0,0,28,3,0,1260,1,1,1,1,1,0,1,1,1,1,1,1,1,1,1,1,1,1,1,0,1,1,1,1,1,1,0,0,0,0,0,0,0,0,0,0,0,0,0,0,0,1,1,1,1,1
RCA_000996,GL_JOURNAL,USD,PAID,NET60,OPERATIONS,620100-OPERATIONS,USD,ISSUED,OPERATIONS,620100-OPERATIONS,SERVICES,US,USD,NET60,ACH,ACTIVE,ACH,USD,COMPLETED,SETTLED,ACH_DEBIT,USD,DEBIT,POSTED,MANAGER,APPROVED,PAYMENT,688.27999999999997,640.25999999999999,48.020000000000003,0,226,60,3,2,27,640.25999999999999,27.609999999999999,688.27999999999997,640.25999999999999,48.020000000000003,0,248,2,27,640.25999999999999,412.97000000000003,166,2,688.27999999999997,1,688.27999999999997,2,412.97000000000003,161,1,4,2,688.27999999999997,688.27999999999997,688.27999999999997,688.27999999999997,2,1,1,1,0,1,1,28,4,26,0,0.76923076923076916,21,297.27999999999997,0,0,0,1,1,0,0,0,0,0,0,0,0,0,0,0,0,0,275.31,275.31,0,22,60,0,80460,1,1,1,1,1,0,1,1,1,1,1,1,1,1,1,1,1,1,1,0,1,1,1,1,1,1,0,0,0,0,0,0,0,0,0,0,0,0,0,0,0,1,2,2,1,1
RCA_000997,GL_JOURNAL,USD,PAID,NET45,PEOPLE,660100-PEOPLE,USD,ISSUED,PEOPLE,660100-PEOPLE,SOFTWARE,US,USD,NET45,ACH,ACTIVE,ACH,USD,COMPLETED,SETTLED,ACH_DEBIT,USD,DEBIT,POSTED,MANAGER,APPROVED,PAYMENT,1454.5599999999999,1319.49,131.94999999999999,3.1200000000000001,131,45,0,1,9,1319.49,146.61000000000001,1454.5599999999999,1319.49,131.94999999999999,3.1200000000000001,161,1,9,1319.49,872.74000000000001,86,2,1454.5599999999999,1,1454.5599999999999,2,872.74000000000001,83,1,4,2,1454.5599999999999,1454.5599999999999,1454.5599999999999,1454.5599999999999,2,1,1,1,0,0,0,28,4,22,0,0.76923076923076916,12,159.86000000000001,0,0,0,1,1,0,0,0,0,0,0,0,0,0,0,0,0,0,581.82000000000005,581.82000000000005,0,30,45,0,63180,1,1,1,1,1,0,1,1,1,1,1,1,1,1,1,1,1,1,1,0,1,0,1,1,1,1,0,0,0,0,0,0,0,0,0,0,0,0,0,0,1,1,2,2,1,1
RCA_000998,GL_JOURNAL,USD,PAID,NET30,IT,680100-IT,__MISSING__,__MISSING__,__MISSING__,__MISSING__,SUPPLIER,US,USD,NET30,ACH,ACTIVE,ACH,USD,COMPLETED,SETTLED,ACH_DEBIT,USD,DEBIT,POSTED,MANAGER,APPROVED,PAYMENT,4000.3899999999999,4000.3899999999999,0,0,321,30,5,2,19,4000.3899999999999,204.38499999999999,,,,,,0,0,0,2400.23,291,2,4000.3899999999999,1,4000.3899999999999,2,2400.23,286,1,4,2,4000.3899999999999,4000.3899999999999,4000.3899999999999,4000.3899999999999,2,1,1,1,0,0,0,31,4,11,0,0.76923076923076916,11,0,0,0,0,1,1,,,,,,,0,0,0,0,0,0,0,1600.1600000000001,1600.1600000000001,0,,30,0,34380,0,-1,-1,-1,1,0,-1,1,1,1,1,1,1,1,1,1,1,1,1,0,1,0,1,1,1,1,0,0,0,0,0,0,0,0,0,0,0,0,0,0,1,1,2,2,1,1
RCA_001000,GL_JOURNAL,USD,PAID,NET15,ENGINEERING,610100-ENGINEERING,USD,ISSUED,ENGINEERING,610100-ENGINEERING,SOFTWARE,US,USD,NET15,CHECK,ACTIVE,CHECK,USD,COMPLETED,SETTLED,CHECK_CLEARING,USD,DEBIT,POSTED,MANAGER,APPROVED,PAYMENT,7877.3500000000004,7153.8000000000002,715.38,8.1699999999999999,107,15,2,1,12,7153.8000000000002,596.14999999999998,7877.3500000000004,7153.8000000000002,715.38,8.1699999999999999,122,1,12,7153.8000000000002,17354.380000000001,92,2,17354.380000000001,2,17354.380000000001,1,17354.380000000001,78,1,2,1,17354.380000000001,17354.380000000001,17354.380000000001,17354.380000000001,4,2,1,1,0,1,1,28,4,150,0,0.92307692307692313,0,15.390000000000001,0,0,0,1,1,0,0,0,0,0,0,0,0,0,0,0,0,0,0,0,0,15,15,0,17100,1,1,1,1,1,0,1,1,1,1,1,1,1,1,1,1,1,1,1,0,1,1,1,1,1,1,0,0,0,0,0,0,0,0,0,0,0,0,0,0,0,2,1,1,1,1
RCA_001002,PAYMENT,USD,PAID,NET15,SALES,640100-SALES,USD,ISSUED,SALES,640100-SALES,SERVICES,US,USD,NET15,CHECK,ACTIVE,CHECK,USD,COMPLETED,FAILED,CHECK_CLEARING,USD,DEBIT,RETURNED,DIRECTOR,APPROVED,PAYMENT,11549.1,10499.18,1049.9200000000001,0,126,15,2,4,69,10499.18,141.2225,11549.1,10499.18,1049.9200000000001,0,138,4,69,10499.18,11549.1,111,1,11549.1,1,11549.1,1,11549.1,97,1,2,1,11549.1,11549.1,11549.1,11549.1,3,2,2,2,0,1,1,28,4,7,0,0.76923076923076916,13,3611.5799999999999,0,0,0,1,1,0,0,0,0,0,0,0,0,11549.1,1,0,0,0,0,0,0,12,15,0,15600,1,1,1,1,1,0,1,1,1,1,1,1,1,1,1,1,1,1,1,1,0,1,1,1,1,1,0,0,0,0,0,0,0,0,0,0,0,0,0,0,0,1,1,1,1,1
RCA_001004,PAYMENT,USD,PAID,NET45,SALES,640100-SALES,USD,ISSUED,SALES,640100-SALES,SERVICES,US,USD,NET45,ACH,ACTIVE,ACH,USD,COMPLETED,FAILED,ACH_DEBIT,USD,DEBIT,RETURNED,MANAGER,APPROVED,PAYMENT,3551.8200000000002,3296.3099999999999,247.22,8.2899999999999991,249,45,3,3,30,3296.3099999999999,131.44666666666669,3551.8200000000002,3296.3099999999999,247.22,8.2899999999999991,276,3,30,3296.3099999999999,3551.8200000000002,204,1,3551.8200000000002,1,3551.8200000000002,1,3551.8200000000002,201,1,2,1,3551.8200000000002,3551.8200000000002,3551.8200000000002,3551.8200000000002,2,1,1,1,0,2,2,30,4,135,0,0.92307692307692313,1,61.460000000000001,0,0,0,1,1,0,0,0,0,0,0,0,0,3551.8200000000002,1,0,0,0,0,0,0,27,45,0,58860,1,1,1,1,1,0,1,1,1,1,1,1,1,1,1,1,1,1,1,1,0,1,1,1,1,1,0,0,0,0,0,0,0,0,0,0,0,0,0,0,0,1,1,1,1,1
RCA_001005,PAYMENT,USD,PAID,NET30,SALES,640100-SALES,USD,ISSUED,SALES,640100-SALES,PROFESSIONAL,US,USD,NET30,VIRTUAL_CARD,ACTIVE,VIRTUAL_CARD,USD,COMPLETED,FAILED,CARD_SETTLEMENT,USD,DEBIT,RETURNED,MANAGER,APPROVED,PAYMENT,5020.79,5020.79,0,0,289,30,2,2,26,5020.79,163.83500000000001,5020.79,5020.79,0,0,305,2,26,5020.79,3012.4699999999998,259,2,5020.79,1,5020.79,2,3012.4699999999998,257,1,4,2,5020.79,5020.79,5020.79,5020.79,2,1,1,1,0,1,1,29,4,22,0,0.84615384615384615,3,2.6000000000000001,0,0,0,1,1,0,0,0,0,0,0,0,0,3012.4699999999998,0.59999920331262613,0,0,0,2008.3199999999999,2008.3199999999999,0,16,30,0,38700,1,1,1,1,1,0,1,1,1,1,1,1,1,1,1,1,1,1,1,1,0,1,1,1,1,1,0,0,0,0,0,0,0,0,0,0,0,0,0,0,0,1,2,2,1,1
RCA_001007,PAYMENT,USD,PAID,NET30,MARKETING,650100-MARKETING,USD,ISSUED,MARKETING,650100-MARKETING,SERVICES,US,USD,NET30,ACH,ACTIVE,ACH,USD,COMPLETED,FAILED,ACH_DEBIT,USD,DEBIT,RETURNED,MANAGER,APPROVED,PAYMENT,4193.3199999999997,3993.6399999999999,199.68000000000001,0,294,30,5,3,16,3993.6399999999999,1098.2733333333333,4193.3199999999997,3993.6399999999999,199.68000000000001,0,307,3,16,3993.6399999999999,2515.9899999999998,264,2,4193.3199999999997,1,4193.3199999999997,2,2515.9899999999998,259,1,4,2,4193.3199999999997,4193.3199999999997,4193.3199999999997,4193.3199999999997,2,1,1,1,0,1,1,25,4,18,0,0.84615384615384615,23,251.22999999999999,0,0,0,1,1,0,0,0,0,0,0,0,0,2515.9899999999998,0.59999952305094773,0,0,0,1677.3299999999999,1677.3299999999999,0,13,30,0,34380,1,1,1,1,1,0,1,1,1,1,1,1,1,1,1,1,1,1,1,1,0,1,1,1,1,1,0,0,0,0,0,0,0,0,0,0,0,0,0,0,0,1,2,2,1,1
RCA_001008,PAYMENT,USD,PAID,NET30,SALES,640100-SALES,__MISSING__,__MISSING__,__MISSING__,__MISSING__,SOFTWARE,US,USD,NET30,ACH,ACTIVE,ACH,USD,COMPLETED,FAILED,ACH_DEBIT,USD,DEBIT,RETURNED,MANAGER,APPROVED,PAYMENT,7537.8599999999997,7011.96,525.89999999999998,0,356,30,3,3,31,7011.96,222.83333333333334,,,,,,0,0,0,7537.8599999999997,326,1,7537.8599999999997,1,7537.8599999999997,1,7537.8599999999997,321,1,2,1,7537.8599999999997,7537.8599999999997,7537.8599999999997,7537.8599999999997,2,1,1,1,0,1,1,30,4,31,0,0.84615384615384615,7,186.65000000000001,0,0,0,1,1,,,,,,,0,0,7537.8599999999997,1,0,0,0,0,0,0,,30,0,37260,0,-1,-1,-1,1,0,-1,1,1,1,1,1,1,1,1,1,1,1,1,1,0,1,1,1,1,1,0,0,0,0,0,0,0,0,0,0,0,0,0,0,0,1,1,1,1,1
RCA_001009,PAYMENT,EUR,PAID,NET15,OPERATIONS,620100-OPERATIONS,__MISSING__,__MISSING__,__MISSING__,__MISSING__,SOFTWARE,DE,EUR,NET15,ACH,ACTIVE,ACH,EUR,COMPLETED,FAILED,ACH_DEBIT,EUR,DEBIT,RETURNED,MANAGER,APPROVED,PAYMENT,2214.2800000000002,2214.2800000000002,0,0,159,15,1,3,14,2214.2800000000002,239.50666666666666,,,,,,0,0,0,2214.2800000000002,144,1,2214.2800000000002,1,2214.2800000000002,1,2214.2800000000002,139,1,2,1,2214.2800000000002,2214.2800000000002,2214.2800000000002,2214.2800000000002,2,1,1,1,0,1,1,27,4,23,0,0.84615384615384615,6,213.81999999999999,0,0,0,1,1,,,,,,,0,0,2214.2800000000002,1,0,0,0,0,0,0,,15,0,18540,0,-1,-1,-1,1,0,-1,1,1,1,1,1,1,1,1,1,1,1,1,1,0,1,1,1,1,1,0,0,0,0,0,0,0,0,0,0,0,0,0,0,0,1,1,1,1,1
RCA_001011,PAYMENT,USD,PAID,NET60,FINANCE,630100-FINANCE,USD,ISSUED,FINANCE,630100-FINANCE,SERVICES,US,USD,NET60,ACH,ACTIVE,ACH,USD,COMPLETED,FAILED,ACH_DEBIT,USD,DEBIT,RETURNED,MANAGER,APPROVED,PAYMENT,8033.8000000000002,7303.4499999999998,730.35000000000002,0,153,60,3,2,12,7303.4499999999998,708.63499999999999,8033.8000000000002,7303.4499999999998,730.35000000000002,0,171,2,12,7303.4499999999998,4820.2799999999997,93,2,8033.8000000000002,1,8033.8000000000002,2,4820.2799999999997,90,1,4,2,8033.8000000000002,8033.8000000000002,8033.8000000000002,8033.8000000000002,2,1,1,1,0,1,1,30,4,43,0,0.92307692307692313,1,723.22000000000003,0,0,0,1,1,0,0,0,0,0,0,0,0,4820.2799999999997,0.59999999999999998,0,0,0,3213.52,3213.52,0,18,60,0,80460,1,1,1,1,1,0,1,1,1,1,1,1,1,1,1,1,1,1,1,0,0,1,1,1,1,1,0,0,0,0,0,0,0,0,0,0,0,0,0,0,0,1,2,2,1,1
RCA_001012,PAYMENT,USD,PAID,NET45,PEOPLE,660100-PEOPLE,USD,ISSUED,PEOPLE,660100-PEOPLE,SOFTWARE,US,USD,NET45,WIRE,ACTIVE,WIRE,USD,COMPLETED,FAILED,WIRE_DEBIT,USD,DEBIT,RETURNED,MANAGER,APPROVED,PAYMENT,5155.4099999999999,4909.9099999999999,245.5,0,75,45,3,2,15,4909.9099999999999,1044.96,5155.4099999999999,4909.9099999999999,245.5,0,81,2,15,4909.9099999999999,3093.25,30,2,5155.4099999999999,1,5155.4099999999999,2,3093.25,29,1,4,2,5155.4099999999999,5155.4099999999999,5155.4099999999999,5155.4099999999999,2,1,1,1,0,1,1,28,4,3,0,0.69230769230769229,12,190.81,0,0,0,1,1,0,0,0,0,0,0,0,0,3093.25,0.60000077588397427,0,0,0,2062.1599999999999,2062.1599999999999,0,6,45,0,58860,1,1,1,1,1,0,1,1,1,1,1,1,1,1,1,1,1,1,1,0,0,1,1,1,1,1,0,0,0,0,0,0,0,0,0,0,0,0,0,0,0,1,2,2,1,1
RCA_001014,PAYMENT,USD,PAID,NET30,PEOPLE,660100-PEOPLE,__MISSING__,__MISSING__,__MISSING__,__MISSING__,PROFESSIONAL,US,USD,NET30,WIRE,ACTIVE,WIRE,USD,COMPLETED,FAILED,WIRE_DEBIT,USD,DEBIT,RETURNED,AUTO,AUTO_APPROVED,PAYMENT,419.89999999999998,390.60000000000002,29.300000000000001,0,234,30,2,2,8,390.60000000000002,48.825000000000003,,,,,,0,0,0,419.89999999999998,204,1,419.89999999999998,1,419.89999999999998,1,419.89999999999998,203,1,2,1,419.89999999999998,419.89999999999998,419.89999999999998,419.89999999999998,2,1,1,1,0,1,1,29,4,20,0,0.84615384615384615,9,355.77999999999997,0,0,0,1,1,,,,,,,0,0,419.89999999999998,1,0,0,0,0,0,0,,30,0,38700,0,-1,-1,-1,1,0,-1,1,1,1,1,1,1,1,1,1,1,1,1,1,0,1,-1,-1,-1,1,0,0,0,0,0,0,0,0,0,0,0,0,0,0,0,1,1,1,1,1
RCA_001015,PAYMENT,USD,PAID,NET45,FINANCE,630100-FINANCE,USD,ISSUED,FINANCE,630100-FINANCE,SUPPLIER,US,USD,NET45,ACH,ACTIVE,ACH,USD,COMPLETED,FAILED,ACH_DEBIT,USD,DEBIT,RETURNED,MANAGER,APPROVED,PAYMENT,2563.7600000000002,2563.7600000000002,0,0,448,45,5,4,39,2563.7600000000002,199.11750000000001,2563.7600000000002,2563.7600000000002,0,0,448,4,39,2563.7600000000002,2563.7600000000002,403,1,2563.7600000000002,1,2563.7600000000002,1,2563.7600000000002,398,1,2,1,2563.7600000000002,2563.7600000000002,2563.7600000000002,2563.7600000000002,2,1,1,1,0,1,1,31,4,22,0,0.76923076923076916,1,176.22999999999999,0,0,0,1,1,0,0,0,0,0,0,0,0,2563.7600000000002,1,0,0,0,0,0,0,0,45,0,55980,1,1,1,1,1,0,1,1,1,1,1,1,1,1,1,1,1,1,1,1,0,1,1,1,1,1,0,0,0,0,0,0,0,0,0,0,0,0,0,0,0,1,1,1,1,1
RCA_001017,PAYMENT,USD,PAID,NET15,PEOPLE,660100-PEOPLE,__MISSING__,__MISSING__,__MISSING__,__MISSING__,PROFESSIONAL,US,USD,NET15,ACH,ACTIVE,ACH,USD,COMPLETED,FAILED,ACH_DEBIT,USD,DEBIT,POSTED,MANAGER,APPROVED,PAYMENT,756.02999999999997,703.27999999999997,52.75,0,388,15,0,2,20,703.27999999999997,41.954999999999998,,,,,,0,0,0,302.41000000000003,370,2,756.02999999999997,1,756.02999999999997,2,453.62,370,1,4,2,756.02999999999997,756.02999999999997,756.02999999999997,756.02999999999997,2,1,1,1,0,1,1,25,4,12,0,0.76923076923076916,12,0,0,0,0,1,1,,,,,,,0,0,302.41000000000003,0.3999973546023306,151.21000000000001,0.50001653384478029,0,453.62,453.62,151.21000000000001,,18,-3,24300,0,-1,-1,-1,1,0,-1,1,1,1,1,1,1,1,1,1,0,1,1,1,0,1,1,1,1,1,0,0,0,0,0,0,0,0,0,0,0,0,0,0,0,1,2,2,1,1
RCA_001018,PAYMENT,USD,PAID,NET15,OPERATIONS,620100-OPERATIONS,USD,ISSUED,OPERATIONS,620100-OPERATIONS,SUPPLIER,US,USD,NET15,ACH,ACTIVE,ACH,USD,COMPLETED,FAILED,ACH_DEBIT,USD,DEBIT,RETURNED,MANAGER,APPROVED,PAYMENT,2331.2199999999998,2168.5799999999999,162.63999999999999,0,331,15,1,3,13,2168.5799999999999,366.22666666666669,2331.2199999999998,2168.5799999999999,162.63999999999999,0,342,3,13,2168.5799999999999,2331.2199999999998,316,1,2331.2199999999998,1,2331.2199999999998,1,2331.2199999999998,313,1,2,1,2331.2199999999998,2331.2199999999998,2331.2199999999998,2331.2199999999998,2,1,1,1,0,1,1,31,4,64,0,0.84615384615384615,16,35.030000000000001,0,0,0,1,1,0,0,0,0,0,0,0,0,2331.2199999999998,1,0,0,0,0,0,0,11,15,0,18540,1,1,1,1,1,0,1,1,1,1,1,1,1,1,1,1,1,1,1,1,0,1,1,1,1,1,0,0,0,0,0,0,0,0,0,0,0,0,0,0,0,1,1,1,1,1
RCA_001019,PAYMENT,USD,PAID,NET30,PEOPLE,660100-PEOPLE,USD,ISSUED,PEOPLE,660100-PEOPLE,SUPPLIER,US,USD,NET30,ACH,ACTIVE,ACH,USD,COMPLETED,FAILED,ACH_DEBIT,USD,DEBIT,RETURNED,MANAGER,APPROVED,PAYMENT,1415.3599999999999,1316.6099999999999,98.75,0,101,30,4,3,56,1316.6099999999999,25.886666666666667,1415.3599999999999,1316.6099999999999,98.75,0,131,3,56,1316.6099999999999,849.22000000000003,71,2,1415.3599999999999,1,1415.3599999999999,2,849.22000000000003,68,1,4,2,1415.3599999999999,1415.3599999999999,1415.3599999999999,1415.3599999999999,2,1,1,1,0,2,2,30,4,24,0,0.76923076923076916,5,63.729999999999997,0,0,0,1,1,0,0,0,0,0,0,0,0,849.22000000000003,0.60000282613610667,0,0,0,566.13999999999999,566.13999999999999,0,30,30,0,35820,1,1,1,1,1,0,1,1,1,1,1,1,1,1,1,1,1,1,1,1,0,1,1,1,1,1,0,0,0,0,0,0,0,0,0,0,0,0,0,0,0,1,2,2,1,1
RCA_001021,PAYMENT,JPY,PAID,NET30,IT,680100-IT,JPY,ISSUED,IT,680100-IT,SERVICES,JP,JPY,NET30,ACH,ACTIVE,ACH,JPY,COMPLETED,FAILED,ACH_DEBIT,JPY,DEBIT,RETURNED,DIRECTOR,APPROVED,PAYMENT,19534,17758,1776,0,529,30,2,3,48,17758,635.33333333333337,19534,17758,1776,0,543,3,48,17758,19534,499,1,19534,1,19534,1,19534,496,1,2,1,19534,19534,19534,19534,3,2,2,2,0,1,1,28,4,6,0,0.84615384615384615,65,8424,0,0,0,1,1,0,0,0,0,0,0,0,0,19534,1,0,0,0,0,0,0,14,30,0,37200,1,1,1,1,1,0,1,1,1,1,1,1,1,1,1,1,1,1,1,1,0,1,1,1,1,1,0,0,0,0,0,0,0,0,0,0,0,0,0,0,0,1,1,1,1,1
RCA_001023,PAYMENT,CAD,PAID,NET15,PEOPLE,660100-PEOPLE,CAD,ISSUED,PEOPLE,660100-PEOPLE,SUPPLIER,CA,CAD,NET15,CHECK,ACTIVE,CHECK,CAD,COMPLETED,FAILED,CHECK_CLEARING,CAD,DEBIT,RETURNED,MANAGER,APPROVED,PAYMENT,1947.04,1811.2,135.84,0,450,15,3,1,10,1811.2,181.12,1947.04,1811.2,135.84,0,453,1,10,1811.2,1168.22,435,2,1947.04,1,1947.04,2,1168.22,421,1,4,2,1947.04,1947.04,1947.04,1947.04,2,1,1,1,0,1,1,28,4,5,0,0.84615384615384615,80,1319.72,0,0,0,1,1,0,0,0,0,0,0,0,0,1168.22,0.59999794559947406,0,0,0,778.82000000000005,778.82000000000005,0,3,15,0,15660,1,1,1,1,1,0,1,1,1,1,1,1,1,1,1,1,1,1,1,1,0,1,1,1,1,1,0,0,0,0,0,0,0,0,0,0,0,0,0,0,0,1,2,2,1,1
RCA_001026,PAYMENT,USD,PAID,NET15,FINANCE,630100-FINANCE,__MISSING__,__MISSING__,__MISSING__,__MISSING__,SUPPLIER,US,USD,NET15,WIRE,ACTIVE,WIRE,USD,COMPLETED,FAILED,WIRE_DEBIT,USD,DEBIT,RETURNED,MANAGER,APPROVED,PAYMENT,835.35000000000002,777.07000000000005,58.280000000000001,0,123,15,0,3,13,777.07000000000005,62.783333333333331,,,,,,0,0,0,835.35000000000002,108,1,835.35000000000002,1,835.35000000000002,1,835.35000000000002,106,1,2,1,835.35000000000002,835.35000000000002,835.35000000000002,835.35000000000002,2,1,1,1,0,2,1,31,4,64,0,0.84615384615384615,8,6.1799999999999997,0,0,0,1,1,,,,,,,0,0,835.35000000000002,1,0,0,0,0,0,0,,15,0,19980,0,-1,-1,-1,1,0,-1,1,1,1,1,1,1,1,1,1,1,1,1,1,0,1,1,1,1,1,0,0,0,0,0,0,0,0,0,0,0,0,0,0,0,1,1,1,1,1
RCA_001027,PAYMENT,USD,PAID,DUE_ON_RECEIPT,IT,680100-IT,USD,ISSUED,IT,680100-IT,SOFTWARE,US,USD,DUE_ON_RECEIPT,ACH,ACTIVE,ACH,USD,COMPLETED,FAILED,ACH_DEBIT,USD,DEBIT,RETURNED,DIRECTOR,APPROVED,PAYMENT,15476.360000000001,14396.610000000001,1079.75,0,215,0,2,2,26,14396.610000000001,1150.2049999999999,15476.360000000001,14396.610000000001,1079.75,0,230,2,26,14396.610000000001,15476.360000000001,210,1,15476.360000000001,1,15476.360000000001,1,15476.360000000001,207,1,2,1,15476.360000000001,15476.360000000001,15476.360000000001,15476.360000000001,3,2,2,2,0,2,2,32,4,51,0,0.84615384615384615,4,245.38999999999999,0,0,0,1,1,0,0,0,0,0,0,0,0,15476.360000000001,1,0,0,0,0,0,0,15,5,0,1200,1,1,1,1,1,0,1,1,1,1,1,1,1,1,1,1,1,1,1,1,0,1,1,1,1,1,0,0,0,0,0,0,0,0,0,0,0,0,0,0,0,1,1,1,1,1
RCA_001028,PAYMENT,CAD,PAID,NET30,OPERATIONS,620100-OPERATIONS,CAD,ISSUED,OPERATIONS,620100-OPERATIONS,SERVICES,US,CAD,NET30,ACH,ACTIVE,ACH,CAD,COMPLETED,FAILED,ACH_DEBIT,CAD,DEBIT,RETURNED,MANAGER,APPROVED,PAYMENT,1878.4100000000001,1747.3599999999999,131.05000000000001,0,205,30,5,2,28,1747.3599999999999,66.370000000000005,1878.4100000000001,1747.3599999999999,131.05000000000001,0,216,2,28,1747.3599999999999,1878.4100000000001,175,1,1878.4100000000001,1,1878.4100000000001,1,1878.4100000000001,172,1,2,1,1878.4100000000001,1878.4100000000001,1878.4100000000001,1878.4100000000001,2,1,1,1,0,1,1,30,4,20,0,0.76923076923076916,2,0.31,0,0,0,1,1,0,0,0,0,0,0,0,0,1878.4100000000001,1,0,0,0,0,0,0,11,30,0,34380,1,1,1,1,1,0,1,1,1,1,1,1,1,1,1,1,1,1,1,1,0,1,1,1,1,1,0,0,0,0,0,0,0,0,0,0,0,0,0,0,0,1,1,1,1,1
RCA_001029,PAYMENT,EUR,PAID,NET30,LEGAL,670100-LEGAL,EUR,ISSUED,LEGAL,670100-LEGAL,LOGISTICS,DE,EUR,NET30,WIRE,ACTIVE,WIRE,EUR,COMPLETED,FAILED,WIRE_DEBIT,EUR,DEBIT,POSTED,DIRECTOR,APPROVED,PAYMENT,18379.060000000001,17096.799999999999,1282.26,0,147,30,4,3,43,17096.799999999999,1078.3999999999999,18379.060000000001,17096.799999999999,1282.26,0,169,3,43,17096.799999999999,7351.6199999999999,114,2,18379.060000000001,1,18379.060000000001,2,11027.440000000001,116,1,4,2,18379.060000000001,18379.060000000001,18379.060000000001,18379.060000000001,3,2,2,2,0,1,1,29,4,19,0,0.76923076923076916,16,6538.6400000000003,0,0,0,1,1,0,0,0,0,0,0,0,0,7351.6199999999999,0.39999978236101302,3675.8200000000002,0.50000136024440867,0,11027.440000000001,11027.440000000001,3675.8200000000002,22,33,-3,38640,1,1,1,1,1,0,1,1,1,1,1,1,1,1,1,1,0,1,1,1,0,1,1,1,1,1,0,0,0,0,0,0,0,0,0,0,0,0,0,0,0,1,2,3,1,1
RCA_001032,PAYMENT,USD,PAID,NET45,OPERATIONS,620100-OPERATIONS,__MISSING__,__MISSING__,__MISSING__,__MISSING__,SOFTWARE,US,USD,NET45,ACH,ACTIVE,ACH,USD,COMPLETED,FAILED,ACH_DEBIT,USD,DEBIT,RETURNED,DIRECTOR,APPROVED,PAYMENT,11942.129999999999,11942.129999999999,0,0,453,45,0,3,19,11942.129999999999,801.42000000000007,,,,,,0,0,0,11942.129999999999,408,1,11942.129999999999,1,11942.129999999999,1,11942.129999999999,405,1,2,1,11942.129999999999,11942.129999999999,11942.129999999999,11942.129999999999,3,2,2,2,0,1,1,32,4,22,0,0.84615384615384615,2,0,0,0,0,1,1,,,,,,,0,0,11942.129999999999,1,0,0,0,0,0,0,,45,0,61680,0,-1,-1,-1,1,0,-1,1,1,1,1,1,1,1,1,1,1,1,1,1,0,1,1,1,1,1,0,0,0,0,0,0,0,0,0,0,0,0,0,0,0,1,1,1,1,1
RCA_001033,PAYMENT,USD,PAID,NET30,FINANCE,630100-FINANCE,USD,ISSUED,FINANCE,630100-FINANCE,SOFTWARE,US,USD,NET30,ACH,ACTIVE,ACH,USD,COMPLETED,FAILED,ACH_DEBIT,USD,DEBIT,RETURNED,MANAGER,APPROVED,PAYMENT,5659.8500000000004,5659.8500000000004,0,0,452,30,2,3,15,5659.8500000000004,783.7399999999999,5659.8500000000004,5659.8500000000004,0,0,480,3,15,5659.8500000000004,3395.9099999999999,422,2,5659.8500000000004,1,5659.8500000000004,2,3395.9099999999999,419,1,4,2,5659.8500000000004,5659.8500000000004,5659.8500000000004,5659.8500000000004,2,1,1,1,0,1,1,27,4,13,0,0.76923076923076916,24,504.63999999999999,0,0,0,1,1,0,0,0,0,0,0,0,0,3395.9099999999999,0.59999999999999998,0,0,0,2263.9400000000001,2263.9400000000001,0,28,30,0,38700,1,1,1,1,1,0,1,1,1,1,1,1,1,1,1,1,1,1,1,1,0,1,1,1,1,1,0,0,0,0,0,0,0,0,0,0,0,0,0,0,0,1,2,2,1,1
RCA_001034,PAYMENT,USD,PAID,NET45,LEGAL,670100-LEGAL,USD,ISSUED,LEGAL,670100-LEGAL,SUPPLIER,US,USD,NET45,CHECK,ACTIVE,CHECK,USD,COMPLETED,FAILED,CHECK_CLEARING,USD,DEBIT,RETURNED,DIRECTOR,APPROVED,PAYMENT,17768.119999999999,16521.720000000001,1239.1300000000001,7.2699999999999996,242,45,5,1,12,16521.720000000001,1376.8099999999999,17768.119999999999,16521.720000000001,1239.1300000000001,7.2699999999999996,267,1,12,16521.720000000001,17768.119999999999,197,1,17768.119999999999,1,17768.119999999999,1,17768.119999999999,183,1,2,1,17768.119999999999,17768.119999999999,17768.119999999999,17768.119999999999,3,2,2,2,0,2,2,31,4,20,0,0.84615384615384615,10,1233.8900000000001,0,0,0,1,1,0,0,0,0,0,0,0,0,17768.119999999999,1,0,0,0,0,0,0,25,45,0,54480,1,1,1,1,1,0,1,1,1,1,1,1,1,1,1,1,1,1,1,1,0,1,1,1,1,1,0,0,0,0,0,0,0,0,0,0,0,0,0,0,0,1,1,1,1,1
RCA_001035,PAYMENT,USD,PAID,DUE_ON_RECEIPT,SALES,640100-SALES,USD,ISSUED,SALES,640100-SALES,SOFTWARE,US,USD,DUE_ON_RECEIPT,ACH,ACTIVE,ACH,USD,COMPLETED,FAILED,ACH_DEBIT,USD,DEBIT,RETURNED,MANAGER,APPROVED,PAYMENT,879.57000000000005,818.20000000000005,61.369999999999997,0,266,0,0,1,20,818.20000000000005,40.909999999999997,879.57000000000005,818.20000000000005,61.369999999999997,0,279,1,20,818.20000000000005,527.74000000000001,264,2,879.57000000000005,1,879.57000000000005,2,527.74000000000001,259,1,4,2,879.57000000000005,879.57000000000005,879.57000000000005,879.57000000000005,2,1,1,1,0,2,1,32,4,51,0,0.84615384615384615,4,293.27999999999997,0,0,0,1,1,0,0,0,0,0,0,0,0,527.74000000000001,0.59999772616164715,0,0,0,351.82999999999998,351.82999999999998,0,13,2,0,1260,1,1,1,1,1,0,1,1,1,1,1,1,1,1,1,1,1,1,1,1,0,1,1,1,1,1,0,0,0,0,0,0,0,0,0,0,0,0,0,0,0,1,2,2,1,1
RCA_001037,PAYMENT,USD,PAID,NET30,LEGAL,670100-LEGAL,__MISSING__,__MISSING__,__MISSING__,__MISSING__,SUPPLIER,US,USD,NET30,WIRE,ACTIVE,WIRE,USD,COMPLETED,FAILED,WIRE_DEBIT,USD,DEBIT,POSTED,DIRECTOR,APPROVED,PAYMENT,19164.389999999999,17827.34,1337.05,0,437,30,2,2,5,17827.34,3740.5900000000001,,,,,,0,0,0,7665.7600000000002,404,2,19164.389999999999,1,19164.389999999999,2,11498.629999999999,406,1,4,2,19589.84,19589.84,19589.84,19589.84,3,2,2,2,0,1,1,34,4,11,0,0.76923076923076916,26,2435.9200000000001,0,0,0,1,1,,,,,,,0,0,7665.7600000000002,0.40000020872044451,3832.8699999999999,0.49999869549790238,0,11924.08,11924.08,3832.8699999999999,,33,-3,41520,0,-1,-1,-1,1,0,-1,1,1,1,1,1,1,1,1,1,0,1,1,1,0,1,1,1,1,1,0,0,0,0,0,0,0,0,0,0,0,0,0,0,0,1,2,2,1,1
RCA_001043,PAYMENT,USD,PAID,NET30,IT,680100-IT,__MISSING__,__MISSING__,__MISSING__,__MISSING__,SUPPLIER,US,USD,NET30,WIRE,ACTIVE,WIRE,USD,COMPLETED,FAILED,WIRE_DEBIT,USD,DEBIT,RETURNED,DIRECTOR,APPROVED,PAYMENT,21457.939999999999,21457.939999999999,0,0,517,30,3,3,15,21457.939999999999,1385.8033333333333,,,,,,0,0,0,21457.939999999999,487,1,21457.939999999999,1,21457.939999999999,1,21457.939999999999,484,1,2,1,21457.939999999999,21457.939999999999,21457.939999999999,21457.939999999999,3,2,2,2,0,1,1,30,4,10,0,0.84615384615384615,6,9589.8099999999995,0,0,0,1,1,,,,,,,0,0,21457.939999999999,1,0,0,0,0,0,0,,30,0,35760,0,-1,-1,-1,1,0,-1,1,1,1,1,1,1,1,1,1,1,1,1,1,0,1,1,1,1,1,0,0,0,0,0,0,0,0,0,0,0,0,0,0,0,1,1,1,1,1
RCA_001046,PAYMENT,USD,PAID,NET30,MARKETING,650100-MARKETING,__MISSING__,__MISSING__,__MISSING__,__MISSING__,PROFESSIONAL,US,USD,NET30,ACH,ACTIVE,ACH,USD,COMPLETED,FAILED,ACH_DEBIT,USD,DEBIT,RETURNED,DIRECTOR,APPROVED,PAYMENT,12359.299999999999,11235.73,1123.5699999999999,0,393,30,2,4,21,11235.73,630.65999999999997,,,,,,0,0,0,12359.299999999999,363,1,12359.299999999999,1,12359.299999999999,1,12359.299999999999,358,1,2,1,12359.299999999999,12359.299999999999,12359.299999999999,12359.299999999999,3,2,2,2,0,1,1,28,4,11,0,0.76923076923076916,9,1301.77,0,0,0,1,1,,,,,,,0,0,12359.299999999999,1,0,0,0,0,0,0,,30,0,37200,0,-1,-1,-1,1,0,-1,1,1,1,1,1,1,1,1,1,1,1,1,1,0,1,1,1,1,1,0,0,0,0,0,0,0,0,0,0,0,0,0,0,0,1,1,1,1,1
RCA_001048,PAYMENT,USD,PAID,NET15,LEGAL,670100-LEGAL,USD,ISSUED,LEGAL,670100-LEGAL,SUPPLIER,US,USD,NET15,WIRE,ACTIVE,WIRE,USD,COMPLETED,FAILED,WIRE_DEBIT,USD,DEBIT,RETURNED,MANAGER,APPROVED,PAYMENT,3995.6700000000001,3995.6700000000001,0,0,89,15,1,2,19,3995.6700000000001,208.56999999999999,3995.6700000000001,3995.6700000000001,0,0,100,2,19,3995.6700000000001,3995.6700000000001,74,1,3995.6700000000001,1,3995.6700000000001,1,3995.6700000000001,71,1,2,1,3995.6700000000001,3995.6700000000001,3995.6700000000001,3995.6700000000001,2,1,1,1,0,2,2,31,4,64,0,0.84615384615384615,7,56.420000000000002,0,0,0,1,1,0,0,0,0,0,0,0,0,3995.6700000000001,1,0,0,0,0,0,0,11,15,0,18540,1,1,1,1,1,0,1,1,1,1,1,1,1,1,1,1,1,1,1,1,0,1,1,1,1,1,0,0,0,0,0,0,0,0,0,0,0,0,0,0,0,1,1,1,1,1
RCA_001051,PAYMENT,USD,PAID,NET45,OPERATIONS,620100-OPERATIONS,__MISSING__,__MISSING__,__MISSING__,__MISSING__,SOFTWARE,US,USD,NET45,WIRE,ACTIVE,WIRE,USD,COMPLETED,FAILED,WIRE_DEBIT,USD,DEBIT,RETURNED,MANAGER,APPROVED,PAYMENT,2427.46,2258.0999999999999,169.36000000000001,0,533,45,0,2,22,2258.0999999999999,107.98500000000001,,,,,,0,0,0,2427.46,488,1,2427.46,1,2427.46,1,2427.46,487,1,2,1,2427.46,2427.46,2427.46,2427.46,2,1,1,1,0,1,1,31,4,8,0,0.76923076923076916,3,87.069999999999993,0,0,0,1,1,,,,,,,0,0,2427.46,1,0,0,0,0,0,0,,45,0,63180,0,-1,-1,-1,1,0,-1,1,1,1,1,1,1,1,1,1,1,1,1,1,0,1,1,1,1,1,0,0,0,0,0,0,0,0,0,0,0,0,0,0,0,1,1,1,1,1
RCA_001052,PAYMENT,USD,PAID,NET15,IT,680100-IT,__MISSING__,__MISSING__,__MISSING__,__MISSING__,PROFESSIONAL,US,USD,NET15,ACH,ACTIVE,ACH,USD,COMPLETED,FAILED,ACH_DEBIT,USD,DEBIT,RETURNED,DIRECTOR,APPROVED,PAYMENT,25433.43,23121.299999999999,2312.1300000000001,0,225,15,5,2,15,23121.299999999999,1586.0149999999999,,,,,,0,0,0,15260.059999999999,210,2,25433.43,1,25433.43,2,15260.059999999999,207,1,4,2,25433.43,25433.43,25433.43,25433.43,3,2,2,2,0,2,2,31,4,90,0,0.84615384615384615,2,1259.5999999999999,0,0,0,1,1,,,,,,,0,0,15260.059999999999,0.60000007863666049,0,0,0,10173.370000000001,10173.370000000001,0,,15,0,11280,0,-1,-1,-1,1,0,-1,1,1,1,1,1,1,1,1,1,1,1,1,1,0,1,1,1,1,1,0,0,0,0,0,0,0,0,0,0,0,0,0,0,0,1,2,2,1,1
RCA_001053,PAYMENT,JPY,PAID,NET60,FINANCE,630100-FINANCE,JPY,ISSUED,FINANCE,630100-FINANCE,SERVICES,JP,JPY,NET60,WIRE,ACTIVE,WIRE,JPY,COMPLETED,FAILED,WIRE_DEBIT,JPY,DEBIT,POSTED,MANAGER,APPROVED,PAYMENT,6714,6394,320,0,240,60,4,3,42,6394,185,6714,6394,320,0,253,3,42,6394,2686,177,2,6714,1,6714,2,4028,179,1,4,2,6714,6714,6714,6714,2,1,1,1,0,1,1,27,4,14,0,0.76923076923076916,1,62,0,0,0,1,1,0,0,0,0,0,0,0,0,2686,0.40005957700327671,1342,0.49962769918093819,0,4028,4028,1342,13,63,-3,83340,1,1,1,1,1,0,1,1,1,1,1,1,1,1,1,1,0,1,1,1,0,1,1,1,1,1,0,0,0,0,0,0,0,0,0,0,0,0,0,0,0,1,2,2,1,1
RCA_001054,PAYMENT,USD,PAID,NET30,ENGINEERING,610100-ENGINEERING,__MISSING__,__MISSING__,__MISSING__,__MISSING__,SUPPLIER,US,USD,NET30,ACH,ACTIVE,ACH,USD,COMPLETED,FAILED,ACH_DEBIT,USD,DEBIT,RETURNED,DIRECTOR,APPROVED,PAYMENT,11296.190000000001,10508.08,788.11000000000001,0,138,30,4,3,13,10508.08,716.69333333333327,,,,,,0,0,0,11296.190000000001,108,1,11296.190000000001,1,11296.190000000001,1,11296.190000000001,104,1,2,1,11296.190000000001,11296.190000000001,11296.190000000001,11296.190000000001,3,2,2,2,0,2,2,29,4,31,0,0.92307692307692313,12,648.86000000000001,0,0,0,1,1,,,,,,,0,0,11296.190000000001,1,0,0,0,0,0,0,,30,0,34320,0,-1,-1,-1,1,0,-1,1,1,1,1,1,1,1,1,1,1,1,1,1,0,1,1,1,1,1,0,0,0,0,0,0,0,0,0,0,0,0,0,0,0,1,1,1,1,1
RCA_001055,PAYMENT,USD,PAID,NET15,LEGAL,670100-LEGAL,__MISSING__,__MISSING__,__MISSING__,__MISSING__,PROFESSIONAL,US,USD,NET15,ACH,ACTIVE,ACH,USD,COMPLETED,FAILED,ACH_DEBIT,USD,DEBIT,RETURNED,MANAGER,APPROVED,PAYMENT,3938.7399999999998,3938.7399999999998,0,0,423,15,5,2,18,3938.7399999999998,226.435,,,,,,0,0,0,2363.2399999999998,408,2,3938.7399999999998,1,3938.7399999999998,2,2363.2399999999998,405,1,4,2,3938.7399999999998,3938.7399999999998,3938.7399999999998,3938.7399999999998,2,1,1,1,0,2,1,31,4,90,0,0.84615384615384615,5,36.600000000000001,0,0,0,1,1,,,,,,,0,0,2363.2399999999998,0.59999898444680277,0,0,0,1575.5,1575.5,0,,15,0,12780,0,-1,-1,-1,1,0,-1,1,1,1,1,1,1,1,1,1,1,1,1,1,0,1,1,1,1,1,0,0,0,0,0,0,0,0,0,0,0,0,0,0,0,1,2,2,1,1
RCA_001060,PAYMENT,USD,PAID,NET45,LEGAL,670100-LEGAL,USD,ISSUED,LEGAL,670100-LEGAL,PROFESSIONAL,US,USD,NET45,ACH,ACTIVE,ACH,USD,COMPLETED,FAILED,ACH_DEBIT,USD,DEBIT,POSTED,MANAGER,APPROVED,PAYMENT,4854.46,4515.7799999999997,338.68000000000001,0,246,45,0,3,37,4515.7799999999997,155.88,4854.46,4515.7799999999997,338.68000000000001,0,248,3,37,4515.7799999999997,1941.78,198,2,4854.46,1,4854.46,2,2912.6799999999998,196,1,4,2,4854.46,4854.46,4854.46,4854.46,2,1,1,1,0,1,1,30,4,15,0,0.76923076923076916,19,116.81,0,0,0,1,1,0,0,0,0,0,0,0,0,1941.78,0.39999917601545792,970.89999999999998,0.50000514991399647,0,2912.6799999999998,2912.6799999999998,970.89999999999998,2,48,-3,67500,1,1,1,1,1,0,1,1,1,1,1,1,1,1,1,1,0,1,1,1,0,1,1,1,1,1,0,0,0,0,0,0,0,0,0,0,0,0,0,0,0,1,2,2,1,1
RCA_001061,PAYMENT,USD,PAID,NET45,IT,680100-IT,USD,ISSUED,IT,680100-IT,SOFTWARE,US,USD,NET45,ACH,ACTIVE,ACH,USD,COMPLETED,FAILED,ACH_DEBIT,USD,DEBIT,RETURNED,DIRECTOR,APPROVED,PAYMENT,6867.8400000000001,6388.6899999999996,479.14999999999998,0,317,45,4,2,20,6388.6899999999996,1771.895,6867.8400000000001,6388.6899999999996,479.14999999999998,0,325,2,20,6388.6899999999996,38781.360000000001,163,2,38781.360000000001,2,38781.360000000001,1,38781.360000000001,160,1,2,1,38781.360000000001,38781.360000000001,38781.360000000001,38781.360000000001,5,3,2,2,0,1,1,30,4,350,0,0.92307692307692313,0,6.2000000000000002,0,0,0,1,1,0,0,0,0,0,0,0,0,6867.8400000000001,1,0,0,0,0,0,0,8,154,0,55920,1,1,1,1,1,0,1,1,1,1,1,1,1,1,1,1,1,1,1,1,0,1,1,1,1,1,0,0,0,0,0,0,0,0,0,0,0,0,0,0,0,2,1,1,1,1
RCA_001062,PAYMENT,USD,PAID,NET30,MARKETING,650100-MARKETING,USD,ISSUED,MARKETING,650100-MARKETING,SERVICES,US,USD,NET30,ACH,ACTIVE,ACH,USD,COMPLETED,FAILED,ACH_DEBIT,USD,DEBIT,RETURNED,DIRECTOR,APPROVED,PAYMENT,10447.139999999999,10447.139999999999,0,0,401,30,0,2,18,10447.139999999999,465.16000000000003,10447.139999999999,10447.139999999999,0,0,424,2,18,10447.139999999999,10447.139999999999,371,1,10447.139999999999,1,10447.139999999999,1,10447.139999999999,368,1,2,1,10447.139999999999,10447.139999999999,10447.139999999999,10447.139999999999,3,2,2,2,0,1,1,30,4,48,0,0.84615384615384615,2,140.28,0,0,0,1,1,0,0,0,0,0,0,0,0,10447.139999999999,1,0,0,0,0,0,0,23,30,0,40080,1,1,1,1,1,0,1,1,1,1,1,1,1,1,1,1,1,1,1,1,0,1,1,1,1,1,0,0,0,0,0,0,0,0,0,0,0,0,0,0,0,1,1,1,1,1
RCA_001063,PAYMENT,USD,PAID,DUE_ON_RECEIPT,IT,680100-IT,__MISSING__,__MISSING__,__MISSING__,__MISSING__,SERVICES,US,USD,DUE_ON_RECEIPT,ACH,ACTIVE,ACH,USD,COMPLETED,FAILED,ACH_DEBIT,USD,DEBIT,POSTED,MANAGER,APPROVED,PAYMENT,3552.6599999999999,3304.8000000000002,247.86000000000001,0,143,0,0,2,13,3304.8000000000002,250.99000000000001,,,,,,0,0,0,1421.0599999999999,138,2,3552.6599999999999,1,3552.6599999999999,2,2131.5999999999999,138,1,4,2,3552.6599999999999,3552.6599999999999,3552.6599999999999,3552.6599999999999,2,1,1,1,0,3,3,29,4,28,0,0.84615384615384615,18,0,0,0,0,1,1,,,,,,,0,0,1421.0599999999999,0.39999887408308143,710.53999999999996,0.50000703700054894,0,2131.5999999999999,2131.5999999999999,710.53999999999996,,5,-3,5580,0,-1,-1,-1,1,0,-1,1,1,1,1,1,1,1,1,1,0,1,1,1,0,1,1,1,1,1,0,0,0,0,0,0,0,0,0,0,0,0,0,0,0,1,2,2,1,1
RCA_001064,PAYMENT,USD,PAID,DUE_ON_RECEIPT,IT,680100-IT,USD,ISSUED,IT,680100-IT,SERVICES,US,USD,DUE_ON_RECEIPT,ACH,ACTIVE,ACH,USD,COMPLETED,FAILED,ACH_DEBIT,USD,DEBIT,RETURNED,MANAGER,APPROVED,PAYMENT,2340,2340,0,0,161,0,4,1,16,2340,146.25,2340,2340,0,0,173,1,16,2340,2340,155,1,2340,1,2340,1,2340,152,1,2,1,2340,2340,2340,2340,2,1,1,1,0,3,2,29,4,28,0,0.84615384615384615,12,27.449999999999999,0,0,0,1,1,0,0,0,0,0,0,0,0,2340,1,0,0,0,0,0,0,12,6,0,1260,1,1,1,1,1,0,1,1,1,1,1,1,1,1,1,1,1,1,1,1,0,1,1,1,1,1,0,0,0,0,0,0,0,0,0,0,0,0,0,0,0,1,1,1,1,1
RCA_001065,PAYMENT,GBP,PAID,NET30,LEGAL,670100-LEGAL,GBP,ISSUED,LEGAL,670100-LEGAL,SOFTWARE,GB,GBP,NET30,WIRE,ACTIVE,WIRE,GBP,COMPLETED,FAILED,WIRE_DEBIT,GBP,DEBIT,RETURNED,DIRECTOR,APPROVED,PAYMENT,40124.190000000002,36460.32,3646.0300000000002,17.84,231,30,0,2,18,36460.32,2831.8150000000001,40124.190000000002,36460.32,3646.0300000000002,17.84,256,2,18,36460.32,71695.279999999999,23,2,71695.279999999999,2,71695.279999999999,1,71695.279999999999,22,1,2,1,71695.279999999999,71695.279999999999,71695.279999999999,71695.279999999999,6,4,2,2,0,1,1,26,4,35,0,0.84615384615384615,3,8553.1000000000004,0,0,0,1,1,0,0,0,0,0,0,0,0,40124.190000000002,1,0,0,0,0,0,0,25,208,0,34320,1,1,1,1,1,0,1,1,1,1,1,1,1,1,1,1,1,1,1,1,0,1,1,1,1,1,0,0,0,0,0,0,0,0,0,0,0,0,0,0,0,2,1,1,1,1
RCA_001066,PAYMENT,USD,PAID,NET15,ENGINEERING,610100-ENGINEERING,__MISSING__,__MISSING__,__MISSING__,__MISSING__,SOFTWARE,US,USD,NET15,ACH,ACTIVE,ACH,USD,COMPLETED,FAILED,ACH_DEBIT,USD,DEBIT,RETURNED,MANAGER,APPROVED,PAYMENT,3142.8800000000001,2923.6100000000001,219.27000000000001,0,219,15,4,2,18,2923.6100000000001,161.07499999999999,,,,,,0,0,0,8966.9799999999996,204,2,8966.9799999999996,2,8966.9799999999996,1,8966.9799999999996,201,1,2,1,8966.9799999999996,8966.9799999999996,8966.9799999999996,8966.9799999999996,4,2,1,1,0,2,1,27,4,300,0,0.92307692307692313,0,0,0,0,0,1,1,,,,,,,0,0,3142.8800000000001,1,0,0,0,0,0,0,,15,0,14220,0,-1,-1,-1,1,0,-1,1,1,1,1,1,1,1,1,1,1,1,1,1,0,1,1,1,1,1,0,0,0,0,0,0,0,0,0,0,0,0,0,0,0,2,1,1,1,1
RCA_001067,PAYMENT,USD,PAID,NET30,LEGAL,670100-LEGAL,USD,ISSUED,LEGAL,670100-LEGAL,SUPPLIER,US,USD,NET30,ACH,ACTIVE,ACH,USD,COMPLETED,FAILED,ACH_DEBIT,USD,DEBIT,RETURNED,MANAGER,APPROVED,PAYMENT,5324.3400000000001,4952.8699999999999,371.47000000000003,0,262,30,0,3,36,4952.8699999999999,179.84,5324.3400000000001,4952.8699999999999,371.47000000000003,0,267,3,36,4952.8699999999999,5324.3400000000001,232,1,5324.3400000000001,1,5324.3400000000001,1,5324.3400000000001,229,1,2,1,5324.3400000000001,5324.3400000000001,5324.3400000000001,5324.3400000000001,2,1,1,1,0,1,1,31,4,6,0,0.76923076923076916,22,2349.0900000000001,0,0,0,1,1,0,0,0,0,0,0,0,0,5324.3400000000001,1,0,0,0,0,0,0,5,30,0,41580,1,1,1,1,1,0,1,1,1,1,1,1,1,1,1,1,1,1,1,1,0,1,1,1,1,1,0,0,0,0,0,0,0,0,0,0,0,0,0,0,0,1,1,1,1,1
RCA_001068,PAYMENT,EUR,PAID,NET15,PEOPLE,660100-PEOPLE,EUR,ISSUED,PEOPLE,660100-PEOPLE,SUPPLIER,DE,EUR,NET15,WIRE,ACTIVE,WIRE,EUR,COMPLETED,FAILED,WIRE_DEBIT,EUR,DEBIT,RETURNED,AUTO,AUTO_APPROVED,PAYMENT,292.55000000000001,265.94999999999999,26.600000000000001,0,215,15,4,1,15,265.94999999999999,17.73,292.55000000000001,265.94999999999999,26.600000000000001,0,233,1,15,265.94999999999999,292.55000000000001,200,1,292.55000000000001,1,292.55000000000001,1,292.55000000000001,197,1,2,1,292.55000000000001,292.55000000000001,292.55000000000001,292.55000000000001,2,1,1,1,0,1,1,35,4,32,0,0.84615384615384615,8,360.73000000000002,0,0,0,1,1,0,0,0,0,0,0,0,0,292.55000000000001,1,0,0,0,0,0,0,18,15,0,14220,1,1,1,1,1,0,1,1,1,1,1,1,1,1,1,1,1,1,1,1,0,1,-1,-1,-1,1,0,0,0,0,0,0,0,0,0,0,0,0,0,0,0,1,1,1,1,1
RCA_001070,PAYMENT,USD,PAID,NET30,IT,680100-IT,__MISSING__,__MISSING__,__MISSING__,__MISSING__,SOFTWARE,US,USD,NET30,VIRTUAL_CARD,ACTIVE,VIRTUAL_CARD,USD,COMPLETED,FAILED,CARD_SETTLEMENT,USD,DEBIT,POSTED,DIRECTOR,APPROVED,PAYMENT,23292.91,23292.91,0,0,419,30,4,2,10,23292.91,2129.2649999999999,,,,,,0,0,0,9317.1599999999999,386,2,23292.91,1,23292.91,2,13975.75,385,1,4,2,23292.91,23292.91,23292.91,23292.91,3,2,2,2,0,1,1,29,4,49,0,0.84615384615384615,18,1273.8499999999999,0,0,0,1,1,,,,,,,0,0,9317.1599999999999,0.39999982827392544,4658.5900000000001,0.50000107328842691,0,13975.75,13975.75,4658.5900000000001,,33,-3,38640,0,-1,-1,-1,1,0,-1,1,1,1,1,1,1,1,1,1,0,1,1,1,0,1,1,1,1,1,0,0,0,0,0,0,0,0,0,0,0,0,0,0,0,1,2,2,1,1
RCA_001071,PAYMENT,USD,PAID,NET45,FINANCE,630100-FINANCE,USD,ISSUED,FINANCE,630100-FINANCE,PROFESSIONAL,US,USD,NET45,WIRE,ACTIVE,WIRE,USD,COMPLETED,FAILED,WIRE_DEBIT,USD,DEBIT,RETURNED,MANAGER,APPROVED,PAYMENT,2228.1399999999999,2072.6900000000001,155.44999999999999,0,497,45,0,4,43,2072.6900000000001,47.877499999999998,2228.1399999999999,2072.6900000000001,155.44999999999999,0,511,4,43,2072.6900000000001,2228.1399999999999,452,1,2228.1399999999999,1,2228.1399999999999,1,2228.1399999999999,449,1,2,1,2228.1399999999999,2228.1399999999999,2228.1399999999999,2228.1399999999999,2,1,1,1,0,1,1,31,4,8,0,0.84615384615384615,110,1307.4000000000001,0,0,0,1,1,0,0,0,0,0,0,0,0,2228.1399999999999,1,0,0,0,0,0,0,14,45,0,63180,1,1,1,1,1,0,1,1,1,1,1,1,1,1,1,1,1,1,1,1,0,1,1,1,1,1,0,0,0,0,0,0,0,0,0,0,0,0,0,0,0,1,1,1,1,1
RCA_001072,PAYMENT,USD,PAID,NET15,ENGINEERING,610100-ENGINEERING,__MISSING__,__MISSING__,__MISSING__,__MISSING__,SUPPLIER,DE,USD,NET15,ACH,ACTIVE,ACH,USD,COMPLETED,FAILED,ACH_DEBIT,USD,DEBIT,RETURNED,DIRECTOR,APPROVED,PAYMENT,19227.740000000002,17479.759999999998,1747.98,0,393,15,4,4,17,17479.759999999998,2600.7049999999999,,,,,,0,0,0,19227.740000000002,378,1,19227.740000000002,1,19227.740000000002,1,19227.740000000002,375,1,2,1,19227.740000000002,19227.740000000002,19227.740000000002,19227.740000000002,3,2,2,2,0,1,1,30,4,10,0,0.84615384615384615,30,0,0,0,0,1,1,,,,,,,0,0,19227.740000000002,1,0,0,0,0,0,0,,15,0,12720,0,-1,-1,-1,1,0,-1,1,1,1,1,1,1,1,1,1,1,1,1,1,0,1,1,1,1,1,0,0,0,0,0,0,0,0,0,0,0,0,0,0,0,1,1,1,1,1
RCA_001074,PAYMENT,USD,PAID,NET30,IT,680100-IT,USD,ISSUED,IT,680100-IT,SUPPLIER,US,USD,NET30,ACH,ACTIVE,ACH,USD,COMPLETED,FAILED,ACH_DEBIT,USD,DEBIT,RETURNED,MANAGER,APPROVED,PAYMENT,9540.8199999999997,8673.4699999999993,867.35000000000002,0,258,30,5,2,25,8673.4699999999993,421.39999999999998,9540.8199999999997,8673.4699999999993,867.35000000000002,0,279,2,25,8673.4699999999993,5724.4899999999998,228,2,9540.8199999999997,1,9540.8199999999997,2,5724.4899999999998,223,1,4,2,9540.8199999999997,9540.8199999999997,9540.8199999999997,9540.8199999999997,2,1,1,1,0,1,1,32,4,8,0,0.84615384615384615,55,240.13,0,0,0,1,1,0,0,0,0,0,0,0,0,5724.4899999999998,0.59999979037441231,0,0,0,3816.3299999999999,3816.3299999999999,0,21,30,0,34380,1,1,1,1,1,0,1,1,1,1,1,1,1,1,1,1,1,1,1,1,0,1,1,1,1,1,0,0,0,0,0,0,0,0,0,0,0,0,0,0,0,1,2,2,1,1
RCA_001080,PAYMENT,USD,PAID,NET60,ENGINEERING,610100-ENGINEERING,USD,ISSUED,ENGINEERING,610100-ENGINEERING,SERVICES,US,USD,NET60,ACH,ACTIVE,ACH,USD,COMPLETED,FAILED,ACH_DEBIT,USD,DEBIT,RETURNED,MANAGER,APPROVED,PAYMENT,8833.6100000000006,8412.9599999999991,420.64999999999998,0,479,60,5,4,50,8412.9599999999991,134.42249999999999,8833.6100000000006,8412.9599999999991,420.64999999999998,0,480,4,50,8412.9599999999991,8833.6100000000006,419,1,8833.6100000000006,1,8833.6100000000006,1,8833.6100000000006,414,1,2,1,8833.6100000000006,8833.6100000000006,8833.6100000000006,8833.6100000000006,2,1,1,1,0,1,1,28,4,26,0,0.84615384615384615,2,291.64999999999998,0,0,0,1,1,0,0,0,0,0,0,0,0,8833.6100000000006,1,0,0,0,0,0,0,1,60,0,77580,1,1,1,1,1,0,1,1,1,1,1,1,1,1,1,1,1,1,1,1,0,1,1,1,1,1,0,0,0,0,0,0,0,0,0,0,0,0,0,0,0,1,1,1,1,1
RCA_001081,PAYMENT,USD,PAID,NET30,LEGAL,670100-LEGAL,__MISSING__,__MISSING__,__MISSING__,__MISSING__,SOFTWARE,US,USD,NET30,ACH,ACTIVE,ACH,USD,COMPLETED,FAILED,ACH_DEBIT,USD,DEBIT,RETURNED,DIRECTOR,APPROVED,PAYMENT,16106.74,14983.01,1123.73,0,307,30,5,4,9,14983.01,1980.4925000000001,,,,,,0,0,0,16106.74,277,1,16106.74,1,16106.74,1,16106.74,272,1,2,1,16106.74,16106.74,16106.74,16106.74,3,2,2,2,0,1,1,29,4,8,0,0.76923076923076916,3,9878.9899999999998,0,0,0,1,1,,,,,,,0,0,16106.74,1,0,0,0,0,0,0,,30,0,32880,0,-1,-1,-1,1,0,-1,1,1,1,1,1,1,1,1,1,1,1,1,1,0,1,1,1,1,1,0,0,0,0,0,0,0,0,0,0,0,0,0,0,0,1,1,1,1,1
RCA_001082,PAYMENT,USD,PAID,NET60,SALES,640100-SALES,USD,ISSUED,SALES,640100-SALES,SERVICES,US,USD,NET60,ACH,ACTIVE,ACH,USD,COMPLETED,FAILED,ACH_DEBIT,USD,DEBIT,RETURNED,MANAGER,APPROVED,PAYMENT,5742.6700000000001,5742.6700000000001,0,0,179,60,2,2,7,5742.6700000000001,929.94999999999993,5742.6700000000001,5742.6700000000001,0,0,194,2,7,5742.6700000000001,5742.6700000000001,119,1,5742.6700000000001,1,5742.6700000000001,1,5742.6700000000001,116,1,2,1,5742.6700000000001,5742.6700000000001,5742.6700000000001,5742.6700000000001,2,1,1,1,0,1,1,31,4,12,0,0.76923076923076916,6,1439.49,0,0,0,1,1,0,0,0,0,0,0,0,0,5742.6700000000001,1,0,0,0,0,0,0,15,60,0,81900,1,1,1,1,1,0,1,1,1,1,1,1,1,1,1,1,1,1,1,1,0,1,1,1,1,1,0,0,0,0,0,0,0,0,0,0,0,0,0,0,0,1,1,1,1,1
RCA_001083,PAYMENT,USD,PAID,NET45,IT,680100-IT,__MISSING__,__MISSING__,__MISSING__,__MISSING__,SERVICES,US,USD,NET45,ACH,ACTIVE,ACH,USD,COMPLETED,FAILED,ACH_DEBIT,USD,DEBIT,RETURNED,DIRECTOR,APPROVED,PAYMENT,11089.08,11089.08,0,0,295,45,0,2,24,11089.08,462.04499999999996,,,,,,0,0,0,21201.869999999999,250,2,21201.869999999999,2,21201.869999999999,1,21201.869999999999,245,1,2,1,21201.869999999999,21201.869999999999,21201.869999999999,21201.869999999999,6,4,2,2,0,1,1,28,4,30,0,0.84615384615384615,4,125.90000000000001,0,0,0,1,1,,,,,,,0,0,11089.08,1,0,0,0,0,0,0,,45,0,61680,0,-1,-1,-1,1,0,-1,1,1,1,1,1,1,1,1,1,1,1,1,1,0,1,1,1,1,1,0,0,0,0,0,0,0,0,0,0,0,0,0,0,0,2,1,1,1,1
RCA_001084,PAYMENT,EUR,PAID,DUE_ON_RECEIPT,PEOPLE,660100-PEOPLE,EUR,ISSUED,PEOPLE,660100-PEOPLE,SERVICES,DE,EUR,DUE_ON_RECEIPT,ACH,ACTIVE,ACH,EUR,COMPLETED,FAILED,ACH_DEBIT,EUR,DEBIT,POSTED,MANAGER,APPROVED,PAYMENT,3381.3299999999999,3145.4200000000001,235.91,0,108,0,3,2,20,3145.4200000000001,151.40000000000001,3381.3299999999999,3145.4200000000001,235.91,0,133,2,20,3145.4200000000001,1352.53,100,2,3381.3299999999999,1,3381.3299999999999,2,2028.8,98,1,4,2,3381.3299999999999,3381.3299999999999,3381.3299999999999,3381.3299999999999,2,1,1,1,0,2,2,29,4,49,0,0.92307692307692313,3,12.880000000000001,0,0,0,1,1,0,0,0,0,0,0,0,0,1352.53,0.39999940851676707,676.26999999999998,0.50000369677567225,0,2028.8,2028.8,676.26999999999998,25,8,-3,5580,1,1,1,1,1,0,1,1,1,1,1,1,1,1,1,1,0,1,1,1,0,1,1,1,1,1,0,0,0,0,0,0,0,0,0,0,0,0,0,0,0,1,2,2,1,1
RCA_001087,PAYMENT,USD,PAID,DUE_ON_RECEIPT,ENGINEERING,610100-ENGINEERING,USD,ISSUED,ENGINEERING,610100-ENGINEERING,SERVICES,US,USD,DUE_ON_RECEIPT,ACH,ACTIVE,ACH,USD,COMPLETED,FAILED,ACH_DEBIT,USD,DEBIT,RETURNED,DIRECTOR,APPROVED,PAYMENT,25643.619999999999,24385.810000000001,1219.29,38.520000000000003,269,0,0,3,44,24385.810000000001,2082.8833333333332,25643.619999999999,24385.810000000001,1219.29,38.520000000000003,275,3,44,24385.810000000001,25643.619999999999,266,1,25643.619999999999,1,25643.619999999999,1,25643.619999999999,263,1,2,1,25643.619999999999,25643.619999999999,25643.619999999999,25643.619999999999,3,2,2,2,0,3,1,29,4,28,0,0.84615384615384615,2,1394.5799999999999,0,0,0,1,1,0,0,0,0,0,0,0,0,25643.619999999999,1,0,0,0,0,0,0,6,3,0,1200,1,1,1,1,1,0,1,1,1,1,1,1,1,1,1,1,1,1,1,1,0,1,1,1,1,1,0,0,0,0,0,0,0,0,0,0,0,0,0,0,0,1,1,1,1,1
RCA_001088,PAYMENT,EUR,PAID,NET30,FINANCE,630100-FINANCE,EUR,ISSUED,FINANCE,630100-FINANCE,SOFTWARE,DE,EUR,NET30,ACH,ACTIVE,ACH,EUR,COMPLETED,FAILED,ACH_DEBIT,EUR,DEBIT,RETURNED,MANAGER,APPROVED,PAYMENT,7696.1700000000001,7159.2299999999996,536.94000000000005,0,164,30,0,2,13,7159.2299999999996,1697.04,7696.1700000000001,7159.2299999999996,536.94000000000005,0,167,2,13,7159.2299999999996,4617.6999999999998,134,2,7696.1700000000001,1,7696.1700000000001,2,4617.6999999999998,131,1,4,2,7696.1700000000001,7696.1700000000001,7696.1700000000001,7696.1700000000001,2,1,1,1,0,1,1,29,4,20,0,0.84615384615384615,19,457.33999999999997,0,0,0,1,1,0,0,0,0,0,0,0,0,4617.6999999999998,0.59999974013048052,0,0,0,3078.4699999999998,3078.4699999999998,0,3,30,0,41580,1,1,1,1,1,0,1,1,1,1,1,1,1,1,1,1,1,1,1,1,0,1,1,1,1,1,0,0,0,0,0,0,0,0,0,0,0,0,0,0,0,1,2,2,1,1
RCA_001090,PAYMENT,USD,PAID,NET15,LEGAL,670100-LEGAL,USD,ISSUED,LEGAL,670100-LEGAL,SOFTWARE,US,USD,NET15,CHECK,ACTIVE,CHECK,USD,COMPLETED,FAILED,CHECK_CLEARING,USD,DEBIT,RETURNED,MANAGER,APPROVED,PAYMENT,7782.5900000000001,7075.0799999999999,707.50999999999999,0,492,15,4,2,8,7075.0799999999999,2092.8899999999999,7782.5900000000001,7075.0799999999999,707.50999999999999,0,497,2,8,7075.0799999999999,10385.76,303,2,10385.76,2,10385.76,1,10385.76,291,1,2,1,10385.76,10385.76,10385.76,10385.76,4,2,1,1,0,1,1,28,4,150,0,0.92307692307692313,3,28.07,0,0,0,1,1,0,0,0,0,0,0,0,0,7782.5900000000001,1,0,0,0,0,0,0,5,189,0,14220,1,1,1,1,1,0,1,1,1,1,1,1,1,1,1,1,1,1,1,1,0,1,1,1,1,1,0,0,0,0,0,0,0,0,0,0,0,0,0,0,0,2,1,1,1,1
RCA_001091,PAYMENT,USD,PAID,NET30,IT,680100-IT,USD,ISSUED,IT,680100-IT,SUPPLIER,US,USD,NET30,ACH,ACTIVE,ACH,USD,COMPLETED,FAILED,ACH_DEBIT,USD,DEBIT,POSTED,MANAGER,APPROVED,PAYMENT,3297.29,2997.54,299.75,0,146,30,1,2,18,2997.54,166.53000000000003,3297.29,2997.54,299.75,0,149,2,18,2997.54,1318.9200000000001,113,2,3297.29,1,3297.29,2,1978.3699999999999,111,1,4,2,3297.29,3297.29,3297.29,3297.29,2,1,1,1,0,2,1,30,4,24,0,0.84615384615384615,14,378.60000000000002,0,0,0,1,1,0,0,0,0,0,0,0,0,1318.9200000000001,0.40000121311743886,659.45000000000005,0.49999241803900163,0,1978.3699999999999,1978.3699999999999,659.45000000000005,3,33,-3,44460,1,1,1,1,1,0,1,1,1,1,1,1,1,1,1,1,0,1,1,1,0,1,1,1,1,1,0,0,0,0,0,0,0,0,0,0,0,0,0,0,0,1,2,2,1,1
RCA_001092,PAYMENT,USD,PAID,NET15,FINANCE,630100-FINANCE,USD,ISSUED,FINANCE,630100-FINANCE,SOFTWARE,US,USD,NET15,ACH,ACTIVE,ACH,USD,COMPLETED,FAILED,ACH_DEBIT,USD,DEBIT,RETURNED,MANAGER,APPROVED,PAYMENT,3715.6500000000001,3361.8400000000001,336.18000000000001,17.629999999999999,203,15,2,2,26,3361.8400000000001,246.94999999999999,3715.6500000000001,3361.8400000000001,336.18000000000001,17.629999999999999,207,2,26,3361.8400000000001,6835.8199999999997,188,2,6835.8199999999997,2,6835.8199999999997,1,6835.8199999999997,183,1,2,1,6835.8199999999997,6835.8199999999997,6835.8199999999997,6835.8199999999997,4,2,1,1,0,2,2,27,4,300,0,0.84615384615384615,1,10,0,0,0,1,1,0,0,0,0,0,0,0,0,3715.6500000000001,1,0,0,0,0,0,0,4,15,0,17100,1,1,1,1,1,0,1,1,1,1,1,1,1,1,1,1,1,1,1,1,0,1,1,1,1,1,0,0,0,0,0,0,0,0,0,0,0,0,0,0,0,2,1,1,1,1
RCA_001098,PAYMENT,USD,PAID,NET30,SALES,640100-SALES,USD,ISSUED,SALES,640100-SALES,SUPPLIER,US,USD,NET30,WIRE,ACTIVE,WIRE,USD,COMPLETED,FAILED,WIRE_DEBIT,USD,DEBIT,RETURNED,MANAGER,APPROVED,PAYMENT,2491.9299999999998,2318.0700000000002,173.86000000000001,0,65,30,5,2,18,2318.0700000000002,268.90499999999997,2491.9299999999998,2318.0700000000002,173.86000000000001,0,93,2,18,2318.0700000000002,2491.9299999999998,35,1,2491.9299999999998,1,2491.9299999999998,1,2491.9299999999998,34,1,2,1,2491.9299999999998,2491.9299999999998,2491.9299999999998,2491.9299999999998,2,1,1,1,0,1,1,30,4,10,0,0.84615384615384615,31,118.01000000000001,0,0,0,1,1,0,0,0,0,0,0,0,0,2491.9299999999998,1,0,0,0,0,0,0,28,30,0,34380,1,1,1,1,1,0,1,1,1,1,1,1,1,1,1,1,1,1,1,1,0,1,1,1,1,1,0,0,0,0,0,0,0,0,0,0,0,0,0,0,0,1,1,1,1,1
RCA_001099,PAYMENT,USD,PAID,NET15,OPERATIONS,620100-OPERATIONS,USD,ISSUED,OPERATIONS,620100-OPERATIONS,SOFTWARE,US,USD,NET15,ACH,ACTIVE,ACH,USD,COMPLETED,FAILED,ACH_DEBIT,USD,DEBIT,RETURNED,MANAGER,APPROVED,PAYMENT,2387.8099999999999,2170.7399999999998,217.06999999999999,0,432,15,5,1,23,2170.7399999999998,94.379999999999995,2387.8099999999999,2170.7399999999998,217.06999999999999,0,436,1,23,2170.7399999999998,2387.8099999999999,417,1,2387.8099999999999,1,2387.8099999999999,1,2387.8099999999999,412,1,2,1,2387.8099999999999,2387.8099999999999,2387.8099999999999,2387.8099999999999,2,1,1,1,0,1,1,29,4,13,0,0.76923076923076916,23,0.44,0,0,0,1,1,0,0,0,0,0,0,0,0,2387.8099999999999,1,0,0,0,0,0,0,4,15,0,12780,1,1,1,1,1,0,1,1,1,1,1,1,1,1,1,1,1,1,1,1,0,1,1,1,1,1,0,0,0,0,0,0,0,0,0,0,0,0,0,0,0,1,1,1,1,1
RCA_001100,PAYMENT,USD,PAID,NET45,SALES,640100-SALES,__MISSING__,__MISSING__,__MISSING__,__MISSING__,SERVICES,US,USD,NET45,ACH,ACTIVE,ACH,USD,COMPLETED,FAILED,ACH_DEBIT,USD,DEBIT,RETURNED,MANAGER,APPROVED,PAYMENT,1384.6099999999999,1384.6099999999999,0,0,248,45,5,2,9,1384.6099999999999,166.89000000000001,,,,,,0,0,0,1384.6099999999999,203,1,1384.6099999999999,1,1384.6099999999999,1,1384.6099999999999,200,1,2,1,1384.6099999999999,1384.6099999999999,1384.6099999999999,1384.6099999999999,2,1,1,1,0,2,2,30,4,135,0,0.92307692307692313,1,0,0,0,0,1,1,,,,,,,0,0,1384.6099999999999,1,0,0,0,0,0,0,,45,0,55980,0,-1,-1,-1,1,0,-1,1,1,1,1,1,1,1,1,1,1,1,1,1,0,1,1,1,1,1,0,0,0,0,0,0,0,0,0,0,0,0,0,0,0,1,1,1,1,1
RCA_001103,PAYMENT,EUR,PAID,NET30,IT,680100-IT,EUR,ISSUED,IT,680100-IT,SERVICES,DE,EUR,NET30,VIRTUAL_CARD,ACTIVE,VIRTUAL_CARD,EUR,COMPLETED,SETTLED,__MISSING__,__MISSING__,__MISSING__,__MISSING__,MANAGER,APPROVED,PAYMENT,1664.23,1535.49,115.16,13.58,503,30,5,2,26,1535.49,191.01499999999999,1664.23,1535.49,115.16,13.58,514,2,26,1535.49,1664.23,473,1,1664.23,1,1664.23,1,,,0,2,1,1664.23,1664.23,1664.23,1664.23,2,1,1,1,0,0,0,29,4,10,0,0.84615384615384615,15,368.94999999999999,0,0,0,1,0,0,0,0,0,0,0,0,0,0,0,,,0,0,0,,11,30,,34380,1,1,1,1,1,0,1,1,1,1,1,1,1,0,0,-1,-1,1,1,1,1,0,1,1,1,1,0,0,0,0,1,0,0,0,0,0,0,0,0,0,1,1,1,0,1,1
RCA_001104,PAYMENT,USD,PAID,DUE_ON_RECEIPT,IT,680100-IT,USD,ISSUED,IT,680100-IT,SERVICES,US,USD,DUE_ON_RECEIPT,ACH,ACTIVE,ACH,USD,COMPLETED,SETTLED,ACH_DEBIT,USD,DEBIT,POSTED,DIRECTOR,APPROVED,PAYMENT,11693.719999999999,10599.73,1059.97,34.020000000000003,305,0,3,4,72,10599.73,164.64000000000001,11693.719999999999,10599.73,1059.97,34.020000000000003,321,4,72,10599.73,4677.4899999999998,296,2,11693.719999999999,1,11693.719999999999,2,7016.2299999999996,294,0,4,2,11693.719999999999,11693.719999999999,11693.719999999999,11693.719999999999,3,2,2,2,0,0,0,31,4,6,0,0.76923076923076916,63,2825.0500000000002,0,0,0,1,0,0,0,0,0,0,0,0,0,0,0,2338.7399999999998,0.49999893105062759,0,7016.2299999999996,7016.2299999999996,2338.7399999999998,16,9,-3,5520,1,1,1,1,1,0,1,1,1,1,1,1,1,0,0,1,1,1,1,0,1,0,1,1,1,1,0,0,0,0,0,0,0,0,0,0,0,0,0,0,1,1,2,1,1,1
RCA_001105,PAYMENT,USD,PAID,NET30,IT,680100-IT,USD,ISSUED,IT,680100-IT,SOFTWARE,US,USD,NET30,ACH,ACTIVE,ACH,USD,COMPLETED,SETTLED,__MISSING__,__MISSING__,__MISSING__,__MISSING__,MANAGER,APPROVED,PAYMENT,9855.6599999999999,9855.6599999999999,0,0,484,30,0,3,40,9855.6599999999999,422.32333333333332,9855.6599999999999,9855.6599999999999,0,0,492,3,40,9855.6599999999999,9855.6599999999999,454,1,9855.6599999999999,1,9855.6599999999999,1,,,0,2,1,9855.6599999999999,9855.6599999999999,9855.6599999999999,9855.6599999999999,2,1,1,1,0,1,0,27,4,13,0,0.76923076923076916,9,482.43000000000001,0,0,0,1,0,0,0,0,0,0,0,0,0,0,0,,,0,0,0,,8,30,,41580,1,1,1,1,1,0,1,1,1,1,1,1,1,0,0,-1,-1,1,1,1,1,1,1,1,1,1,0,0,0,0,1,0,0,0,0,0,0,0,0,0,0,1,1,0,1,1
RCA_001108,PAYMENT,USD,PAID,NET30,ENGINEERING,610100-ENGINEERING,USD,ISSUED,ENGINEERING,610100-ENGINEERING,SERVICES,US,USD,NET30,ACH,ACTIVE,ACH,USD,COMPLETED,SETTLED,__MISSING__,__MISSING__,__MISSING__,__MISSING__,DIRECTOR,APPROVED,PAYMENT,21390.799999999999,19898.419999999998,1492.3800000000001,0,194,30,2,2,26,19898.419999999998,581.59500000000003,21390.799999999999,19898.419999999998,1492.3800000000001,0,205,2,26,19898.419999999998,21390.799999999999,164,1,21390.799999999999,1,21390.799999999999,1,,,0,2,1,21390.799999999999,21390.799999999999,21390.799999999999,21390.799999999999,3,2,2,2,0,1,1,25,4,18,0,0.84615384615384615,15,7926.2700000000004,0,0,0,1,0,0,0,0,0,0,0,0,0,0,0,,,0,0,0,,11,30,,37200,1,1,1,1,1,0,1,1,1,1,1,1,1,0,0,-1,-1,1,1,1,1,1,1,1,1,1,0,0,0,0,1,0,0,0,0,0,0,0,0,0,0,1,1,0,1,1
RCA_001112,PAYMENT,USD,PAID,NET45,OPERATIONS,620100-OPERATIONS,USD,ISSUED,OPERATIONS,620100-OPERATIONS,SOFTWARE,US,USD,NET45,VIRTUAL_CARD,ACTIVE,VIRTUAL_CARD,USD,COMPLETED,SETTLED,CARD_SETTLEMENT,USD,DEBIT,POSTED,MANAGER,APPROVED,PAYMENT,7221.6099999999997,7221.6099999999997,0,0,107,45,2,4,63,7221.6099999999997,113.4075,7221.6099999999997,7221.6099999999997,0,0,116,4,63,7221.6099999999997,4332.9700000000003,62,2,7221.6099999999997,1,7221.6099999999997,2,2888.6399999999999,56,0,4,2,7221.6099999999997,7221.6099999999997,7221.6099999999997,7221.6099999999997,2,1,1,1,0,0,0,35,4,20,0,0.76923076923076916,13,921.17999999999995,0,0,0,1,0,0,0,0,0,0,0,0,0,0,0,1444.3299999999999,0.33333487192387667,0,2888.6399999999999,2888.6399999999999,1444.3299999999999,9,45,3,60300,1,1,1,1,1,0,1,1,1,1,1,1,1,0,0,1,1,1,1,0,1,0,1,1,1,1,0,0,0,0,0,0,0,0,0,0,0,0,0,0,1,1,2,1,1,1
RCA_001113,PAYMENT,USD,PAID,NET30,PEOPLE,660100-PEOPLE,USD,ISSUED,PEOPLE,660100-PEOPLE,SERVICES,US,USD,NET30,ACH,ACTIVE,ACH,USD,COMPLETED,SETTLED,ACH_DEBIT,USD,DEBIT,POSTED,MANAGER,APPROVED,PAYMENT,2188.4400000000001,2035.76,152.68000000000001,0,281,30,3,4,59,2035.76,44.240000000000002,2188.4400000000001,2035.76,152.68000000000001,0,293,4,59,2035.76,875.38,248,2,2188.4400000000001,1,2188.4400000000001,2,1313.0599999999999,246,0,4,2,2188.4400000000001,2188.4400000000001,2188.4400000000001,2188.4400000000001,2,1,1,1,0,0,0,28,4,7,0,0.76923076923076916,125,450.19,0,0,0,1,0,0,0,0,0,0,0,0,0,0,0,437.68000000000001,0.49998857638968219,0,1313.0599999999999,1313.0599999999999,437.68000000000001,12,33,-3,41580,1,1,1,1,1,0,1,1,1,1,1,1,1,0,0,1,1,1,1,1,1,0,1,1,1,1,0,0,0,0,0,0,0,0,0,0,0,0,0,0,1,1,2,1,1,1
RCA_001116,PAYMENT,EUR,PAID,NET45,OPERATIONS,620100-OPERATIONS,EUR,ISSUED,OPERATIONS,620100-OPERATIONS,SERVICES,DE,EUR,NET45,ACH,ACTIVE,ACH,EUR,COMPLETED,SETTLED,ACH_DEBIT,EUR,DEBIT,POSTED,MANAGER,APPROVED,PAYMENT,1603.6600000000001,1457.8699999999999,145.78999999999999,0,331,45,3,1,19,1457.8699999999999,76.730000000000004,1603.6600000000001,1457.8699999999999,145.78999999999999,0,346,1,19,1457.8699999999999,962.20000000000005,286,2,1603.6600000000001,1,1603.6600000000001,2,641.46000000000004,279,0,4,2,1603.6600000000001,1603.6600000000001,1603.6600000000001,1603.6600000000001,2,1,1,1,0,0,0,29,4,3,0,0.76923076923076916,13,670.42999999999995,0,0,0,1,0,0,0,0,0,0,0,0,0,0,0,320.74000000000001,0.33334026189981292,0,641.46000000000004,641.46000000000004,320.74000000000001,15,45,3,58860,1,1,1,1,1,0,1,1,1,1,1,1,1,0,0,1,1,1,1,1,1,0,1,1,1,1,0,0,0,0,0,0,0,0,0,0,0,0,0,0,1,1,2,1,1,1
RCA_001118,PAYMENT,USD,PAID,NET60,LEGAL,670100-LEGAL,USD,ISSUED,LEGAL,670100-LEGAL,LOGISTICS,US,USD,NET60,ACH,ACTIVE,ACH,USD,COMPLETED,SETTLED,ACH_DEBIT,USD,DEBIT,POSTED,MANAGER,APPROVED,PAYMENT,4331.2799999999997,3981.3600000000001,298.60000000000002,51.32,138,60,4,2,34,3981.3600000000001,141.99000000000001,4331.2799999999997,3981.3600000000001,298.60000000000002,51.32,166,2,34,3981.3600000000001,2598.77,78,2,4331.2799999999997,1,4331.2799999999997,2,1732.51,70,0,4,2,4331.2799999999997,4331.2799999999997,4331.2799999999997,4331.2799999999997,2,1,1,1,0,0,0,32,4,25,0,0.84615384615384615,4,325.68000000000001,0,0,0,1,0,0,0,0,0,0,0,0,0,0,0,866.25999999999999,0.33333461599141134,0,1732.51,1732.51,866.25999999999999,28,60,3,79020,1,1,1,1,1,0,1,1,1,1,1,1,1,0,0,1,1,1,1,1,1,0,1,1,1,1,0,0,0,0,0,0,0,0,0,0,0,0,0,0,1,1,2,1,1,1
RCA_001119,PAYMENT,USD,PAID,NET30,OPERATIONS,620100-OPERATIONS,USD,ISSUED,OPERATIONS,620100-OPERATIONS,SUPPLIER,US,USD,NET30,ACH,ACTIVE,ACH,USD,COMPLETED,SETTLED,__MISSING__,__MISSING__,__MISSING__,__MISSING__,MANAGER,APPROVED,PAYMENT,1679.77,1507,150.69999999999999,22.07,279,30,1,3,38,1507,40.699999999999996,1679.77,1507,150.69999999999999,22.07,301,3,38,1507,1679.77,249,1,1679.77,1,1679.77,1,,,0,2,1,1679.77,1679.77,1679.77,1679.77,2,1,1,1,0,0,0,33,4,4,0,0.84615384615384615,16,49.520000000000003,0,0,0,1,0,0,0,0,0,0,0,0,0,0,0,,,0,0,0,,22,30,,40140,1,1,1,1,1,0,1,1,1,1,1,1,1,0,0,-1,-1,1,1,1,1,0,1,1,1,1,0,0,0,0,1,0,0,0,0,0,0,0,0,0,1,1,1,0,1,1
RCA_001120,PAYMENT,USD,PAID,NET30,IT,680100-IT,__MISSING__,__MISSING__,__MISSING__,__MISSING__,SOFTWARE,US,USD,NET30,VIRTUAL_CARD,ACTIVE,VIRTUAL_CARD,USD,COMPLETED,SETTLED,CARD_SETTLEMENT,USD,DEBIT,POSTED,MANAGER,APPROVED,PAYMENT,6025.2700000000004,6025.2700000000004,0,0,342,30,0,4,22,6025.2700000000004,435.79500000000002,,,,,,0,0,0,3615.1599999999999,312,2,6025.2700000000004,1,6025.2700000000004,2,2410.1100000000001,307,0,4,2,6025.2700000000004,6025.2700000000004,6025.2700000000004,6025.2700000000004,2,1,1,1,0,1,1,29,4,49,0,0.84615384615384615,3,0,0,0,0,1,0,,,,,,,0,0,0,0,1205.05,0.33333241129023333,0,2410.1100000000001,2410.1100000000001,1205.05,,30,3,41580,0,-1,-1,-1,1,0,-1,1,1,1,1,1,1,0,0,1,1,1,1,1,1,1,1,1,1,1,0,0,0,0,0,0,0,0,0,0,0,0,0,0,0,1,2,1,1,1
RCA_001121,PAYMENT,GBP,PAID,NET60,FINANCE,630100-FINANCE,__MISSING__,__MISSING__,__MISSING__,__MISSING__,SOFTWARE,GB,GBP,NET60,WIRE,ACTIVE,WIRE,GBP,COMPLETED,SETTLED,__MISSING__,__MISSING__,__MISSING__,__MISSING__,MANAGER,APPROVED,PAYMENT,4613.8000000000002,4194.3599999999997,419.44,0,171,60,3,2,12,4194.3599999999997,505.02499999999998,,,,,,0,0,0,4613.8000000000002,111,1,4613.8000000000002,1,4613.8000000000002,1,,,0,2,1,4613.8000000000002,4613.8000000000002,4613.8000000000002,4613.8000000000002,2,1,1,1,0,0,0,30,4,9,0,0.84615384615384615,3,277.12,0,0,0,1,0,,,,,,,0,0,0,0,,,0,0,0,,,60,,80460,0,-1,-1,-1,1,0,-1,1,1,1,1,1,1,0,0,-1,-1,1,1,1,1,0,1,1,1,1,0,0,0,0,1,0,0,0,0,0,0,0,0,0,1,1,1,0,1,1
RCA_001122,PAYMENT,USD,PAID,NET45,LEGAL,670100-LEGAL,USD,ISSUED,LEGAL,670100-LEGAL,SUPPLIER,US,USD,NET45,ACH,ACTIVE,ACH,USD,COMPLETED,SETTLED,ACH_DEBIT,USD,DEBIT,POSTED,MANAGER,APPROVED,PAYMENT,6294.5200000000004,5855.3699999999999,439.14999999999998,0,281,45,1,3,18,5855.3699999999999,339.04666666666668,6294.5200000000004,5855.3699999999999,439.14999999999998,0,295,3,18,5855.3699999999999,3776.71,236,2,6294.5200000000004,1,6294.5200000000004,2,2517.8099999999999,230,0,4,2,6294.5200000000004,6294.5200000000004,6294.5200000000004,6294.5200000000004,2,1,1,1,0,0,0,27,4,28,0,0.84615384615384615,1,429.37,0,0,0,1,0,0,0,0,0,0,0,0,0,0,0,1258.9000000000001,0.33333245073092721,0,2517.8099999999999,2517.8099999999999,1258.9000000000001,14,45,3,61740,1,1,1,1,1,0,1,1,1,1,1,1,1,0,0,1,1,1,1,1,1,0,1,1,1,1,0,0,0,0,0,0,0,0,0,0,0,0,0,0,1,1,2,1,1,1
RCA_001124,PAYMENT,USD,PAID,NET30,FINANCE,630100-FINANCE,USD,ISSUED,FINANCE,630100-FINANCE,SERVICES,US,USD,NET30,VIRTUAL_CARD,ACTIVE,VIRTUAL_CARD,USD,COMPLETED,SETTLED,__MISSING__,__MISSING__,__MISSING__,__MISSING__,MANAGER,APPROVED,PAYMENT,2206.8800000000001,2206.8800000000001,0,0,367,30,2,1,13,2206.8800000000001,169.75999999999999,2206.8800000000001,2206.8800000000001,0,0,389,1,13,2206.8800000000001,2206.8800000000001,337,1,2206.8800000000001,1,2206.8800000000001,1,,,0,2,1,2206.8800000000001,2206.8800000000001,2206.8800000000001,2206.8800000000001,2,1,1,1,0,0,0,31,4,7,0,0.84615384615384615,72,5.4699999999999998,0,0,0,1,0,0,0,0,0,0,0,0,0,0,0,,,0,0,0,,22,30,,38700,1,1,1,1,1,0,1,1,1,1,1,1,1,0,0,-1,-1,1,1,1,1,0,1,1,1,1,0,0,0,0,1,0,0,0,0,0,0,0,0,0,1,1,1,0,1,1
RCA_001125,PAYMENT,EUR,PAID,DUE_ON_RECEIPT,ENGINEERING,610100-ENGINEERING,__MISSING__,__MISSING__,__MISSING__,__MISSING__,SERVICES,DE,EUR,DUE_ON_RECEIPT,ACH,ACTIVE,ACH,EUR,COMPLETED,SETTLED,__MISSING__,__MISSING__,__MISSING__,__MISSING__,MANAGER,APPROVED,PAYMENT,1402.27,1304.4400000000001,97.829999999999998,0,303,0,4,1,2,1304.4400000000001,652.22000000000003,,,,,,0,0,0,1402.27,297,1,1402.27,1,1402.27,1,,,0,2,1,1402.27,1402.27,1402.27,1402.27,2,1,1,1,0,2,1,29,4,49,0,0.84615384615384615,5,226.69999999999999,0,0,0,1,0,,,,,,,0,0,0,0,,,0,0,0,,,6,,1260,0,-1,-1,-1,1,0,-1,1,1,1,1,1,1,0,0,-1,-1,1,1,1,1,1,1,1,1,1,0,0,0,0,1,0,0,0,0,0,0,0,0,0,0,1,1,0,1,1
RCA_001126,PAYMENT,USD,PAID,NET15,IT,680100-IT,USD,ISSUED,IT,680100-IT,SUPPLIER,US,USD,NET15,WIRE,ACTIVE,WIRE,USD,COMPLETED,SETTLED,__MISSING__,__MISSING__,__MISSING__,__MISSING__,MANAGER,APPROVED,PAYMENT,2649.7199999999998,2523.54,126.18000000000001,0,425,15,2,2,17,2523.54,201.21000000000001,2649.7199999999998,2523.54,126.18000000000001,0,450,2,17,2523.54,2649.7199999999998,410,1,2649.7199999999998,1,2649.7199999999998,1,,,0,2,1,2649.7199999999998,2649.7199999999998,2649.7199999999998,2649.7199999999998,2,1,1,1,0,2,0,31,4,64,0,0.84615384615384615,4,6.0199999999999996,0,0,0,1,0,0,0,0,0,0,0,0,0,0,0,,,0,0,0,,25,15,,17100,1,1,1,1,1,0,1,1,1,1,1,1,1,0,0,-1,-1,1,1,1,1,1,1,1,1,1,0,0,0,0,1,0,0,0,0,0,0,0,0,0,0,1,1,0,1,1
RCA_001129,PAYMENT,USD,PAID,NET60,ENGINEERING,610100-ENGINEERING,USD,ISSUED,ENGINEERING,610100-ENGINEERING,SERVICES,US,USD,NET60,ACH,ACTIVE,ACH,USD,COMPLETED,SETTLED,ACH_DEBIT,USD,DEBIT,POSTED,MANAGER,APPROVED,PAYMENT,9125.2600000000002,8264.4799999999996,826.45000000000005,34.329999999999998,192,60,5,2,33,8264.4799999999996,244.755,9125.2600000000002,8264.4799999999996,826.45000000000005,34.329999999999998,194,2,33,8264.4799999999996,3650.0999999999999,129,2,9125.2600000000002,1,9125.2600000000002,2,5475.1599999999999,127,0,4,2,9125.2600000000002,9125.2600000000002,9125.2600000000002,9125.2600000000002,2,1,1,1,0,1,1,28,4,26,0,0.84615384615384615,4,291.64999999999998,0,0,0,1,0,0,0,0,0,0,0,0,0,0,0,1825.0599999999999,0.50000273965096842,0,5475.1599999999999,5475.1599999999999,1825.0599999999999,2,63,-3,81900,1,1,1,1,1,0,1,1,1,1,1,1,1,0,0,1,1,1,1,1,1,1,1,1,1,1,0,0,0,0,0,0,0,0,0,0,0,0,0,0,0,1,2,1,1,1
RCA_001130,PAYMENT,GBP,PAID,NET30,PEOPLE,660100-PEOPLE,__MISSING__,__MISSING__,__MISSING__,__MISSING__,SUPPLIER,GB,GBP,NET30,WIRE,ACTIVE,WIRE,GBP,COMPLETED,SETTLED,WIRE_DEBIT,GBP,DEBIT,POSTED,MANAGER,APPROVED,PAYMENT,2601.0100000000002,2419.54,181.47,0,491,30,2,2,22,2419.54,106.83499999999999,,,,,,0,0,0,1040.4000000000001,458,2,2601.0100000000002,1,2601.0100000000002,2,1560.6099999999999,460,0,4,2,2601.0100000000002,2601.0100000000002,2601.0100000000002,2601.0100000000002,2,1,1,1,0,0,0,30,4,8,0,0.76923076923076916,8,402.22000000000003,0,0,0,1,0,,,,,,,0,0,0,0,520.21000000000004,0.50000961168781233,0,1560.6099999999999,1560.6099999999999,520.21000000000004,,33,-3,43020,0,-1,-1,-1,1,0,-1,1,1,1,1,1,1,0,0,1,1,1,1,1,1,0,1,1,1,1,0,0,0,0,0,0,0,0,0,0,0,0,0,0,1,1,2,2,1,1
RCA_001131,PAYMENT,USD,PAID,NET45,FINANCE,630100-FINANCE,__MISSING__,__MISSING__,__MISSING__,__MISSING__,SUPPLIER,US,USD,NET45,ACH,ACTIVE,ACH,USD,COMPLETED,SETTLED,__MISSING__,__MISSING__,__MISSING__,__MISSING__,DIRECTOR,APPROVED,PAYMENT,1279.4000000000001,1279.4000000000001,0,0,227,45,0,1,10,1279.4000000000001,127.94,,,,,,0,0,0,25307.5,167,2,25307.5,2,25307.5,1,,,0,2,1,25307.5,25307.5,25307.5,25307.5,5,3,2,2,0,0,0,31,4,44,0,0.84615384615384615,1,98.079999999999998,0,0,0,1,0,,,,,,,0,0,0,0,,,0,0,0,,,60,,55920,0,-1,-1,-1,1,0,-1,1,1,1,1,1,1,0,0,-1,-1,1,1,1,1,0,1,1,1,1,0,0,0,0,1,0,0,0,0,0,0,0,0,0,1,2,1,0,1,1
RCA_001134,PAYMENT,USD,PAID,NET15,PEOPLE,660100-PEOPLE,__MISSING__,__MISSING__,__MISSING__,__MISSING__,SUPPLIER,US,USD,NET15,WIRE,ACTIVE,WIRE,USD,COMPLETED,SETTLED,WIRE_DEBIT,USD,DEBIT,POSTED,MANAGER,APPROVED,PAYMENT,1864.5999999999999,1734.51,130.09,0,519,15,5,3,20,1734.51,90.949999999999989,,,,,,0,0,0,745.84000000000003,501,2,1864.5999999999999,1,1864.5999999999999,2,1118.76,503,0,4,2,1864.5999999999999,1864.5999999999999,1864.5999999999999,1864.5999999999999,2,1,1,1,0,2,0,31,4,64,0,0.84615384615384615,10,1.3600000000000001,0,0,0,1,0,,,,,,,0,0,0,0,372.92000000000002,0.5,0,1118.76,1118.76,372.92000000000002,,18,-3,17100,0,-1,-1,-1,1,0,-1,1,1,1,1,1,1,0,0,1,1,1,1,1,1,1,1,1,1,1,0,0,0,0,0,0,0,0,0,0,0,0,0,0,0,1,2,1,1,1
RCA_001136,PAYMENT,USD,PAID,NET60,MARKETING,650100-MARKETING,__MISSING__,__MISSING__,__MISSING__,__MISSING__,SERVICES,US,USD,NET60,WIRE,ACTIVE,WIRE,USD,COMPLETED,SETTLED,__MISSING__,__MISSING__,__MISSING__,__MISSING__,MANAGER,APPROVED,PAYMENT,1888.24,1756.5,131.74000000000001,0,477,60,4,2,11,1756.5,172.67000000000002,,,,,,0,0,0,1888.24,417,1,1888.24,1,1888.24,1,,,0,2,1,1888.24,1888.24,1888.24,1888.24,2,1,1,1,0,0,0,31,4,5,0,0.76923076923076916,55,497.69,0,0,0,1,0,,,,,,,0,0,0,0,,,0,0,0,,,60,,79020,0,-1,-1,-1,1,0,-1,1,1,1,1,1,1,0,0,-1,-1,1,1,1,1,0,1,1,1,1,0,0,0,0,1,0,0,0,0,0,0,0,0,0,1,1,1,0,1,1
RCA_001137,PAYMENT,USD,PAID,NET30,LEGAL,670100-LEGAL,__MISSING__,__MISSING__,__MISSING__,__MISSING__,SUPPLIER,US,USD,NET30,ACH,ACTIVE,ACH,USD,COMPLETED,SETTLED,__MISSING__,__MISSING__,__MISSING__,__MISSING__,MANAGER,APPROVED,PAYMENT,6936.8900000000003,6306.2600000000002,630.63,0,204,30,1,4,38,6306.2600000000002,155.6925,,,,,,0,0,0,6936.8900000000003,174,1,6936.8900000000003,1,6936.8900000000003,1,,,0,2,1,6936.8900000000003,6936.8900000000003,6936.8900000000003,6936.8900000000003,2,1,1,1,0,2,0,30,4,24,0,0.84615384615384615,2,173.46000000000001,0,0,0,1,0,,,,,,,0,0,0,0,,,0,0,0,,,30,,40140,0,-1,-1,-1,1,0,-1,1,1,1,1,1,1,0,0,-1,-1,1,1,1,1,1,1,1,1,1,0,0,0,0,1,0,0,0,0,0,0,0,0,0,0,1,1,0,1,1
RCA_001138,PAYMENT,USD,PAID,NET30,MARKETING,650100-MARKETING,USD,ISSUED,MARKETING,650100-MARKETING,SOFTWARE,US,USD,NET30,ACH,ACTIVE,ACH,USD,COMPLETED,SETTLED,ACH_DEBIT,USD,DEBIT,POSTED,DIRECTOR,APPROVED,PAYMENT,29491.779999999999,28087.41,1404.3699999999999,0,89,30,4,1,13,28087.41,2160.5700000000002,29491.779999999999,28087.41,1404.3699999999999,0,101,1,13,28087.41,11796.709999999999,56,2,29491.779999999999,1,29491.779999999999,2,17695.07,55,0,4,2,29491.779999999999,29491.779999999999,29491.779999999999,29491.779999999999,3,2,2,2,0,0,0,31,4,18,0,0.76923076923076916,16,2955.7199999999998,0,0,0,1,0,0,0,0,0,0,0,0,0,0,0,5898.3599999999997,0.50000042384698784,0,17695.07,17695.07,5898.3599999999997,12,33,-3,38640,1,1,1,1,1,0,1,1,1,1,1,1,1,0,0,1,1,1,1,1,1,0,1,1,1,1,0,0,0,0,0,0,0,0,0,0,0,0,0,0,1,1,2,1,1,1
RCA_001142,PAYMENT,USD,PAID,NET45,IT,680100-IT,USD,ISSUED,IT,680100-IT,SUPPLIER,US,USD,NET45,CHECK,ACTIVE,CHECK,USD,COMPLETED,SETTLED,CHECK_CLEARING,USD,DEBIT,POSTED,MANAGER,APPROVED,PAYMENT,5136.8299999999999,4778.4499999999998,358.38,0,470,45,1,4,34,4778.4499999999998,183.7775,5136.8299999999999,4778.4499999999998,358.38,0,473,4,34,4778.4499999999998,2054.73,422,2,5136.8299999999999,1,5136.8299999999999,2,3082.0999999999999,411,0,4,2,5136.8299999999999,5136.8299999999999,5136.8299999999999,5136.8299999999999,2,1,1,1,0,2,1,31,4,20,0,0.84615384615384615,10,389.35000000000002,0,0,0,1,0,0,0,0,0,0,0,0,0,0,0,1027.3699999999999,0.50000243340974238,0,3082.0999999999999,3082.0999999999999,1027.3699999999999,3,48,-3,66060,1,1,1,1,1,0,1,1,1,1,1,1,1,0,0,1,1,1,1,1,1,1,1,1,1,1,0,0,0,0,0,0,0,0,0,0,0,0,0,0,0,1,2,1,1,1
RCA_001144,PAYMENT,GBP,PAID,NET30,SALES,640100-SALES,GBP,ISSUED,SALES,640100-SALES,SUPPLIER,GB,GBP,NET30,WIRE,ACTIVE,WIRE,GBP,COMPLETED,SETTLED,__MISSING__,__MISSING__,__MISSING__,__MISSING__,MANAGER,APPROVED,PAYMENT,3985.0799999999999,3707.0500000000002,278.02999999999997,0,281,30,4,4,70,3707.0500000000002,59.807499999999997,3985.0799999999999,3707.0500000000002,278.02999999999997,0,311,4,70,3707.0500000000002,3985.0799999999999,251,1,3985.0799999999999,1,3985.0799999999999,1,,,0,2,1,3985.0799999999999,3985.0799999999999,3985.0799999999999,3985.0799999999999,2,1,1,1,0,0,0,29,4,9,0,0.76923076923076916,16,270.13999999999999,0,0,0,1,0,0,0,0,0,0,0,0,0,0,0,,,0,0,0,,30,30,,35820,1,1,1,1,1,0,1,1,1,1,1,1,1,0,0,-1,-1,1,1,1,1,0,1,1,1,1,0,0,0,0,1,0,0,0,0,0,0,0,0,0,1,1,1,0,1,1
RCA_001145,PAYMENT,USD,PAID,NET15,PEOPLE,660100-PEOPLE,USD,ISSUED,PEOPLE,660100-PEOPLE,SOFTWARE,US,USD,NET15,ACH,ACTIVE,ACH,USD,COMPLETED,SETTLED,__MISSING__,__MISSING__,__MISSING__,__MISSING__,MANAGER,APPROVED,PAYMENT,3331.2600000000002,3331.2600000000002,0,0,483,15,4,2,16,3331.2600000000002,479.00999999999999,3331.2600000000002,3331.2600000000002,0,0,504,2,16,3331.2600000000002,7072.0799999999999,119,2,7072.0799999999999,2,7072.0799999999999,1,,,0,2,1,7072.0799999999999,7072.0799999999999,7072.0799999999999,7072.0799999999999,4,2,1,1,0,2,2,27,4,300,0,0.92307692307692313,1,35.670000000000002,0,0,0,1,0,0,0,0,0,0,0,0,0,0,0,,,0,0,0,,21,364,,14220,1,1,1,1,1,0,1,1,1,1,1,1,1,0,0,-1,-1,1,1,1,1,1,1,1,1,1,0,0,0,0,1,0,0,0,0,0,0,0,0,0,0,2,1,0,1,1
RCA_001148,PAYMENT,USD,PAID,NET15,IT,680100-IT,USD,ISSUED,IT,680100-IT,SUPPLIER,US,USD,NET15,WIRE,ACTIVE,WIRE,USD,COMPLETED,SETTLED,WIRE_DEBIT,USD,DEBIT,POSTED,MANAGER,APPROVED,PAYMENT,2864.4099999999999,2644,198.30000000000001,22.109999999999999,376,15,0,2,35,2644,72.694999999999993,2864.4099999999999,2644,198.30000000000001,22.109999999999999,377,2,35,2644,1145.76,358,2,2864.4099999999999,1,2864.4099999999999,2,1633.53,358,0,4,2,2864.4099999999999,2864.4099999999999,2864.4099999999999,2864.4099999999999,2,1,1,1,0,2,0,31,4,64,0,0.84615384615384615,0,6.8899999999999997,0,0,0,1,0,0,0,0,0,0,0,0,0,0,0,487.76999999999998,0.42571742773355675,0,1718.6500000000001,1718.6500000000001,487.76999999999998,1,18,-2,24300,1,1,1,1,1,0,1,1,1,1,1,1,1,0,0,1,1,1,1,1,1,1,1,1,1,1,0,0,0,0,0,0,0,0,0,0,0,0,0,0,0,1,2,1,1,1
RCA_001149,PAYMENT,JPY,PAID,NET30,OPERATIONS,620100-OPERATIONS,__MISSING__,__MISSING__,__MISSING__,__MISSING__,SERVICES,JP,JPY,NET30,ACH,ACTIVE,ACH,JPY,COMPLETED,SETTLED,__MISSING__,__MISSING__,__MISSING__,__MISSING__,MANAGER,APPROVED,PAYMENT,4066,3696,370,0,301,30,4,3,21,3696,225.33333333333334,,,,,,0,0,0,11254,271,2,11254,2,11254,1,,,0,2,1,11254,11254,11254,11254,4,2,1,1,0,0,0,31,4,8,0,0.76923076923076916,21,327,0,0,0,1,0,,,,,,,0,0,0,0,,,0,0,0,,,30,,35820,0,-1,-1,-1,1,0,-1,1,1,1,1,1,1,0,0,-1,-1,1,1,1,1,0,1,1,1,1,0,0,0,0,1,0,0,0,0,0,0,0,0,0,1,2,1,0,1,1
RCA_001150,PAYMENT,USD,PAID,NET45,SALES,640100-SALES,USD,ISSUED,SALES,640100-SALES,SUPPLIER,US,USD,NET45,ACH,ACTIVE,ACH,USD,COMPLETED,SETTLED,__MISSING__,__MISSING__,__MISSING__,__MISSING__,MANAGER,APPROVED,PAYMENT,4156.6099999999997,3866.6100000000001,290,0,241,45,4,1,11,3866.6100000000001,351.50999999999999,4156.6099999999997,3866.6100000000001,290,0,268,1,11,3866.6100000000001,4156.6099999999997,196,1,4156.6099999999997,1,4156.6099999999997,1,,,0,2,1,4156.6099999999997,4156.6099999999997,4156.6099999999997,4156.6099999999997,2,1,1,1,0,0,0,30,4,3,0,0.69230769230769229,39,2663.3099999999999,0,0,0,1,0,0,0,0,0,0,0,0,0,0,0,,,0,0,0,,27,45,,57420,1,1,1,1,1,0,1,1,1,1,1,1,1,0,0,-1,-1,1,1,1,1,0,1,1,1,1,0,0,0,0,1,0,0,0,0,0,0,0,0,0,1,1,1,0,1,1
RCA_001155,PAYMENT,EUR,PAID,NET60,SALES,640100-SALES,EUR,ISSUED,SALES,640100-SALES,SUPPLIER,DE,EUR,NET60,ACH,ACTIVE,ACH,EUR,COMPLETED,SETTLED,ACH_DEBIT,EUR,DEBIT,POSTED,MANAGER,APPROVED,PAYMENT,2302.4400000000001,2302.4400000000001,0,0,303,60,5,2,21,2302.4400000000001,118.81,2302.4400000000001,2302.4400000000001,0,0,305,2,21,2302.4400000000001,1381.46,243,2,2302.4400000000001,1,2302.4400000000001,2,920.98000000000002,237,0,4,2,2302.4400000000001,2302.4400000000001,2302.4400000000001,2302.4400000000001,2,1,1,1,0,0,0,29,4,5,0,0.76923076923076916,11,531.20000000000005,0,0,0,1,0,0,0,0,0,0,0,0,0,0,0,460.48000000000002,0.33332850752102849,0,920.98000000000002,920.98000000000002,460.48000000000002,2,60,3,77580,1,1,1,1,1,0,1,1,1,1,1,1,1,0,0,1,1,1,1,0,1,0,1,1,1,1,0,0,0,0,0,0,0,0,0,0,0,0,0,0,1,1,2,1,1,1
RCA_001156,PAYMENT,GBP,PAID,NET30,ENGINEERING,610100-ENGINEERING,GBP,ISSUED,ENGINEERING,610100-ENGINEERING,SOFTWARE,GB,GBP,NET30,WIRE,ACTIVE,WIRE,GBP,COMPLETED,SETTLED,BANK_FEE,GBP,DEBIT,POSTED,MANAGER,APPROVED,PAYMENT,4203.8900000000003,4184.8299999999999,0,19.059999999999999,377,30,4,3,12,4184.8299999999999,889.62333333333333,4203.8900000000003,4184.8299999999999,0,19.059999999999999,395,3,12,4184.8299999999999,9918.1399999999994,227,2,9918.1399999999994,2,9918.1399999999994,1,35,225,1,2,1,9918.1399999999994,9918.1399999999994,9918.1399999999994,9918.1399999999994,4,2,1,1,0,1,0,26,4,35,0,0.84615384615384615,0,134.41999999999999,35,0,0,1,0,0,0,0,0,0,0,0,0,0,0,9883.1399999999994,0.99647111252714726,0,0,0,9848.1399999999994,18,150,0,34380,1,1,1,1,1,0,1,1,1,1,1,1,1,1,1,1,0,1,1,1,1,1,1,1,1,1,0,0,0,0,0,0,0,0,0,0,0,0,0,0,0,2,1,1,1,1
RCA_001157,PAYMENT,USD,PAID,NET45,OPERATIONS,620100-OPERATIONS,USD,ISSUED,OPERATIONS,620100-OPERATIONS,SOFTWARE,US,USD,NET45,ACH,ACTIVE,ACH,USD,COMPLETED,SETTLED,__MISSING__,__MISSING__,__MISSING__,__MISSING__,MANAGER,APPROVED,PAYMENT,2035.9100000000001,1864.8599999999999,139.86000000000001,31.190000000000001,300,45,1,3,31,1864.8599999999999,67.943333333333328,2035.9100000000001,1864.8599999999999,139.86000000000001,31.190000000000001,329,3,31,1864.8599999999999,5805.0500000000002,49,2,5805.0500000000002,2,5805.0500000000002,1,,,0,2,1,5805.0500000000002,5805.0500000000002,5805.0500000000002,5805.0500000000002,4,2,1,1,0,0,0,29,4,6,0,0.76923076923076916,33,882.75999999999999,0,0,0,1,0,0,0,0,0,0,0,0,0,0,0,,,0,0,0,,29,251,,60300,1,1,1,1,1,0,1,1,1,1,1,1,1,0,0,-1,-1,1,1,1,1,0,1,1,1,1,0,0,0,0,1,0,0,0,0,0,0,0,0,0,1,2,1,0,1,1
RCA_001160,PAYMENT,USD,PAID,DUE_ON_RECEIPT,ENGINEERING,610100-ENGINEERING,USD,ISSUED,ENGINEERING,610100-ENGINEERING,SUPPLIER,US,USD,DUE_ON_RECEIPT,ACH,ACTIVE,ACH,USD,COMPLETED,SETTLED,__MISSING__,__MISSING__,__MISSING__,__MISSING__,DIRECTOR,APPROVED,PAYMENT,22722.279999999999,21137,1585.28,0,515,0,1,2,35,21137,615.74000000000001,22722.279999999999,21137,1585.28,0,542,2,35,21137,22722.279999999999,511,1,22722.279999999999,1,22722.279999999999,1,,,0,2,1,22722.279999999999,22722.279999999999,22722.279999999999,22722.279999999999,3,2,2,2,0,0,0,32,4,6,0,0.76923076923076916,193,8488.4400000000005,0,0,0,1,0,0,0,0,0,0,0,0,0,0,0,,,0,0,0,,27,4,,1200,1,1,1,1,1,0,1,1,1,1,1,1,1,0,0,-1,-1,1,1,1,1,0,1,1,1,1,0,0,0,0,1,0,0,0,0,0,0,0,0,0,1,1,1,0,1,1
RCA_001161,PAYMENT,USD,PAID,NET15,SALES,640100-SALES,USD,ISSUED,SALES,640100-SALES,SUPPLIER,DE,USD,NET15,ACH,ACTIVE,ACH,USD,COMPLETED,SETTLED,__MISSING__,__MISSING__,__MISSING__,__MISSING__,DIRECTOR,APPROVED,PAYMENT,12646.18,11469.719999999999,1146.97,29.489999999999998,182,15,2,1,4,11469.719999999999,2867.4299999999998,12646.18,11469.719999999999,1146.97,29.489999999999998,209,1,4,11469.719999999999,12646.18,167,1,12646.18,1,12646.18,1,,,0,2,1,12646.18,12646.18,12646.18,12646.18,3,2,2,2,0,1,1,30,4,10,0,0.76923076923076916,39,1305.77,0,0,0,1,0,0,0,0,0,0,0,0,0,0,0,,,0,0,0,,27,15,,15600,1,1,1,1,1,0,1,1,1,1,1,1,1,0,0,-1,-1,1,1,1,1,1,1,1,1,1,0,0,0,0,1,0,0,0,0,0,0,0,0,0,0,1,1,0,1,1
RCA_001162,PAYMENT,USD,PAID,NET30,ENGINEERING,610100-ENGINEERING,USD,ISSUED,ENGINEERING,610100-ENGINEERING,LOGISTICS,US,USD,NET30,ACH,ACTIVE,ACH,USD,COMPLETED,SETTLED,__MISSING__,__MISSING__,__MISSING__,__MISSING__,MANAGER,APPROVED,PAYMENT,3981.7600000000002,3703.96,277.80000000000001,0,50,30,4,1,17,3703.96,217.88,3981.7600000000002,3703.96,277.80000000000001,0,51,1,17,3703.96,3981.7600000000002,20,1,3981.7600000000002,1,3981.7600000000002,1,,,0,2,1,3981.7600000000002,3981.7600000000002,3981.7600000000002,3981.7600000000002,2,1,1,1,0,0,0,27,4,3,0,0.69230769230769229,55,2131.3200000000002,0,0,0,1,0,0,0,0,0,0,0,0,0,0,0,,,0,0,0,,1,30,,35820,1,1,1,1,1,0,1,1,1,1,1,1,1,0,0,-1,-1,1,1,1,1,0,1,1,1,1,0,0,0,0,1,0,0,0,0,0,0,0,0,0,1,1,1,0,1,1
RCA_001163,PAYMENT,USD,PAID,NET15,SALES,640100-SALES,USD,ISSUED,SALES,640100-SALES,PROFESSIONAL,US,USD,NET15,ACH,ACTIVE,ACH,USD,COMPLETED,SETTLED,__MISSING__,__MISSING__,__MISSING__,__MISSING__,MANAGER,APPROVED,PAYMENT,3448.3000000000002,3201.5500000000002,240.12,6.6299999999999999,161,15,1,3,16,3201.5500000000002,577.0333333333333,3448.3000000000002,3201.5500000000002,240.12,6.6299999999999999,187,3,16,3201.5500000000002,3448.3000000000002,146,1,3448.3000000000002,1,3448.3000000000002,1,,,0,2,1,3448.3000000000002,3448.3000000000002,3448.3000000000002,3448.3000000000002,2,1,1,1,0,2,2,31,4,90,0,0.92307692307692313,3,3.1499999999999999,0,0,0,1,0,0,0,0,0,0,0,0,0,0,0,,,0,0,0,,26,15,,18540,1,1,1,1,1,0,1,1,1,1,1,1,1,0,0,-1,-1,1,1,1,1,1,1,1,1,1,0,0,0,0,1,0,0,0,0,0,0,0,0,0,0,1,1,0,1,1
RCA_001165,PAYMENT,USD,PAID,NET45,MARKETING,650100-MARKETING,USD,ISSUED,MARKETING,650100-MARKETING,SERVICES,US,USD,NET45,ACH,ACTIVE,ACH,USD,COMPLETED,SETTLED,__MISSING__,__MISSING__,__MISSING__,__MISSING__,MANAGER,APPROVED,PAYMENT,3248.3800000000001,3021.75,226.63,0,388,45,1,2,34,3021.75,88.875,3248.3800000000001,3021.75,226.63,0,388,2,34,3021.75,3248.3800000000001,343,1,3248.3800000000001,1,3248.3800000000001,1,,,0,2,1,3248.3800000000001,3248.3800000000001,3248.3800000000001,3248.3800000000001,2,1,1,1,0,2,0,30,4,135,0,0.92307692307692313,0,72.650000000000006,0,0,0,1,0,0,0,0,0,0,0,0,0,0,0,,,0,0,0,,0,45,,61740,1,1,1,1,1,0,1,1,1,1,1,1,1,0,0,-1,-1,1,1,1,1,1,1,1,1,1,0,0,0,0,1,0,0,0,0,0,0,0,0,0,0,1,1,0,1,1
RCA_001166,PAYMENT,USD,PAID,DUE_ON_RECEIPT,ENGINEERING,610100-ENGINEERING,USD,ISSUED,ENGINEERING,610100-ENGINEERING,SOFTWARE,US,USD,DUE_ON_RECEIPT,ACH,ACTIVE,ACH,USD,COMPLETED,SETTLED,ACH_DEBIT,USD,DEBIT,POSTED,MANAGER,APPROVED,PAYMENT,6764.7799999999997,6283.8999999999996,471.29000000000002,9.5899999999999999,526,0,2,1,2,6283.8999999999996,3141.9499999999998,6764.7799999999997,6283.8999999999996,471.29000000000002,9.5899999999999999,530,1,2,6283.8999999999996,4058.8699999999999,522,2,6764.7799999999997,1,6764.7799999999997,2,2705.9099999999999,516,0,4,2,6764.7799999999997,6764.7799999999997,6764.7799999999997,6764.7799999999997,2,1,1,1,0,2,0,32,4,51,0,0.84615384615384615,0,193.06999999999999,0,0,0,1,0,0,0,0,0,0,0,0,0,0,0,1352.96,0.33333415457996929,0,2705.9099999999999,2705.9099999999999,1352.96,4,4,3,1260,1,1,1,1,1,0,1,1,1,1,1,1,1,0,0,1,1,1,1,1,1,1,1,1,1,1,0,0,0,0,0,0,0,0,0,0,0,0,0,0,0,1,2,1,1,1
RCA_001167,PAYMENT,USD,PAID,NET60,FINANCE,630100-FINANCE,USD,ISSUED,FINANCE,630100-FINANCE,SUPPLIER,US,USD,NET60,CHECK,ACTIVE,CHECK,USD,COMPLETED,SETTLED,CHECK_CLEARING,USD,DEBIT,POSTED,MANAGER,APPROVED,PAYMENT,893.91999999999996,831.54999999999995,62.369999999999997,0,79,60,5,2,10,831.54999999999995,121.41500000000001,893.91999999999996,831.54999999999995,62.369999999999997,0,96,2,10,831.54999999999995,536.35000000000002,19,2,893.91999999999996,1,893.91999999999996,2,357.56999999999999,4,0,4,2,893.91999999999996,893.91999999999996,893.91999999999996,893.91999999999996,2,1,1,1,0,0,0,31,4,7,0,0.76923076923076916,42,223.88999999999999,0,0,0,1,0,0,0,0,0,0,0,0,0,0,0,178.78,0.33332711848606322,0,357.56999999999999,357.56999999999999,178.78,17,60,3,77580,1,1,1,1,1,0,1,1,1,1,1,1,1,0,0,1,1,1,1,1,1,0,1,1,1,1,0,0,0,0,0,0,0,0,0,0,0,0,0,0,1,1,2,1,1,1
RCA_001169,PAYMENT,USD,PAID,NET60,MARKETING,650100-MARKETING,__MISSING__,__MISSING__,__MISSING__,__MISSING__,LOGISTICS,US,USD,NET60,ACH,ACTIVE,ACH,USD,COMPLETED,SETTLED,ACH_DEBIT,USD,DEBIT,POSTED,MANAGER,APPROVED,PAYMENT,7014.8900000000003,7014.8900000000003,0,0,405,60,0,4,31,7014.8900000000003,308.47500000000002,,,,,,0,0,0,2805.96,342,2,7014.8900000000003,1,7014.8900000000003,2,4208.9300000000003,342,0,4,2,7014.8900000000003,7014.8900000000003,7014.8900000000003,7014.8900000000003,2,1,1,1,0,0,0,32,4,23,0,0.92307692307692313,1,46.149999999999999,0,0,0,1,0,,,,,,,0,0,0,0,1402.97,0.49999643615732225,0,4208.9300000000003,4208.9300000000003,1402.97,,63,-3,89100,0,-1,-1,-1,1,0,-1,1,1,1,1,1,1,0,0,1,1,1,1,1,1,0,1,1,1,1,0,0,0,0,0,0,0,0,0,0,0,0,0,0,1,1,2,1,1,1
RCA_001172,PAYMENT,JPY,PAID,NET60,IT,680100-IT,JPY,ISSUED,IT,680100-IT,SERVICES,JP,JPY,NET60,WIRE,ACTIVE,WIRE,JPY,COMPLETED,SETTLED,WIRE_DEBIT,JPY,DEBIT,POSTED,MANAGER,APPROVED,PAYMENT,9205,8555,642,8,255,60,1,4,49,8555,275.75,9205,8555,642,8,261,4,49,8555,3682,192,2,9205,1,9205,2,5523,194,0,4,2,9205,9205,9205,9205,2,1,1,1,0,1,0,27,4,14,0,0.84615384615384615,15,328,0,0,0,1,0,0,0,0,0,0,0,0,0,0,0,1841,0.5,0,5523,5523,1841,6,63,-3,87660,1,1,1,1,1,0,1,1,1,1,1,1,1,0,0,1,1,1,1,1,1,1,1,1,1,1,0,0,0,0,0,0,0,0,0,0,0,0,0,0,0,1,2,1,1,1
RCA_001173,PAYMENT,JPY,PAID,NET30,SALES,640100-SALES,__MISSING__,__MISSING__,__MISSING__,__MISSING__,SERVICES,JP,JPY,NET30,ACH,ACTIVE,ACH,JPY,COMPLETED,SETTLED,__MISSING__,__MISSING__,__MISSING__,__MISSING__,MANAGER,APPROVED,PAYMENT,3104,3104,0,0,538,30,2,3,32,3104,97.333333333333329,,,,,,0,0,0,4933,374,2,4933,2,4933,1,,,0,2,1,4933,4933,4933,4933,4,2,1,1,0,0,0,31,4,8,0,0.92307692307692313,134,635,0,0,0,1,0,,,,,,,0,0,0,0,,,0,0,0,,,164,,34380,0,-1,-1,-1,1,0,-1,1,1,1,1,1,1,0,0,-1,-1,1,1,1,1,0,1,1,1,1,0,0,0,0,1,0,0,0,0,0,0,0,0,0,1,2,1,0,1,1
RCA_001174,PAYMENT,USD,PAID,NET15,IT,680100-IT,USD,ISSUED,IT,680100-IT,PROFESSIONAL,US,USD,NET15,ACH,ACTIVE,ACH,USD,COMPLETED,SETTLED,__MISSING__,__MISSING__,__MISSING__,__MISSING__,DIRECTOR,APPROVED,PAYMENT,15783.809999999999,14348.92,1434.8900000000001,0,129,15,2,2,22,14348.92,586.31000000000006,15783.809999999999,14348.92,1434.8900000000001,0,135,2,22,14348.92,15783.809999999999,114,1,15783.809999999999,1,15783.809999999999,1,,,0,2,1,15783.809999999999,15783.809999999999,15783.809999999999,15783.809999999999,3,2,2,2,0,2,2,31,4,90,0,0.84615384615384615,4,758.48000000000002,0,0,0,1,0,0,0,0,0,0,0,0,0,0,0,,,0,0,0,,6,15,,15600,1,1,1,1,1,0,1,1,1,1,1,1,1,0,0,-1,-1,1,1,1,1,1,1,1,1,1,0,0,0,0,1,0,0,0,0,0,0,0,0,0,0,1,1,0,1,1
RCA_001175,PAYMENT,USD,PAID,NET15,OPERATIONS,620100-OPERATIONS,USD,ISSUED,OPERATIONS,620100-OPERATIONS,SOFTWARE,US,USD,NET15,CHECK,ACTIVE,CHECK,USD,COMPLETED,SETTLED,__MISSING__,__MISSING__,__MISSING__,__MISSING__,MANAGER,APPROVED,PAYMENT,2507.8600000000001,2493.6100000000001,0,14.25,229,15,5,2,20,2493.6100000000001,127.065,2507.8600000000001,2493.6100000000001,0,14.25,230,2,20,2493.6100000000001,9738.8799999999992,214,2,9738.8799999999992,2,9738.8799999999992,1,,,0,2,1,9738.8799999999992,9738.8799999999992,9738.8799999999992,9738.8799999999992,4,2,1,1,0,1,1,28,4,150,0,0.92307692307692313,0,1.8600000000000001,0,0,0,1,0,0,0,0,0,0,0,0,0,0,0,,,0,0,0,,1,15,,12780,1,1,1,1,1,0,1,1,1,1,1,1,1,0,0,-1,-1,1,1,1,1,1,1,1,1,1,0,0,0,0,1,0,0,0,0,0,0,0,0,0,0,2,1,0,1,1
RCA_001180,PAYMENT,USD,PAID,NET15,FINANCE,630100-FINANCE,USD,ISSUED,FINANCE,630100-FINANCE,SERVICES,US,USD,NET15,CHECK,ACTIVE,CHECK,USD,COMPLETED,SETTLED,__MISSING__,__MISSING__,__MISSING__,__MISSING__,MANAGER,APPROVED,PAYMENT,3179.3699999999999,2890.3400000000001,289.02999999999997,0,139,15,5,3,31,2890.3400000000001,101.13999999999999,3179.3699999999999,2890.3400000000001,289.02999999999997,0,162,3,31,2890.3400000000001,3179.3699999999999,124,1,3179.3699999999999,1,3179.3699999999999,1,,,0,2,1,3179.3699999999999,3179.3699999999999,3179.3699999999999,3179.3699999999999,2,1,1,1,0,1,0,28,4,7,0,0.76923076923076916,13,35.770000000000003,0,0,0,1,0,0,0,0,0,0,0,0,0,0,0,,,0,0,0,,23,15,,12780,1,1,1,1,1,0,1,1,1,1,1,1,1,0,0,-1,-1,1,1,1,1,1,1,1,1,1,0,0,0,0,1,0,0,0,0,0,0,0,0,0,0,1,1,0,1,1
RCA_001181,PAYMENT,USD,PAID,DUE_ON_RECEIPT,FINANCE,630100-FINANCE,__MISSING__,__MISSING__,__MISSING__,__MISSING__,SOFTWARE,US,USD,DUE_ON_RECEIPT,ACH,ACTIVE,ACH,USD,COMPLETED,SETTLED,ACH_DEBIT,USD,DEBIT,POSTED,MANAGER,APPROVED,PAYMENT,7858.7799999999997,7310.4899999999998,548.28999999999996,0,281,0,2,2,13,7310.4899999999998,612.53999999999996,,,,,,0,0,0,3143.5100000000002,274,2,7858.7799999999997,1,7858.7799999999997,2,4697.6999999999998,279,0,4,2,7858.7799999999997,7858.7799999999997,7858.7799999999997,7858.7799999999997,2,1,1,1,0,2,0,32,4,51,0,0.84615384615384615,10,24.149999999999999,0,0,0,1,0,,,,,,,0,0,0,0,1554.1900000000001,0.49441229708192436,0,4715.2700000000004,4715.2700000000004,1554.1900000000001,,7,-8,5580,0,-1,-1,-1,1,0,-1,1,1,1,1,1,1,0,0,1,1,1,1,1,1,1,1,1,1,1,0,0,0,0,0,0,0,0,0,0,0,0,0,0,0,1,2,1,1,1
RCA_001182,PAYMENT,USD,PAID,DUE_ON_RECEIPT,MARKETING,650100-MARKETING,USD,ISSUED,MARKETING,650100-MARKETING,SUPPLIER,US,USD,DUE_ON_RECEIPT,ACH,ACTIVE,ACH,USD,COMPLETED,SETTLED,__MISSING__,__MISSING__,__MISSING__,__MISSING__,MANAGER,APPROVED,PAYMENT,9481.3199999999997,9481.3199999999997,0,0,322,0,4,1,12,9481.3199999999997,790.11000000000001,9481.3199999999997,9481.3199999999997,0,0,341,1,12,9481.3199999999997,9481.3199999999997,316,1,9481.3199999999997,1,9481.3199999999997,1,,,0,2,1,9481.3199999999997,9481.3199999999997,9481.3199999999997,9481.3199999999997,2,1,1,1,0,0,0,32,4,6,0,0.69230769230769229,117,4752.5200000000004,0,0,0,1,0,0,0,0,0,0,0,0,0,0,0,,,0,0,0,,19,6,,1260,1,1,1,1,1,0,1,1,1,1,1,1,1,0,0,-1,-1,1,1,1,1,0,1,1,1,1,0,0,0,0,1,0,0,0,0,0,0,0,0,0,1,1,1,0,1,1
RCA_001183,PAYMENT,USD,PAID,NET45,ENGINEERING,610100-ENGINEERING,USD,ISSUED,ENGINEERING,610100-ENGINEERING,SUPPLIER,US,USD,NET45,ACH,ACTIVE,ACH,USD,COMPLETED,SETTLED,ACH_DEBIT,USD,DEBIT,POSTED,DIRECTOR,APPROVED,PAYMENT,24074.099999999999,22394.509999999998,1679.5899999999999,0,262,45,3,2,31,22394.509999999998,798.98500000000001,24074.099999999999,22394.509999999998,1679.5899999999999,0,282,2,31,22394.509999999998,9629.6399999999994,214,2,24074.099999999999,1,24074.099999999999,2,14444.459999999999,214,0,4,2,24074.099999999999,24074.099999999999,24074.099999999999,24074.099999999999,3,2,2,2,0,0,0,32,4,4,0,0.76923076923076916,37,12563.860000000001,0,0,0,1,0,0,0,0,0,0,0,0,0,0,0,4814.8199999999997,0.5,0,14444.459999999999,14444.459999999999,4814.8199999999997,20,48,-3,61680,1,1,1,1,1,0,1,1,1,1,1,1,1,0,0,1,1,1,1,1,1,0,1,1,1,1,0,0,0,0,0,0,0,0,0,0,0,0,0,0,1,1,2,1,1,1
RCA_001184,PAYMENT,USD,PAID,NET45,ENGINEERING,610100-ENGINEERING,USD,ISSUED,ENGINEERING,610100-ENGINEERING,SERVICES,US,USD,NET45,ACH,ACTIVE,ACH,USD,COMPLETED,SETTLED,__MISSING__,__MISSING__,__MISSING__,__MISSING__,MANAGER,APPROVED,PAYMENT,2490.1300000000001,2295.6599999999999,172.16999999999999,22.300000000000001,423,45,0,2,27,2295.6599999999999,143.88,2490.1300000000001,2295.6599999999999,172.16999999999999,22.300000000000001,449,2,27,2295.6599999999999,2490.1300000000001,378,1,2490.1300000000001,1,2490.1300000000001,1,,,0,2,1,2490.1300000000001,2490.1300000000001,2490.1300000000001,2490.1300000000001,2,1,1,1,0,0,0,29,4,10,0,0.84615384615384615,14,1587.3800000000001,0,0,0,1,0,0,0,0,0,0,0,0,0,0,0,,,0,0,0,,26,45,,63180,1,1,1,1,1,0,1,1,1,1,1,1,1,0,0,-1,-1,1,1,1,1,0,1,1,1,1,0,0,0,0,1,0,0,0,0,0,0,0,0,0,1,1,1,0,1,1
RCA_001186,PAYMENT,CAD,PAID,NET45,IT,680100-IT,__MISSING__,__MISSING__,__MISSING__,__MISSING__,SUPPLIER,CA,CAD,NET45,ACH,ACTIVE,ACH,CAD,COMPLETED,SETTLED,ACH_DEBIT,CAD,DEBIT,POSTED,DIRECTOR,APPROVED,PAYMENT,14330.780000000001,13330.959999999999,999.82000000000005,0,230,45,2,1,8,13330.959999999999,1666.3699999999999,,,,,,0,0,0,5732.3100000000004,182,2,14330.780000000001,1,14330.780000000001,2,9430.6900000000005,181,0,4,2,14330.780000000001,14330.780000000001,14330.780000000001,14330.780000000001,3,2,2,2,0,0,0,35,4,38,0,0.84615384615384615,1,3295.71,0,0,0,1,0,,,,,,,0,0,0,0,3698.3800000000001,0.64518143645406478,0,8598.4699999999993,8598.4699999999993,3698.3800000000001,,48,-2,63120,0,-1,-1,-1,1,0,-1,1,1,1,1,1,1,0,0,1,1,1,1,1,1,0,1,1,1,1,0,0,0,0,0,0,0,0,0,0,0,0,0,0,1,1,2,1,1,1
RCA_001189,PAYMENT,EUR,PAID,NET45,MARKETING,650100-MARKETING,EUR,ISSUED,MARKETING,650100-MARKETING,SOFTWARE,DE,EUR,NET45,WIRE,ACTIVE,WIRE,EUR,COMPLETED,SETTLED,WIRE_DEBIT,EUR,DEBIT,POSTED,MANAGER,APPROVED,PAYMENT,3363.0500000000002,3363.0500000000002,0,0,104,45,2,3,57,3363.0500000000002,71.323333333333338,3363.0500000000002,3363.0500000000002,0,0,115,3,57,3363.0500000000002,2017.8299999999999,59,2,3363.0500000000002,1,3363.0500000000002,2,1345.22,55,0,4,2,3363.0500000000002,3363.0500000000002,3363.0500000000002,3363.0500000000002,2,1,1,1,0,0,0,29,4,8,0,0.84615384615384615,19,460.54000000000002,0,0,0,1,0,0,0,0,0,0,0,0,0,0,0,672.61000000000001,0.33333333333333331,0,1345.22,1345.22,672.61000000000001,11,45,3,60300,1,1,1,1,1,0,1,1,1,1,1,1,1,0,0,1,1,1,1,1,1,0,1,1,1,1,0,0,0,0,0,0,0,0,0,0,0,0,0,0,1,1,2,1,1,1
RCA_001191,PAYMENT,JPY,PAID,DUE_ON_RECEIPT,OPERATIONS,620100-OPERATIONS,JPY,ISSUED,OPERATIONS,620100-OPERATIONS,SUPPLIER,JP,JPY,DUE_ON_RECEIPT,ACH,ACTIVE,ACH,JPY,COMPLETED,SETTLED,__MISSING__,__MISSING__,__MISSING__,__MISSING__,MANAGER,APPROVED,PAYMENT,1926,1792,134,0,304,0,1,4,46,1792,63.5,1926,1792,134,0,306,4,46,1792,1926,301,1,1926,1,1926,1,,,0,2,1,1926,1926,1926,1926,2,1,1,1,0,0,0,31,4,5,0,0.76923076923076916,23,884,0,0,0,1,0,0,0,0,0,0,0,0,0,0,0,,,0,0,0,,2,3,,1260,1,1,1,1,1,0,1,1,1,1,1,1,1,0,0,-1,-1,1,1,1,1,0,1,1,1,1,0,0,0,0,1,0,0,0,0,0,0,0,0,0,1,1,1,0,1,1
RCA_001196,PAYMENT,USD,PAID,NET45,OPERATIONS,620100-OPERATIONS,__MISSING__,__MISSING__,__MISSING__,__MISSING__,SOFTWARE,US,USD,NET45,ACH,ACTIVE,ACH,USD,COMPLETED,SETTLED,ACH_DEBIT,USD,DEBIT,POSTED,MANAGER,APPROVED,PAYMENT,6583.3000000000002,6124,459.30000000000001,0,289,45,3,1,8,6124,765.5,,,,,,0,0,0,2633.3200000000002,241,2,6583.3000000000002,1,6583.3000000000002,2,3949.98,239,0,4,2,6583.3000000000002,6583.3000000000002,6583.3000000000002,6583.3000000000002,2,1,1,1,0,1,1,32,4,22,0,0.76923076923076916,16,0,0,0,0,1,0,,,,,,,0,0,0,0,1316.6600000000001,0.5,0,3949.98,3949.98,1316.6600000000001,,48,-3,63180,0,-1,-1,-1,1,0,-1,1,1,1,1,1,1,0,0,1,1,1,1,0,1,1,1,1,1,1,0,0,0,0,0,0,0,0,0,0,0,0,0,0,0,1,2,1,1,1
RCA_001197,PAYMENT,USD,PAID,NET45,FINANCE,630100-FINANCE,__MISSING__,__MISSING__,__MISSING__,__MISSING__,SUPPLIER,US,USD,NET45,ACH,ACTIVE,ACH,USD,COMPLETED,SETTLED,ACH_DEBIT,USD,DEBIT,POSTED,MANAGER,APPROVED,PAYMENT,2500.9200000000001,2273.5599999999999,227.36000000000001,0,441,45,4,2,16,2273.5599999999999,175.89500000000001,,,,,,0,0,0,1500.55,396,2,2500.9200000000001,1,2500.9200000000001,2,1000.37,390,0,4,2,2500.9200000000001,2500.9200000000001,2500.9200000000001,2500.9200000000001,2,1,1,1,0,1,1,31,4,10,0,0.76923076923076916,12,108.56,0,0,0,1,0,,,,,,,0,0,0,0,500.18000000000001,0.33333111192562725,0,1000.37,1000.37,500.18000000000001,,45,3,57420,0,-1,-1,-1,1,0,-1,1,1,1,1,1,1,0,0,1,1,1,1,0,1,1,1,1,1,1,0,0,0,0,0,0,0,0,0,0,0,0,0,0,0,1,2,1,1,1
RCA_001198,PAYMENT,USD,PAID,NET45,SALES,640100-SALES,USD,ISSUED,SALES,640100-SALES,SERVICES,US,USD,NET45,ACH,ACTIVE,ACH,USD,COMPLETED,SETTLED,__MISSING__,__MISSING__,__MISSING__,__MISSING__,DIRECTOR,APPROVED,PAYMENT,11513.889999999999,11491.879999999999,0,22.010000000000002,538,45,2,2,6,11491.879999999999,2737.6350000000002,11513.889999999999,11491.879999999999,0,22.010000000000002,542,2,6,11491.879999999999,11513.889999999999,493,1,11513.889999999999,1,11513.889999999999,1,,,0,2,1,11513.889999999999,11513.889999999999,11513.889999999999,11513.889999999999,3,2,2,2,0,2,0,30,4,135,0,0.92307692307692313,3,5.6699999999999999,0,0,0,1,0,0,0,0,0,0,0,0,0,0,0,,,0,0,0,,4,45,,58800,1,1,1,1,1,0,1,1,1,1,1,1,1,0,0,-1,-1,1,1,1,1,1,1,1,1,1,0,0,0,0,1,0,0,0,0,0,0,0,0,0,0,1,1,0,1,1
RCA_001199,PAYMENT,USD,PAID,NET60,MARKETING,650100-MARKETING,USD,ISSUED,MARKETING,650100-MARKETING,SERVICES,US,USD,NET60,ACH,ACTIVE,ACH,USD,COMPLETED,SETTLED,__MISSING__,__MISSING__,__MISSING__,__MISSING__,DIRECTOR,APPROVED,PAYMENT,12384.58,12361.860000000001,0,22.719999999999999,419,60,1,2,30,12361.860000000001,391.51499999999999,12384.58,12361.860000000001,0,22.719999999999999,425,2,30,12361.860000000001,12384.58,359,1,12384.58,1,12384.58,1,,,0,2,1,12384.58,12384.58,12384.58,12384.58,3,2,2,2,0,1,0,31,4,12,0,0.76923076923076916,1,906.86000000000001,0,0,0,1,0,0,0,0,0,0,0,0,0,0,0,,,0,0,0,,6,60,,81840,1,1,1,1,1,0,1,1,1,1,1,1,1,0,0,-1,-1,1,1,1,1,1,1,1,1,1,0,0,0,0,1,0,0,0,0,0,0,0,0,0,0,1,1,0,1,1
RCA_001201,BANK_TRANSACTION,__MISSING__,__MISSING__,__MISSING__,__MISSING__,__MISSING__,__MISSING__,__MISSING__,__MISSING__,__MISSING__,__MISSING__,__MISSING__,__MISSING__,__MISSING__,__MISSING__,__MISSING__,__MISSING__,__MISSING__,__MISSING__,__MISSING__,WIRE_DEBIT,USD,DEBIT,POSTED,__MISSING__,__MISSING__,__MISSING__,,,,,,,,0,0,0,,,,,,,0,0,0,,,0,0,0,0,0,3755.9200000000001,78,0,0,0,0,0,0,0,0,0,,0,0,0,0,,,0,0,,,,0,0,0,0,0,,,,,,,,,,,,,0,,,,,,,,-1,-1,-1,-1,-1,-1,-1,-1,-1,-1,-1,-1,-1,-1,-1,-1,-1,-1,-1,-1,-1,-1,-1,-1,-1,-1,1,0,1,1,0,1,1,0,0,0,0,0,0,1,1,0,0,1,0,0
RCA_001202,BANK_TRANSACTION,__MISSING__,__MISSING__,__MISSING__,__MISSING__,__MISSING__,__MISSING__,__MISSING__,__MISSING__,__MISSING__,__MISSING__,__MISSING__,__MISSING__,__MISSING__,__MISSING__,__MISSING__,__MISSING__,__MISSING__,__MISSING__,__MISSING__,WIRE_DEBIT,USD,DEBIT,POSTED,__MISSING__,__MISSING__,__MISSING__,,,,,,,,0,0,0,,,,,,,0,0,0,,,0,0,0,0,0,3848,267,0,0,0,0,0,0,0,0,0,,0,0,0,0,,,0,0,,,,0,0,0,0,0,,,,,,,,,,,,,0,,,,,,,,-1,-1,-1,-1,-1,-1,-1,-1,-1,-1,-1,-1,-1,-1,-1,-1,-1,-1,-1,-1,-1,-1,-1,-1,-1,-1,1,0,1,1,0,1,1,0,0,0,0,0,0,1,1,0,0,1,0,0
RCA_001203,BANK_TRANSACTION,__MISSING__,__MISSING__,__MISSING__,__MISSING__,__MISSING__,__MISSING__,__MISSING__,__MISSING__,__MISSING__,__MISSING__,__MISSING__,__MISSING__,__MISSING__,__MISSING__,__MISSING__,__MISSING__,__MISSING__,__MISSING__,__MISSING__,WIRE_DEBIT,USD,DEBIT,POSTED,__MISSING__,__MISSING__,__MISSING__,,,,,,,,0,0,0,,,,,,,0,0,0,,,0,0,0,0,0,10645.860000000001,435,0,0,0,0,0,0,0,0,0,,0,0,0,0,,,0,0,,,,0,0,0,0,0,,,,,,,,,,,,,0,,,,,,,,-1,-1,-1,-1,-1,-1,-1,-1,-1,-1,-1,-1,-1,-1,-1,-1,-1,-1,-1,-1,-1,-1,-1,-1,-1,-1,1,0,1,1,0,1,1,0,0,0,0,0,0,1,1,0,0,1,0,0
RCA_001205,BANK_TRANSACTION,__MISSING__,__MISSING__,__MISSING__,__MISSING__,__MISSING__,__MISSING__,__MISSING__,__MISSING__,__MISSING__,__MISSING__,__MISSING__,__MISSING__,__MISSING__,__MISSING__,__MISSING__,__MISSING__,__MISSING__,__MISSING__,__MISSING__,WIRE_DEBIT,USD,DEBIT,POSTED,__MISSING__,__MISSING__,__MISSING__,,,,,,,,0,0,0,,,,,,,0,0,0,,,0,0,0,0,0,4947.5600000000004,312,0,0,0,0,0,0,0,0,0,,0,0,0,0,,,0,0,,,,0,0,0,0,0,,,,,,,,,,,,,0,,,,,,,,-1,-1,-1,-1,-1,-1,-1,-1,-1,-1,-1,-1,-1,-1,-1,-1,-1,-1,-1,-1,-1,-1,-1,-1,-1,-1,1,0,1,1,0,1,1,0,0,0,0,0,0,1,1,0,0,1,0,0
RCA_001207,BANK_TRANSACTION,__MISSING__,__MISSING__,__MISSING__,__MISSING__,__MISSING__,__MISSING__,__MISSING__,__MISSING__,__MISSING__,__MISSING__,__MISSING__,__MISSING__,__MISSING__,__MISSING__,__MISSING__,__MISSING__,__MISSING__,__MISSING__,__MISSING__,WIRE_DEBIT,USD,DEBIT,POSTED,__MISSING__,__MISSING__,__MISSING__,,,,,,,,0,0,0,,,,,,,0,0,0,,,0,0,0,0,0,5440.9399999999996,357,0,0,0,0,0,0,0,0,0,,0,0,0,0,,,0,0,,,,0,0,0,0,0,,,,,,,,,,,,,0,,,,,,,,-1,-1,-1,-1,-1,-1,-1,-1,-1,-1,-1,-1,-1,-1,-1,-1,-1,-1,-1,-1,-1,-1,-1,-1,-1,-1,1,0,1,1,0,1,1,0,0,0,0,0,0,1,1,0,0,1,0,0
RCA_001208,BANK_TRANSACTION,__MISSING__,__MISSING__,__MISSING__,__MISSING__,__MISSING__,__MISSING__,__MISSING__,__MISSING__,__MISSING__,__MISSING__,__MISSING__,__MISSING__,__MISSING__,__MISSING__,__MISSING__,__MISSING__,__MISSING__,__MISSING__,__MISSING__,WIRE_DEBIT,EUR,DEBIT,POSTED,__MISSING__,__MISSING__,__MISSING__,,,,,,,,0,0,0,,,,,,,0,0,0,,,0,0,0,0,0,2130.0999999999999,186,0,0,0,0,0,0,0,0,0,,0,0,0,0,,,0,0,,,,0,0,0,0,0,,,,,,,,,,,,,0,,,,,,,,-1,-1,-1,-1,-1,-1,-1,-1,-1,-1,-1,-1,-1,-1,-1,-1,-1,-1,-1,-1,-1,-1,-1,-1,-1,-1,1,0,1,1,0,1,1,0,0,0,0,0,0,1,1,0,0,1,0,0
RCA_001209,BANK_TRANSACTION,__MISSING__,__MISSING__,__MISSING__,__MISSING__,__MISSING__,__MISSING__,__MISSING__,__MISSING__,__MISSING__,__MISSING__,__MISSING__,__MISSING__,__MISSING__,__MISSING__,__MISSING__,__MISSING__,__MISSING__,__MISSING__,__MISSING__,WIRE_DEBIT,USD,DEBIT,POSTED,__MISSING__,__MISSING__,__MISSING__,,,,,,,,0,0,0,,,,,,,0,0,0,,,0,0,0,0,0,26944.98,496,0,0,0,0,0,0,0,0,0,,0,0,0,0,,,0,0,,,,0,0,0,0,0,,,,,,,,,,,,,0,,,,,,,,-1,-1,-1,-1,-1,-1,-1,-1,-1,-1,-1,-1,-1,-1,-1,-1,-1,-1,-1,-1,-1,-1,-1,-1,-1,-1,1,0,1,1,0,1,1,0,0,0,0,0,0,1,1,0,0,1,0,0
RCA_001210,BANK_TRANSACTION,__MISSING__,__MISSING__,__MISSING__,__MISSING__,__MISSING__,__MISSING__,__MISSING__,__MISSING__,__MISSING__,__MISSING__,__MISSING__,__MISSING__,__MISSING__,__MISSING__,__MISSING__,__MISSING__,__MISSING__,__MISSING__,__MISSING__,WIRE_DEBIT,USD,DEBIT,POSTED,__MISSING__,__MISSING__,__MISSING__,,,,,,,,0,0,0,,,,,,,0,0,0,,,0,0,0,0,0,1909.04,463,0,0,0,0,0,0,0,0,0,,0,0,0,0,,,0,0,,,,0,0,0,0,0,,,,,,,,,,,,,0,,,,,,,,-1,-1,-1,-1,-1,-1,-1,-1,-1,-1,-1,-1,-1,-1,-1,-1,-1,-1,-1,-1,-1,-1,-1,-1,-1,-1,1,0,1,1,0,1,1,0,0,0,0,0,0,1,1,0,0,1,0,0
RCA_001212,BANK_TRANSACTION,__MISSING__,__MISSING__,__MISSING__,__MISSING__,__MISSING__,__MISSING__,__MISSING__,__MISSING__,__MISSING__,__MISSING__,__MISSING__,__MISSING__,__MISSING__,__MISSING__,__MISSING__,__MISSING__,__MISSING__,__MISSING__,__MISSING__,WIRE_DEBIT,EUR,DEBIT,POSTED,__MISSING__,__MISSING__,__MISSING__,,,,,,,,0,0,0,,,,,,,0,0,0,,,0,0,0,0,0,7743.4499999999998,328,0,0,0,0,0,0,0,0,0,,0,0,0,0,,,0,0,,,,0,0,0,0,0,,,,,,,,,,,,,0,,,,,,,,-1,-1,-1,-1,-1,-1,-1,-1,-1,-1,-1,-1,-1,-1,-1,-1,-1,-1,-1,-1,-1,-1,-1,-1,-1,-1,1,0,1,1,0,1,1,0,0,0,0,0,0,1,1,0,0,1,0,0
RCA_001214,BANK_TRANSACTION,__MISSING__,__MISSING__,__MISSING__,__MISSING__,__MISSING__,__MISSING__,__MISSING__,__MISSING__,__MISSING__,__MISSING__,__MISSING__,__MISSING__,__MISSING__,__MISSING__,__MISSING__,__MISSING__,__MISSING__,__MISSING__,__MISSING__,WIRE_DEBIT,EUR,DEBIT,POSTED,__MISSING__,__MISSING__,__MISSING__,,,,,,,,0,0,0,,,,,,,0,0,0,,,0,0,0,0,0,1448.6900000000001,232,0,0,0,0,0,0,0,0,0,,0,0,0,0,,,0,0,,,,0,0,0,0,0,,,,,,,,,,,,,0,,,,,,,,-1,-1,-1,-1,-1,-1,-1,-1,-1,-1,-1,-1,-1,-1,-1,-1,-1,-1,-1,-1,-1,-1,-1,-1,-1,-1,1,0,1,1,0,1,1,0,0,0,0,0,0,1,1,0,0,1,0,0
RCA_001219,BANK_TRANSACTION,__MISSING__,__MISSING__,__MISSING__,__MISSING__,__MISSING__,__MISSING__,__MISSING__,__MISSING__,__MISSING__,__MISSING__,__MISSING__,__MISSING__,__MISSING__,__MISSING__,__MISSING__,__MISSING__,__MISSING__,__MISSING__,__MISSING__,WIRE_DEBIT,JPY,DEBIT,POSTED,__MISSING__,__MISSING__,__MISSING__,,,,,,,,0,0,0,,,,,,,0,0,0,,,0,0,0,0,0,9746,260,0,0,0,0,0,0,0,0,0,,0,0,0,0,,,0,0,,,,0,0,0,0,0,,,,,,,,,,,,,0,,,,,,,,-1,-1,-1,-1,-1,-1,-1,-1,-1,-1,-1,-1,-1,-1,-1,-1,-1,-1,-1,-1,-1,-1,-1,-1,-1,-1,1,0,1,1,0,1,1,0,0,0,0,0,0,1,1,0,0,1,0,0
RCA_001222,BANK_TRANSACTION,__MISSING__,__MISSING__,__MISSING__,__MISSING__,__MISSING__,__MISSING__,__MISSING__,__MISSING__,__MISSING__,__MISSING__,__MISSING__,__MISSING__,__MISSING__,__MISSING__,__MISSING__,__MISSING__,__MISSING__,__MISSING__,__MISSING__,WIRE_DEBIT,USD,DEBIT,POSTED,__MISSING__,__MISSING__,__MISSING__,,,,,,,,0,0,0,,,,,,,0,0,0,,,0,0,0,0,0,5816.5200000000004,490,0,0,0,0,0,0,0,0,0,,0,0,0,0,,,0,0,,,,0,0,0,0,0,,,,,,,,,,,,,0,,,,,,,,-1,-1,-1,-1,-1,-1,-1,-1,-1,-1,-1,-1,-1,-1,-1,-1,-1,-1,-1,-1,-1,-1,-1,-1,-1,-1,1,0,1,1,0,1,1,0,0,0,0,0,0,1,1,0,0,1,0,0
RCA_001223,BANK_TRANSACTION,__MISSING__,__MISSING__,__MISSING__,__MISSING__,__MISSING__,__MISSING__,__MISSING__,__MISSING__,__MISSING__,__MISSING__,__MISSING__,__MISSING__,__MISSING__,__MISSING__,__MISSING__,__MISSING__,__MISSING__,__MISSING__,__MISSING__,WIRE_DEBIT,USD,DEBIT,POSTED,__MISSING__,__MISSING__,__MISSING__,,,,,,,,0,0,0,,,,,,,0,0,0,,,0,0,0,0,0,31314.040000000001,298,0,0,0,0,0,0,0,0,0,,0,0,0,0,,,0,0,,,,0,0,0,0,0,,,,,,,,,,,,,0,,,,,,,,-1,-1,-1,-1,-1,-1,-1,-1,-1,-1,-1,-1,-1,-1,-1,-1,-1,-1,-1,-1,-1,-1,-1,-1,-1,-1,1,0,1,1,0,1,1,0,0,0,0,0,0,1,1,0,0,1,0,0
RCA_001225,BANK_TRANSACTION,__MISSING__,__MISSING__,__MISSING__,__MISSING__,__MISSING__,__MISSING__,__MISSING__,__MISSING__,__MISSING__,__MISSING__,__MISSING__,__MISSING__,__MISSING__,__MISSING__,__MISSING__,__MISSING__,__MISSING__,__MISSING__,__MISSING__,WIRE_DEBIT,USD,DEBIT,POSTED,__MISSING__,__MISSING__,__MISSING__,,,,,,,,0,0,0,,,,,,,0,0,0,,,0,0,0,0,0,9041.6100000000006,249,0,0,0,0,0,0,0,0,0,,0,0,0,0,,,0,0,,,,0,0,0,0,0,,,,,,,,,,,,,0,,,,,,,,-1,-1,-1,-1,-1,-1,-1,-1,-1,-1,-1,-1,-1,-1,-1,-1,-1,-1,-1,-1,-1,-1,-1,-1,-1,-1,1,0,1,1,0,1,1,0,0,0,0,0,0,1,1,0,0,1,0,0
RCA_001227,BANK_TRANSACTION,__MISSING__,__MISSING__,__MISSING__,__MISSING__,__MISSING__,__MISSING__,__MISSING__,__MISSING__,__MISSING__,__MISSING__,__MISSING__,__MISSING__,__MISSING__,__MISSING__,__MISSING__,__MISSING__,__MISSING__,__MISSING__,__MISSING__,WIRE_DEBIT,USD,DEBIT,POSTED,__MISSING__,__MISSING__,__MISSING__,,,,,,,,0,0,0,,,,,,,0,0,0,,,0,0,0,0,0,2100.98,435,0,0,0,0,0,0,0,0,0,,0,0,0,0,,,0,0,,,,0,0,0,0,0,,,,,,,,,,,,,0,,,,,,,,-1,-1,-1,-1,-1,-1,-1,-1,-1,-1,-1,-1,-1,-1,-1,-1,-1,-1,-1,-1,-1,-1,-1,-1,-1,-1,1,0,1,1,0,1,1,0,0,0,0,0,0,1,1,0,0,1,0,0
RCA_001229,BANK_TRANSACTION,__MISSING__,__MISSING__,__MISSING__,__MISSING__,__MISSING__,__MISSING__,__MISSING__,__MISSING__,__MISSING__,__MISSING__,__MISSING__,__MISSING__,__MISSING__,__MISSING__,__MISSING__,__MISSING__,__MISSING__,__MISSING__,__MISSING__,WIRE_DEBIT,USD,DEBIT,POSTED,__MISSING__,__MISSING__,__MISSING__,,,,,,,,0,0,0,,,,,,,0,0,0,,,0,0,0,0,0,4278.1800000000003,232,0,0,0,0,0,0,0,0,0,,0,0,0,0,,,0,0,,,,0,0,0,0,0,,,,,,,,,,,,,0,,,,,,,,-1,-1,-1,-1,-1,-1,-1,-1,-1,-1,-1,-1,-1,-1,-1,-1,-1,-1,-1,-1,-1,-1,-1,-1,-1,-1,1,0,1,1,0,1,1,0,0,0,0,0,0,1,1,0,0,1,0,0
RCA_001231,BANK_TRANSACTION,__MISSING__,__MISSING__,__MISSING__,__MISSING__,__MISSING__,__MISSING__,__MISSING__,__MISSING__,__MISSING__,__MISSING__,__MISSING__,__MISSING__,__MISSING__,__MISSING__,__MISSING__,__MISSING__,__MISSING__,__MISSING__,__MISSING__,WIRE_DEBIT,USD,DEBIT,POSTED,__MISSING__,__MISSING__,__MISSING__,,,,,,,,0,0,0,,,,,,,0,0,0,,,0,0,0,0,0,2269.9899999999998,257,0,0,0,0,0,0,0,0,0,,0,0,0,0,,,0,0,,,,0,0,0,0,0,,,,,,,,,,,,,0,,,,,,,,-1,-1,-1,-1,-1,-1,-1,-1,-1,-1,-1,-1,-1,-1,-1,-1,-1,-1,-1,-1,-1,-1,-1,-1,-1,-1,1,0,1,1,0,1,1,0,0,0,0,0,0,1,1,0,0,1,0,0
RCA_001233,BANK_TRANSACTION,__MISSING__,__MISSING__,__MISSING__,__MISSING__,__MISSING__,__MISSING__,__MISSING__,__MISSING__,__MISSING__,__MISSING__,__MISSING__,__MISSING__,__MISSING__,__MISSING__,__MISSING__,__MISSING__,__MISSING__,__MISSING__,__MISSING__,WIRE_DEBIT,USD,DEBIT,POSTED,__MISSING__,__MISSING__,__MISSING__,,,,,,,,0,0,0,,,,,,,0,0,0,,,0,0,0,0,0,11271.200000000001,480,0,0,0,0,0,0,0,0,0,,0,0,0,0,,,0,0,,,,0,0,0,0,0,,,,,,,,,,,,,0,,,,,,,,-1,-1,-1,-1,-1,-1,-1,-1,-1,-1,-1,-1,-1,-1,-1,-1,-1,-1,-1,-1,-1,-1,-1,-1,-1,-1,1,0,1,1,0,1,1,0,0,0,0,0,0,1,1,0,0,1,0,0
RCA_001234,BANK_TRANSACTION,__MISSING__,__MISSING__,__MISSING__,__MISSING__,__MISSING__,__MISSING__,__MISSING__,__MISSING__,__MISSING__,__MISSING__,__MISSING__,__MISSING__,__MISSING__,__MISSING__,__MISSING__,__MISSING__,__MISSING__,__MISSING__,__MISSING__,WIRE_DEBIT,USD,DEBIT,POSTED,__MISSING__,__MISSING__,__MISSING__,,,,,,,,0,0,0,,,,,,,0,0,0,,,0,0,0,0,0,877.19000000000005,538,0,0,0,0,0,0,0,0,0,,0,0,0,0,,,0,0,,,,0,0,0,0,0,,,,,,,,,,,,,0,,,,,,,,-1,-1,-1,-1,-1,-1,-1,-1,-1,-1,-1,-1,-1,-1,-1,-1,-1,-1,-1,-1,-1,-1,-1,-1,-1,-1,1,0,1,1,0,1,1,0,0,0,0,0,0,1,1,0,0,1,0,0
RCA_001237,BANK_TRANSACTION,__MISSING__,__MISSING__,__MISSING__,__MISSING__,__MISSING__,__MISSING__,__MISSING__,__MISSING__,__MISSING__,__MISSING__,__MISSING__,__MISSING__,__MISSING__,__MISSING__,__MISSING__,__MISSING__,__MISSING__,__MISSING__,__MISSING__,WIRE_DEBIT,USD,DEBIT,POSTED,__MISSING__,__MISSING__,__MISSING__,,,,,,,,0,0,0,,,,,,,0,0,0,,,0,0,0,0,0,1544.6199999999999,390,0,0,0,0,0,0,0,0,0,,0,0,0,0,,,0,0,,,,0,0,0,0,0,,,,,,,,,,,,,0,,,,,,,,-1,-1,-1,-1,-1,-1,-1,-1,-1,-1,-1,-1,-1,-1,-1,-1,-1,-1,-1,-1,-1,-1,-1,-1,-1,-1,1,0,1,1,0,1,1,0,0,0,0,0,0,1,1,0,0,1,0,0
RCA_001246,BANK_TRANSACTION,__MISSING__,__MISSING__,__MISSING__,__MISSING__,__MISSING__,__MISSING__,__MISSING__,__MISSING__,__MISSING__,__MISSING__,__MISSING__,__MISSING__,__MISSING__,__MISSING__,__MISSING__,__MISSING__,__MISSING__,__MISSING__,__MISSING__,WIRE_DEBIT,USD,DEBIT,POSTED,__MISSING__,__MISSING__,__MISSING__,,,,,,,,0,0,0,,,,,,,0,0,0,,,0,0,0,0,0,2789.5599999999999,355,0,0,0,0,0,0,0,0,0,,0,0,0,0,,,0,0,,,,0,0,0,0,0,,,,,,,,,,,,,0,,,,,,,,-1,-1,-1,-1,-1,-1,-1,-1,-1,-1,-1,-1,-1,-1,-1,-1,-1,-1,-1,-1,-1,-1,-1,-1,-1,-1,1,0,1,1,0,1,1,0,0,0,0,0,0,1,1,0,0,1,0,0
RCA_001248,BANK_TRANSACTION,__MISSING__,__MISSING__,__MISSING__,__MISSING__,__MISSING__,__MISSING__,__MISSING__,__MISSING__,__MISSING__,__MISSING__,__MISSING__,__MISSING__,__MISSING__,__MISSING__,__MISSING__,__MISSING__,__MISSING__,__MISSING__,__MISSING__,WIRE_DEBIT,USD,DEBIT,POSTED,__MISSING__,__MISSING__,__MISSING__,,,,,,,,0,0,0,,,,,,,0,0,0,,,0,0,0,0,0,3756.8499999999999,407,0,0,0,0,0,0,0,0,0,,0,0,0,0,,,0,0,,,,0,0,0,0,0,,,,,,,,,,,,,0,,,,,,,,-1,-1,-1,-1,-1,-1,-1,-1,-1,-1,-1,-1,-1,-1,-1,-1,-1,-1,-1,-1,-1,-1,-1,-1,-1,-1,1,0,1,1,0,1,1,0,0,0,0,0,0,1,1,0,0,1,0,0
RCA_001249,BANK_TRANSACTION,__MISSING__,__MISSING__,__MISSING__,__MISSING__,__MISSING__,__MISSING__,__MISSING__,__MISSING__,__MISSING__,__MISSING__,__MISSING__,__MISSING__,__MISSING__,__MISSING__,__MISSING__,__MISSING__,__MISSING__,__MISSING__,__MISSING__,WIRE_DEBIT,USD,DEBIT,POSTED,__MISSING__,__MISSING__,__MISSING__,,,,,,,,0,0,0,,,,,,,0,0,0,,,0,0,0,0,0,2008.4000000000001,540,0,0,0,0,0,0,0,0,0,,0,0,0,0,,,0,0,,,,0,0,0,0,0,,,,,,,,,,,,,0,,,,,,,,-1,-1,-1,-1,-1,-1,-1,-1,-1,-1,-1,-1,-1,-1,-1,-1,-1,-1,-1,-1,-1,-1,-1,-1,-1,-1,1,0,1,1,0,1,1,0,0,0,0,0,0,1,1,0,0,1,0,0
RCA_001250,BANK_TRANSACTION,__MISSING__,__MISSING__,__MISSING__,__MISSING__,__MISSING__,__MISSING__,__MISSING__,__MISSING__,__MISSING__,__MISSING__,__MISSING__,__MISSING__,__MISSING__,__MISSING__,__MISSING__,__MISSING__,__MISSING__,__MISSING__,__MISSING__,WIRE_DEBIT,USD,DEBIT,POSTED,__MISSING__,__MISSING__,__MISSING__,,,,,,,,0,0,0,,,,,,,0,0,0,,,0,0,0,0,0,2498.4899999999998,243,0,0,0,0,0,0,0,0,0,,0,0,0,0,,,0,0,,,,0,0,0,0,0,,,,,,,,,,,,,0,,,,,,,,-1,-1,-1,-1,-1,-1,-1,-1,-1,-1,-1,-1,-1,-1,-1,-1,-1,-1,-1,-1,-1,-1,-1,-1,-1,-1,1,0,1,1,0,1,1,0,0,0,0,0,0,1,1,0,0,1,0,0
RCA_001253,BANK_TRANSACTION,__MISSING__,__MISSING__,__MISSING__,__MISSING__,__MISSING__,__MISSING__,__MISSING__,__MISSING__,__MISSING__,__MISSING__,__MISSING__,__MISSING__,__MISSING__,__MISSING__,__MISSING__,__MISSING__,__MISSING__,__MISSING__,__MISSING__,WIRE_DEBIT,USD,DEBIT,POSTED,__MISSING__,__MISSING__,__MISSING__,,,,,,,,0,0,0,,,,,,,0,0,0,,,0,0,0,0,0,3835.8899999999999,314,0,0,0,0,0,0,0,0,0,,0,0,0,0,,,0,0,,,,0,0,0,0,0,,,,,,,,,,,,,0,,,,,,,,-1,-1,-1,-1,-1,-1,-1,-1,-1,-1,-1,-1,-1,-1,-1,-1,-1,-1,-1,-1,-1,-1,-1,-1,-1,-1,1,0,1,1,0,1,1,0,0,0,0,0,0,1,1,0,0,1,0,0
RCA_001254,BANK_TRANSACTION,__MISSING__,__MISSING__,__MISSING__,__MISSING__,__MISSING__,__MISSING__,__MISSING__,__MISSING__,__MISSING__,__MISSING__,__MISSING__,__MISSING__,__MISSING__,__MISSING__,__MISSING__,__MISSING__,__MISSING__,__MISSING__,__MISSING__,WIRE_DEBIT,USD,DEBIT,POSTED,__MISSING__,__MISSING__,__MISSING__,,,,,,,,0,0,0,,,,,,,0,0,0,,,0,0,0,0,0,2397.5100000000002,189,0,0,0,0,0,0,0,0,0,,0,0,0,0,,,0,0,,,,0,0,0,0,0,,,,,,,,,,,,,0,,,,,,,,-1,-1,-1,-1,-1,-1,-1,-1,-1,-1,-1,-1,-1,-1,-1,-1,-1,-1,-1,-1,-1,-1,-1,-1,-1,-1,1,0,1,1,0,1,1,0,0,0,0,0,0,1,1,0,0,1,0,0
RCA_001256,BANK_TRANSACTION,__MISSING__,__MISSING__,__MISSING__,__MISSING__,__MISSING__,__MISSING__,__MISSING__,__MISSING__,__MISSING__,__MISSING__,__MISSING__,__MISSING__,__MISSING__,__MISSING__,__MISSING__,__MISSING__,__MISSING__,__MISSING__,__MISSING__,WIRE_DEBIT,USD,DEBIT,POSTED,__MISSING__,__MISSING__,__MISSING__,,,,,,,,0,0,0,,,,,,,0,0,0,,,0,0,0,0,0,16885.700000000001,540,0,0,0,0,0,0,0,0,0,,0,0,0,0,,,0,0,,,,0,0,0,0,0,,,,,,,,,,,,,0,,,,,,,,-1,-1,-1,-1,-1,-1,-1,-1,-1,-1,-1,-1,-1,-1,-1,-1,-1,-1,-1,-1,-1,-1,-1,-1,-1,-1,1,0,1,1,0,1,1,0,0,0,0,0,0,1,1,0,0,1,0,0
RCA_001257,BANK_TRANSACTION,__MISSING__,__MISSING__,__MISSING__,__MISSING__,__MISSING__,__MISSING__,__MISSING__,__MISSING__,__MISSING__,__MISSING__,__MISSING__,__MISSING__,__MISSING__,__MISSING__,__MISSING__,__MISSING__,__MISSING__,__MISSING__,__MISSING__,WIRE_DEBIT,USD,DEBIT,POSTED,__MISSING__,__MISSING__,__MISSING__,,,,,,,,0,0,0,,,,,,,0,0,0,,,0,0,0,0,0,6965.54,399,0,0,0,0,0,0,0,0,0,,0,0,0,0,,,0,0,,,,0,0,0,0,0,,,,,,,,,,,,,0,,,,,,,,-1,-1,-1,-1,-1,-1,-1,-1,-1,-1,-1,-1,-1,-1,-1,-1,-1,-1,-1,-1,-1,-1,-1,-1,-1,-1,1,0,1,1,0,1,1,0,0,0,0,0,0,1,1,0,0,1,0,0
RCA_001258,BANK_TRANSACTION,__MISSING__,__MISSING__,__MISSING__,__MISSING__,__MISSING__,__MISSING__,__MISSING__,__MISSING__,__MISSING__,__MISSING__,__MISSING__,__MISSING__,__MISSING__,__MISSING__,__MISSING__,__MISSING__,__MISSING__,__MISSING__,__MISSING__,WIRE_DEBIT,USD,DEBIT,POSTED,__MISSING__,__MISSING__,__MISSING__,,,,,,,,0,0,0,,,,,,,0,0,0,,,0,0,0,0,0,3092.1199999999999,189,0,0,0,0,0,0,0,0,0,,0,0,0,0,,,0,0,,,,0,0,0,0,0,,,,,,,,,,,,,0,,,,,,,,-1,-1,-1,-1,-1,-1,-1,-1,-1,-1,-1,-1,-1,-1,-1,-1,-1,-1,-1,-1,-1,-1,-1,-1,-1,-1,1,0,1,1,0,1,1,0,0,0,0,0,0,1,1,0,0,1,0,0
RCA_001259,BANK_TRANSACTION,__MISSING__,__MISSING__,__MISSING__,__MISSING__,__MISSING__,__MISSING__,__MISSING__,__MISSING__,__MISSING__,__MISSING__,__MISSING__,__MISSING__,__MISSING__,__MISSING__,__MISSING__,__MISSING__,__MISSING__,__MISSING__,__MISSING__,WIRE_DEBIT,USD,DEBIT,POSTED,__MISSING__,__MISSING__,__MISSING__,,,,,,,,0,0,0,,,,,,,0,0,0,,,0,0,0,0,0,2738.6399999999999,468,0,0,0,0,0,0,0,0,0,,0,0,0,0,,,0,0,,,,0,0,0,0,0,,,,,,,,,,,,,0,,,,,,,,-1,-1,-1,-1,-1,-1,-1,-1,-1,-1,-1,-1,-1,-1,-1,-1,-1,-1,-1,-1,-1,-1,-1,-1,-1,-1,1,0,1,1,0,1,1,0,0,0,0,0,0,1,1,0,0,1,0,0
RCA_001260,BANK_TRANSACTION,__MISSING__,__MISSING__,__MISSING__,__MISSING__,__MISSING__,__MISSING__,__MISSING__,__MISSING__,__MISSING__,__MISSING__,__MISSING__,__MISSING__,__MISSING__,__MISSING__,__MISSING__,__MISSING__,__MISSING__,__MISSING__,__MISSING__,WIRE_DEBIT,USD,DEBIT,POSTED,__MISSING__,__MISSING__,__MISSING__,,,,,,,,0,0,0,,,,,,,0,0,0,,,0,0,0,0,0,1693.9000000000001,110,0,0,0,0,0,0,0,0,0,,0,0,0,0,,,0,0,,,,0,0,0,0,0,,,,,,,,,,,,,0,,,,,,,,-1,-1,-1,-1,-1,-1,-1,-1,-1,-1,-1,-1,-1,-1,-1,-1,-1,-1,-1,-1,-1,-1,-1,-1,-1,-1,1,0,1,1,0,1,1,0,0,0,0,0,0,1,1,0,0,1,0,0
RCA_001265,BANK_TRANSACTION,__MISSING__,__MISSING__,__MISSING__,__MISSING__,__MISSING__,__MISSING__,__MISSING__,__MISSING__,__MISSING__,__MISSING__,__MISSING__,__MISSING__,__MISSING__,__MISSING__,__MISSING__,__MISSING__,__MISSING__,__MISSING__,__MISSING__,WIRE_DEBIT,USD,DEBIT,POSTED,__MISSING__,__MISSING__,__MISSING__,,,,,,,,0,0,0,,,,,,,0,0,0,,,0,0,0,0,0,9605.0699999999997,267,0,0,0,0,0,0,0,0,0,,0,0,0,0,,,0,0,,,,0,0,0,0,0,,,,,,,,,,,,,0,,,,,,,,-1,-1,-1,-1,-1,-1,-1,-1,-1,-1,-1,-1,-1,-1,-1,-1,-1,-1,-1,-1,-1,-1,-1,-1,-1,-1,1,0,1,1,0,1,1,0,0,0,0,0,0,1,1,0,0,1,0,0
RCA_001268,BANK_TRANSACTION,__MISSING__,__MISSING__,__MISSING__,__MISSING__,__MISSING__,__MISSING__,__MISSING__,__MISSING__,__MISSING__,__MISSING__,__MISSING__,__MISSING__,__MISSING__,__MISSING__,__MISSING__,__MISSING__,__MISSING__,__MISSING__,__MISSING__,WIRE_DEBIT,USD,DEBIT,POSTED,__MISSING__,__MISSING__,__MISSING__,,,,,,,,0,0,0,,,,,,,0,0,0,,,0,0,0,0,0,5092.8999999999996,67,0,0,0,0,0,0,0,0,0,,0,0,0,0,,,0,0,,,,0,0,0,0,0,,,,,,,,,,,,,0,,,,,,,,-1,-1,-1,-1,-1,-1,-1,-1,-1,-1,-1,-1,-1,-1,-1,-1,-1,-1,-1,-1,-1,-1,-1,-1,-1,-1,1,0,1,1,0,1,1,0,0,0,0,0,0,1,1,0,0,1,0,0
RCA_001269,BANK_TRANSACTION,__MISSING__,__MISSING__,__MISSING__,__MISSING__,__MISSING__,__MISSING__,__MISSING__,__MISSING__,__MISSING__,__MISSING__,__MISSING__,__MISSING__,__MISSING__,__MISSING__,__MISSING__,__MISSING__,__MISSING__,__MISSING__,__MISSING__,WIRE_DEBIT,USD,DEBIT,POSTED,__MISSING__,__MISSING__,__MISSING__,,,,,,,,0,0,0,,,,,,,0,0,0,,,0,0,0,0,0,1950.47,449,0,0,0,0,0,0,0,0,0,,0,0,0,0,,,0,0,,,,0,0,0,0,0,,,,,,,,,,,,,0,,,,,,,,-1,-1,-1,-1,-1,-1,-1,-1,-1,-1,-1,-1,-1,-1,-1,-1,-1,-1,-1,-1,-1,-1,-1,-1,-1,-1,1,0,1,1,0,1,1,0,0,0,0,0,0,1,1,0,0,1,0,0
RCA_001273,BANK_TRANSACTION,__MISSING__,__MISSING__,__MISSING__,__MISSING__,__MISSING__,__MISSING__,__MISSING__,__MISSING__,__MISSING__,__MISSING__,__MISSING__,__MISSING__,__MISSING__,__MISSING__,__MISSING__,__MISSING__,__MISSING__,__MISSING__,__MISSING__,WIRE_DEBIT,EUR,DEBIT,POSTED,__MISSING__,__MISSING__,__MISSING__,,,,,,,,0,0,0,,,,,,,0,0,0,,,0,0,0,0,0,3216.4400000000001,350,0,0,0,0,0,0,0,0,0,,0,0,0,0,,,0,0,,,,0,0,0,0,0,,,,,,,,,,,,,0,,,,,,,,-1,-1,-1,-1,-1,-1,-1,-1,-1,-1,-1,-1,-1,-1,-1,-1,-1,-1,-1,-1,-1,-1,-1,-1,-1,-1,1,0,1,1,0,1,1,0,0,0,0,0,0,1,1,0,0,1,0,0
RCA_001275,BANK_TRANSACTION,__MISSING__,__MISSING__,__MISSING__,__MISSING__,__MISSING__,__MISSING__,__MISSING__,__MISSING__,__MISSING__,__MISSING__,__MISSING__,__MISSING__,__MISSING__,__MISSING__,__MISSING__,__MISSING__,__MISSING__,__MISSING__,__MISSING__,WIRE_DEBIT,USD,DEBIT,POSTED,__MISSING__,__MISSING__,__MISSING__,,,,,,,,0,0,0,,,,,,,0,0,0,,,0,0,0,0,0,8714.6800000000003,375,0,0,0,0,0,0,0,0,0,,0,0,0,0,,,0,0,,,,0,0,0,0,0,,,,,,,,,,,,,0,,,,,,,,-1,-1,-1,-1,-1,-1,-1,-1,-1,-1,-1,-1,-1,-1,-1,-1,-1,-1,-1,-1,-1,-1,-1,-1,-1,-1,1,0,1,1,0,1,1,0,0,0,0,0,0,1,1,0,0,1,0,0
RCA_001276,BANK_TRANSACTION,__MISSING__,__MISSING__,__MISSING__,__MISSING__,__MISSING__,__MISSING__,__MISSING__,__MISSING__,__MISSING__,__MISSING__,__MISSING__,__MISSING__,__MISSING__,__MISSING__,__MISSING__,__MISSING__,__MISSING__,__MISSING__,__MISSING__,WIRE_DEBIT,USD,DEBIT,POSTED,__MISSING__,__MISSING__,__MISSING__,,,,,,,,0,0,0,,,,,,,0,0,0,,,0,0,0,0,0,11093.27,11,0,0,0,0,0,0,0,0,0,,0,0,0,0,,,0,0,,,,0,0,0,0,0,,,,,,,,,,,,,0,,,,,,,,-1,-1,-1,-1,-1,-1,-1,-1,-1,-1,-1,-1,-1,-1,-1,-1,-1,-1,-1,-1,-1,-1,-1,-1,-1,-1,1,0,1,1,0,1,1,0,0,0,0,0,0,1,1,0,0,1,0,0
RCA_001281,BANK_TRANSACTION,__MISSING__,__MISSING__,__MISSING__,__MISSING__,__MISSING__,__MISSING__,__MISSING__,__MISSING__,__MISSING__,__MISSING__,__MISSING__,__MISSING__,__MISSING__,__MISSING__,__MISSING__,__MISSING__,__MISSING__,__MISSING__,__MISSING__,WIRE_DEBIT,USD,DEBIT,POSTED,__MISSING__,__MISSING__,__MISSING__,,,,,,,,0,0,0,,,,,,,0,0,0,,,0,0,0,0,0,2012.46,194,0,0,0,0,0,0,0,0,0,,0,0,0,0,,,0,0,,,,0,0,0,0,0,,,,,,,,,,,,,0,,,,,,,,-1,-1,-1,-1,-1,-1,-1,-1,-1,-1,-1,-1,-1,-1,-1,-1,-1,-1,-1,-1,-1,-1,-1,-1,-1,-1,1,0,1,1,0,1,1,0,0,0,0,0,0,1,1,0,0,1,0,0
RCA_001282,BANK_TRANSACTION,__MISSING__,__MISSING__,__MISSING__,__MISSING__,__MISSING__,__MISSING__,__MISSING__,__MISSING__,__MISSING__,__MISSING__,__MISSING__,__MISSING__,__MISSING__,__MISSING__,__MISSING__,__MISSING__,__MISSING__,__MISSING__,__MISSING__,WIRE_DEBIT,USD,DEBIT,POSTED,__MISSING__,__MISSING__,__MISSING__,,,,,,,,0,0,0,,,,,,,0,0,0,,,0,0,0,0,0,7047.04,350,0,0,0,0,0,0,0,0,0,,0,0,0,0,,,0,0,,,,0,0,0,0,0,,,,,,,,,,,,,0,,,,,,,,-1,-1,-1,-1,-1,-1,-1,-1,-1,-1,-1,-1,-1,-1,-1,-1,-1,-1,-1,-1,-1,-1,-1,-1,-1,-1,1,0,1,1,0,1,1,0,0,0,0,0,0,1,1,0,0,1,0,0
RCA_001283,BANK_TRANSACTION,__MISSING__,__MISSING__,__MISSING__,__MISSING__,__MISSING__,__MISSING__,__MISSING__,__MISSING__,__MISSING__,__MISSING__,__MISSING__,__MISSING__,__MISSING__,__MISSING__,__MISSING__,__MISSING__,__MISSING__,__MISSING__,__MISSING__,WIRE_DEBIT,USD,DEBIT,POSTED,__MISSING__,__MISSING__,__MISSING__,,,,,,,,0,0,0,,,,,,,0,0,0,,,0,0,0,0,0,13946.110000000001,337,0,0,0,0,0,0,0,0,0,,0,0,0,0,,,0,0,,,,0,0,0,0,0,,,,,,,,,,,,,0,,,,,,,,-1,-1,-1,-1,-1,-1,-1,-1,-1,-1,-1,-1,-1,-1,-1,-1,-1,-1,-1,-1,-1,-1,-1,-1,-1,-1,1,0,1,1,0,1,1,0,0,0,0,0,0,1,1,0,0,1,0,0
RCA_001284,BANK_TRANSACTION,__MISSING__,__MISSING__,__MISSING__,__MISSING__,__MISSING__,__MISSING__,__MISSING__,__MISSING__,__MISSING__,__MISSING__,__MISSING__,__MISSING__,__MISSING__,__MISSING__,__MISSING__,__MISSING__,__MISSING__,__MISSING__,__MISSING__,WIRE_DEBIT,CAD,DEBIT,POSTED,__MISSING__,__MISSING__,__MISSING__,,,,,,,,0,0,0,,,,,,,0,0,0,,,0,0,0,0,0,2535.77,78,0,0,0,0,0,0,0,0,0,,0,0,0,0,,,0,0,,,,0,0,0,0,0,,,,,,,,,,,,,0,,,,,,,,-1,-1,-1,-1,-1,-1,-1,-1,-1,-1,-1,-1,-1,-1,-1,-1,-1,-1,-1,-1,-1,-1,-1,-1,-1,-1,1,0,1,1,0,1,1,0,0,0,0,0,0,1,1,0,0,1,0,0
RCA_001286,BANK_TRANSACTION,__MISSING__,__MISSING__,__MISSING__,__MISSING__,__MISSING__,__MISSING__,__MISSING__,__MISSING__,__MISSING__,__MISSING__,__MISSING__,__MISSING__,__MISSING__,__MISSING__,__MISSING__,__MISSING__,__MISSING__,__MISSING__,__MISSING__,WIRE_DEBIT,USD,DEBIT,POSTED,__MISSING__,__MISSING__,__MISSING__,,,,,,,,0,0,0,,,,,,,0,0,0,,,0,0,0,0,0,3278.73,169,0,0,0,0,0,0,0,0,0,,0,0,0,0,,,0,0,,,,0,0,0,0,0,,,,,,,,,,,,,0,,,,,,,,-1,-1,-1,-1,-1,-1,-1,-1,-1,-1,-1,-1,-1,-1,-1,-1,-1,-1,-1,-1,-1,-1,-1,-1,-1,-1,1,0,1,1,0,1,1,0,0,0,0,0,0,1,1,0,0,1,0,0
RCA_001287,BANK_TRANSACTION,__MISSING__,__MISSING__,__MISSING__,__MISSING__,__MISSING__,__MISSING__,__MISSING__,__MISSING__,__MISSING__,__MISSING__,__MISSING__,__MISSING__,__MISSING__,__MISSING__,__MISSING__,__MISSING__,__MISSING__,__MISSING__,__MISSING__,WIRE_DEBIT,JPY,DEBIT,POSTED,__MISSING__,__MISSING__,__MISSING__,,,,,,,,0,0,0,,,,,,,0,0,0,,,0,0,0,0,0,8981,141,0,0,0,0,0,0,0,0,0,,0,0,0,0,,,0,0,,,,0,0,0,0,0,,,,,,,,,,,,,0,,,,,,,,-1,-1,-1,-1,-1,-1,-1,-1,-1,-1,-1,-1,-1,-1,-1,-1,-1,-1,-1,-1,-1,-1,-1,-1,-1,-1,1,0,1,1,0,1,1,0,0,0,0,0,0,1,1,0,0,1,0,0
RCA_001289,BANK_TRANSACTION,__MISSING__,__MISSING__,__MISSING__,__MISSING__,__MISSING__,__MISSING__,__MISSING__,__MISSING__,__MISSING__,__MISSING__,__MISSING__,__MISSING__,__MISSING__,__MISSING__,__MISSING__,__MISSING__,__MISSING__,__MISSING__,__MISSING__,WIRE_DEBIT,USD,DEBIT,POSTED,__MISSING__,__MISSING__,__MISSING__,,,,,,,,0,0,0,,,,,,,0,0,0,,,0,0,0,0,0,1420.8599999999999,540,0,0,0,0,0,0,0,0,0,,0,0,0,0,,,0,0,,,,0,0,0,0,0,,,,,,,,,,,,,0,,,,,,,,-1,-1,-1,-1,-1,-1,-1,-1,-1,-1,-1,-1,-1,-1,-1,-1,-1,-1,-1,-1,-1,-1,-1,-1,-1,-1,1,0,1,1,0,1,1,0,0,0,0,0,0,1,1,0,0,1,0,0
RCA_001292,BANK_TRANSACTION,__MISSING__,__MISSING__,__MISSING__,__MISSING__,__MISSING__,__MISSING__,__MISSING__,__MISSING__,__MISSING__,__MISSING__,__MISSING__,__MISSING__,__MISSING__,__MISSING__,__MISSING__,__MISSING__,__MISSING__,__MISSING__,__MISSING__,WIRE_DEBIT,EUR,DEBIT,POSTED,__MISSING__,__MISSING__,__MISSING__,,,,,,,,0,0,0,,,,,,,0,0,0,,,0,0,0,0,0,6363.6199999999999,274,0,0,0,0,0,0,0,0,0,,0,0,0,0,,,0,0,,,,0,0,0,0,0,,,,,,,,,,,,,0,,,,,,,,-1,-1,-1,-1,-1,-1,-1,-1,-1,-1,-1,-1,-1,-1,-1,-1,-1,-1,-1,-1,-1,-1,-1,-1,-1,-1,1,0,1,1,0,1,1,0,0,0,0,0,0,1,1,0,0,1,0,0
RCA_001298,BANK_TRANSACTION,__MISSING__,__MISSING__,__MISSING__,__MISSING__,__MISSING__,__MISSING__,__MISSING__,__MISSING__,__MISSING__,__MISSING__,__MISSING__,__MISSING__,__MISSING__,__MISSING__,__MISSING__,__MISSING__,__MISSING__,__MISSING__,__MISSING__,WIRE_DEBIT,USD,DEBIT,POSTED,__MISSING__,__MISSING__,__MISSING__,,,,,,,,0,0,0,,,,,,,0,0,0,,,0,0,0,0,0,2585.1700000000001,218,0,0,0,0,0,0,0,0,0,,0,0,0,0,,,0,0,,,,0,0,0,0,0,,,,,,,,,,,,,0,,,,,,,,-1,-1,-1,-1,-1,-1,-1,-1,-1,-1,-1,-1,-1,-1,-1,-1,-1,-1,-1,-1,-1,-1,-1,-1,-1,-1,1,0,1,1,0,1,1,0,0,0,0,0,0,1,1,0,0,1,0,0
RCA_001302,PAYMENT,USD,PAID,NET15,OPERATIONS,620100-OPERATIONS,__MISSING__,__MISSING__,__MISSING__,__MISSING__,PROFESSIONAL,US,USD,NET15,ACH,ACTIVE,ACH,USD,COMPLETED,SETTLED,ACH_DEBIT,USD,DEBIT,POSTED,MANAGER,APPROVED,PAYMENT,1678.3,1525.73,152.56999999999999,0,456,15,4,4,17,1525.73,126.3775,,,,,,0,0,0,671.32000000000005,438,2,1678.3,1,1678.3,2,1006.98,438,1,4,2,1678.3,1678.3,1678.3,1678.3,2,1,1,1,0,2,0,31,4,90,0,0.84615384615384615,6,87.260000000000005,0,0,0,1,0,,,,,,,0,0,0,0,335.66000000000003,0.5,0,1006.98,1006.98,335.66000000000003,,18,-3,18540,0,-1,-1,-1,1,0,-1,1,1,1,1,1,1,1,1,1,1,1,1,1,1,1,1,1,1,1,0,0,0,0,0,0,0,0,0,0,0,0,0,0,0,1,2,2,1,1
RCA_001304,PAYMENT,EUR,PAID,NET30,IT,680100-IT,EUR,ISSUED,IT,680100-IT,SERVICES,DE,EUR,NET30,CHECK,ACTIVE,CHECK,EUR,COMPLETED,SETTLED,CHECK_CLEARING,EUR,DEBIT,POSTED,DIRECTOR,APPROVED,PAYMENT,15493.030000000001,14755.27,737.75999999999999,0,492,30,3,3,51,14755.27,395.47666666666669,15493.030000000001,14755.27,737.75999999999999,0,493,3,51,14755.27,9295.8199999999997,462,2,15493.030000000001,1,15493.030000000001,2,9275.8199999999997,448,1,4,2,15493.030000000001,15493.030000000001,15493.030000000001,15493.030000000001,3,2,2,2,0,0,0,29,4,67,0,0.92307692307692313,1,1206.1700000000001,0,0,0,1,0,0,0,0,0,0,0,0,0,0,0,20,0.0021515046547803205,0,6197.21,6197.21,20,1,30,0,35760,1,1,1,1,1,0,1,1,1,1,1,1,1,1,1,1,1,1,1,1,1,0,1,1,1,1,0,0,0,0,0,0,0,0,0,0,0,0,0,0,1,1,2,2,1,1
RCA_001306,PAYMENT,USD,PAID,NET45,MARKETING,650100-MARKETING,__MISSING__,__MISSING__,__MISSING__,__MISSING__,SUPPLIER,US,USD,NET45,ACH,ACTIVE,ACH,USD,COMPLETED,SETTLED,ACH_DEBIT,USD,DEBIT,POSTED,MANAGER,APPROVED,PAYMENT,4510.5,4510.5,0,0,142,45,1,2,21,4510.5,223.35499999999999,,,,,,0,0,0,4510.5,97,1,4510.5,1,4510.5,1,4475.5,92,1,2,1,4510.5,4510.5,4510.5,4510.5,2,1,1,1,0,1,1,31,4,22,0,0.84615384615384615,2,0,0,0,0,1,0,,,,,,,0,0,0,0,35,0.0077596718767320699,0,0,0,35,,45,0,61740,0,-1,-1,-1,1,0,-1,1,1,1,1,1,1,1,1,1,1,1,1,1,1,1,1,1,1,1,0,0,0,0,0,0,0,0,0,0,0,0,0,0,0,1,1,1,1,1
RCA_001307,PAYMENT,USD,PAID,NET30,ENGINEERING,610100-ENGINEERING,USD,ISSUED,ENGINEERING,610100-ENGINEERING,SUPPLIER,US,USD,NET30,ACH,ACTIVE,ACH,USD,COMPLETED,SETTLED,ACH_DEBIT,USD,DEBIT,POSTED,DIRECTOR,APPROVED,PAYMENT,41508.089999999997,41508.089999999997,0,0,212,30,0,1,1,41508.089999999997,41508.089999999997,41508.089999999997,41508.089999999997,0,0,241,1,1,41508.089999999997,41508.089999999997,182,1,41508.089999999997,1,41508.089999999997,1,41483.089999999997,179,1,2,1,41508.089999999997,41508.089999999997,41508.089999999997,41508.089999999997,3,2,2,2,0,0,0,32,4,4,0,0.69230769230769229,93,33565.620000000003,0,0,0,1,0,0,0,0,0,0,0,0,0,0,0,25,0.00060229222785244995,0,0,0,25,29,30,0,40080,1,1,1,1,1,0,1,1,1,1,1,1,1,1,1,1,1,1,1,1,1,0,1,1,1,1,0,0,0,0,0,0,0,0,0,0,0,0,0,0,1,1,1,1,1,1
RCA_001308,PAYMENT,USD,PAID,NET30,ENGINEERING,610100-ENGINEERING,USD,ISSUED,ENGINEERING,610100-ENGINEERING,SUPPLIER,US,USD,NET30,ACH,ACTIVE,ACH,USD,COMPLETED,SETTLED,ACH_DEBIT,USD,DEBIT,POSTED,MANAGER,APPROVED,PAYMENT,9300.6900000000005,8643.1000000000004,648.23000000000002,9.3599999999999994,375,30,1,4,40,8643.1000000000004,288.81999999999999,9300.6900000000005,8643.1000000000004,648.23000000000002,9.3599999999999994,390,4,40,8643.1000000000004,9300.6900000000005,345,1,9300.6900000000005,1,9300.6900000000005,1,9280.6900000000005,342,1,2,1,9300.6900000000005,9300.6900000000005,9300.6900000000005,9300.6900000000005,2,1,1,1,0,1,0,32,4,8,0,0.84615384615384615,17,240.13,0,0,0,1,0,0,0,0,0,0,0,0,0,0,0,20,0.0021503780902277143,0,0,0,20,15,30,0,40140,1,1,1,1,1,0,1,1,1,1,1,1,1,1,1,1,1,1,1,1,1,1,1,1,1,1,0,0,0,0,0,0,0,0,0,0,0,0,0,0,0,1,1,1,1,1
RCA_001309,PAYMENT,USD,PAID,NET45,IT,680100-IT,USD,ISSUED,IT,680100-IT,SUPPLIER,US,USD,NET45,CHECK,ACTIVE,CHECK,USD,COMPLETED,SETTLED,CHECK_CLEARING,USD,DEBIT,POSTED,MANAGER,APPROVED,PAYMENT,7274.1700000000001,6766.6700000000001,507.5,0,232,45,3,2,13,6766.6700000000001,754.20000000000005,7274.1700000000001,6766.6700000000001,507.5,0,234,2,13,6766.6700000000001,4364.5,187,2,7274.1700000000001,1,7274.1700000000001,2,4344.5,173,1,4,2,7274.1700000000001,7274.1700000000001,7274.1700000000001,7274.1700000000001,2,1,1,1,0,2,2,31,4,20,0,0.84615384615384615,10,93.010000000000005,0,0,0,1,0,0,0,0,0,0,0,0,0,0,0,20,0.0045824263947760336,0,2909.6700000000001,2909.6700000000001,20,2,45,0,58860,1,1,1,1,1,0,1,1,1,1,1,1,1,1,1,1,1,1,1,1,1,1,1,1,1,1,0,0,0,0,0,0,0,0,0,0,0,0,0,0,0,1,2,2,1,1
RCA_001312,PAYMENT,USD,PAID,NET30,FINANCE,630100-FINANCE,USD,ISSUED,FINANCE,630100-FINANCE,SUPPLIER,US,USD,NET30,ACH,ACTIVE,ACH,USD,COMPLETED,SETTLED,ACH_DEBIT,USD,DEBIT,POSTED,MANAGER,APPROVED,PAYMENT,2442.71,2272.29,170.41999999999999,0,232,30,1,2,19,2272.29,115.5,2442.71,2272.29,170.41999999999999,0,259,2,19,2272.29,977.08000000000004,199,2,2442.71,1,2442.71,2,1465.6300000000001,197,1,4,2,2442.71,2442.71,2442.71,2442.71,2,1,1,1,0,0,0,27,4,6,0,0.84615384615384615,43,462.25,0,0,0,1,0,0,0,0,0,0,0,0,0,0,0,488.55000000000001,0.50001023457649318,0,1465.6300000000001,1465.6300000000001,488.55000000000001,27,33,-3,44460,1,1,1,1,1,0,1,1,1,1,1,1,1,1,1,1,1,1,1,1,1,0,1,1,1,1,0,0,0,0,0,0,0,0,0,0,0,0,0,0,1,1,2,2,1,1
RCA_001313,PAYMENT,USD,PAID,NET15,LEGAL,670100-LEGAL,USD,ISSUED,LEGAL,670100-LEGAL,SUPPLIER,US,USD,NET15,ACH,ACTIVE,ACH,USD,COMPLETED,SETTLED,ACH_DEBIT,USD,DEBIT,POSTED,MANAGER,APPROVED,PAYMENT,7401.1099999999997,6728.2799999999997,672.83000000000004,0,412,15,2,1,12,6728.2799999999997,560.69000000000005,7401.1099999999997,6728.2799999999997,672.83000000000004,0,424,1,12,6728.2799999999997,7401.1099999999997,397,1,7401.1099999999997,1,7401.1099999999997,1,7366.1099999999997,392,1,2,1,7401.1099999999997,7401.1099999999997,7401.1099999999997,7401.1099999999997,2,1,1,1,0,1,0,31,4,64,0,0.84615384615384615,8,363.50999999999999,0,0,0,1,0,0,0,0,0,0,0,0,0,0,0,35,0.0047290203766732286,0,0,0,35,12,15,0,17100,1,1,1,1,1,0,1,1,1,1,1,1,1,1,1,1,1,1,1,1,1,1,1,1,1,1,0,0,0,0,0,0,0,0,0,0,0,0,0,0,0,1,1,1,1,1
RCA_001314,PAYMENT,USD,PAID,NET45,ENGINEERING,610100-ENGINEERING,USD,ISSUED,ENGINEERING,610100-ENGINEERING,SUPPLIER,US,USD,NET45,ACH,ACTIVE,ACH,USD,COMPLETED,SETTLED,ACH_DEBIT,USD,DEBIT,POSTED,MANAGER,APPROVED,PAYMENT,7123.6199999999999,7123.6199999999999,0,0,337,45,1,4,30,7123.6199999999999,911.71000000000004,7123.6199999999999,7123.6199999999999,0,0,341,4,30,7123.6199999999999,7123.6199999999999,292,1,7123.6199999999999,1,7123.6199999999999,1,7088.6199999999999,287,1,2,1,7123.6199999999999,7123.6199999999999,7123.6199999999999,7123.6199999999999,2,1,1,1,0,0,0,27,4,28,0,0.84615384615384615,8,399.73000000000002,0,0,0,1,0,0,0,0,0,0,0,0,0,0,0,35,0.0049132323172768905,0,0,0,35,4,45,0,61740,1,1,1,1,1,0,1,1,1,1,1,1,1,1,1,1,1,1,1,1,1,0,1,1,1,1,0,0,0,0,0,0,0,0,0,0,0,0,0,0,1,1,1,1,1,1
RCA_001316,PAYMENT,USD,PAID,NET30,ENGINEERING,610100-ENGINEERING,USD,ISSUED,ENGINEERING,610100-ENGINEERING,SOFTWARE,US,USD,NET30,VIRTUAL_CARD,ACTIVE,VIRTUAL_CARD,USD,COMPLETED,SETTLED,CARD_SETTLEMENT,USD,DEBIT,POSTED,MANAGER,APPROVED,PAYMENT,3694.3000000000002,3506.6900000000001,175.33000000000001,12.279999999999999,291,30,1,4,35,3506.6900000000001,185.97999999999999,3694.3000000000002,3506.6900000000001,175.33000000000001,12.279999999999999,319,4,35,3506.6900000000001,3694.3000000000002,261,1,3694.3000000000002,1,3694.3000000000002,1,3674.3000000000002,259,1,2,1,3694.3000000000002,3694.3000000000002,3694.3000000000002,3694.3000000000002,2,1,1,1,0,1,1,29,4,49,0,0.84615384615384615,4,20.59,0,0,0,1,0,0,0,0,0,0,0,0,0,0,0,20,0.005413745499824053,0,0,0,20,28,30,0,40140,1,1,1,1,1,0,1,1,1,1,1,1,1,1,1,1,1,1,1,1,1,1,1,1,1,1,0,0,0,0,0,0,0,0,0,0,0,0,0,0,0,1,1,1,1,1
RCA_001319,PAYMENT,USD,PAID,NET30,MARKETING,650100-MARKETING,__MISSING__,__MISSING__,__MISSING__,__MISSING__,SUPPLIER,US,USD,NET30,WIRE,ACTIVE,WIRE,USD,COMPLETED,SETTLED,WIRE_DEBIT,USD,DEBIT,POSTED,DIRECTOR,APPROVED,PAYMENT,10142.360000000001,9434.75,707.61000000000001,0,493,30,5,2,11,9434.75,4082.02,,,,,,0,0,0,10142.360000000001,463,1,10142.360000000001,1,10142.360000000001,1,10127.360000000001,462,1,2,1,10142.360000000001,10142.360000000001,10142.360000000001,10142.360000000001,3,2,2,2,0,1,0,34,4,11,0,0.76923076923076916,56,2081.2600000000002,0,0,0,1,0,,,,,,,0,0,0,0,15,0.001478945728607543,0,0,0,15,,30,0,32880,0,-1,-1,-1,1,0,-1,1,1,1,1,1,1,1,1,1,1,1,1,1,1,1,1,1,1,1,0,0,0,0,0,0,0,0,0,0,0,0,0,0,0,1,1,1,1,1
RCA_001324,PAYMENT,USD,PAID,NET30,SALES,640100-SALES,USD,ISSUED,SALES,640100-SALES,SOFTWARE,US,USD,NET30,VIRTUAL_CARD,ACTIVE,VIRTUAL_CARD,USD,COMPLETED,SETTLED,CARD_SETTLEMENT,USD,DEBIT,POSTED,MANAGER,APPROVED,PAYMENT,3085.5700000000002,2870.3000000000002,215.27000000000001,0,377,30,3,2,27,2870.3000000000002,116.825,3085.5700000000002,2870.3000000000002,215.27000000000001,0,388,2,27,2870.3000000000002,1851.3399999999999,347,2,3085.5700000000002,1,3085.5700000000002,2,1816.3399999999999,343,1,4,2,3085.5700000000002,3085.5700000000002,3085.5700000000002,3085.5700000000002,2,1,1,1,0,1,1,29,4,49,0,0.84615384615384615,2,52.490000000000002,0,0,0,1,0,0,0,0,0,0,0,0,0,0,0,35,0.01890522540430175,0,1234.23,1234.23,35,11,30,0,37260,1,1,1,1,1,0,1,1,1,1,1,1,1,1,1,1,1,1,1,1,1,1,1,1,1,1,0,0,0,0,0,0,0,0,0,0,0,0,0,0,0,1,2,2,1,1
RCA_001326,PAYMENT,CAD,PAID,NET30,PEOPLE,660100-PEOPLE,__MISSING__,__MISSING__,__MISSING__,__MISSING__,PROFESSIONAL,US,CAD,NET30,WIRE,ACTIVE,WIRE,CAD,COMPLETED,SETTLED,WIRE_DEBIT,CAD,DEBIT,POSTED,MANAGER,APPROVED,PAYMENT,1410.8699999999999,1410.8699999999999,0,0,269,30,1,3,14,1410.8699999999999,102.42,,,,,,0,0,0,564.35000000000002,236,2,1410.8699999999999,1,1410.8699999999999,2,846.51999999999998,238,1,4,2,1410.8699999999999,1410.8699999999999,1410.8699999999999,1410.8699999999999,2,1,1,1,0,0,0,31,4,7,0,0.92307692307692313,20,323.29000000000002,0,0,0,1,0,,,,,,,0,0,0,0,282.17000000000002,0.49999114024984498,0,846.51999999999998,846.51999999999998,282.17000000000002,,33,-3,44460,0,-1,-1,-1,1,0,-1,1,1,1,1,1,1,1,1,1,1,1,1,1,1,0,1,1,1,1,0,0,0,0,0,0,0,0,0,0,0,0,0,0,1,1,2,2,1,1
RCA_001329,PAYMENT,USD,PAID,NET15,PEOPLE,660100-PEOPLE,USD,ISSUED,PEOPLE,660100-PEOPLE,SOFTWARE,US,USD,NET15,ACH,ACTIVE,ACH,USD,COMPLETED,SETTLED,ACH_DEBIT,USD,DEBIT,POSTED,MANAGER,APPROVED,PAYMENT,3264.4099999999999,3036.6599999999999,227.75,0,327,15,5,3,44,3036.6599999999999,74.88333333333334,3264.4099999999999,3036.6599999999999,227.75,0,329,3,44,3036.6599999999999,5260.3900000000003,217,2,5260.3900000000003,2,5260.3900000000003,1,5245.3900000000003,214,1,2,1,5260.3900000000003,5260.3900000000003,5260.3900000000003,5260.3900000000003,4,2,1,1,0,2,0,27,4,300,0,0.92307692307692313,1,0.70999999999999996,0,0,0,1,0,0,0,0,0,0,0,0,0,0,0,15,0.0028514996036415551,0,0,0,15,2,110,0,18540,1,1,1,1,1,0,1,1,1,1,1,1,1,1,1,1,1,1,1,1,1,1,1,1,1,1,0,0,0,0,0,0,0,0,0,0,0,0,0,0,0,2,1,1,1,1
RCA_001331,PAYMENT,USD,PAID,NET45,OPERATIONS,620100-OPERATIONS,USD,ISSUED,OPERATIONS,620100-OPERATIONS,SOFTWARE,US,USD,NET45,ACH,ACTIVE,ACH,USD,COMPLETED,SETTLED,ACH_DEBIT,USD,DEBIT,POSTED,AUTO,AUTO_APPROVED,PAYMENT,644.59000000000003,599.62,44.969999999999999,0,186,45,4,1,14,599.62,42.829999999999998,644.59000000000003,599.62,44.969999999999999,0,191,1,14,599.62,906.61000000000001,56,2,906.61000000000001,2,906.61000000000001,1,881.61000000000001,53,1,2,1,906.61000000000001,906.61000000000001,906.61000000000001,906.61000000000001,4,2,1,2,0,1,1,30,4,350,0,0.92307692307692313,0,33.25,0,0,0,1,0,0,0,0,0,0,0,0,0,0,0,25,0.027575252865068772,0,0,0,25,5,130,0,60300,1,1,1,1,1,0,1,1,1,1,1,1,1,1,1,1,1,1,1,1,1,1,-1,-1,-1,1,0,0,0,0,0,0,0,0,0,0,0,0,0,0,0,2,1,1,1,1
RCA_001333,PAYMENT,USD,PAID,NET30,IT,680100-IT,USD,ISSUED,IT,680100-IT,PROFESSIONAL,US,USD,NET30,WIRE,ACTIVE,WIRE,USD,COMPLETED,SETTLED,WIRE_DEBIT,USD,DEBIT,POSTED,MANAGER,APPROVED,PAYMENT,1737.1800000000001,1737.1800000000001,0,0,225,30,0,2,35,1737.1800000000001,57.494999999999997,1737.1800000000001,1737.1800000000001,0,0,233,2,35,1737.1800000000001,1737.1800000000001,195,1,1737.1800000000001,1,1737.1800000000001,1,1702.1800000000001,194,1,2,1,1737.1800000000001,1737.1800000000001,1737.1800000000001,1737.1800000000001,2,1,1,1,0,0,0,30,4,2,0,0.76923076923076916,115,2927.1300000000001,0,0,0,1,0,0,0,0,0,0,0,0,0,0,0,35,0.020147595528385083,0,0,0,35,8,30,0,41580,1,1,1,1,1,0,1,1,1,1,1,1,1,1,1,1,1,1,1,1,1,0,1,1,1,1,0,0,0,0,0,0,0,0,0,0,0,0,0,0,1,1,1,1,1,1
RCA_001334,PAYMENT,USD,PAID,NET15,LEGAL,670100-LEGAL,USD,ISSUED,LEGAL,670100-LEGAL,SOFTWARE,US,USD,NET15,ACH,ACTIVE,ACH,USD,COMPLETED,SETTLED,ACH_DEBIT,USD,DEBIT,POSTED,MANAGER,APPROVED,PAYMENT,3919.1100000000001,3645.6799999999998,273.43000000000001,0,481,15,2,1,4,3645.6799999999998,911.41999999999996,3919.1100000000001,3645.6799999999998,273.43000000000001,0,504,1,4,3645.6799999999998,3919.1100000000001,466,1,3919.1100000000001,1,3919.1100000000001,1,3884.1100000000001,461,1,2,1,3919.1100000000001,3919.1100000000001,3919.1100000000001,3919.1100000000001,2,1,1,1,0,0,0,32,4,12,0,0.84615384615384615,11,189.47999999999999,0,0,0,1,0,0,0,0,0,0,0,0,0,0,0,35,0.0089305990390675435,0,0,0,35,23,15,0,17100,1,1,1,1,1,0,1,1,1,1,1,1,1,1,1,1,1,1,1,1,1,0,1,1,1,1,0,0,0,0,0,0,0,0,0,0,0,0,0,0,1,1,1,1,1,1
RCA_001335,PAYMENT,USD,PAID,NET30,OPERATIONS,620100-OPERATIONS,__MISSING__,__MISSING__,__MISSING__,__MISSING__,PROFESSIONAL,US,USD,NET30,VIRTUAL_CARD,ACTIVE,VIRTUAL_CARD,USD,COMPLETED,SETTLED,CARD_SETTLEMENT,USD,DEBIT,POSTED,DIRECTOR,APPROVED,PAYMENT,17505.540000000001,15914.129999999999,1591.4100000000001,0,446,30,1,3,23,15914.129999999999,699.31333333333339,,,,,,0,0,0,7002.2200000000003,413,2,17505.540000000001,1,17505.540000000001,2,10503.32,413,1,4,2,17505.540000000001,17505.540000000001,17505.540000000001,17505.540000000001,3,2,2,2,0,1,0,29,4,22,0,0.84615384615384615,1,600.84000000000003,0,0,0,1,0,,,,,,,0,0,0,0,3501.0999999999999,0.499998571881489,0,10503.32,10503.32,3501.0999999999999,,33,-3,42960,0,-1,-1,-1,1,0,-1,1,1,1,1,1,1,1,1,1,1,1,1,1,1,1,1,1,1,1,0,0,0,0,0,0,0,0,0,0,0,0,0,0,0,1,2,2,1,1
RCA_001336,PAYMENT,USD,PAID,NET30,FINANCE,630100-FINANCE,USD,ISSUED,FINANCE,630100-FINANCE,SERVICES,US,USD,NET30,ACH,ACTIVE,ACH,USD,COMPLETED,SETTLED,ACH_DEBIT,USD,DEBIT,POSTED,MANAGER,APPROVED,PAYMENT,3560.79,3185.73,318.56999999999999,56.490000000000002,168,30,1,1,19,3185.73,167.66999999999999,3560.79,3185.73,318.56999999999999,56.490000000000002,179,1,19,3185.73,3560.79,138,1,3560.79,1,3560.79,1,3540.79,133,1,2,1,3560.79,3560.79,3560.79,3560.79,2,1,1,1,0,0,0,30,4,5,0,0.69230769230769229,24,495.76999999999998,0,0,0,1,0,0,0,0,0,0,0,0,0,0,0,20,0.005616731118656253,0,0,0,20,11,30,0,40140,1,1,1,1,1,0,1,1,1,1,1,1,1,1,1,1,1,1,1,1,1,0,1,1,1,1,0,0,0,0,0,0,0,0,0,0,0,0,0,0,1,1,1,1,1,1
RCA_001337,PAYMENT,USD,PAID,NET15,FINANCE,630100-FINANCE,__MISSING__,__MISSING__,__MISSING__,__MISSING__,PROFESSIONAL,US,USD,NET15,ACH,ACTIVE,ACH,USD,COMPLETED,SETTLED,ACH_DEBIT,USD,DEBIT,POSTED,MANAGER,APPROVED,PAYMENT,2436.75,2436.75,0,0,391,15,1,4,21,2436.75,221.99250000000001,,,,,,0,0,0,974.70000000000005,373,2,2436.75,1,2436.75,2,1462.05,371,1,4,2,2436.75,2436.75,2436.75,2436.75,2,1,1,1,0,2,1,31,4,90,0,0.84615384615384615,2,18.140000000000001,0,0,0,1,0,,,,,,,0,0,0,0,487.35000000000002,0.5,0,1462.05,1462.05,487.35000000000002,,18,-3,22860,0,-1,-1,-1,1,0,-1,1,1,1,1,1,1,1,1,1,1,1,1,1,1,1,1,1,1,1,0,0,0,0,0,0,0,0,0,0,0,0,0,0,0,1,2,2,1,1
RCA_001339,PAYMENT,USD,PAID,NET30,FINANCE,630100-FINANCE,__MISSING__,__MISSING__,__MISSING__,__MISSING__,PROFESSIONAL,US,USD,NET30,WIRE,ACTIVE,WIRE,USD,COMPLETED,SETTLED,WIRE_DEBIT,USD,DEBIT,POSTED,DIRECTOR,APPROVED,PAYMENT,10925.09,9931.8999999999996,993.19000000000005,0,30,30,5,1,5,9931.8999999999996,1986.3800000000001,,,,,,0,0,0,4370.04,15,2,10925.09,1,10925.09,2,6555.0500000000002,14,1,4,2,10925.09,10925.09,10925.09,10925.09,3,2,2,2,0,0,0,29,4,8,0,0.76923076923076916,6,4331.8000000000002,0,0,0,1,0,,,,,,,0,0,0,0,2185.0100000000002,0.49999771169142615,0,6555.0500000000002,6555.0500000000002,2185.0100000000002,,15,0,11280,0,-1,-1,-1,1,0,-1,1,1,1,1,1,1,1,1,1,1,1,1,1,1,0,1,1,1,1,0,0,0,0,0,0,0,0,0,0,0,0,0,0,1,1,2,2,1,1
RCA_001341,PAYMENT,USD,PAID,NET45,MARKETING,650100-MARKETING,__MISSING__,__MISSING__,__MISSING__,__MISSING__,PROFESSIONAL,US,USD,NET45,ACH,ACTIVE,ACH,USD,COMPLETED,SETTLED,ACH_DEBIT,USD,DEBIT,POSTED,MANAGER,APPROVED,PAYMENT,9712.5699999999997,9034.9500000000007,677.62,0,430,45,2,2,9,9034.9500000000007,1490.4350000000002,,,,,,0,0,0,9712.5699999999997,385,1,9712.5699999999997,1,9712.5699999999997,1,9697.5699999999997,382,1,2,1,9712.5699999999997,9712.5699999999997,9712.5699999999997,9712.5699999999997,2,1,1,1,0,1,0,30,4,15,0,0.76923076923076916,6,0,0,0,0,1,0,,,,,,,0,0,0,0,15,0.0015443904136598244,0,0,0,15,,45,0,60300,0,-1,-1,-1,1,0,-1,1,1,1,1,1,1,1,1,1,1,1,1,1,1,1,1,1,1,1,0,0,0,0,0,0,0,0,0,0,0,0,0,0,0,1,1,1,1,1
RCA_001343,PAYMENT,USD,PAID,NET45,LEGAL,670100-LEGAL,USD,ISSUED,LEGAL,670100-LEGAL,SERVICES,US,USD,NET45,ACH,ACTIVE,ACH,USD,COMPLETED,SETTLED,ACH_DEBIT,USD,DEBIT,POSTED,MANAGER,APPROVED,PAYMENT,8355.9599999999991,7754.5900000000001,581.59000000000003,19.780000000000001,232,45,0,3,30,7754.5900000000001,483.42666666666673,8355.9599999999991,7754.5900000000001,581.59000000000003,19.780000000000001,236,3,30,7754.5900000000001,3342.3800000000001,184,2,8355.9599999999991,1,8355.9599999999991,2,5013.5799999999999,182,1,4,2,8355.9599999999991,8355.9599999999991,8355.9599999999991,8355.9599999999991,2,1,1,1,0,2,2,30,4,135,0,0.84615384615384615,2,55.289999999999999,0,0,0,1,0,0,0,0,0,0,0,0,0,0,0,1671.2,0.50000299188003761,0,5013.5799999999999,5013.5799999999999,1671.2,4,48,-3,67500,1,1,1,1,1,0,1,1,1,1,1,1,1,1,1,1,1,1,1,1,1,1,1,1,1,1,0,0,0,0,0,0,0,0,0,0,0,0,0,0,0,1,2,2,1,1
RCA_001345,PAYMENT,USD,PAID,NET30,SALES,640100-SALES,USD,ISSUED,SALES,640100-SALES,SUPPLIER,US,USD,NET30,ACH,ACTIVE,ACH,USD,COMPLETED,SETTLED,ACH_DEBIT,USD,DEBIT,POSTED,MANAGER,APPROVED,PAYMENT,2571.3400000000001,2304.29,230.43000000000001,36.619999999999997,148,30,3,2,25,2304.29,676.73500000000001,2571.3400000000001,2304.29,230.43000000000001,36.619999999999997,173,2,25,2304.29,1542.8,118,2,2571.3400000000001,1,2571.3400000000001,2,1527.8,113,1,4,2,2571.3400000000001,2571.3400000000001,2571.3400000000001,2571.3400000000001,2,1,1,1,0,0,0,34,4,16,0,0.84615384615384615,8,23.370000000000001,0,0,0,1,0,0,0,0,0,0,0,0,0,0,0,15,0.0097225823178636248,0,1028.54,1028.54,15,25,30,0,37260,1,1,1,1,1,0,1,1,1,1,1,1,1,1,1,1,1,1,1,1,1,0,1,1,1,1,0,0,0,0,0,0,0,0,0,0,0,0,0,0,1,1,2,2,1,1
RCA_001347,PAYMENT,USD,PAID,NET30,LEGAL,670100-LEGAL,USD,ISSUED,LEGAL,670100-LEGAL,SOFTWARE,US,USD,NET30,ACH,ACTIVE,ACH,USD,COMPLETED,SETTLED,ACH_DEBIT,USD,DEBIT,POSTED,MANAGER,APPROVED,PAYMENT,2821.3099999999999,2686.96,134.34999999999999,0,318,30,0,1,2,2686.96,1343.48,2821.3099999999999,2686.96,134.34999999999999,0,340,1,2,2686.96,2821.3099999999999,288,1,2821.3099999999999,1,2821.3099999999999,1,2801.3099999999999,285,1,2,1,2821.3099999999999,2821.3099999999999,2821.3099999999999,2821.3099999999999,2,1,1,1,0,1,1,30,4,31,0,0.84615384615384615,5,241.25999999999999,0,0,0,1,0,0,0,0,0,0,0,0,0,0,0,20,0.0070889055084340253,0,0,0,20,22,30,0,41580,1,1,1,1,1,0,1,1,1,1,1,1,1,1,1,1,1,1,1,1,1,1,1,1,1,1,0,0,0,0,0,0,0,0,0,0,0,0,0,0,0,1,1,1,1,1
RCA_001348,PAYMENT,USD,PAID,NET15,OPERATIONS,620100-OPERATIONS,USD,ISSUED,OPERATIONS,620100-OPERATIONS,SOFTWARE,US,USD,NET15,ACH,ACTIVE,ACH,USD,COMPLETED,SETTLED,ACH_DEBIT,USD,DEBIT,POSTED,DIRECTOR,APPROVED,PAYMENT,12312.639999999999,12246.24,0,66.400000000000006,244,15,0,1,16,12246.24,765.38999999999999,12312.639999999999,12246.24,0,66.400000000000006,256,1,16,12246.24,20795.709999999999,229,2,20795.709999999999,2,20795.709999999999,1,20770.709999999999,224,1,2,1,20795.709999999999,20795.709999999999,20795.709999999999,20795.709999999999,5,3,2,2,0,2,0,27,4,300,0,0.84615384615384615,2,87.870000000000005,0,0,0,1,0,0,0,0,0,0,0,0,0,0,0,25,0.0012021710246969206,0,0,0,25,12,15,0,18480,1,1,1,1,1,0,1,1,1,1,1,1,1,1,1,1,1,1,1,1,1,1,1,1,1,1,0,0,0,0,0,0,0,0,0,0,0,0,0,0,0,2,1,1,1,1
RCA_001349,PAYMENT,USD,PAID,NET15,FINANCE,630100-FINANCE,__MISSING__,__MISSING__,__MISSING__,__MISSING__,SUPPLIER,US,USD,NET15,WIRE,ACTIVE,WIRE,USD,COMPLETED,SETTLED,WIRE_DEBIT,USD,DEBIT,POSTED,MANAGER,APPROVED,PAYMENT,829.16999999999996,829.16999999999996,0,0,76,15,5,1,1,829.16999999999996,829.16999999999996,,,,,,0,0,0,331.67000000000002,58,2,829.16999999999996,1,829.16999999999996,2,497.5,60,1,4,2,829.16999999999996,829.16999999999996,829.16999999999996,829.16999999999996,2,1,1,1,0,2,2,31,4,64,0,0.84615384615384615,6,6.1799999999999997,0,0,0,1,0,,,,,,,0,0,0,0,165.83000000000001,0.49998492477462536,0,497.5,497.5,165.83000000000001,,18,-3,17100,0,-1,-1,-1,1,0,-1,1,1,1,1,1,1,1,1,1,1,1,1,0,1,1,1,1,1,1,0,0,0,0,0,0,0,0,0,0,0,0,0,0,0,1,2,2,1,1
RCA_001351,PAYMENT,USD,PAID,NET60,MARKETING,650100-MARKETING,USD,ISSUED,MARKETING,650100-MARKETING,LOGISTICS,US,USD,NET60,WIRE,ACTIVE,WIRE,USD,COMPLETED,SETTLED,WIRE_DEBIT,USD,DEBIT,POSTED,MANAGER,APPROVED,PAYMENT,1408.2,1265.1199999999999,126.51000000000001,16.57,85,60,0,2,28,1265.1199999999999,73.120000000000005,1408.2,1265.1199999999999,126.51000000000001,16.57,88,2,28,1265.1199999999999,1408.2,25,1,1408.2,1,1408.2,1,1388.2,22,1,2,1,1408.2,1408.2,1408.2,1408.2,2,1,1,1,0,0,0,32,4,14,0,0.76923076923076916,11,213.59999999999999,0,0,0,1,0,0,0,0,0,0,0,0,0,0,0,20,0.014202528049992899,0,0,0,20,3,60,0,84780,1,1,1,1,1,0,1,1,1,1,1,1,1,1,1,1,1,1,1,1,1,0,1,1,1,1,0,0,0,0,0,0,0,0,0,0,0,0,0,0,1,1,1,1,1,1
RCA_001352,PAYMENT,USD,PAID,NET15,IT,680100-IT,__MISSING__,__MISSING__,__MISSING__,__MISSING__,SOFTWARE,US,USD,NET15,ACH,ACTIVE,ACH,USD,COMPLETED,SETTLED,ACH_DEBIT,USD,DEBIT,POSTED,DIRECTOR,APPROVED,PAYMENT,14171.33,14171.33,0,0,473,15,0,2,15,14171.33,1112.2,,,,,,0,0,0,28996.799999999999,286,2,28996.799999999999,2,28996.799999999999,1,28961.799999999999,281,1,2,1,28996.799999999999,28996.799999999999,28996.799999999999,28996.799999999999,6,4,2,2,0,2,0,27,4,300,0,0.92307692307692313,1,21.260000000000002,0,0,0,1,0,,,,,,,0,0,0,0,35,0.0012070297412128234,0,0,0,35,,187,0,18480,0,-1,-1,-1,1,0,-1,1,1,1,1,1,1,1,1,1,1,1,1,1,1,1,1,1,1,1,0,0,0,0,0,0,0,0,0,0,0,0,0,0,0,2,1,1,1,1
RCA_001355,PAYMENT,USD,PAID,NET45,PEOPLE,660100-PEOPLE,USD,ISSUED,PEOPLE,660100-PEOPLE,SUPPLIER,US,USD,NET45,ACH,ACTIVE,ACH,USD,COMPLETED,SETTLED,ACH_DEBIT,USD,DEBIT,POSTED,DIRECTOR,APPROVED,PAYMENT,2383.4699999999998,2166.79,216.68000000000001,0,221,45,0,3,30,2166.79,132.37333333333333,2383.4699999999998,2166.79,216.68000000000001,0,248,3,30,2166.79,26196.07,173,2,26196.07,2,26196.07,1,26171.07,168,1,2,1,26196.07,26196.07,26196.07,26196.07,5,3,2,2,0,0,0,31,4,44,0,0.84615384615384615,2,10.609999999999999,0,0,0,1,0,0,0,0,0,0,0,0,0,0,0,25,0.00095434162452612162,0,0,0,25,27,48,0,58800,1,1,1,1,1,0,1,1,1,1,1,1,1,1,1,1,1,1,1,1,1,0,1,1,1,1,0,0,0,0,0,0,0,0,0,0,0,0,0,0,1,2,1,1,1,1
RCA_001360,PAYMENT,EUR,PAID,NET15,FINANCE,630100-FINANCE,__MISSING__,__MISSING__,__MISSING__,__MISSING__,SOFTWARE,DE,EUR,NET15,ACH,ACTIVE,ACH,EUR,COMPLETED,SETTLED,ACH_DEBIT,EUR,DEBIT,POSTED,MANAGER,APPROVED,PAYMENT,7573.46,7045.0799999999999,528.38,0,194,15,1,3,20,7045.0799999999999,309.92666666666668,,,,,,0,0,0,3029.3800000000001,176,2,7573.46,1,7573.46,2,4544.0799999999999,174,1,4,2,7573.46,7573.46,7573.46,7573.46,2,1,1,1,0,1,0,27,4,23,0,0.84615384615384615,31,88.849999999999994,0,0,0,1,0,,,,,,,0,0,0,0,1514.7,0.50000330100548629,0,4544.0799999999999,4544.0799999999999,1514.7,,18,-3,22860,0,-1,-1,-1,1,0,-1,1,1,1,1,1,1,1,1,1,1,1,1,1,1,1,1,1,1,1,0,0,0,0,0,0,0,0,0,0,0,0,0,0,0,1,2,2,1,1
RCA_001361,PAYMENT,USD,PAID,NET30,OPERATIONS,620100-OPERATIONS,USD,ISSUED,OPERATIONS,620100-OPERATIONS,SOFTWARE,US,USD,NET30,ACH,ACTIVE,ACH,USD,COMPLETED,SETTLED,ACH_DEBIT,USD,DEBIT,POSTED,MANAGER,APPROVED,PAYMENT,3362.4400000000001,3056.7600000000002,305.68000000000001,0,488,30,5,4,31,3056.7600000000002,102.545,3362.4400000000001,3056.7600000000002,305.68000000000001,0,501,4,31,3056.7600000000002,2017.46,458,2,3362.4400000000001,1,3362.4400000000001,2,1982.46,454,1,4,2,3362.4400000000001,3362.4400000000001,3362.4400000000001,3362.4400000000001,2,1,1,1,0,1,0,30,4,31,0,0.84615384615384615,4,156.66,0,0,0,1,0,0,0,0,0,0,0,0,0,0,0,35,0.01734854718309161,0,1344.98,1344.98,35,13,30,0,34380,1,1,1,1,1,0,1,1,1,1,1,1,1,1,1,1,1,1,1,0,1,1,1,1,1,1,0,0,0,0,0,0,0,0,0,0,0,0,0,0,0,1,2,2,1,1
RCA_001362,PAYMENT,GBP,PAID,NET30,FINANCE,630100-FINANCE,__MISSING__,__MISSING__,__MISSING__,__MISSING__,SOFTWARE,GB,GBP,NET30,WIRE,ACTIVE,WIRE,GBP,COMPLETED,SETTLED,WIRE_DEBIT,GBP,DEBIT,POSTED,MANAGER,APPROVED,PAYMENT,4785.7799999999997,4451.8900000000003,333.88999999999999,0,197,30,2,2,17,4451.8900000000003,373.38999999999999,,,,,,0,0,0,6715.5900000000001,134,2,6715.5900000000001,2,6715.5900000000001,1,6680.5900000000001,133,1,2,1,6715.5900000000001,6715.5900000000001,6715.5900000000001,6715.5900000000001,4,2,1,1,0,1,0,26,4,35,0,0.84615384615384615,3,0,0,0,0,1,0,,,,,,,0,0,0,0,35,0.0052117535465982887,0,0,0,35,,63,0,38700,0,-1,-1,-1,1,0,-1,1,1,1,1,1,1,1,1,1,1,1,1,1,1,1,1,1,1,1,0,0,0,0,0,0,0,0,0,0,0,0,0,0,0,2,1,1,1,1
RCA_001363,PAYMENT,JPY,PAID,NET30,PEOPLE,660100-PEOPLE,JPY,ISSUED,PEOPLE,660100-PEOPLE,SERVICES,JP,JPY,NET30,ACH,ACTIVE,ACH,JPY,COMPLETED,SETTLED,ACH_DEBIT,JPY,DEBIT,POSTED,MANAGER,APPROVED,PAYMENT,1903,1776,89,38,61,30,1,1,24,1776,74,1903,1776,89,38,71,1,24,1776,761,28,2,1903,1,1903,2,1142,27,1,4,2,1903,1903,1903,1903,2,1,1,1,0,0,0,25,4,4,0,0.76923076923076916,19,170,0,0,0,1,0,0,0,0,0,0,0,0,0,0,0,381,0.50065703022339025,0,1142,1142,381,10,33,-3,44460,1,1,1,1,1,0,1,1,1,1,1,1,1,1,1,1,1,1,1,0,1,0,1,1,1,1,0,0,0,0,0,0,0,0,0,0,0,0,0,0,1,1,2,2,1,1
RCA_001366,PAYMENT,USD,PAID,NET15,SALES,640100-SALES,USD,ISSUED,SALES,640100-SALES,SUPPLIER,US,USD,NET15,WIRE,ACTIVE,WIRE,USD,COMPLETED,SETTLED,WIRE_DEBIT,USD,DEBIT,POSTED,MANAGER,APPROVED,PAYMENT,2216.8400000000001,2048.2800000000002,153.62,14.94,384,15,2,2,14,2048.2800000000002,154.44999999999999,2216.8400000000001,2048.2800000000002,153.62,14.94,403,2,14,2048.2800000000002,886.74000000000001,366,2,2216.8400000000001,1,2216.8400000000001,2,1330.0999999999999,368,1,4,2,2216.8400000000001,2216.8400000000001,2216.8400000000001,2216.8400000000001,2,1,1,1,0,2,0,31,4,64,0,0.84615384615384615,1,13.460000000000001,0,0,0,1,0,0,0,0,0,0,0,0,0,0,0,443.36000000000001,0.49998872273721723,0,1330.0999999999999,1330.0999999999999,443.36000000000001,19,18,-3,21420,1,1,1,1,1,0,1,1,1,1,1,1,1,1,1,1,1,1,1,1,1,1,1,1,1,1,0,0,0,0,0,0,0,0,0,0,0,0,0,0,0,1,2,2,1,1
RCA_001367,PAYMENT,USD,PAID,NET45,OPERATIONS,620100-OPERATIONS,USD,ISSUED,OPERATIONS,620100-OPERATIONS,SOFTWARE,US,USD,NET45,ACH,ACTIVE,ACH,USD,COMPLETED,SETTLED,ACH_DEBIT,USD,DEBIT,POSTED,MANAGER,APPROVED,PAYMENT,3162.4899999999998,2874.9899999999998,287.5,0,347,45,1,4,66,2874.9899999999998,54.712499999999999,3162.4899999999998,2874.9899999999998,287.5,0,357,4,66,2874.9899999999998,3696.2399999999998,126,2,3696.2399999999998,2,3696.2399999999998,1,3681.2399999999998,123,1,2,1,3696.2399999999998,3696.2399999999998,3696.2399999999998,3696.2399999999998,4,2,1,1,0,1,1,30,4,350,0,0.92307692307692313,0,27.920000000000002,0,0,0,1,0,0,0,0,0,0,0,0,0,0,0,15,0.004058178040386988,0,0,0,15,10,221,0,61740,1,1,1,1,1,0,1,1,1,1,1,1,1,1,1,1,1,1,1,1,1,1,1,1,1,1,0,0,0,0,0,0,0,0,0,0,0,0,0,0,0,2,1,1,1,1
RCA_001368,PAYMENT,EUR,PAID,NET60,IT,680100-IT,__MISSING__,__MISSING__,__MISSING__,__MISSING__,LOGISTICS,DE,EUR,NET60,ACH,ACTIVE,ACH,EUR,COMPLETED,SETTLED,ACH_DEBIT,EUR,DEBIT,POSTED,DIRECTOR,APPROVED,PAYMENT,14178,14178,0,0,450,60,0,2,8,14178,2097.7199999999998,,,,,,0,0,0,14178,390,1,14178,1,14178,1,14163,385,1,2,1,14178,14178,14178,14178,3,2,2,2,0,0,0,32,4,14,0,0.76923076923076916,15,263.25999999999999,0,0,0,1,0,,,,,,,0,0,0,0,15,0.0010579771476936098,0,0,0,15,,60,0,83280,0,-1,-1,-1,1,0,-1,1,1,1,1,1,1,1,1,1,1,1,1,1,1,0,1,1,1,1,0,0,0,0,0,0,0,0,0,0,0,0,0,0,1,1,1,1,1,1
RCA_001369,PAYMENT,USD,PAID,NET30,LEGAL,670100-LEGAL,__MISSING__,__MISSING__,__MISSING__,__MISSING__,SUPPLIER,US,USD,NET30,CHECK,ACTIVE,CHECK,USD,COMPLETED,SETTLED,CHECK_CLEARING,USD,DEBIT,POSTED,MANAGER,APPROVED,PAYMENT,3711.5100000000002,3374.0999999999999,337.41000000000003,0,175,30,5,1,5,3374.0999999999999,674.82000000000005,,,,,,0,0,0,2226.9099999999999,145,2,3711.5100000000002,1,3711.5100000000002,2,2191.9099999999999,131,1,4,2,3711.5100000000002,3711.5100000000002,3711.5100000000002,3711.5100000000002,2,1,1,1,0,0,0,29,4,13,0,0.84615384615384615,7,0,0,0,0,1,0,,,,,,,0,0,0,0,35,0.015716845314808412,0,1484.5999999999999,1484.5999999999999,35,,30,0,34380,0,-1,-1,-1,1,0,-1,1,1,1,1,1,1,1,1,1,1,1,1,1,1,0,1,1,1,1,0,0,0,0,0,0,0,0,0,0,0,0,0,0,1,1,2,2,1,1
RCA_001372,PAYMENT,USD,PAID,NET45,PEOPLE,660100-PEOPLE,USD,ISSUED,PEOPLE,660100-PEOPLE,SUPPLIER,US,USD,NET45,ACH,ACTIVE,ACH,USD,COMPLETED,SETTLED,ACH_DEBIT,USD,DEBIT,POSTED,MANAGER,APPROVED,PAYMENT,2643.3600000000001,2449.1999999999998,183.69,10.470000000000001,319,45,0,2,24,2449.1999999999998,221.53999999999999,2643.3600000000001,2449.1999999999998,183.69,10.470000000000001,337,2,24,2449.1999999999998,2643.3600000000001,274,1,2643.3600000000001,1,2643.3600000000001,1,2623.3600000000001,271,1,2,1,2643.3600000000001,2643.3600000000001,2643.3600000000001,2643.3600000000001,2,1,1,1,0,0,0,33,4,8,0,0.76923076923076916,15,990.77999999999997,0,0,0,1,0,0,0,0,0,0,0,0,0,0,0,20,0.0075661279583560314,0,0,0,20,18,45,0,63180,1,1,1,1,1,0,1,1,1,1,1,1,1,1,1,1,1,1,1,1,1,0,1,1,1,1,0,0,0,0,0,0,0,0,0,0,0,0,0,0,1,1,1,1,1,1
RCA_001374,PAYMENT,EUR,PAID,NET30,MARKETING,650100-MARKETING,EUR,ISSUED,MARKETING,650100-MARKETING,SERVICES,DE,EUR,NET30,CHECK,ACTIVE,CHECK,EUR,COMPLETED,SETTLED,CHECK_CLEARING,EUR,DEBIT,POSTED,DIRECTOR,APPROVED,PAYMENT,11916.780000000001,10833.440000000001,1083.3399999999999,0,177,30,0,1,8,10833.440000000001,1354.1800000000001,11916.780000000001,10833.440000000001,1083.3399999999999,0,195,1,8,10833.440000000001,11916.780000000001,147,1,11916.780000000001,1,11916.780000000001,1,11891.780000000001,133,1,2,1,11916.780000000001,11916.780000000001,11916.780000000001,11916.780000000001,3,2,2,2,0,0,0,29,4,67,0,0.84615384615384615,6,1156.3499999999999,0,0,0,1,0,0,0,0,0,0,0,0,0,0,0,25,0.0020978821460159538,0,0,0,25,18,30,0,40080,1,1,1,1,1,0,1,1,1,1,1,1,1,1,1,1,1,1,1,1,1,0,1,1,1,1,0,0,0,0,0,0,0,0,0,0,0,0,0,0,1,1,1,1,1,1
RCA_001376,PAYMENT,USD,PAID,NET45,PEOPLE,660100-PEOPLE,USD,ISSUED,PEOPLE,660100-PEOPLE,SUPPLIER,US,USD,NET45,ACH,ACTIVE,ACH,USD,COMPLETED,SETTLED,ACH_DEBIT,USD,DEBIT,POSTED,MANAGER,APPROVED,PAYMENT,2392.3600000000001,2203.8600000000001,165.28999999999999,23.210000000000001,189,45,4,4,57,2203.8600000000001,61.589999999999996,2392.3600000000001,2203.8600000000001,165.28999999999999,23.210000000000001,189,4,57,2203.8600000000001,1435.4200000000001,144,2,2392.3600000000001,1,2392.3600000000001,2,1410.4200000000001,139,1,4,2,2392.3600000000001,2392.3600000000001,2392.3600000000001,2392.3600000000001,2,1,1,1,0,1,1,31,4,10,0,0.76923076923076916,17,108.56,0,0,0,1,0,0,0,0,0,0,0,0,0,0,0,25,0.017416505273717797,0,956.94000000000005,956.94000000000005,25,0,45,0,57420,1,1,1,1,1,0,1,1,1,1,1,1,1,1,1,1,1,1,1,1,1,1,1,1,1,1,0,0,0,0,0,0,0,0,0,0,0,0,0,0,0,1,2,2,1,1
RCA_001377,PAYMENT,USD,PAID,NET45,FINANCE,630100-FINANCE,__MISSING__,__MISSING__,__MISSING__,__MISSING__,PROFESSIONAL,US,USD,NET45,ACH,ACTIVE,ACH,USD,COMPLETED,SETTLED,ACH_DEBIT,USD,DEBIT,POSTED,MANAGER,APPROVED,PAYMENT,2152.0999999999999,2152.0999999999999,0,0,512,45,1,1,2,2152.0999999999999,1076.05,,,,,,0,0,0,2152.0999999999999,467,1,2152.0999999999999,1,2152.0999999999999,1,2127.0999999999999,462,1,2,1,2152.0999999999999,2152.0999999999999,2152.0999999999999,2152.0999999999999,2,1,1,1,0,1,0,30,4,15,0,0.84615384615384615,17,646.63999999999999,0,0,0,1,0,,,,,,,0,0,0,0,25,0.011616560568746805,0,0,0,25,,45,0,61740,0,-1,-1,-1,1,0,-1,1,1,1,1,1,1,1,1,1,1,1,1,1,1,1,1,1,1,1,0,0,0,0,0,0,0,0,0,0,0,0,0,0,0,1,1,1,1,1
RCA_001379,PAYMENT,USD,PAID,NET45,LEGAL,670100-LEGAL,__MISSING__,__MISSING__,__MISSING__,__MISSING__,SUPPLIER,US,USD,NET45,ACH,ACTIVE,ACH,USD,COMPLETED,SETTLED,ACH_DEBIT,USD,DEBIT,POSTED,DIRECTOR,APPROVED,PAYMENT,11532.82,11532.82,0,0,221,45,2,2,14,11532.82,827.91499999999996,,,,,,0,0,0,4613.1300000000001,173,2,11532.82,1,11532.82,2,6919.6899999999996,173,1,4,2,11532.82,11532.82,11532.82,11532.82,3,2,2,2,0,0,0,29,4,8,0,0.84615384615384615,12,2339.6399999999999,0,0,0,1,0,,,,,,,0,0,0,0,2306.5599999999999,0.49999891613719971,0,6919.6899999999996,6919.6899999999996,2306.5599999999999,,48,-3,63120,0,-1,-1,-1,1,0,-1,1,1,1,1,1,1,1,1,1,1,1,1,1,1,0,1,1,1,1,0,0,0,0,0,0,0,0,0,0,0,0,0,0,1,1,2,2,1,1
RCA_001382,PAYMENT,USD,PAID,NET45,OPERATIONS,620100-OPERATIONS,__MISSING__,__MISSING__,__MISSING__,__MISSING__,PROFESSIONAL,US,USD,NET45,WIRE,ACTIVE,WIRE,USD,COMPLETED,SETTLED,WIRE_DEBIT,USD,DEBIT,POSTED,MANAGER,APPROVED,PAYMENT,3853.6500000000001,3584.79,268.86000000000001,0,289,45,2,2,19,3584.79,186.54500000000002,,,,,,0,0,0,3853.6500000000001,244,1,3853.6500000000001,1,3853.6500000000001,1,3833.6500000000001,243,1,2,1,3853.6500000000001,3853.6500000000001,3853.6500000000001,3853.6500000000001,2,1,1,1,0,1,1,31,4,8,0,0.92307692307692313,16,0,0,0,0,1,0,,,,,,,0,0,0,0,20,0.0051898849143020252,0,0,0,20,,45,0,60300,0,-1,-1,-1,1,0,-1,1,1,1,1,1,1,1,1,1,1,1,1,1,1,1,1,1,1,1,0,0,0,0,0,0,0,0,0,0,0,0,0,0,0,1,1,1,1,1
RCA_001383,PAYMENT,USD,PAID,NET45,FINANCE,630100-FINANCE,USD,ISSUED,FINANCE,630100-FINANCE,SOFTWARE,US,USD,NET45,ACH,ACTIVE,ACH,USD,COMPLETED,SETTLED,ACH_DEBIT,USD,DEBIT,POSTED,MANAGER,APPROVED,PAYMENT,4215.4200000000001,3832.1999999999998,383.22000000000003,0,38,45,3,4,40,3832.1999999999998,59.329999999999998,4215.4200000000001,3832.1999999999998,383.22000000000003,0,65,4,40,3832.1999999999998,6131.4899999999998,15,2,6131.4899999999998,2,6131.4899999999998,1,6111.4899999999998,12,1,2,1,6131.4899999999998,6131.4899999999998,6131.4899999999998,6131.4899999999998,4,2,1,1,0,1,1,30,4,350,0,0.92307692307692313,1,5.9199999999999999,0,0,0,1,0,0,0,0,0,0,0,0,0,0,0,20,0.0032618498929297773,0,0,0,20,27,23,0,27180,1,1,1,1,1,0,1,1,1,1,1,1,1,1,1,1,1,1,1,1,1,1,1,1,1,1,0,0,0,0,0,0,0,0,0,0,0,0,0,0,0,2,1,1,1,1
RCA_001384,PAYMENT,USD,PAID,NET45,OPERATIONS,620100-OPERATIONS,__MISSING__,__MISSING__,__MISSING__,__MISSING__,SOFTWARE,US,USD,NET45,VIRTUAL_CARD,ACTIVE,VIRTUAL_CARD,USD,COMPLETED,SETTLED,CARD_SETTLEMENT,USD,DEBIT,POSTED,MANAGER,APPROVED,PAYMENT,2498.1399999999999,2271.04,227.09999999999999,0,281,45,4,3,5,2271.04,652.79333333333341,,,,,,0,0,0,2498.1399999999999,236,1,2498.1399999999999,1,2498.1399999999999,1,2483.1399999999999,232,1,2,1,2498.1399999999999,2498.1399999999999,2498.1399999999999,2498.1399999999999,2,1,1,1,0,0,0,35,4,20,0,0.84615384615384615,6,233.13999999999999,0,0,0,1,0,,,,,,,0,0,0,0,15,0.0060044673236888243,0,0,0,15,,45,0,57420,0,-1,-1,-1,1,0,-1,1,1,1,1,1,1,1,1,1,1,1,1,1,1,0,1,1,1,1,0,0,0,0,0,0,0,0,0,0,0,0,0,0,1,1,1,1,1,1
RCA_001385,PAYMENT,USD,PAID,NET30,PEOPLE,660100-PEOPLE,__MISSING__,__MISSING__,__MISSING__,__MISSING__,SERVICES,US,USD,NET30,ACH,ACTIVE,ACH,USD,COMPLETED,SETTLED,ACH_DEBIT,USD,DEBIT,POSTED,MANAGER,APPROVED,PAYMENT,7289.6099999999997,7289.6099999999997,0,0,205,30,3,2,19,7289.6099999999997,366.57499999999999,,,,,,0,0,0,2915.8400000000001,172,2,7289.6099999999997,1,7289.6099999999997,2,4373.7700000000004,172,1,4,2,7289.6099999999997,7289.6099999999997,7289.6099999999997,7289.6099999999997,2,1,1,1,0,1,1,30,4,48,0,0.84615384615384615,3,306.44999999999999,0,0,0,1,0,,,,,,,0,0,0,0,1457.9300000000001,0.50000342954345922,0,4373.7700000000004,4373.7700000000004,1457.9300000000001,,33,-3,41580,0,-1,-1,-1,1,0,-1,1,1,1,1,1,1,1,1,1,1,1,1,1,1,1,1,1,1,1,0,0,0,0,0,0,0,0,0,0,0,0,0,0,0,1,2,2,1,1
RCA_001386,PAYMENT,USD,PAID,NET15,LEGAL,670100-LEGAL,USD,ISSUED,LEGAL,670100-LEGAL,SOFTWARE,US,USD,NET15,WIRE,ACTIVE,WIRE,USD,COMPLETED,SETTLED,WIRE_DEBIT,USD,DEBIT,POSTED,MANAGER,APPROVED,PAYMENT,2736.54,2545.6199999999999,190.91999999999999,0,469,15,4,1,19,2545.6199999999999,133.97999999999999,2736.54,2545.6199999999999,190.91999999999999,0,481,1,19,2545.6199999999999,1094.6199999999999,451,2,2736.54,1,2736.54,2,1641.9200000000001,453,1,4,2,2736.54,2736.54,2736.54,2736.54,2,1,1,1,0,0,0,34,4,4,0,0.76923076923076916,113,155.99000000000001,0,0,0,1,0,0,0,0,0,0,0,0,0,0,0,547.29999999999995,0.4999908644095668,0,1641.9200000000001,1641.9200000000001,547.29999999999995,12,18,-3,18540,1,1,1,1,1,0,1,1,1,1,1,1,1,1,1,1,1,1,1,1,1,0,1,1,1,1,0,0,0,0,0,0,0,0,0,0,0,0,0,0,1,1,2,2,1,1
RCA_001387,PAYMENT,USD,PAID,NET45,OPERATIONS,620100-OPERATIONS,USD,ISSUED,OPERATIONS,620100-OPERATIONS,PROFESSIONAL,US,USD,NET45,ACH,ACTIVE,ACH,USD,COMPLETED,SETTLED,ACH_DEBIT,USD,DEBIT,POSTED,MANAGER,APPROVED,PAYMENT,4737.6499999999996,4306.9499999999998,430.69999999999999,0,357,45,1,2,15,4306.9499999999998,309.97500000000002,4737.6499999999996,4306.9499999999998,430.69999999999999,0,371,2,15,4306.9499999999998,2842.5900000000001,312,2,4737.6499999999996,1,4737.6499999999996,2,2827.5900000000001,307,1,4,2,4737.6499999999996,4737.6499999999996,4737.6499999999996,4737.6499999999996,2,1,1,1,0,1,0,30,4,15,0,0.84615384615384615,6,116.81,0,0,0,1,0,0,0,0,0,0,0,0,0,0,0,15,0.0052768777769569303,0,1895.0599999999999,1895.0599999999999,15,14,45,0,61740,1,1,1,1,1,0,1,1,1,1,1,1,1,1,1,1,1,1,1,1,1,1,1,1,1,1,0,0,0,0,0,0,0,0,0,0,0,0,0,0,0,1,2,2,1,1
RCA_001389,PAYMENT,EUR,PAID,NET30,IT,680100-IT,EUR,ISSUED,IT,680100-IT,SUPPLIER,DE,EUR,NET30,ACH,ACTIVE,ACH,EUR,COMPLETED,SETTLED,ACH_DEBIT,EUR,DEBIT,POSTED,MANAGER,APPROVED,PAYMENT,2116.8299999999999,1961.8199999999999,147.13999999999999,7.8700000000000001,350,30,0,1,6,1961.8199999999999,326.97000000000003,2116.8299999999999,1961.8199999999999,147.13999999999999,7.8700000000000001,358,1,6,1961.8199999999999,2116.8299999999999,320,1,2116.8299999999999,1,2116.8299999999999,1,2091.8299999999999,315,1,2,1,2116.8299999999999,2116.8299999999999,2116.8299999999999,2116.8299999999999,2,1,1,1,0,0,0,35,4,3,0,0.76923076923076916,46,901.71000000000004,0,0,0,1,0,0,0,0,0,0,0,0,0,0,0,25,0.011810112290547658,0,0,0,25,8,30,0,41580,1,1,1,1,1,0,1,1,1,1,1,1,1,1,1,1,1,1,1,1,1,0,1,1,1,1,0,0,0,0,0,0,0,0,0,0,0,0,0,0,1,1,1,1,1,1
RCA_001390,PAYMENT,USD,PAID,NET30,OPERATIONS,620100-OPERATIONS,USD,ISSUED,OPERATIONS,620100-OPERATIONS,LOGISTICS,US,USD,NET30,ACH,ACTIVE,ACH,USD,COMPLETED,SETTLED,ACH_DEBIT,USD,DEBIT,POSTED,MANAGER,APPROVED,PAYMENT,1403.4100000000001,1286.9200000000001,96.519999999999996,19.969999999999999,412,30,2,2,32,1286.9200000000001,42.079999999999998,1403.4100000000001,1286.9200000000001,96.519999999999996,19.969999999999999,430,2,32,1286.9200000000001,1403.4100000000001,382,1,1403.4100000000001,1,1403.4100000000001,1,1368.4100000000001,377,1,2,1,1403.4100000000001,1403.4100000000001,1403.4100000000001,1403.4100000000001,2,1,1,1,0,0,0,29,4,6,0,0.84615384615384615,5,234.34999999999999,0,0,0,1,0,0,0,0,0,0,0,0,0,0,0,35,0.024939255100077669,0,0,0,35,18,30,0,38700,1,1,1,1,1,0,1,1,1,1,1,1,1,1,1,1,1,1,1,1,1,0,1,1,1,1,0,0,0,0,0,0,0,0,0,0,0,0,0,0,1,1,1,1,1,1
RCA_001391,PAYMENT,USD,PAID,NET45,LEGAL,670100-LEGAL,USD,ISSUED,LEGAL,670100-LEGAL,SOFTWARE,US,USD,NET45,VIRTUAL_CARD,ACTIVE,VIRTUAL_CARD,USD,COMPLETED,SETTLED,CARD_SETTLEMENT,USD,DEBIT,POSTED,DIRECTOR,APPROVED,PAYMENT,28099.830000000002,25545.299999999999,2554.5300000000002,0,451,45,2,4,40,25545.299999999999,1438.095,28099.830000000002,25545.299999999999,2554.5300000000002,0,476,4,40,25545.299999999999,11239.93,403,2,28099.830000000002,1,28099.830000000002,2,16859.900000000001,404,1,4,2,28099.830000000002,28099.830000000002,28099.830000000002,28099.830000000002,3,2,2,2,0,0,0,35,4,20,0,0.76923076923076916,1,16556.57,0,0,0,1,0,0,0,0,0,0,0,0,0,0,0,5619.9700000000003,0.50000044484262807,0,16859.900000000001,16859.900000000001,5619.9700000000003,25,48,-3,63120,1,1,1,1,1,0,1,1,1,1,1,1,1,1,1,1,1,1,1,1,1,0,1,1,1,1,0,0,0,0,0,0,0,0,0,0,0,0,0,0,1,1,2,2,1,1
RCA_001392,PAYMENT,USD,PAID,NET15,PEOPLE,660100-PEOPLE,USD,ISSUED,PEOPLE,660100-PEOPLE,SOFTWARE,US,USD,NET15,ACH,ACTIVE,ACH,USD,COMPLETED,SETTLED,ACH_DEBIT,USD,DEBIT,POSTED,MANAGER,APPROVED,PAYMENT,2387.3699999999999,2387.3699999999999,0,0,148,15,5,3,21,2387.3699999999999,249.73333333333332,2387.3699999999999,2387.3699999999999,0,0,155,3,21,2387.3699999999999,1432.4200000000001,133,2,2387.3699999999999,1,2387.3699999999999,2,1417.4200000000001,130,1,4,2,2387.3699999999999,2387.3699999999999,2387.3699999999999,2387.3699999999999,2,1,1,1,0,1,1,29,4,13,0,0.76923076923076916,36,0.44,0,0,0,1,0,0,0,0,0,0,0,0,0,0,0,15,0.010471789000432835,0,954.95000000000005,954.95000000000005,15,7,15,0,12780,1,1,1,1,1,0,1,1,1,1,1,1,1,1,1,1,1,1,1,1,1,1,1,1,1,1,0,0,0,0,0,0,0,0,0,0,0,0,0,0,0,1,2,2,1,1
RCA_001393,PAYMENT,JPY,PAID,NET60,ENGINEERING,610100-ENGINEERING,__MISSING__,__MISSING__,__MISSING__,__MISSING__,SERVICES,JP,JPY,NET60,WIRE,ACTIVE,WIRE,JPY,COMPLETED,SETTLED,WIRE_DEBIT,JPY,DEBIT,POSTED,DIRECTOR,APPROVED,PAYMENT,15222,14160,1062,0,139,60,4,1,1,14160,14160,,,,,,0,0,0,9133,79,2,15222,1,15222,2,9113,78,1,4,2,15222,15222,15222,15222,3,2,2,2,0,1,1,27,4,14,0,0.84615384615384615,27,0,0,0,0,1,0,,,,,,,0,0,0,0,20,0.0021898609438300667,0,6089,6089,20,,60,0,77520,0,-1,-1,-1,1,0,-1,1,1,1,1,1,1,1,1,1,1,1,1,1,1,1,1,1,1,1,0,0,0,0,0,0,0,0,0,0,0,0,0,0,0,1,2,2,1,1
RCA_001394,PAYMENT,USD,PAID,NET15,MARKETING,650100-MARKETING,USD,ISSUED,MARKETING,650100-MARKETING,SUPPLIER,US,USD,NET15,ACH,ACTIVE,ACH,USD,COMPLETED,SETTLED,ACH_DEBIT,USD,DEBIT,POSTED,MANAGER,APPROVED,PAYMENT,4189.9200000000001,3897.5999999999999,292.31999999999999,0,239,15,1,4,36,3897.5999999999999,595.36500000000001,4189.9200000000001,3897.5999999999999,292.31999999999999,0,252,4,36,3897.5999999999999,4189.9200000000001,224,1,4189.9200000000001,1,4189.9200000000001,1,4154.9200000000001,221,1,2,1,4189.9200000000001,4189.9200000000001,4189.9200000000001,4189.9200000000001,2,1,1,1,0,1,1,31,4,64,0,0.84615384615384615,3,100.8,0,0,0,1,0,0,0,0,0,0,0,0,0,0,0,35,0.0083533814488104784,0,0,0,35,13,15,0,18540,1,1,1,1,1,0,1,1,1,1,1,1,1,1,1,1,1,1,1,1,1,1,1,1,1,1,0,0,0,0,0,0,0,0,0,0,0,0,0,0,0,1,1,1,1,1
RCA_001396,PAYMENT,USD,PAID,NET30,MARKETING,650100-MARKETING,USD,ISSUED,MARKETING,650100-MARKETING,SERVICES,US,USD,NET30,ACH,ACTIVE,ACH,USD,COMPLETED,SETTLED,ACH_DEBIT,USD,DEBIT,POSTED,MANAGER,APPROVED,PAYMENT,2896.7800000000002,2627.04,262.69999999999999,7.04,334,30,1,4,26,2627.04,163.66499999999999,2896.7800000000002,2627.04,262.69999999999999,7.04,350,4,26,2627.04,1738.0699999999999,304,2,2896.7800000000002,1,2896.7800000000002,2,1703.0699999999999,300,1,4,2,2896.7800000000002,2896.7800000000002,2896.7800000000002,2896.7800000000002,2,1,1,1,0,0,0,30,4,7,0,0.76923076923076916,46,85.459999999999994,0,0,0,1,0,0,0,0,0,0,0,0,0,0,0,35,0.020137278705690796,0,1158.71,1158.71,35,16,30,0,40140,1,1,1,1,1,0,1,1,1,1,1,1,1,1,1,1,1,1,1,0,1,0,1,1,1,1,0,0,0,0,0,0,0,0,0,0,0,0,0,0,1,1,2,2,1,1
RCA_001397,PAYMENT,USD,PAID,NET45,LEGAL,670100-LEGAL,USD,ISSUED,LEGAL,670100-LEGAL,SERVICES,US,USD,NET45,ACH,ACTIVE,ACH,USD,COMPLETED,SETTLED,ACH_DEBIT,USD,DEBIT,POSTED,DIRECTOR,APPROVED,PAYMENT,28928.009999999998,26298.189999999999,2629.8200000000002,0,137,45,0,3,53,26298.189999999999,515.05666666666673,28928.009999999998,26298.189999999999,2629.8200000000002,0,166,3,53,26298.189999999999,28928.009999999998,92,1,28928.009999999998,1,28928.009999999998,1,28908.009999999998,89,1,2,1,28928.009999999998,28928.009999999998,28928.009999999998,28928.009999999998,3,2,2,2,0,2,2,30,4,135,0,0.92307692307692313,1,1190.75,0,0,0,1,0,0,0,0,0,0,0,0,0,0,0,20,0.00069137144241861084,0,0,0,20,29,45,0,61680,1,1,1,1,1,0,1,1,1,1,1,1,1,1,1,1,1,1,1,1,1,1,1,1,1,1,0,0,0,0,0,0,0,0,0,0,0,0,0,0,0,1,1,1,1,1
RCA_001399,PAYMENT,CAD,PAID,NET45,PEOPLE,660100-PEOPLE,CAD,ISSUED,PEOPLE,660100-PEOPLE,SUPPLIER,CA,CAD,NET45,ACH,ACTIVE,ACH,CAD,COMPLETED,SETTLED,ACH_DEBIT,CAD,DEBIT,POSTED,MANAGER,APPROVED,PAYMENT,970.72000000000003,862.28999999999996,86.230000000000004,22.199999999999999,233,45,1,2,21,862.28999999999996,63.659999999999997,970.72000000000003,862.28999999999996,86.230000000000004,22.199999999999999,245,2,21,862.28999999999996,388.29000000000002,185,2,970.72000000000003,1,970.72000000000003,2,582.42999999999995,183,1,4,2,970.72000000000003,970.72000000000003,970.72000000000003,970.72000000000003,2,1,1,1,0,0,0,35,4,38,0,0.84615384615384615,1,244.75999999999999,0,0,0,1,0,0,0,0,0,0,0,0,0,0,0,194.13999999999999,0.49998712302660381,0,582.42999999999995,582.42999999999995,194.13999999999999,12,48,-3,66060,1,1,1,1,1,0,1,1,1,1,1,1,1,1,1,1,1,1,1,1,1,0,1,1,1,1,0,0,0,0,0,0,0,0,0,0,0,0,0,0,1,1,2,2,1,1
RCA_001401,PAYMENT,EUR,PAID,NET30,IT,680100-IT,__MISSING__,__MISSING__,__MISSING__,__MISSING__,LOGISTICS,DE,EUR,NET30,WIRE,ACTIVE,WIRE,EUR,COMPLETED,SETTLED,WIRE_DEBIT,EUR,DEBIT,POSTED,MANAGER,APPROVED,PAYMENT,5694.5,5694.5,0,0,305,30,0,3,24,5694.5,258.3966666666667,,,,,,0,0,0,5694.5,275,1,5694.5,1,5694.5,1,5434.0900000000001,267,1,2,1,5694.5,5694.5,5694.5,5694.5,2,1,1,1,0,1,0,29,4,19,0,0.76923076923076916,5,260.41000000000003,0,0,0,1,1,,,,,,,0,0,0,0,260.41000000000003,0.045730090438142065,0,0,0,260.41000000000003,,30,5,41580,0,-1,-1,-1,1,0,-1,1,1,1,1,1,1,1,1,1,1,1,1,1,1,1,1,1,1,1,0,0,0,0,0,0,0,0,0,0,0,0,0,0,0,1,1,1,1,1
RCA_001402,PAYMENT,CAD,PAID,NET30,PEOPLE,660100-PEOPLE,CAD,ISSUED,PEOPLE,660100-PEOPLE,SUPPLIER,CA,CAD,NET30,ACH,ACTIVE,ACH,CAD,COMPLETED,SETTLED,ACH_DEBIT,CAD,DEBIT,POSTED,MANAGER,APPROVED,PAYMENT,508.94999999999999,473.44,35.509999999999998,0,433,30,1,1,22,473.44,21.52,508.94999999999999,473.44,35.509999999999998,0,447,1,22,473.44,508.94999999999999,403,1,508.94999999999999,1,508.94999999999999,1,585.01999999999998,392,1,2,1,508.94999999999999,508.94999999999999,508.94999999999999,508.94999999999999,2,1,1,1,0,0,0,25,4,9,0,0.84615384615384615,6,19.920000000000002,0,0,0,1,1,0,0,0,0,0,0,0,0,0,0,76.069999999999993,0.14946458394734258,0,0,0,76.069999999999993,14,30,6,40140,1,1,1,1,1,0,1,1,1,1,1,1,1,1,1,1,1,1,1,1,1,0,1,1,1,1,0,0,0,0,0,0,0,0,0,0,0,0,0,0,1,1,1,1,1,1
RCA_001404,PAYMENT,USD,PAID,NET15,IT,680100-IT,USD,ISSUED,IT,680100-IT,SOFTWARE,US,USD,NET15,ACH,ACTIVE,ACH,USD,COMPLETED,SETTLED,ACH_DEBIT,USD,DEBIT,POSTED,MANAGER,APPROVED,PAYMENT,3705.6500000000001,3447.1199999999999,258.52999999999997,0,115,15,5,2,11,3447.1199999999999,1256.1900000000001,3705.6500000000001,3447.1199999999999,258.52999999999997,0,119,2,11,3447.1199999999999,10768.08,61,2,10768.08,2,10768.08,1,11853.209999999999,54,1,2,1,10768.08,10768.08,10768.08,10768.08,4,2,1,1,0,2,2,27,4,300,0,0.84615384615384615,0,10,0,0,0,1,1,0,0,0,0,0,0,0,0,0,0,1085.1300000000001,0.10077283972630219,0,0,0,1085.1300000000001,4,54,4,14220,1,1,1,1,1,0,1,1,1,1,1,1,1,1,1,1,1,1,1,1,1,1,1,1,1,1,0,0,0,0,0,0,0,0,0,0,0,0,0,0,0,2,1,1,1,1
RCA_001410,PAYMENT,USD,PAID,NET30,SALES,640100-SALES,USD,ISSUED,SALES,640100-SALES,SERVICES,US,USD,NET30,ACH,ACTIVE,ACH,USD,COMPLETED,SETTLED,ACH_DEBIT,USD,DEBIT,POSTED,MANAGER,APPROVED,PAYMENT,4674.3500000000004,4674.3500000000004,0,0,288,30,2,3,36,4674.3500000000004,138.26666666666668,4674.3500000000004,4674.3500000000004,0,0,314,3,36,4674.3500000000004,1869.74,255,2,4674.3500000000004,1,4674.3500000000004,2,2921.3200000000002,246,1,4,2,4674.3500000000004,4674.3500000000004,4674.3500000000004,4674.3500000000004,2,1,1,1,0,0,0,30,4,7,0,0.84615384615384615,7,194.50999999999999,0,0,0,1,1,0,0,0,0,0,0,0,0,0,0,1051.5799999999999,0.56242044348412079,0,2804.6100000000001,2804.6100000000001,1051.5799999999999,26,33,4,43020,1,1,1,1,1,0,1,1,1,1,1,1,1,1,1,1,1,1,1,1,1,0,1,1,1,1,0,0,0,0,0,0,0,0,0,0,0,0,0,0,1,1,2,2,1,1
RCA_001411,PAYMENT,USD,PAID,NET15,LEGAL,670100-LEGAL,USD,ISSUED,LEGAL,670100-LEGAL,SOFTWARE,US,USD,NET15,ACH,ACTIVE,ACH,USD,COMPLETED,SETTLED,ACH_DEBIT,USD,DEBIT,POSTED,DIRECTOR,APPROVED,PAYMENT,10793.969999999999,9812.7000000000007,981.26999999999998,0,62,15,3,2,34,9812.7000000000007,296.89999999999998,10793.969999999999,9812.7000000000007,981.26999999999998,0,63,2,34,9812.7000000000007,11721.299999999999,47,2,11721.299999999999,2,11721.299999999999,1,12283.58,39,1,2,1,11721.299999999999,11721.299999999999,11721.299999999999,11721.299999999999,5,3,2,2,0,2,2,27,4,300,0,0.92307692307692313,0,13.32,0,0,0,1,1,0,0,0,0,0,0,0,0,0,0,562.27999999999997,0.047970788223149312,0,0,0,562.27999999999997,1,15,5,14160,1,1,1,1,1,0,1,1,1,1,1,1,1,1,1,1,1,1,1,1,1,1,1,1,1,1,0,0,0,0,0,0,0,0,0,0,0,0,0,0,0,2,1,1,1,1
RCA_001413,PAYMENT,USD,PAID,NET45,MARKETING,650100-MARKETING,USD,ISSUED,MARKETING,650100-MARKETING,SOFTWARE,US,USD,NET45,ACH,ACTIVE,ACH,USD,COMPLETED,SETTLED,ACH_DEBIT,USD,DEBIT,POSTED,DIRECTOR,APPROVED,PAYMENT,7790.3100000000004,7790.3100000000004,0,0,209,45,2,4,34,7790.3100000000004,773.1875,7790.3100000000004,7790.3100000000004,0,0,214,4,34,7790.3100000000004,28466.060000000001,15,2,28466.060000000001,2,28466.060000000001,1,31111.599999999999,12,1,2,1,28466.060000000001,28466.060000000001,28466.060000000001,28466.060000000001,5,3,2,2,0,1,1,30,4,350,0,0.92307692307692313,0,22.609999999999999,0,0,0,1,1,0,0,0,0,0,0,0,0,0,0,2645.54,0.092936641038485826,0,0,0,2645.54,5,194,0,28560,1,1,1,1,1,0,1,1,1,1,1,1,1,1,1,1,1,1,1,1,1,1,1,1,1,1,0,0,0,0,0,0,0,0,0,0,0,0,0,0,0,2,1,1,1,1
RCA_001414,PAYMENT,USD,PAID,NET45,LEGAL,670100-LEGAL,USD,ISSUED,LEGAL,670100-LEGAL,SOFTWARE,US,USD,NET45,ACH,ACTIVE,ACH,USD,COMPLETED,SETTLED,ACH_DEBIT,USD,DEBIT,POSTED,MANAGER,APPROVED,PAYMENT,7427.8299999999999,6752.5699999999997,675.25999999999999,0,383,45,2,3,27,6752.5699999999997,803.36333333333334,7427.8299999999999,6752.5699999999997,675.25999999999999,0,385,3,27,6752.5699999999997,15838.040000000001,18,2,15838.040000000001,2,15838.040000000001,1,18763.59,12,1,2,1,15838.040000000001,15838.040000000001,15838.040000000001,15838.040000000001,4,2,1,1,0,1,1,30,4,350,0,0.92307692307692313,0,7.5899999999999999,0,0,0,1,1,0,0,0,0,0,0,0,0,0,0,2925.5500000000002,0.18471666948688095,0,0,0,2925.5500000000002,2,365,3,58860,1,1,1,1,1,0,1,1,1,1,1,1,1,1,1,1,1,1,1,1,1,1,1,1,1,1,0,0,0,0,0,0,0,0,0,0,0,0,0,0,0,2,1,1,1,1
RCA_001415,PAYMENT,USD,PAID,NET45,LEGAL,670100-LEGAL,__MISSING__,__MISSING__,__MISSING__,__MISSING__,SOFTWARE,US,USD,NET45,ACH,ACTIVE,ACH,USD,COMPLETED,SETTLED,ACH_DEBIT,USD,DEBIT,POSTED,MANAGER,APPROVED,PAYMENT,4781,4346.3599999999997,434.63999999999999,0,142,45,5,1,4,4346.3599999999997,1086.5899999999999,,,,,,0,0,0,11316.41,97,2,11316.41,2,11316.41,1,13028.84,89,1,2,1,11316.41,11316.41,11316.41,11316.41,4,2,1,1,0,1,1,30,4,350,0,0.92307692307692313,0,22.82,0,0,0,1,1,,,,,,,0,0,0,0,1712.4300000000001,0.15132272513986325,0,0,0,1712.4300000000001,,45,5,55980,0,-1,-1,-1,1,0,-1,1,1,1,1,1,1,1,1,1,1,1,1,1,1,1,1,1,1,1,0,0,0,0,0,0,0,0,0,0,0,0,0,0,0,2,1,1,1,1
RCA_001421,PAYMENT,USD,PAID,NET15,IT,680100-IT,__MISSING__,__MISSING__,__MISSING__,__MISSING__,PROFESSIONAL,US,USD,NET15,ACH,ACTIVE,ACH,USD,COMPLETED,SETTLED,ACH_DEBIT,USD,DEBIT,POSTED,MANAGER,APPROVED,PAYMENT,8440.9099999999999,8440.9099999999999,0,0,229,15,0,3,12,8440.9099999999999,744.23000000000002,,,,,,0,0,0,8440.9099999999999,214,1,8440.9099999999999,1,8440.9099999999999,1,10173.370000000001,202,1,2,1,8440.9099999999999,8440.9099999999999,8440.9099999999999,8440.9099999999999,2,1,1,1,0,2,1,31,4,90,0,0.84615384615384615,1,46.210000000000001,0,0,0,1,1,,,,,,,0,0,0,0,1732.46,0.20524564294608047,0,0,0,1732.46,,15,7,19980,0,-1,-1,-1,1,0,-1,1,1,1,1,1,1,1,1,1,1,1,1,1,1,1,1,1,1,1,0,0,0,0,0,0,0,0,0,0,0,0,0,0,0,1,1,1,1,1
RCA_001422,PAYMENT,USD,PAID,NET45,LEGAL,670100-LEGAL,USD,ISSUED,LEGAL,670100-LEGAL,SERVICES,US,USD,NET45,ACH,ACTIVE,ACH,USD,COMPLETED,SETTLED,ACH_DEBIT,USD,DEBIT,POSTED,MANAGER,APPROVED,PAYMENT,4604.1800000000003,4586.2799999999997,0,17.899999999999999,47,45,5,2,36,4586.2799999999997,156.47999999999999,4604.1800000000003,4586.2799999999997,0,17.899999999999999,67,2,36,4586.2799999999997,2762.5100000000002,15,2,4604.1800000000003,1,4604.1800000000003,2,1841.6700000000001,12,1,4,2,4604.1800000000003,4604.1800000000003,4604.1800000000003,4604.1800000000003,2,1,1,1,0,2,2,30,4,135,0,0.92307692307692313,2,43.909999999999997,0,0,0,1,1,0,0,0,0,0,0,0,0,0,0,920.84000000000003,0.33333453996546619,0,1841.6700000000001,1841.6700000000001,920.84000000000003,20,32,0,37260,1,1,1,1,1,0,1,1,1,1,1,1,1,1,1,1,1,1,1,1,1,1,1,1,1,1,0,0,0,0,0,0,0,0,0,0,0,0,0,0,0,1,2,2,1,1
RCA_001423,PAYMENT,GBP,PAID,NET30,MARKETING,650100-MARKETING,__MISSING__,__MISSING__,__MISSING__,__MISSING__,SERVICES,GB,GBP,NET30,WIRE,ACTIVE,WIRE,GBP,COMPLETED,SETTLED,WIRE_DEBIT,GBP,DEBIT,POSTED,MANAGER,APPROVED,PAYMENT,5696.3100000000004,5178.46,517.85000000000002,0,49,30,3,2,8,5178.46,687.41000000000008,,,,,,0,0,0,5696.3100000000004,19,1,5696.3100000000004,1,5696.3100000000004,1,4869.9300000000003,14,1,2,1,5696.3100000000004,5696.3100000000004,5696.3100000000004,5696.3100000000004,2,1,1,1,0,0,0,30,4,5,0,0.76923076923076916,10,826.38,0,0,0,1,1,,,,,,,0,0,0,0,826.38,0.14507286295865218,0,0,0,826.38,,30,4,37260,0,-1,-1,-1,1,0,-1,1,1,1,1,1,1,1,1,1,1,1,1,1,1,0,1,1,1,1,0,0,0,0,0,0,0,0,0,0,0,0,0,0,1,1,1,1,1,1
RCA_001424,PAYMENT,USD,PAID,NET15,LEGAL,670100-LEGAL,__MISSING__,__MISSING__,__MISSING__,__MISSING__,SUPPLIER,US,USD,NET15,WIRE,ACTIVE,WIRE,USD,COMPLETED,SETTLED,WIRE_DEBIT,USD,DEBIT,POSTED,DIRECTOR,APPROVED,PAYMENT,10129.43,9422.7299999999996,706.70000000000005,0,438,15,1,3,16,9422.7299999999996,581.12,,,,,,0,0,0,6077.6599999999999,423,2,10129.43,1,10129.43,2,5254.4899999999998,421,1,4,2,10129.43,10129.43,10129.43,10129.43,3,2,2,2,0,2,0,31,4,64,0,0.84615384615384615,1,0,0,0,0,1,1,,,,,,,0,0,0,0,823.16999999999996,0.1354419299533044,0,4051.77,4051.77,823.16999999999996,,15,1,17040,0,-1,-1,-1,1,0,-1,1,1,1,1,1,1,1,1,1,1,1,1,1,1,1,1,1,1,1,0,0,0,0,0,0,0,0,0,0,0,0,0,0,0,1,2,2,1,1
RCA_001425,PAYMENT,USD,PAID,NET30,IT,680100-IT,__MISSING__,__MISSING__,__MISSING__,__MISSING__,PROFESSIONAL,US,USD,NET30,ACH,ACTIVE,ACH,USD,COMPLETED,SETTLED,ACH_DEBIT,USD,DEBIT,POSTED,DIRECTOR,APPROVED,PAYMENT,11057.530000000001,11057.530000000001,0,0,351,30,3,3,27,11057.530000000001,370.4666666666667,,,,,,0,0,0,6634.5200000000004,321,2,11057.530000000001,1,11057.530000000001,2,4423.0100000000002,314,1,4,2,11057.530000000001,11057.530000000001,11057.530000000001,11057.530000000001,3,2,2,2,0,1,1,28,4,11,0,0.76923076923076916,0,1301.77,0,0,0,1,1,,,,,,,0,0,0,0,2211.5100000000002,0.3333338357560155,0,4423.0100000000002,4423.0100000000002,2211.5100000000002,,30,3,35760,0,-1,-1,-1,1,0,-1,1,1,1,1,1,1,1,1,1,1,1,1,1,1,1,1,1,1,1,0,0,0,0,0,0,0,0,0,0,0,0,0,0,0,1,2,2,1,1
RCA_001426,PAYMENT,USD,PAID,NET45,PEOPLE,660100-PEOPLE,USD,ISSUED,PEOPLE,660100-PEOPLE,SOFTWARE,US,USD,NET45,ACH,ACTIVE,ACH,USD,COMPLETED,SETTLED,ACH_DEBIT,USD,DEBIT,POSTED,MANAGER,APPROVED,PAYMENT,2717.8299999999999,2489.1500000000001,186.69,41.990000000000002,299,45,1,3,47,2489.1500000000001,98.269999999999996,2717.8299999999999,2489.1500000000001,186.69,41.990000000000002,305,3,47,2489.1500000000001,3467.9899999999998,200,2,3467.9899999999998,2,3467.9899999999998,1,3199.71,195,1,2,1,3467.9899999999998,3467.9899999999998,3467.9899999999998,3467.9899999999998,4,2,1,1,0,1,0,30,4,350,0,0.84615384615384615,1,11.98,0,0,0,1,1,0,0,0,0,0,0,0,0,0,0,268.27999999999997,0.077358931254127031,0,0,0,268.27999999999997,6,99,2,58860,1,1,1,1,1,0,1,1,1,1,1,1,1,1,1,1,1,1,1,1,1,1,1,1,1,1,0,0,0,0,0,0,0,0,0,0,0,0,0,0,0,2,1,1,1,1
RCA_001430,PAYMENT,USD,PAID,NET15,PEOPLE,660100-PEOPLE,USD,ISSUED,PEOPLE,660100-PEOPLE,SOFTWARE,US,USD,NET15,ACH,ACTIVE,ACH,USD,COMPLETED,SETTLED,ACH_DEBIT,USD,DEBIT,POSTED,MANAGER,APPROVED,PAYMENT,1562.72,1453.6900000000001,109.03,0,300,15,3,3,39,1453.6900000000001,34.866666666666667,1562.72,1453.6900000000001,109.03,0,318,3,39,1453.6900000000001,3607.4000000000001,74,2,3607.4000000000001,2,3607.4000000000001,1,4386.3800000000001,62,1,2,1,3607.4000000000001,3607.4000000000001,3607.4000000000001,3607.4000000000001,4,2,1,1,0,2,2,27,4,300,0,0.92307692307692313,1,7.4500000000000002,0,0,0,1,1,0,0,0,0,0,0,0,0,0,0,778.98000000000002,0.21593945778122747,0,0,0,778.98000000000002,18,226,7,14220,1,1,1,1,1,0,1,1,1,1,1,1,1,1,1,1,1,1,1,1,1,1,1,1,1,1,0,0,0,0,0,0,0,0,0,0,0,0,0,0,0,2,1,1,1,1
RCA_001433,PAYMENT,USD,PAID,NET15,SALES,640100-SALES,__MISSING__,__MISSING__,__MISSING__,__MISSING__,PROFESSIONAL,US,USD,NET15,ACH,ACTIVE,ACH,USD,COMPLETED,SETTLED,ACH_DEBIT,USD,DEBIT,POSTED,MANAGER,APPROVED,PAYMENT,3141.6599999999999,3141.6599999999999,0,0,526,15,1,2,15,3141.6599999999999,300.56999999999999,,,,,,0,0,0,3141.6599999999999,511,1,3141.6599999999999,1,3141.6599999999999,1,2966.1999999999998,503,1,2,1,3141.6599999999999,3141.6599999999999,3141.6599999999999,3141.6599999999999,2,1,1,1,0,2,0,31,4,90,0,0.92307692307692313,4,109.70999999999999,0,0,0,1,1,,,,,,,0,0,0,0,175.46000000000001,0.055849455383459701,0,0,0,175.46000000000001,,15,4,18540,0,-1,-1,-1,1,0,-1,1,1,1,1,1,1,1,1,1,1,1,1,1,1,1,1,1,1,1,0,0,0,0,0,0,0,0,0,0,0,0,0,0,0,1,1,1,1,1
RCA_001434,PAYMENT,USD,PAID,NET15,PEOPLE,660100-PEOPLE,USD,ISSUED,PEOPLE,660100-PEOPLE,SOFTWARE,US,USD,NET15,ACH,ACTIVE,ACH,USD,COMPLETED,SETTLED,ACH_DEBIT,USD,DEBIT,POSTED,MANAGER,APPROVED,PAYMENT,2627.5,2381.2800000000002,238.13,8.0899999999999999,177,15,3,2,32,2381.2800000000002,109.33,2627.5,2381.2800000000002,238.13,8.0899999999999999,182,2,32,2381.2800000000002,15138.85,162,2,15138.85,2,15138.85,1,13288.02,158,1,2,1,15138.85,15138.85,15138.85,15138.85,5,3,2,2,0,2,2,27,4,300,0,0.92307692307692313,1,17.649999999999999,0,0,0,1,1,0,0,0,0,0,0,0,0,0,0,1850.8299999999999,0.12225697460507239,0,0,0,1850.8299999999999,5,15,1,15660,1,1,1,1,1,0,1,1,1,1,1,1,1,1,1,1,1,1,1,1,1,1,1,1,1,1,0,0,0,0,0,0,0,0,0,0,0,0,0,0,0,2,1,1,1,1
RCA_001436,PAYMENT,USD,PAID,NET15,MARKETING,650100-MARKETING,USD,ISSUED,MARKETING,650100-MARKETING,SOFTWARE,US,USD,NET15,CHECK,ACTIVE,CHECK,USD,COMPLETED,SETTLED,CHECK_CLEARING,USD,DEBIT,POSTED,MANAGER,APPROVED,PAYMENT,8332.0499999999993,7750.7399999999998,581.30999999999995,0,522,15,5,3,60,7750.7399999999998,119.73,8332.0499999999993,7750.7399999999998,581.30999999999995,0,528,3,60,7750.7399999999998,15553.17,318,2,15553.17,2,15553.17,1,13480.27,300,1,2,1,15553.17,15553.17,15553.17,15553.17,4,2,1,1,0,1,0,28,4,150,0,0.84615384615384615,1,7,0,0,0,1,1,0,0,0,0,0,0,0,0,0,0,2072.9000000000001,0.13327829632158589,0,0,0,2072.9000000000001,6,204,4,14220,1,1,1,1,1,0,1,1,1,1,1,1,1,1,1,1,1,1,1,1,1,1,1,1,1,1,0,0,0,0,0,0,0,0,0,0,0,0,0,0,0,2,1,1,1,1
RCA_001438,PAYMENT,USD,PAID,NET15,OPERATIONS,620100-OPERATIONS,USD,ISSUED,OPERATIONS,620100-OPERATIONS,SUPPLIER,US,USD,NET15,WIRE,ACTIVE,WIRE,USD,COMPLETED,SETTLED,WIRE_DEBIT,USD,DEBIT,POSTED,MANAGER,APPROVED,PAYMENT,2655.7399999999998,2541.3000000000002,0,114.44,307,15,0,1,6,2541.3000000000002,423.55000000000001,2655.7399999999998,2541.3000000000002,0,114.44,323,1,6,2541.3000000000002,1593.4400000000001,292,2,2655.7399999999998,1,2655.7399999999998,2,1062.3,288,1,4,2,2655.7399999999998,2655.7399999999998,2655.7399999999998,2655.7399999999998,2,1,1,1,0,2,0,31,4,64,0,0.84615384615384615,3,6.0199999999999996,0,0,0,1,1,0,0,0,0,0,0,0,0,0,0,531.13999999999999,0.3333291495130033,0,1062.3,1062.3,531.13999999999999,16,15,3,19980,1,1,1,1,1,0,1,1,1,1,1,1,1,1,1,1,1,1,1,1,1,1,1,1,1,1,0,0,0,0,0,0,0,0,0,0,0,0,0,0,0,1,2,2,1,1
RCA_001439,PAYMENT,USD,PAID,NET15,MARKETING,650100-MARKETING,__MISSING__,__MISSING__,__MISSING__,__MISSING__,SOFTWARE,US,USD,NET15,ACH,ACTIVE,ACH,USD,COMPLETED,SETTLED,ACH_DEBIT,USD,DEBIT,POSTED,MANAGER,APPROVED,PAYMENT,7701.21,7701.21,0,0,336,15,1,4,32,7701.21,272.435,,,,,,0,0,0,13562.4,109,2,13562.4,2,13562.4,1,15257.26,102,1,2,1,13562.4,13562.4,13562.4,13562.4,4,2,1,1,0,2,2,27,4,300,0,0.92307692307692313,1,8.9299999999999997,0,0,0,1,1,,,,,,,0,0,0,0,1694.8599999999999,0.12496755736447826,0,0,0,1694.8599999999999,,227,4,14220,0,-1,-1,-1,1,0,-1,1,1,1,1,1,1,1,1,1,1,1,1,1,1,1,1,1,1,1,0,0,0,0,0,0,0,0,0,0,0,0,0,0,0,2,1,1,1,1
RCA_001440,PAYMENT,USD,PAID,NET45,MARKETING,650100-MARKETING,USD,ISSUED,MARKETING,650100-MARKETING,SOFTWARE,US,USD,NET45,ACH,ACTIVE,ACH,USD,COMPLETED,SETTLED,ACH_DEBIT,USD,DEBIT,POSTED,DIRECTOR,APPROVED,PAYMENT,11247.18,10437.75,782.83000000000004,26.600000000000001,218,45,2,2,27,10437.75,327.55000000000001,11247.18,10437.75,782.83000000000004,26.600000000000001,233,2,27,10437.75,14134.110000000001,173,2,14134.110000000001,2,14134.110000000001,1,16954.41,162,1,2,1,14134.110000000001,14134.110000000001,14134.110000000001,14134.110000000001,5,3,2,2,0,1,0,30,4,350,0,0.92307692307692313,0,94.709999999999994,0,0,0,1,1,0,0,0,0,0,0,0,0,0,0,2820.3000000000002,0.19953856309311305,0,0,0,2820.3000000000002,15,45,6,58800,1,1,1,1,1,0,1,1,1,1,1,1,1,1,1,1,1,1,1,1,1,1,1,1,1,1,0,0,0,0,0,0,0,0,0,0,0,0,0,0,0,2,1,1,1,1
RCA_001441,PAYMENT,USD,PAID,NET45,MARKETING,650100-MARKETING,USD,ISSUED,MARKETING,650100-MARKETING,SOFTWARE,US,USD,NET45,ACH,ACTIVE,ACH,USD,COMPLETED,SETTLED,ACH_DEBIT,USD,DEBIT,POSTED,MANAGER,APPROVED,PAYMENT,7005.7299999999996,6496.5900000000001,487.24000000000001,21.899999999999999,105,45,5,3,37,6496.5900000000001,171.47333333333333,7005.7299999999996,6496.5900000000001,487.24000000000001,21.899999999999999,119,3,37,6496.5900000000001,12352.889999999999,60,2,12352.889999999999,2,12352.889999999999,1,12230.110000000001,54,1,2,1,12352.889999999999,12352.889999999999,12352.889999999999,12352.889999999999,4,2,1,1,0,1,1,30,4,350,0,0.84615384615384615,0,3.5600000000000001,0,0,0,1,1,0,0,0,0,0,0,0,0,0,0,122.78,0.0099393745107420207,0,0,0,122.78,14,45,3,55980,1,1,1,1,1,0,1,1,1,1,1,1,1,1,1,1,1,1,1,1,1,1,1,1,1,1,0,0,0,0,0,0,0,0,0,0,0,0,0,0,0,2,1,1,1,1
RCA_001442,PAYMENT,USD,PAID,NET45,ENGINEERING,610100-ENGINEERING,USD,ISSUED,ENGINEERING,610100-ENGINEERING,SOFTWARE,US,USD,NET45,ACH,ACTIVE,ACH,USD,COMPLETED,SETTLED,ACH_DEBIT,USD,DEBIT,POSTED,MANAGER,APPROVED,PAYMENT,7817.6099999999997,7010.6000000000004,525.79999999999995,281.20999999999998,185,45,0,3,32,7010.6000000000004,722.00666666666666,7817.6099999999997,7010.6000000000004,525.79999999999995,281.20999999999998,213,3,32,7010.6000000000004,8574.0699999999997,15,2,8574.0699999999997,2,8574.0699999999997,1,10030.91,12,1,2,1,8574.0699999999997,8574.0699999999997,8574.0699999999997,8574.0699999999997,4,2,1,1,0,1,1,30,4,350,0,0.84615384615384615,1,9.8100000000000005,0,0,0,1,1,0,0,0,0,0,0,0,0,0,0,1456.8399999999999,0.16991230535789886,0,0,0,1456.8399999999999,28,170,0,40140,1,1,1,1,1,0,1,1,1,1,1,1,1,1,1,1,1,1,1,1,1,1,1,1,1,1,0,0,0,0,0,0,0,0,0,0,0,0,0,0,0,2,1,1,1,1
RCA_001444,PAYMENT,USD,PAID,NET45,PEOPLE,660100-PEOPLE,__MISSING__,__MISSING__,__MISSING__,__MISSING__,SOFTWARE,US,USD,NET45,ACH,ACTIVE,ACH,USD,COMPLETED,SETTLED,ACH_DEBIT,USD,DEBIT,POSTED,MANAGER,APPROVED,PAYMENT,1544.6600000000001,1436.8900000000001,107.77,0,23,45,2,4,25,1436.8900000000001,114.58999999999999,,,,,,0,0,0,3092.0999999999999,15,2,3092.0999999999999,2,3092.0999999999999,1,3381.4499999999998,12,1,2,1,3092.0999999999999,3092.0999999999999,3092.0999999999999,3092.0999999999999,4,2,1,1,0,1,1,30,4,350,0,0.92307692307692313,1,2.7799999999999998,0,0,0,1,1,,,,,,,0,0,0,0,289.35000000000002,0.093577180556903075,0,0,0,289.35000000000002,,8,0,7020,0,-1,-1,-1,1,0,-1,1,1,1,1,1,1,1,1,1,1,1,1,1,1,1,1,1,1,1,0,0,0,0,0,0,0,0,0,0,0,0,0,0,0,2,1,1,1,1
RCA_001445,PAYMENT,USD,PAID,NET15,MARKETING,650100-MARKETING,USD,ISSUED,MARKETING,650100-MARKETING,SUPPLIER,US,USD,NET15,ACH,ACTIVE,ACH,USD,COMPLETED,SETTLED,ACH_DEBIT,USD,DEBIT,POSTED,DIRECTOR,APPROVED,PAYMENT,19983.02,19031.450000000001,951.57000000000005,0,93,15,0,1,5,19031.450000000001,3806.29,19983.02,19031.450000000001,951.57000000000005,0,93,1,5,19031.450000000001,11989.809999999999,78,2,19983.02,1,19983.02,2,7993.21,70,1,4,2,19983.02,19983.02,19983.02,19983.02,3,2,2,2,0,1,1,31,4,64,0,0.84615384615384615,0,1066.8499999999999,0,0,0,1,1,0,0,0,0,0,0,0,0,0,0,3996.5999999999999,0.33333305531947544,0,7993.21,7993.21,3996.5999999999999,0,15,3,18480,1,1,1,1,1,0,1,1,1,1,1,1,1,1,1,1,1,1,1,1,1,1,1,1,1,1,0,0,0,0,0,0,0,0,0,0,0,0,0,0,0,1,2,2,1,1
RCA_001446,PAYMENT,USD,PAID,NET45,OPERATIONS,620100-OPERATIONS,__MISSING__,__MISSING__,__MISSING__,__MISSING__,SERVICES,US,USD,NET45,ACH,ACTIVE,ACH,USD,COMPLETED,SETTLED,ACH_DEBIT,USD,DEBIT,POSTED,MANAGER,APPROVED,PAYMENT,2492.6799999999998,2266.0700000000002,226.61000000000001,0,459,45,3,2,6,2266.0700000000002,714.875,,,,,,0,0,0,2492.6799999999998,414,1,2492.6799999999998,1,2492.6799999999998,1,2455.7199999999998,410,1,2,1,2492.6799999999998,2492.6799999999998,2492.6799999999998,2492.6799999999998,2,1,1,1,0,2,0,30,4,135,0,0.84615384615384615,1,0,0,0,0,1,1,,,,,,,0,0,0,0,36.960000000000001,0.014827414670154212,0,0,0,36.960000000000001,,45,1,58860,0,-1,-1,-1,1,0,-1,1,1,1,1,1,1,1,1,1,1,1,1,1,1,1,1,1,1,1,0,0,0,0,0,0,0,0,0,0,0,0,0,0,0,1,1,1,1,1
RCA_001447,PAYMENT,USD,PAID,NET15,SALES,640100-SALES,USD,ISSUED,SALES,640100-SALES,SOFTWARE,US,USD,NET15,CHECK,ACTIVE,CHECK,USD,COMPLETED,SETTLED,CHECK_CLEARING,USD,DEBIT,POSTED,MANAGER,APPROVED,PAYMENT,3046.5900000000001,2834.04,212.55000000000001,0,107,15,2,4,38,2834.04,124.31,3046.5900000000001,2834.04,212.55000000000001,0,107,4,38,2834.04,7600.54,92,2,7600.54,2,7600.54,1,8675.2199999999993,74,1,2,1,7600.54,7600.54,7600.54,7600.54,4,2,1,1,0,1,1,28,4,150,0,0.92307692307692313,0,36.289999999999999,0,0,0,1,1,0,0,0,0,0,0,0,0,0,0,1074.6800000000001,0.14139521665565868,0,0,0,1074.6800000000001,0,15,6,17100,1,1,1,1,1,0,1,1,1,1,1,1,1,1,1,1,1,1,1,1,1,1,1,1,1,1,0,0,0,0,0,0,0,0,0,0,0,0,0,0,0,2,1,1,1,1
RCA_001448,PAYMENT,USD,PAID,DUE_ON_RECEIPT,FINANCE,630100-FINANCE,USD,ISSUED,FINANCE,630100-FINANCE,SUPPLIER,US,USD,DUE_ON_RECEIPT,ACH,ACTIVE,ACH,USD,COMPLETED,SETTLED,ACH_DEBIT,USD,DEBIT,POSTED,MANAGER,APPROVED,PAYMENT,2081.9299999999998,1936.6800000000001,145.25,0,211,0,3,2,23,1936.6800000000001,73.685000000000002,2081.9299999999998,1936.6800000000001,145.25,0,225,2,23,1936.6800000000001,1249.1600000000001,206,2,2081.9299999999998,1,2081.9299999999998,2,832.76999999999998,200,1,4,2,2081.9299999999998,2081.9299999999998,2081.9299999999998,2081.9299999999998,2,1,1,1,0,0,0,27,4,11,0,0.84615384615384615,1,117.40000000000001,0,0,0,1,1,0,0,0,0,0,0,0,0,0,0,416.38999999999999,0.33333600179320505,0,832.76999999999998,832.76999999999998,416.38999999999999,14,5,3,1260,1,1,1,1,1,0,1,1,1,1,1,1,1,1,1,1,1,1,1,1,1,0,1,1,1,1,0,0,0,0,0,0,0,0,0,0,0,0,0,0,1,1,2,2,1,1
RCA_001449,PAYMENT,USD,PAID,NET30,SALES,640100-SALES,USD,ISSUED,SALES,640100-SALES,SUPPLIER,US,USD,NET30,ACH,ACTIVE,ACH,USD,COMPLETED,SETTLED,ACH_DEBIT,USD,DEBIT,POSTED,MANAGER,APPROVED,PAYMENT,3487.3899999999999,3244.0799999999999,243.31,0,168,30,2,3,48,3244.0799999999999,68.073333333333338,3487.3899999999999,3244.0799999999999,243.31,0,196,3,48,3244.0799999999999,3487.3899999999999,138,1,3487.3899999999999,1,3487.3899999999999,1,3788.0599999999999,131,1,2,1,3487.3899999999999,3487.3899999999999,3487.3899999999999,3487.3899999999999,2,1,1,1,0,0,0,31,4,10,0,0.76923076923076916,4,300.67000000000002,0,0,0,1,1,0,0,0,0,0,0,0,0,0,0,300.67000000000002,0.086216339440097031,0,0,0,300.67000000000002,28,30,4,38700,1,1,1,1,1,0,1,1,1,1,1,1,1,1,1,1,1,1,1,1,1,0,1,1,1,1,0,0,0,0,0,0,0,0,0,0,0,0,0,0,1,1,1,1,1,1
RCA_001450,PAYMENT,USD,PAID,NET15,MARKETING,650100-MARKETING,USD,ISSUED,MARKETING,650100-MARKETING,SOFTWARE,US,USD,NET15,ACH,ACTIVE,ACH,USD,COMPLETED,SETTLED,ACH_DEBIT,USD,DEBIT,POSTED,MANAGER,APPROVED,PAYMENT,15467.360000000001,14372.860000000001,1077.96,16.539999999999999,389,15,3,2,30,14372.860000000001,584.76499999999999,15467.360000000001,14372.860000000001,1077.96,16.539999999999999,399,2,30,14372.860000000001,21597.650000000001,91,2,21597.650000000001,2,21597.650000000001,1,25777.57,83,1,2,1,21597.650000000001,21597.650000000001,21597.650000000001,21597.650000000001,5,3,2,2,0,2,2,27,4,300,0,0.92307692307692313,0,160.22999999999999,0,0,0,1,1,0,0,0,0,0,0,0,0,0,0,4179.9200000000001,0.1935358708007584,0,0,0,4179.9200000000001,10,298,4,19980,1,1,1,1,1,0,1,1,1,1,1,1,1,1,1,1,1,1,1,1,1,1,1,1,1,1,0,0,0,0,0,0,0,0,0,0,0,0,0,0,0,2,1,1,1,1
RCA_001452,PAYMENT,EUR,PAID,NET30,MARKETING,650100-MARKETING,EUR,ISSUED,MARKETING,650100-MARKETING,SERVICES,DE,EUR,NET30,CHECK,ACTIVE,CHECK,EUR,COMPLETED,SETTLED,CHECK_CLEARING,EUR,DEBIT,POSTED,MANAGER,APPROVED,PAYMENT,4256.1999999999998,4242.1300000000001,0,14.07,290,30,5,1,19,4242.1300000000001,223.27000000000001,4256.1999999999998,4242.1300000000001,0,14.07,309,1,19,4242.1300000000001,4256.1999999999998,260,1,4256.1999999999998,1,4256.1999999999998,1,4542.4799999999996,245,1,2,1,4256.1999999999998,4256.1999999999998,4256.1999999999998,4256.1999999999998,2,1,1,1,0,0,0,29,4,67,0,0.84615384615384615,1,2.25,0,0,0,1,1,0,0,0,0,0,0,0,0,0,0,286.27999999999997,0.067261876791504152,0,0,0,286.27999999999997,19,30,1,34380,1,1,1,1,1,0,1,1,1,1,1,1,1,1,1,1,1,1,1,1,1,0,1,1,1,1,0,0,0,0,0,0,0,0,0,0,0,0,0,0,1,1,1,1,1,1
RCA_001453,PAYMENT,USD,PAID,NET15,IT,680100-IT,USD,ISSUED,IT,680100-IT,SUPPLIER,US,USD,NET15,WIRE,ACTIVE,WIRE,USD,COMPLETED,SETTLED,WIRE_DEBIT,USD,DEBIT,POSTED,MANAGER,APPROVED,PAYMENT,2864.4099999999999,2644,198.30000000000001,22.109999999999999,376,15,0,2,35,2644,72.694999999999993,2864.4099999999999,2644,198.30000000000001,22.109999999999999,377,2,35,2644,1718.6500000000001,361,2,2864.4099999999999,1,2864.4099999999999,2,1633.53,358,1,4,2,2864.4099999999999,2864.4099999999999,2864.4099999999999,2864.4099999999999,2,1,1,1,0,2,0,31,4,64,0,0.84615384615384615,0,6.8899999999999997,0,0,0,1,1,0,0,0,0,0,0,0,0,0,0,85.120000000000005,0.049527245221540166,0,1145.76,1145.76,85.120000000000005,1,15,1,19980,1,1,1,1,1,0,1,1,1,1,1,1,1,1,1,1,1,1,1,1,1,1,1,1,1,1,0,0,0,0,0,0,0,0,0,0,0,0,0,0,0,1,2,1,1,1
RCA_001460,PAYMENT,USD,PAID,NET15,FINANCE,630100-FINANCE,USD,ISSUED,FINANCE,630100-FINANCE,SOFTWARE,US,USD,NET15,CHECK,ACTIVE,CHECK,USD,COMPLETED,SETTLED,CHECK_CLEARING,USD,DEBIT,POSTED,MANAGER,APPROVED,PAYMENT,4822.7299999999996,4337.6000000000004,433.75999999999999,51.369999999999997,69,15,4,2,46,4337.6000000000004,93.930000000000007,4822.7299999999996,4337.6000000000004,433.75999999999999,51.369999999999997,76,2,46,4337.6000000000004,9922.6800000000003,54,2,9922.6800000000003,2,9922.6800000000003,1,12126.6,39,1,2,1,9922.6800000000003,9922.6800000000003,9922.6800000000003,9922.6800000000003,4,2,1,1,0,1,1,28,4,150,0,0.92307692307692313,2,6.8899999999999997,0,0,0,1,1,0,0,0,0,0,0,0,0,0,0,2203.9200000000001,0.22210934949025868,0,0,0,2203.9200000000001,7,15,2,14220,1,1,1,1,1,0,1,1,1,1,1,1,1,1,1,1,1,1,1,1,1,1,1,1,1,1,0,0,0,0,0,0,0,0,0,0,0,0,0,0,0,2,1,1,1,1
RCA_001461,PAYMENT,USD,PAID,NET15,MARKETING,650100-MARKETING,USD,ISSUED,MARKETING,650100-MARKETING,SOFTWARE,US,USD,NET15,ACH,ACTIVE,ACH,USD,COMPLETED,SETTLED,ACH_DEBIT,USD,DEBIT,POSTED,MANAGER,APPROVED,PAYMENT,4987.1800000000003,4978.5600000000004,0,8.6199999999999992,401,15,1,1,12,4978.5600000000004,414.88,4987.1800000000003,4978.5600000000004,0,8.6199999999999992,411,1,12,4978.5600000000004,6140.7600000000002,174,2,6140.7600000000002,2,6140.7600000000002,1,5096.8000000000002,165,1,2,1,6140.7600000000002,6140.7600000000002,6140.7600000000002,6140.7600000000002,4,2,1,1,0,2,2,27,4,300,0,0.92307692307692313,1,51.920000000000002,0,0,0,1,1,0,0,0,0,0,0,0,0,0,0,1043.96,0.17000501566581336,0,0,0,1043.96,10,227,6,12780,1,1,1,1,1,0,1,1,1,1,1,1,1,1,1,1,1,1,1,1,1,1,1,1,1,1,0,0,0,0,0,0,0,0,0,0,0,0,0,0,0,2,1,1,1,1
RCA_001464,PAYMENT,USD,PAID,NET30,SALES,640100-SALES,USD,ISSUED,SALES,640100-SALES,SERVICES,US,USD,NET30,ACH,ACTIVE,ACH,USD,COMPLETED,SETTLED,ACH_DEBIT,USD,DEBIT,POSTED,MANAGER,APPROVED,PAYMENT,4674.3500000000004,4674.3500000000004,0,0,288,30,2,3,36,4674.3500000000004,138.26666666666668,4674.3500000000004,4674.3500000000004,0,0,314,3,36,4674.3500000000004,2804.6100000000001,258,2,4674.3500000000004,1,4674.3500000000004,2,2921.3200000000002,246,1,4,2,4674.3500000000004,4674.3500000000004,4674.3500000000004,4674.3500000000004,2,1,1,1,0,0,0,30,4,7,0,0.84615384615384615,7,194.50999999999999,0,0,0,1,1,0,0,0,0,0,0,0,0,0,0,116.70999999999999,0.041613628989413856,0,1869.74,1869.74,116.70999999999999,26,30,7,38700,1,1,1,1,1,0,1,1,1,1,1,1,1,1,1,1,1,1,1,1,1,0,1,1,1,1,0,0,0,0,0,0,0,0,0,0,0,0,0,0,1,1,2,2,1,1
RCA_001466,PAYMENT,USD,PAID,NET45,ENGINEERING,610100-ENGINEERING,USD,ISSUED,ENGINEERING,610100-ENGINEERING,SOFTWARE,US,USD,NET45,ACH,ACTIVE,ACH,USD,COMPLETED,SETTLED,ACH_DEBIT,USD,DEBIT,POSTED,MANAGER,APPROVED,PAYMENT,2637.9099999999999,2453.8699999999999,184.03999999999999,0,420,45,1,3,28,2453.8699999999999,89.683333333333337,2637.9099999999999,2453.8699999999999,184.03999999999999,0,445,3,28,2453.8699999999999,5637.6000000000004,137,2,5637.6000000000004,2,5637.6000000000004,1,5570.04,132,1,2,1,5637.6000000000004,5637.6000000000004,5637.6000000000004,5637.6000000000004,4,2,1,1,0,1,1,30,4,350,0,0.92307692307692313,2,0.52000000000000002,0,0,0,1,1,0,0,0,0,0,0,0,0,0,0,67.560000000000002,0.011983822903363132,0,0,0,67.560000000000002,25,283,1,60300,1,1,1,1,1,0,1,1,1,1,1,1,1,1,1,1,1,1,1,1,1,1,1,1,1,1,0,0,0,0,0,0,0,0,0,0,0,0,0,0,0,2,1,1,1,1
RCA_001467,PAYMENT,USD,PAID,NET15,IT,680100-IT,USD,ISSUED,IT,680100-IT,PROFESSIONAL,US,USD,NET15,ACH,ACTIVE,ACH,USD,COMPLETED,SETTLED,ACH_DEBIT,USD,DEBIT,POSTED,MANAGER,APPROVED,PAYMENT,3902.1399999999999,3524.3400000000001,352.43000000000001,25.370000000000001,49,15,3,2,5,3524.3400000000001,1469.7749999999999,3902.1399999999999,3524.3400000000001,352.43000000000001,25.370000000000001,60,2,5,3524.3400000000001,2341.2800000000002,34,2,3902.1399999999999,1,3902.1399999999999,2,2146.5599999999999,25,1,4,2,3902.1399999999999,3902.1399999999999,3902.1399999999999,3902.1399999999999,2,1,1,1,0,2,2,31,4,90,0,0.92307692307692313,3,36.600000000000001,0,0,0,1,1,0,0,0,0,0,0,0,0,0,0,194.72,0.083168181507551425,0,1560.8599999999999,1560.8599999999999,194.72,11,15,6,15660,1,1,1,1,1,0,1,1,1,1,1,1,1,1,1,1,1,1,1,1,1,1,1,1,1,1,0,0,0,0,0,0,0,0,0,0,0,0,0,0,0,1,2,2,1,1
RCA_001468,PAYMENT,USD,PAID,NET30,LEGAL,670100-LEGAL,__MISSING__,__MISSING__,__MISSING__,__MISSING__,SUPPLIER,US,USD,NET30,ACH,ACTIVE,ACH,USD,COMPLETED,SETTLED,ACH_DEBIT,USD,DEBIT,POSTED,MANAGER,APPROVED,PAYMENT,5504.25,5120.2299999999996,384.01999999999998,0,234,30,3,2,8,5120.2299999999996,639.46500000000003,,,,,,0,0,0,5504.25,204,1,5504.25,1,5504.25,1,6629.0500000000002,194,1,2,1,5504.25,5504.25,5504.25,5504.25,2,1,1,1,0,0,0,29,4,60,0,0.84615384615384615,0,40.060000000000002,0,0,0,1,1,,,,,,,0,0,0,0,1124.8,0.20435118317663623,0,0,0,1124.8,,30,7,37260,0,-1,-1,-1,1,0,-1,1,1,1,1,1,1,1,1,1,1,1,1,1,1,0,1,1,1,1,0,0,0,0,0,0,0,0,0,0,0,0,0,0,1,1,1,1,1,1
RCA_001473,PAYMENT,USD,PAID,NET45,IT,680100-IT,USD,ISSUED,IT,680100-IT,SUPPLIER,US,USD,NET45,ACH,ACTIVE,ACH,USD,COMPLETED,SETTLED,ACH_DEBIT,USD,DEBIT,POSTED,MANAGER,APPROVED,PAYMENT,8852.5100000000002,8852.5100000000002,0,0,454,45,5,2,32,8852.5100000000002,329.85500000000002,8852.5100000000002,8852.5100000000002,0,0,467,2,32,8852.5100000000002,3541,406,2,8852.5100000000002,1,8852.5100000000002,2,5311.5100000000002,405,1,4,2,8852.5100000000002,8852.5100000000002,8852.5100000000002,8852.5100000000002,2,1,1,1,0,1,0,31,4,22,0,0.84615384615384615,1,73.989999999999995,0,0,0,1,1,0,0,0,0,0,0,0,0,0,0,1770.51,0.50000282406099972,0,5311.5100000000002,5311.5100000000002,1770.51,13,48,-3,60300,1,1,1,1,1,0,1,1,1,1,1,1,1,1,1,1,1,1,1,1,1,1,1,1,1,1,0,0,0,0,0,0,0,0,0,0,0,0,0,0,0,1,2,2,1,1
RCA_001475,PAYMENT,USD,PAID,NET45,PEOPLE,660100-PEOPLE,USD,ISSUED,PEOPLE,660100-PEOPLE,SOFTWARE,US,USD,NET45,ACH,ACTIVE,ACH,USD,COMPLETED,SETTLED,ACH_DEBIT,USD,DEBIT,POSTED,MANAGER,APPROVED,PAYMENT,7040.7600000000002,6340.6899999999996,634.07000000000005,66,150,45,3,4,46,6340.6899999999996,221.10249999999999,7040.7600000000002,6340.6899999999996,634.07000000000005,66,151,4,46,6340.6899999999996,15585.17,105,2,15585.17,2,15585.17,1,15472.190000000001,97,1,2,1,15585.17,15585.17,15585.17,15585.17,4,2,1,1,0,1,1,30,4,350,0,0.92307692307692313,0,13.19,0,0,0,1,1,0,0,0,0,0,0,0,0,0,0,112.98,0.0072491990783546149,0,0,0,112.98,1,45,3,58860,1,1,1,1,1,0,1,1,1,1,1,1,1,1,1,1,1,1,1,1,1,1,1,1,1,1,0,0,0,0,0,0,0,0,0,0,0,0,0,0,0,2,1,1,1,1
RCA_001478,PAYMENT,CAD,PAID,NET45,IT,680100-IT,__MISSING__,__MISSING__,__MISSING__,__MISSING__,SUPPLIER,CA,CAD,NET45,ACH,ACTIVE,ACH,CAD,COMPLETED,SETTLED,ACH_DEBIT,CAD,DEBIT,POSTED,DIRECTOR,APPROVED,PAYMENT,14330.780000000001,13330.959999999999,999.82000000000005,0,230,45,2,1,8,13330.959999999999,1666.3699999999999,,,,,,0,0,0,8598.4699999999993,185,2,14330.780000000001,1,14330.780000000001,2,9430.6900000000005,181,1,4,2,14330.780000000001,14330.780000000001,14330.780000000001,14330.780000000001,3,2,2,2,0,0,0,35,4,38,0,0.84615384615384615,1,3295.71,0,0,0,1,1,,,,,,,0,0,0,0,832.22000000000003,0.096786986522020779,0,5732.3100000000004,5732.3100000000004,832.22000000000003,,45,1,58800,0,-1,-1,-1,1,0,-1,1,1,1,1,1,1,1,1,1,1,1,1,1,1,0,1,1,1,1,0,0,0,0,0,0,0,0,0,0,0,0,0,0,1,1,2,1,1,1
RCA_001479,PAYMENT,USD,PAID,NET15,ENGINEERING,610100-ENGINEERING,__MISSING__,__MISSING__,__MISSING__,__MISSING__,SOFTWARE,US,USD,NET15,ACH,ACTIVE,ACH,USD,COMPLETED,SETTLED,ACH_DEBIT,USD,DEBIT,POSTED,MANAGER,APPROVED,PAYMENT,3142.8800000000001,2923.6100000000001,219.27000000000001,0,249,15,1,2,18,2923.6100000000001,161.07499999999999,,,,,,0,0,0,3142.8800000000001,234,1,3142.8800000000001,1,3142.8800000000001,1,3749.5700000000002,230,1,2,1,3142.8800000000001,3142.8800000000001,3142.8800000000001,3142.8800000000001,2,1,1,1,0,2,0,27,4,300,0,0.92307692307692313,0,0,0,0,0,1,1,,,,,,,0,0,0,0,606.69000000000005,0.19303632337219365,0,0,0,606.69000000000005,,15,0,18540,0,-1,-1,-1,1,0,-1,1,1,1,1,1,1,1,1,1,1,1,1,1,1,1,1,1,1,1,0,0,0,0,0,0,0,0,0,0,0,0,0,0,0,1,1,1,1,1
RCA_001482,PAYMENT,EUR,PAID,DUE_ON_RECEIPT,PEOPLE,660100-PEOPLE,EUR,ISSUED,PEOPLE,660100-PEOPLE,SERVICES,DE,EUR,DUE_ON_RECEIPT,ACH,ACTIVE,ACH,EUR,COMPLETED,SETTLED,ACH_DEBIT,EUR,DEBIT,POSTED,MANAGER,APPROVED,PAYMENT,2400.0500000000002,2232.5999999999999,167.44999999999999,0,119,0,1,3,46,2232.5999999999999,82.513333333333335,2400.0500000000002,2232.5999999999999,167.44999999999999,0,148,3,46,2232.5999999999999,2400.0500000000002,116,1,2400.0500000000002,1,2400.0500000000002,1,2469.0900000000001,111,1,2,1,2400.0500000000002,2400.0500000000002,2400.0500000000002,2400.0500000000002,2,1,1,1,0,2,1,29,4,49,0,0.84615384615384615,1,33.68,0,0,0,1,1,0,0,0,0,0,0,0,0,0,0,69.040000000000006,0.028766067373596382,0,0,0,69.040000000000006,29,3,1,1260,1,1,1,1,1,0,1,1,1,1,1,1,1,1,1,1,1,1,1,1,1,1,1,1,1,1,0,0,0,0,0,0,0,0,0,0,0,0,0,0,0,1,1,1,1,1
RCA_001483,PAYMENT,USD,PAID,NET15,OPERATIONS,620100-OPERATIONS,USD,ISSUED,OPERATIONS,620100-OPERATIONS,SOFTWARE,US,USD,NET15,ACH,ACTIVE,ACH,USD,COMPLETED,SETTLED,ACH_DEBIT,USD,DEBIT,POSTED,MANAGER,APPROVED,PAYMENT,1094.76,1018.38,76.379999999999995,0,390,15,0,2,42,1018.38,23.744999999999997,1094.76,1018.38,76.379999999999995,0,396,2,42,1018.38,8461.7800000000007,262,2,8461.7800000000007,2,8461.7800000000007,1,9979.4500000000007,256,1,2,1,8461.7800000000007,8461.7800000000007,8461.7800000000007,8461.7800000000007,4,2,1,1,0,2,0,27,4,300,0,0.92307692307692313,0,23.510000000000002,0,0,0,1,1,0,0,0,0,0,0,0,0,0,0,1517.6700000000001,0.17935588020487414,0,0,0,1517.6700000000001,6,128,3,19980,1,1,1,1,1,0,1,1,1,1,1,1,1,1,1,1,1,1,1,1,1,1,1,1,1,1,0,0,0,0,0,0,0,0,0,0,0,0,0,0,0,2,1,1,1,1
RCA_001487,PAYMENT,USD,PAID,NET15,FINANCE,630100-FINANCE,USD,ISSUED,FINANCE,630100-FINANCE,SOFTWARE,US,USD,NET15,ACH,ACTIVE,ACH,USD,COMPLETED,SETTLED,ACH_DEBIT,USD,DEBIT,POSTED,MANAGER,APPROVED,PAYMENT,3450.3800000000001,3115.0500000000002,311.50999999999999,23.82,120,15,5,2,9,3115.0500000000002,652.70500000000004,3450.3800000000001,3115.0500000000002,311.50999999999999,23.82,149,2,9,3115.0500000000002,6625.7799999999997,105,2,6625.7799999999997,2,6625.7799999999997,1,6581.9099999999999,102,1,2,1,6625.7799999999997,6625.7799999999997,6625.7799999999997,6625.7799999999997,4,2,1,1,0,2,2,27,4,300,0,0.92307692307692313,0,10.9,0,0,0,1,1,0,0,0,0,0,0,0,0,0,0,43.869999999999997,0.0066211072507689657,0,0,0,43.869999999999997,29,15,0,12780,1,1,1,1,1,0,1,1,1,1,1,1,1,1,1,1,1,1,1,1,1,1,1,1,1,1,0,0,0,0,0,0,0,0,0,0,0,0,0,0,0,2,1,1,1,1
RCA_001489,PAYMENT,USD,PAID,DUE_ON_RECEIPT,LEGAL,670100-LEGAL,__MISSING__,__MISSING__,__MISSING__,__MISSING__,SOFTWARE,US,USD,DUE_ON_RECEIPT,ACH,ACTIVE,ACH,USD,COMPLETED,SETTLED,ACH_DEBIT,USD,DEBIT,POSTED,DIRECTOR,APPROVED,PAYMENT,11744.26,10676.6,1067.6600000000001,0,291,0,3,2,10,10676.6,1517.1599999999999,,,,,,0,0,0,4697.6999999999998,282,2,11744.26,1,11744.26,2,7046.5600000000004,280,1,4,2,11744.26,11744.26,11744.26,11744.26,3,2,2,2,0,2,0,32,4,51,0,0.92307692307692313,1,0,0,0,0,1,2,,,,,,,0,0,0,0,2348.8600000000001,0.50000212870127936,0,7046.5600000000004,7046.5600000000004,2348.8600000000001,,9,-3,5520,0,-1,-1,-1,1,0,-1,1,1,1,1,1,1,1,1,1,1,1,1,1,1,1,1,1,1,1,0,0,0,0,0,0,0,0,0,0,0,0,0,0,0,1,2,2,1,1
RCA_001492,PAYMENT,EUR,PAID,NET30,SALES,640100-SALES,__MISSING__,__MISSING__,__MISSING__,__MISSING__,SERVICES,DE,EUR,NET30,VIRTUAL_CARD,ACTIVE,VIRTUAL_CARD,EUR,COMPLETED,SETTLED,CARD_SETTLEMENT,EUR,DEBIT,POSTED,MANAGER,APPROVED,PAYMENT,3341.75,3108.5999999999999,233.15000000000001,0,318,30,2,4,23,3108.5999999999999,141.9725,,,,,,0,0,0,3341.75,288,1,3341.75,1,3341.75,1,3310.6900000000001,285,1,2,1,3341.75,3341.75,3341.75,3341.75,2,1,1,1,0,0,0,29,4,10,0,0.84615384615384615,1,453.33999999999997,0,0,0,1,1,,,,,,,0,0,0,0,31.059999999999999,0.0092945313084461731,0,0,0,31.059999999999999,,30,1,38700,0,-1,-1,-1,1,0,-1,1,1,1,1,1,1,1,1,1,1,1,1,1,1,0,1,1,1,1,0,0,0,0,0,0,0,0,0,0,0,0,0,0,1,1,1,1,1,1
RCA_001493,PAYMENT,USD,PAID,NET45,FINANCE,630100-FINANCE,__MISSING__,__MISSING__,__MISSING__,__MISSING__,SERVICES,US,USD,NET45,ACH,ACTIVE,ACH,USD,COMPLETED,SETTLED,ACH_DEBIT,USD,DEBIT,POSTED,MANAGER,APPROVED,PAYMENT,1266.21,1266.21,0,0,470,45,5,1,11,1266.21,115.11,,,,,,0,0,0,1266.21,425,1,1266.21,1,1266.21,1,1177.1300000000001,420,1,2,1,1266.21,1266.21,1266.21,1266.21,2,1,1,1,0,2,0,30,4,135,0,0.84615384615384615,0,0,0,0,0,1,1,,,,,,,0,0,0,0,89.079999999999998,0.070351679421265037,0,0,0,89.079999999999998,,45,0,55980,0,-1,-1,-1,1,0,-1,1,1,1,1,1,1,1,1,1,1,1,1,1,1,1,1,1,1,1,0,0,0,0,0,0,0,0,0,0,0,0,0,0,0,1,1,1,1,1
RCA_001496,PAYMENT,EUR,PAID,NET30,OPERATIONS,620100-OPERATIONS,EUR,ISSUED,OPERATIONS,620100-OPERATIONS,SERVICES,DE,EUR,NET30,CHECK,ACTIVE,CHECK,EUR,COMPLETED,SETTLED,CHECK_CLEARING,EUR,DEBIT,POSTED,MANAGER,APPROVED,PAYMENT,4527.1700000000001,4311.5900000000001,215.58000000000001,0,289,30,0,3,47,4311.5900000000001,134.25999999999999,4527.1700000000001,4311.5900000000001,215.58000000000001,0,309,3,47,4311.5900000000001,4527.1700000000001,259,1,4527.1700000000001,1,4527.1700000000001,1,4753.9399999999996,238,1,2,1,4527.1700000000001,4527.1700000000001,4527.1700000000001,4527.1700000000001,2,1,1,1,0,0,0,29,4,67,0,0.84615384615384615,0,15.31,0,0,0,1,1,0,0,0,0,0,0,0,0,0,0,226.77000000000001,0.050090895636788549,0,0,0,226.77000000000001,20,30,7,41580,1,1,1,1,1,0,1,1,1,1,1,1,1,1,1,1,1,1,1,1,1,0,1,1,1,1,0,0,0,0,0,0,0,0,0,0,0,0,0,0,1,1,1,1,1,1
RCA_001499,PAYMENT,CAD,PAID,NET45,IT,680100-IT,CAD,ISSUED,IT,680100-IT,SUPPLIER,CA,CAD,NET45,ACH,ACTIVE,ACH,CAD,COMPLETED,SETTLED,ACH_DEBIT,CAD,DEBIT,POSTED,MANAGER,APPROVED,PAYMENT,4123.7799999999997,3830.5,287.29000000000002,5.9900000000000002,399,45,1,2,42,3830.5,99.209999999999994,4123.7799999999997,3830.5,287.29000000000002,5.9900000000000002,420,2,42,3830.5,4123.7799999999997,354,1,4123.7799999999997,1,4123.7799999999997,1,5099.9899999999998,344,1,2,1,4123.7799999999997,4123.7799999999997,4123.7799999999997,4123.7799999999997,2,1,1,1,0,0,0,35,4,38,0,0.84615384615384615,2,11.6,0,0,0,1,1,0,0,0,0,0,0,0,0,0,0,976.21000000000004,0.2367269834957248,0,0,0,976.21000000000004,21,45,5,61740,1,1,1,1,1,0,1,1,1,1,1,1,1,1,1,1,1,1,1,1,1,0,1,1,1,1,0,0,0,0,0,0,0,0,0,0,0,0,0,0,1,1,1,1,1,1
RCA_001500,PAYMENT,USD,PAID,NET30,MARKETING,650100-MARKETING,USD,ISSUED,MARKETING,650100-MARKETING,SUPPLIER,US,USD,NET30,ACH,ACTIVE,ACH,USD,COMPLETED,SETTLED,ACH_DEBIT,USD,DEBIT,POSTED,DIRECTOR,APPROVED,PAYMENT,12192.809999999999,11322.610000000001,849.20000000000005,21,448,30,3,2,31,11322.610000000001,423.625,12192.809999999999,11322.610000000001,849.20000000000005,21,477,2,31,11322.610000000001,4877.1199999999999,415,2,12192.809999999999,1,12192.809999999999,2,7315.6899999999996,413,1,4,2,12192.809999999999,12192.809999999999,12192.809999999999,12192.809999999999,3,2,2,2,0,0,0,35,4,14,0,0.84615384615384615,3,6210.9700000000003,0,0,0,1,1,0,0,0,0,0,0,0,0,0,0,2438.5700000000002,0.50000205039039436,0,7315.6899999999996,7315.6899999999996,2438.5700000000002,29,33,-3,40080,1,1,1,1,1,0,1,1,1,1,1,1,1,1,1,1,1,1,1,1,1,0,1,1,1,1,0,0,0,0,0,0,0,0,0,0,0,0,0,0,1,1,2,2,1,1
RCA_001501,INVOICE,USD,PAID,NET15,SALES,640100-SALES,USD,ISSUED,SALES,640100-SALES,SOFTWARE,US,USD,NET15,CHECK,ACTIVE,CHECK,USD,COMPLETED,SETTLED,CHECK_CLEARING,USD,DEBIT,POSTED,MANAGER,APPROVED,PAYMENT,1016.09,945.20000000000005,70.890000000000001,0,89,15,2,1,20,945.20000000000005,47.259999999999998,1016.09,945.20000000000005,70.890000000000001,0,115,1,20,945.20000000000005,1016.09,74,1,1016.09,1,1016.09,1,1016.09,60,1,2,1,1016.09,1016.09,1016.09,1016.09,2,1,1,1,0,0,0,30,4,2,0,0.69230769230769229,7,23.010000000000002,0,0,0,1,1,0,0,0,0,0,0,0,0,0,0,0,0,0,0,0,0,26,15,0,17100,1,1,1,1,1,0,1,1,1,1,1,1,1,1,1,1,1,1,1,1,1,0,1,1,1,1,0,0,0,0,0,0,0,0,0,0,0,0,0,0,1,1,1,1,1,1
RCA_001503,INVOICE,USD,PAID,NET15,MARKETING,650100-MARKETING,USD,ISSUED,MARKETING,650100-MARKETING,SUPPLIER,US,USD,NET15,ACH,ACTIVE,ACH,USD,COMPLETED,SETTLED,ACH_DEBIT,USD,DEBIT,POSTED,MANAGER,APPROVED,PAYMENT,2708.6199999999999,2519.6500000000001,188.97,0,517,15,0,2,10,2519.6500000000001,251.965,2708.6199999999999,2519.6500000000001,188.97,0,530,2,10,2519.6500000000001,1625.1700000000001,502,2,2708.6199999999999,1,2708.6199999999999,2,1625.1700000000001,497,1,4,2,2708.6199999999999,2708.6199999999999,2708.6199999999999,2708.6199999999999,2,1,1,1,0,1,0,31,4,64,0,0.84615384615384615,1,26.68,0,0,0,1,1,0,0,0,0,0,0,0,0,0,0,0,0,0,1083.45,1083.45,0,13,15,0,19980,1,1,1,1,1,0,1,1,1,1,1,1,1,1,1,1,1,1,1,1,1,1,1,1,1,1,0,0,0,0,0,0,0,0,0,0,0,0,0,0,0,1,2,2,1,1
RCA_001506,PAYMENT,USD,PAID,NET30,MARKETING,650100-MARKETING,__MISSING__,__MISSING__,__MISSING__,__MISSING__,SUPPLIER,US,USD,NET30,CHECK,ACTIVE,CHECK,USD,COMPLETED,SETTLED,CHECK_CLEARING,USD,DEBIT,POSTED,MANAGER,APPROVED,PAYMENT,5272.6899999999996,4793.3500000000004,479.33999999999997,0,21,30,1,3,14,4793.3500000000004,786.84000000000003,,,,,,0,0,0,2109.0799999999999,15,2,5272.6899999999996,1,5272.6899999999996,2,3163.6100000000001,1,1,4,2,5272.6899999999996,5272.6899999999996,5272.6899999999996,5272.6899999999996,2,1,1,1,0,0,0,29,4,13,0,0.76923076923076916,118,401.05000000000001,0,0,0,1,1,,,,,,,0,0,0,0,1054.53,0.49999525859616517,0,3163.6100000000001,3163.6100000000001,1054.53,,6,0,5580,0,-1,-1,-1,1,0,-1,1,1,1,1,1,1,1,1,1,1,1,1,1,1,0,1,1,1,1,0,0,0,0,0,0,0,0,0,0,0,0,0,0,1,1,2,2,1,1
RCA_001507,BANK_TRANSACTION,USD,PAID,NET45,FINANCE,630100-FINANCE,USD,ISSUED,FINANCE,630100-FINANCE,PROFESSIONAL,US,USD,NET45,WIRE,ACTIVE,WIRE,USD,COMPLETED,SETTLED,BANK_FEE,USD,DEBIT,POSTED,MANAGER,APPROVED,PAYMENT,1549.5899999999999,1549.5899999999999,0,0,53,45,2,2,12,1549.5899999999999,217.41500000000002,1549.5899999999999,1549.5899999999999,0,0,67,2,12,1549.5899999999999,929.75,15,2,1549.5899999999999,1,1549.5899999999999,2,15,14,1,4,2,1549.5899999999999,1549.5899999999999,1549.5899999999999,1549.5899999999999,2,1,1,1,0,0,0,31,4,24,0,0.84615384615384615,15,27.18,15,0,0,1,1,0,0,0,0,0,0,0,0,0,0,914.75,0.98386663081473513,0,619.84000000000003,619.84000000000003,899.75,14,38,0,50220,1,1,1,1,1,0,1,1,1,1,1,1,1,1,1,1,0,1,1,1,1,0,1,1,1,1,0,0,0,0,0,0,0,0,0,0,0,0,0,0,1,1,2,3,1,1
RCA_001511,INVOICE,USD,CREDIT_APPLIED,NET15,LEGAL,670100-LEGAL,__MISSING__,__MISSING__,__MISSING__,__MISSING__,SUPPLIER,US,USD,NET15,ACH,ACTIVE,__MISSING__,__MISSING__,__MISSING__,__MISSING__,__MISSING__,__MISSING__,__MISSING__,__MISSING__,__MISSING__,__MISSING__,__MISSING__,-6069,-5517.2700000000004,-551.73000000000002,0,158,15,3,2,3,-5517.2700000000004,-1947.99,,,,,,0,0,0,,,0,0,0,0,0,,,0,0,0,0,0,0,0,0,0,,0,0,1,0,31,4,65,0,0.69230769230769229,0,6421.3400000000001,0,0,0,0,0,,,,,,,,,6069,1,,,0,,,,,,,,0,-1,-1,-1,1,0,-1,-1,-1,-1,-1,-1,-1,-1,-1,-1,-1,-1,-1,-1,-1,1,-1,-1,-1,1,0,0,0,1,1,1,1,0,0,0,0,0,0,1,0,1,0,0,1,0
RCA_001516,INVOICE,USD,PAID,NET45,PEOPLE,660100-PEOPLE,USD,ISSUED,PEOPLE,660100-PEOPLE,SOFTWARE,US,USD,NET45,ACH,ACTIVE,ACH,USD,COMPLETED,SETTLED,ACH_DEBIT,USD,DEBIT,POSTED,AUTO,AUTO_APPROVED,PAYMENT,249.31999999999999,222.81,22.280000000000001,4.2300000000000004,116,45,0,2,33,222.81,7.9450000000000003,249.31999999999999,222.81,22.280000000000001,4.2300000000000004,136,2,33,222.81,12614.75,71,2,12614.75,2,12614.75,1,12614.75,68,1,2,1,12614.75,12614.75,12614.75,12614.75,5,3,2,3,0,1,1,30,4,350,0,0.84615384615384615,1,12.699999999999999,0,0,0,1,1,0,0,0,0,0,0,0,0,0,0,0,0,0,0,0,0,20,45,0,63180,1,1,1,1,1,0,1,1,1,1,1,1,1,1,1,1,1,1,1,1,1,1,-1,-1,-1,1,0,0,0,0,0,0,0,0,0,0,0,0,0,0,0,2,1,1,1,1
RCA_001517,INVOICE,USD,PAID,NET30,IT,680100-IT,USD,ISSUED,IT,680100-IT,SOFTWARE,US,USD,NET30,ACH,ACTIVE,ACH,USD,COMPLETED,SETTLED,ACH_DEBIT,USD,DEBIT,POSTED,MANAGER,APPROVED,PAYMENT,4671.3900000000003,4246.7200000000003,424.67000000000002,0,237,30,5,2,33,4246.7200000000003,126.815,4671.3900000000003,4246.7200000000003,424.67000000000002,0,261,2,33,4246.7200000000003,4671.3900000000003,207,1,4671.3900000000003,1,4671.3900000000003,1,4671.3900000000003,202,1,2,1,4671.3900000000003,4671.3900000000003,4671.3900000000003,4671.3900000000003,2,1,1,1,0,0,0,30,4,42,0,0.84615384615384615,3,49.649999999999999,0,0,0,1,1,0,0,0,0,0,0,0,0,0,0,0,0,0,0,0,0,24,30,0,34380,1,1,1,1,1,0,1,1,1,1,1,1,1,1,1,1,1,1,1,1,1,0,1,1,1,1,0,0,0,0,0,0,0,0,0,0,0,0,0,0,1,1,1,1,1,1
RCA_001519,INVOICE,USD,PAID,NET45,LEGAL,670100-LEGAL,__MISSING__,__MISSING__,__MISSING__,__MISSING__,SOFTWARE,US,USD,NET45,WIRE,ACTIVE,WIRE,USD,COMPLETED,SETTLED,WIRE_DEBIT,USD,DEBIT,POSTED,DIRECTOR,APPROVED,PAYMENT,11346.84,10555.200000000001,791.63999999999999,0,148,45,4,4,32,10555.200000000001,494.65499999999997,,,,,,0,0,0,6808.1000000000004,103,2,11346.84,1,11346.84,2,6808.1000000000004,102,1,4,2,11346.84,11346.84,11346.84,11346.84,3,2,2,2,0,1,0,28,4,3,0,0.69230769230769229,61,6191.4300000000003,0,0,0,1,1,,,,,,,0,0,0,0,0,0,0,4538.7399999999998,4538.7399999999998,0,,45,0,55920,0,-1,-1,-1,1,0,-1,1,1,1,1,1,1,1,1,1,1,1,1,1,1,1,1,1,1,1,0,0,0,0,0,0,0,0,0,0,0,0,0,0,0,1,2,2,1,1
RCA_001522,PAYMENT,USD,PAID,NET30,PEOPLE,660100-PEOPLE,USD,ISSUED,PEOPLE,660100-PEOPLE,PROFESSIONAL,US,USD,NET30,CHECK,ACTIVE,CHECK,USD,COMPLETED,SETTLED,CHECK_CLEARING,USD,DEBIT,POSTED,MANAGER,APPROVED,PAYMENT,2452.9400000000001,2281.8000000000002,171.13999999999999,0,482,30,5,1,5,2281.8000000000002,456.36000000000001,2452.9400000000001,2281.8000000000002,171.13999999999999,0,497,1,5,2281.8000000000002,2452.9400000000001,452,1,2452.9400000000001,1,2452.9400000000001,1,2452.9400000000001,438,1,2,1,2452.9400000000001,2452.9400000000001,2452.9400000000001,2452.9400000000001,2,1,1,1,0,0,0,34,4,4,0,0.76923076923076916,18,239.03,0,0,0,1,1,0,0,0,0,0,0,0,0,0,0,0,0,0,0,0,0,15,30,0,34380,1,1,1,1,1,0,1,1,1,1,1,1,1,1,1,1,1,1,1,1,1,0,1,1,1,1,0,0,0,0,0,0,0,0,0,0,0,0,0,0,1,1,1,1,1,1
RCA_001523,BANK_TRANSACTION,USD,PAID,NET15,OPERATIONS,620100-OPERATIONS,USD,ISSUED,OPERATIONS,620100-OPERATIONS,SUPPLIER,US,USD,NET15,WIRE,ACTIVE,WIRE,USD,COMPLETED,SETTLED,BANK_FEE,USD,DEBIT,POSTED,MANAGER,APPROVED,PAYMENT,3001.96,2792.52,209.44,0,424,15,2,1,12,2792.52,232.71000000000001,3001.96,2792.52,209.44,0,450,1,12,2792.52,1801.1800000000001,409,2,3001.96,1,3001.96,2,35,407,2,4,2,3001.96,3001.96,3001.96,3001.96,2,1,1,1,0,0,0,27,4,3,0,0.69230769230769229,8,607.37,35,0,0,1,1,0,0,0,0,0,0,0,0,0,0,1766.1800000000001,0.98056829411830027,0,1200.78,1200.78,1731.1800000000001,26,15,0,17100,1,1,1,1,1,0,1,1,1,1,1,1,1,1,0,1,0,1,1,1,1,0,1,1,1,1,0,0,0,0,0,0,0,0,0,0,0,0,0,0,1,1,2,3,1,1
RCA_001524,INVOICE,USD,PAID,NET15,FINANCE,630100-FINANCE,USD,ISSUED,FINANCE,630100-FINANCE,SUPPLIER,US,USD,NET15,WIRE,ACTIVE,WIRE,USD,COMPLETED,SETTLED,WIRE_DEBIT,USD,DEBIT,POSTED,MANAGER,APPROVED,PAYMENT,2420.5599999999999,2108.4899999999998,210.84999999999999,101.22,216,15,4,2,17,2108.4899999999998,113.565,2420.5599999999999,2108.4899999999998,210.84999999999999,101.22,226,2,17,2108.4899999999998,2420.5599999999999,201,1,2420.5599999999999,1,2420.5599999999999,1,2420.5599999999999,200,1,2,1,2420.5599999999999,2420.5599999999999,2420.5599999999999,2420.5599999999999,2,1,1,1,0,2,0,31,4,64,0,0.84615384615384615,2,89,0,0,0,1,1,0,0,0,0,0,0,0,0,0,0,0,0,0,0,0,0,10,15,0,14220,1,1,1,1,1,0,1,1,1,1,1,1,1,1,1,1,1,1,1,1,1,1,1,1,1,1,0,0,0,0,0,0,0,0,0,0,0,0,0,0,0,1,1,1,1,1
RCA_001526,PAYMENT,USD,PAID,NET15,SALES,640100-SALES,USD,ISSUED,SALES,640100-SALES,PROFESSIONAL,US,USD,NET15,ACH,ACTIVE,ACH,USD,COMPLETED,SETTLED,ACH_DEBIT,USD,DEBIT,POSTED,MANAGER,APPROVED,PAYMENT,4045.1599999999999,3762.9400000000001,282.22000000000003,0,259,15,3,2,26,3762.9400000000001,147.14999999999998,4045.1599999999999,3762.9400000000001,282.22000000000003,0,279,2,26,3762.9400000000001,4045.1599999999999,244,1,4045.1599999999999,1,4045.1599999999999,1,4020.1599999999999,239,1,2,1,4045.1599999999999,4045.1599999999999,4045.1599999999999,4045.1599999999999,2,1,1,1,0,2,1,31,4,90,0,0.92307692307692313,5,106.42,25,0,0,1,0,0,0,0,0,0,0,0,0,0,0,25,0.0061802252568501619,0,0,0,0,20,15,0,15660,1,1,1,1,1,0,1,1,1,1,1,1,1,1,1,1,1,1,1,1,1,1,1,1,1,1,0,0,0,0,0,0,0,0,0,0,0,0,0,0,0,1,1,1,1,1
RCA_001528,INVOICE,USD,CANCELED,NET30,ENGINEERING,610100-ENGINEERING,__MISSING__,__MISSING__,__MISSING__,__MISSING__,PROFESSIONAL,US,USD,NET30,WIRE,ACTIVE,__MISSING__,__MISSING__,__MISSING__,__MISSING__,__MISSING__,__MISSING__,__MISSING__,__MISSING__,__MISSING__,__MISSING__,__MISSING__,17724.75,16488.139999999999,1236.6099999999999,0,112,30,1,2,11,16488.139999999999,1701.4349999999999,,,,,,0,0,0,,,0,0,0,0,0,,,0,0,0,0,0,0,0,0,0,,0,0,1,0,29,4,21,0,0.84615384615384615,15,2627.46,0,0,0,0,0,,,,,,,,,17724.75,1,,,0,,,,,,,,0,-1,-1,-1,1,0,-1,-1,-1,-1,-1,-1,-1,-1,-1,-1,-1,-1,-1,-1,-1,1,-1,-1,-1,1,0,0,0,1,1,1,1,0,0,0,0,0,0,1,0,1,0,0,1,0
RCA_001530,PAYMENT,CAD,PAID,NET30,IT,680100-IT,CAD,ISSUED,IT,680100-IT,SUPPLIER,CA,CAD,NET30,ACH,ACTIVE,ACH,CAD,COMPLETED,SETTLED,ACH_DEBIT,USD,DEBIT,POSTED,DIRECTOR,APPROVED,PAYMENT,14294.969999999999,13297.65,997.32000000000005,0,248,30,3,1,15,13297.65,886.50999999999999,14294.969999999999,13297.65,997.32000000000005,0,261,1,15,13297.65,14294.969999999999,218,1,14294.969999999999,1,14294.969999999999,1,10578.280000000001,215,1,2,1,14294.969999999999,14294.969999999999,14294.969999999999,14294.969999999999,3,2,2,2,0,0,0,32,4,11,0,0.84615384615384615,46,978.47000000000003,0,1,1,1,0,0,0,0,0,0,0,0,0,0,0,3716.6900000000001,0.259999846099712,0,0,0,3716.6900000000001,13,30,0,35760,1,1,1,1,1,0,1,1,1,1,1,1,1,1,1,0,1,1,1,1,1,0,1,1,1,1,0,0,0,0,0,0,0,0,0,0,0,0,0,0,1,1,1,1,1,1
RCA_001532,INVOICE,USD,PAID,NET45,IT,680100-IT,__MISSING__,__MISSING__,__MISSING__,__MISSING__,SOFTWARE,US,USD,NET45,WIRE,ACTIVE,WIRE,USD,COMPLETED,SETTLED,WIRE_DEBIT,USD,DEBIT,POSTED,MANAGER,APPROVED,PAYMENT,6138.8000000000002,6138.8000000000002,0,0,501,45,2,2,12,6138.8000000000002,696.86500000000001,,,,,,0,0,0,6138.8000000000002,456,1,6138.8000000000002,1,6138.8000000000002,1,6138.8000000000002,455,2,2,1,6138.8000000000002,6138.8000000000002,6138.8000000000002,6138.8000000000002,2,1,1,1,0,1,1,31,4,8,0,0.76923076923076916,31,2893.5999999999999,0,0,0,1,1,,,,,,,0,0,0,0,0,0,0,0,0,0,,45,0,60300,0,-1,-1,-1,1,0,-1,1,1,1,1,1,1,1,0,1,1,1,1,1,1,1,1,1,1,1,0,0,0,0,0,0,0,0,0,0,0,0,0,0,0,1,1,2,1,1
RCA_001533,INVOICE,USD,PAID,NET15,SALES,640100-SALES,USD,ISSUED,SALES,640100-SALES,SOFTWARE,US,USD,NET15,ACH,ACTIVE,ACH,USD,COMPLETED,SETTLED,ACH_DEBIT,USD,DEBIT,POSTED,DIRECTOR,APPROVED,PAYMENT,5682.79,5166.1700000000001,516.62,0,414,15,0,2,19,5166.1700000000001,264.79500000000002,5682.79,5166.1700000000001,516.62,0,423,2,19,5166.1700000000001,45498.980000000003,41,2,45498.980000000003,2,45498.980000000003,1,45498.980000000003,36,1,2,1,45498.980000000003,45498.980000000003,45498.980000000003,45498.980000000003,5,3,2,2,0,2,2,27,4,300,0,0.92307692307692313,0,48.640000000000001,0,0,0,1,1,0,0,0,0,0,0,0,0,0,0,0,0,0,0,0,0,9,373,0,14160,1,1,1,1,1,0,1,1,1,1,1,1,1,1,1,1,1,1,1,0,1,1,1,1,1,1,0,0,0,0,0,0,0,0,0,0,0,0,0,0,0,2,1,1,1,1
RCA_001534,PAYMENT,USD,PAID,NET60,FINANCE,630100-FINANCE,USD,ISSUED,FINANCE,630100-FINANCE,PROFESSIONAL,US,USD,NET60,ACH,ACTIVE,ACH,USD,COMPLETED,SETTLED,ACH_DEBIT,USD,DEBIT,POSTED,MANAGER,APPROVED,PAYMENT,3524.7600000000002,3356.9099999999999,167.84999999999999,0,217,60,2,1,3,3356.9099999999999,1118.97,3524.7600000000002,3356.9099999999999,167.84999999999999,0,244,1,3,3356.9099999999999,4958.7200000000003,157,2,4958.7200000000003,2,4958.7200000000003,1,4958.7200000000003,153,1,2,1,4958.7200000000003,4958.7200000000003,4958.7200000000003,4958.7200000000003,4,2,1,1,0,0,0,29,4,51,0,0.84615384615384615,1,27.34,0,0,0,1,1,0,0,0,0,0,0,0,0,0,0,0,0,0,0,0,0,27,60,0,81900,1,1,1,1,1,0,1,1,1,1,1,1,1,1,1,1,1,1,1,1,1,0,1,1,1,1,0,0,0,0,0,0,0,0,0,0,0,0,0,0,1,2,1,1,1,1
RCA_001535,INVOICE,USD,PAID,NET30,ENGINEERING,610100-ENGINEERING,USD,ISSUED,ENGINEERING,610100-ENGINEERING,SERVICES,US,USD,NET30,CHECK,ACTIVE,CHECK,USD,COMPLETED,SETTLED,CHECK_CLEARING,USD,DEBIT,POSTED,DIRECTOR,APPROVED,PAYMENT,16121.98,14997.190000000001,1124.79,0,96,30,3,2,21,14997.190000000001,1453.0749999999998,16121.98,14997.190000000001,1124.79,0,119,2,21,14997.190000000001,9673.1900000000005,66,2,16121.98,1,16121.98,2,9673.1900000000005,53,1,4,2,16121.98,16121.98,16121.98,16121.98,3,2,2,2,0,0,0,27,4,3,0,0.84615384615384615,2,3088.8499999999999,0,0,0,1,1,0,0,0,0,0,0,0,0,0,0,0,0,0,6448.79,6448.79,0,23,30,0,35760,1,1,1,1,1,0,1,1,1,1,1,1,1,1,1,1,1,1,1,1,1,0,1,1,1,1,0,0,0,0,0,0,0,0,0,0,0,0,0,0,1,1,2,2,1,1
RCA_001537,INVOICE,USD,APPROVED,NET60,FINANCE,630100-FINANCE,USD,ISSUED,FINANCE,630100-FINANCE,SERVICES,US,USD,NET60,ACH,ACTIVE,__MISSING__,__MISSING__,__MISSING__,__MISSING__,__MISSING__,__MISSING__,__MISSING__,__MISSING__,__MISSING__,__MISSING__,__MISSING__,3051.4000000000001,3036.0999999999999,0,15.300000000000001,326,60,1,2,25,3036.0999999999999,113.995,3045.79,3030.4899999999998,0,15.300000000000001,343,2,25,3030.4899999999998,,,0,0,0,0,0,,,0,0,0,0,0,0,0,0,0,,0,0,1,0,30,4,43,0,0.84615384615384615,17,28.379999999999999,0,0,0,0,0,5.6100000000000003,0.0018418866697966702,0,0,5.6100000000000003,0,,,3051.4000000000001,1,,,0,,,,17,,,,1,1,1,1,1,0,1,-1,-1,-1,-1,-1,-1,-1,-1,-1,-1,-1,-1,-1,-1,1,-1,-1,-1,1,0,0,0,1,1,1,1,0,0,0,0,0,0,1,0,1,0,0,1,0
RCA_001538,PAYMENT,USD,PAID,NET45,OPERATIONS,620100-OPERATIONS,USD,ISSUED,OPERATIONS,620100-OPERATIONS,SUPPLIER,US,USD,NET45,CHECK,ACTIVE,CHECK,USD,COMPLETED,SETTLED,CHECK_CLEARING,USD,DEBIT,POSTED,MANAGER,APPROVED,PAYMENT,3007.4400000000001,2782.0500000000002,208.65000000000001,16.739999999999998,142,45,5,4,55,2782.0500000000002,115.23,3007.4400000000001,2782.0500000000002,208.65000000000001,16.739999999999998,171,4,55,2782.0500000000002,3007.4400000000001,97,1,3007.4400000000001,1,3007.4400000000001,1,3007.4400000000001,83,1,2,1,3007.4400000000001,3007.4400000000001,3007.4400000000001,3007.4400000000001,2,1,1,1,0,0,0,31,4,22,0,0.84615384615384615,12,120.5,0,0,0,1,1,0,0,0,0,0,0,0,0,0,0,0,0,0,0,0,0,29,45,0,55980,1,1,1,1,1,0,1,1,1,1,1,1,1,1,1,1,1,1,1,1,1,0,1,1,1,1,0,0,0,0,0,0,0,0,0,0,0,0,0,0,1,1,1,1,1,1
RCA_001539,BANK_TRANSACTION,USD,PAID,NET15,PEOPLE,660100-PEOPLE,USD,ISSUED,PEOPLE,660100-PEOPLE,SUPPLIER,US,USD,NET15,WIRE,ACTIVE,WIRE,USD,COMPLETED,SETTLED,BANK_FEE,USD,DEBIT,POSTED,MANAGER,APPROVED,PAYMENT,3767.0599999999999,3504.2399999999998,262.81999999999999,0,382,15,5,2,42,3504.2399999999998,79.659999999999997,3767.0599999999999,3504.2399999999998,262.81999999999999,0,396,2,42,3504.2399999999998,3767.0599999999999,367,1,3767.0599999999999,1,3767.0599999999999,1,15,365,2,2,1,3767.0599999999999,3767.0599999999999,3767.0599999999999,3767.0599999999999,2,1,1,1,0,2,0,31,4,64,0,0.84615384615384615,0,111.53,15,0,0,1,1,0,0,0,0,0,0,0,0,0,0,3752.0599999999999,0.99601811492251247,0,0,0,3737.0599999999999,14,15,0,12780,1,1,1,1,1,0,1,1,1,1,1,1,1,1,0,1,0,1,1,1,1,1,1,1,1,1,0,0,0,0,0,0,0,0,0,0,0,0,0,0,0,1,1,2,1,1
RCA_001540,INVOICE,USD,PAID,NET45,FINANCE,630100-FINANCE,USD,ISSUED,FINANCE,630100-FINANCE,SUPPLIER,US,USD,NET45,ACH,ACTIVE,ACH,USD,COMPLETED,SETTLED,ACH_DEBIT,USD,DEBIT,POSTED,MANAGER,APPROVED,PAYMENT,2587.23,2300.96,172.56999999999999,113.7,172,45,1,2,17,2300.96,168.905,2587.23,2300.96,172.56999999999999,113.7,181,2,17,2300.96,2587.23,127,1,2587.23,1,2587.23,1,2587.23,124,1,2,1,2587.23,2587.23,2587.23,2587.23,2,1,1,1,0,0,0,32,4,3,0,0.69230769230769229,40,1788.03,0,0,0,1,1,0,0,0,0,0,0,0,0,0,0,0,0,0,0,0,0,9,45,0,61740,1,1,1,1,1,0,1,1,1,1,1,1,1,1,1,1,1,1,1,1,1,0,1,1,1,1,0,0,0,0,0,0,0,0,0,0,0,0,0,0,1,1,1,1,1,1
RCA_001541,PAYMENT,EUR,PAID,NET30,SALES,640100-SALES,__MISSING__,__MISSING__,__MISSING__,__MISSING__,SOFTWARE,DE,EUR,NET30,ACH,ACTIVE,ACH,EUR,SUBMITTED,PENDING,ACH_DEBIT,EUR,DEBIT,POSTED,MANAGER,APPROVED,PAYMENT,3510.5,3510.5,0,0,280,30,2,3,10,3510.5,334.99666666666667,,,,,,0,0,0,1404.2,1,2,3510.5,1,3510.5,2,2106.3000000000002,245,0,4,2,3510.5,3510.5,3510.5,3510.5,2,1,1,1,0,0,0,31,4,12,0,0.76923076923076916,28,0,0,0,0,1,0,,,,,,,0,0,1404.2,0.40000000000000002,702.10000000000002,0.5,0,2106.3000000000002,2106.3000000000002,702.10000000000002,,279,-249,397260,0,-1,-1,-1,1,0,-1,1,1,1,1,1,1,0,0,1,1,1,1,0,1,0,1,1,1,1,0,0,0,0,0,0,0,0,0,0,0,0,0,0,1,1,2,1,1,1
RCA_001542,PAYMENT,USD,PAID,NET30,MARKETING,650100-MARKETING,USD,ISSUED,MARKETING,650100-MARKETING,SUPPLIER,US,USD,NET30,ACH,ACTIVE,ACH,USD,COMPLETED,SETTLED,ACH_DEBIT,USD,DEBIT,POSTED,MANAGER,APPROVED,PAYMENT,8810.3099999999995,8188.9799999999996,614.16999999999996,7.1600000000000001,414,30,2,2,36,8188.9799999999996,232.43000000000001,8810.3099999999995,8188.9799999999996,614.16999999999996,7.1600000000000001,416,2,36,8188.9799999999996,8810.3099999999995,384,1,8810.3099999999995,1,8810.3099999999995,1,8785.3099999999995,379,1,2,1,8810.3099999999995,8810.3099999999995,8810.3099999999995,8810.3099999999995,2,1,1,1,0,0,0,30,4,12,0,0.76923076923076916,71,3121.1399999999999,25,0,0,1,0,0,0,0,0,0,0,0,0,0,0,25,0.0028375846025849262,0,0,0,0,2,30,0,38700,1,1,1,1,1,0,1,1,1,1,1,1,1,1,1,1,1,1,1,1,1,0,1,1,1,1,0,0,0,0,0,0,0,0,0,0,0,0,0,0,1,1,1,1,1,1
RCA_001544,INVOICE,USD,CANCELED,NET60,PEOPLE,660100-PEOPLE,__MISSING__,__MISSING__,__MISSING__,__MISSING__,PROFESSIONAL,US,USD,NET60,ACH,ACTIVE,__MISSING__,__MISSING__,__MISSING__,__MISSING__,__MISSING__,__MISSING__,__MISSING__,__MISSING__,__MISSING__,__MISSING__,__MISSING__,3825.02,3558.1599999999999,266.86000000000001,0,122,60,3,2,16,3558.1599999999999,222.38499999999999,,,,,,0,0,0,,,0,0,0,0,0,,,0,0,0,0,0,0,0,0,0,,0,0,0,0,29,4,52,0,0.84615384615384615,3,75.900000000000006,0,0,0,0,0,,,,,,,,,3825.02,1,,,0,,,,,,,,0,-1,-1,-1,1,0,-1,-1,-1,-1,-1,-1,-1,-1,-1,-1,-1,-1,-1,-1,-1,0,-1,-1,-1,1,0,0,0,1,1,1,1,0,0,0,0,0,0,1,1,1,0,0,1,0
RCA_001545,PAYMENT,EUR,APPROVED,NET15,SALES,640100-SALES,EUR,ISSUED,SALES,640100-SALES,SOFTWARE,DE,EUR,NET15,ACH,ACTIVE,ACH,EUR,REVERSED,REVERSED,ACH_DEBIT,EUR,DEBIT,POSTED,MANAGER,APPROVED,PAYMENT,5876.9700000000003,5876.9700000000003,0,0,277,15,2,4,59,5876.9700000000003,151.625,5876.9700000000003,5876.9700000000003,0,0,283,4,59,5876.9700000000003,3526.1799999999998,262,2,5876.9700000000003,1,5876.9700000000003,2,3526.1799999999998,258,2,6,3,9403.1499999999996,9403.1499999999996,5876.9700000000003,5876.9700000000003,2,1,1,1,0,1,0,27,4,23,0,0.84615384615384615,3,35.560000000000002,0,0,0,1,2,0,0,0,0,0,0,0,0,3526.1799999999998,0.59999965968858104,0,0,0,2350.79,2350.79,0,6,15,0,17100,1,1,1,1,1,0,1,1,1,1,1,1,1,1,0,1,1,1,1,1,1,1,1,1,1,1,0,0,0,0,0,0,0,0,0,0,0,0,0,0,0,1,2,3,1,1
RCA_001546,PAYMENT,EUR,PAID,NET15,FINANCE,630100-FINANCE,EUR,ISSUED,FINANCE,630100-FINANCE,SUPPLIER,DE,EUR,NET15,WIRE,ACTIVE,WIRE,EUR,COMPLETED,SETTLED,WIRE_DEBIT,EUR,DEBIT,POSTED,MANAGER,APPROVED,PAYMENT,5969.1800000000003,5549.3500000000004,416.19999999999999,3.6299999999999999,185,15,3,2,17,5549.3500000000004,210.35000000000002,5969.1800000000003,5549.3500000000004,416.19999999999999,3.6299999999999999,186,2,17,5549.3500000000004,2387.6700000000001,167,2,5969.1800000000003,1,5969.1800000000003,2,3581.5100000000002,169,1,4,2,5969.1800000000003,5969.1800000000003,5969.1800000000003,5969.1800000000003,2,1,1,1,0,1,1,35,4,32,0,0.92307692307692313,3,55.560000000000002,0,0,0,1,0,0,0,0,0,0,0,0,0,0,0,1193.8399999999999,0.50000209409172958,0,3581.5100000000002,3581.5100000000002,1193.8399999999999,1,18,-3,19980,1,1,1,1,1,0,1,1,1,1,1,1,1,1,1,1,1,1,1,1,1,1,1,1,1,1,0,0,0,0,0,0,0,0,0,0,0,0,0,0,0,1,2,2,1,1
RCA_001547,INVOICE,USD,PAID,NET45,MARKETING,650100-MARKETING,USD,ISSUED,MARKETING,650100-MARKETING,SOFTWARE,US,USD,NET45,ACH,ACTIVE,ACH,USD,COMPLETED,SETTLED,ACH_DEBIT,USD,DEBIT,POSTED,DIRECTOR,APPROVED,PAYMENT,6044.5299999999997,5751.9899999999998,287.60000000000002,4.9400000000000004,238,45,3,2,21,5751.9899999999998,311.94,6044.5299999999997,5751.9899999999998,287.60000000000002,4.9400000000000004,260,2,21,5751.9899999999998,16954.41,167,2,16954.41,2,16954.41,1,14134.110000000001,168,1,2,1,16954.41,16954.41,16954.41,16954.41,5,3,2,2,0,1,0,30,4,350,0,0.84615384615384615,0,30.940000000000001,0,0,0,1,1,0,0,0,0,0,0,0,0,0,0,2820.3000000000002,0.16634610110289888,0,0,0,2820.3000000000002,22,71,-6,58800,1,1,1,1,1,0,1,1,1,1,1,1,1,1,1,1,1,1,1,1,1,1,1,1,1,1,0,0,0,0,0,0,0,0,0,0,0,0,0,0,0,2,1,1,1,1
RCA_001548,INVOICE,USD,PAID,NET15,FINANCE,630100-FINANCE,USD,ISSUED,FINANCE,630100-FINANCE,SOFTWARE,US,USD,NET15,ACH,ACTIVE,ACH,USD,COMPLETED,SETTLED,ACH_DEBIT,USD,DEBIT,POSTED,MANAGER,APPROVED,PAYMENT,3089.5,2808.6399999999999,280.86000000000001,0,160,15,0,3,25,2808.6399999999999,388.1466666666667,3089.5,2808.6399999999999,280.86000000000001,0,183,3,25,2808.6399999999999,15600.85,145,2,15600.85,2,15600.85,1,15600.85,140,1,2,1,15600.85,15600.85,15600.85,15600.85,5,3,2,2,0,2,2,27,4,300,0,0.92307692307692313,5,6.1900000000000004,0,0,0,1,1,0,0,0,0,0,0,0,0,0,0,0,0,0,0,0,0,23,15,0,19980,1,1,1,1,1,0,1,1,1,1,1,1,1,1,1,1,1,1,1,1,1,1,1,1,1,1,0,0,0,0,0,0,0,0,0,0,0,0,0,0,0,2,1,1,1,1
RCA_001549,INVOICE,USD,PAID,NET30,PEOPLE,660100-PEOPLE,USD,ISSUED,PEOPLE,660100-PEOPLE,LOGISTICS,US,USD,NET30,ACH,ACTIVE,ACH,USD,COMPLETED,SETTLED,ACH_DEBIT,USD,DEBIT,POSTED,MANAGER,APPROVED,PAYMENT,4002.3499999999999,3723.1199999999999,279.23000000000002,0,122,30,1,1,2,3723.1199999999999,1861.5599999999999,4002.3499999999999,3723.1199999999999,279.23000000000002,0,129,1,2,3723.1199999999999,12784.24,92,2,12784.24,2,12784.24,1,12784.24,89,1,2,1,12784.24,12784.24,12784.24,12784.24,4,2,1,1,0,0,0,27,4,11,0,0.76923076923076916,13,110.86,0,0,0,1,1,0,0,0,0,0,0,0,0,0,0,0,0,0,0,0,0,7,30,0,40140,1,1,1,1,1,0,1,1,1,1,1,1,1,1,1,1,1,1,1,1,1,0,1,1,1,1,0,0,0,0,0,0,0,0,0,0,0,0,0,0,1,2,1,1,1,1
RCA_001552,PAYMENT,USD,PAID,NET30,PEOPLE,660100-PEOPLE,__MISSING__,__MISSING__,__MISSING__,__MISSING__,SOFTWARE,US,USD,NET30,ACH,ACTIVE,ACH,USD,COMPLETED,SETTLED,ACH_DEBIT,USD,DEBIT,POSTED,MANAGER,APPROVED,PAYMENT,1325.3699999999999,1232.9000000000001,92.469999999999999,0,535,30,2,2,10,1232.9000000000001,123.28999999999999,,,,,,0,0,0,530.14999999999998,502,2,1325.3699999999999,1,1325.3699999999999,2,795.22000000000003,502,1,4,2,1325.3699999999999,1325.3699999999999,1325.3699999999999,1325.3699999999999,2,1,1,1,0,0,0,29,4,5,0,0.84615384615384615,49,930.54999999999995,0,0,0,1,1,,,,,,,0,0,0,0,265.06999999999999,0.49999056870696973,0,795.22000000000003,795.22000000000003,265.06999999999999,,33,-3,43020,0,-1,-1,-1,1,0,-1,1,1,1,1,1,1,1,1,1,1,1,1,1,1,0,1,1,1,1,0,0,0,0,0,0,0,0,0,0,0,0,0,0,1,1,2,2,1,1
RCA_001553,INVOICE,EUR,APPROVED,NET45,PEOPLE,660100-PEOPLE,EUR,ISSUED,PEOPLE,660100-PEOPLE,SOFTWARE,DE,EUR,NET45,WIRE,ACTIVE,__MISSING__,__MISSING__,__MISSING__,__MISSING__,__MISSING__,__MISSING__,__MISSING__,__MISSING__,__MISSING__,__MISSING__,__MISSING__,1764.9100000000001,1595.4400000000001,159.12,10.35,305,45,1,4,30,1595.4400000000001,96.547499999999999,1760.6600000000001,1591.1900000000001,159.12,10.35,324,4,30,1591.1900000000001,,,0,0,0,0,0,,,0,0,0,0,0,0,0,0,0,,0,0,0,0,29,4,8,0,0.76923076923076916,47,140.61000000000001,0,0,0,0,0,4.25,0.0024138675269501208,0,0,4.25,0,,,1764.9100000000001,1,,,0,,,,19,,,,1,1,1,1,1,0,1,-1,-1,-1,-1,-1,-1,-1,-1,-1,-1,-1,-1,-1,-1,0,-1,-1,-1,1,0,0,0,1,1,1,1,0,0,0,0,0,0,1,1,1,0,0,1,0
RCA_001554,PAYMENT,EUR,PAID,NET30,OPERATIONS,620100-OPERATIONS,EUR,ISSUED,OPERATIONS,620100-OPERATIONS,SERVICES,DE,EUR,NET30,CHECK,ACTIVE,CHECK,EUR,COMPLETED,SETTLED,CHECK_CLEARING,EUR,DEBIT,POSTED,MANAGER,APPROVED,PAYMENT,6821.0900000000001,6345.1999999999998,475.88999999999999,0,292,30,4,2,17,6345.1999999999998,380.09000000000003,6821.0900000000001,6345.1999999999998,475.88999999999999,0,316,2,17,6345.1999999999998,6821.0900000000001,262,1,6821.0900000000001,1,6821.0900000000001,1,6821.0900000000001,249,1,2,1,6821.0900000000001,6821.0900000000001,6821.0900000000001,6821.0900000000001,2,1,1,1,0,0,0,29,4,67,0,0.92307692307692313,2,28.59,0,0,0,1,1,0,0,0,0,0,0,0,0,0,0,0,0,0,0,0,0,24,30,0,35820,1,1,1,1,1,0,1,1,1,1,1,1,1,1,1,1,1,1,1,1,1,0,1,1,1,1,0,0,0,0,0,0,0,0,0,0,0,0,0,0,1,1,1,1,1,1
RCA_001559,INVOICE,EUR,CREDIT_APPLIED,NET15,OPERATIONS,620100-OPERATIONS,__MISSING__,__MISSING__,__MISSING__,__MISSING__,SUPPLIER,DE,EUR,NET15,WIRE,ACTIVE,__MISSING__,__MISSING__,__MISSING__,__MISSING__,__MISSING__,__MISSING__,__MISSING__,__MISSING__,__MISSING__,__MISSING__,__MISSING__,-2528.54,-2406.52,-120.33,-1.6899999999999999,170,15,3,4,29,-2406.52,-135.435,,,,,,0,0,0,,,0,0,0,0,0,,,0,0,0,0,0,0,0,0,0,,0,0,1,0,35,4,33,0,0.69230769230769229,0,2821.0900000000001,0,0,0,0,0,,,,,,,,,2528.54,1,,,0,,,,,,,,0,-1,-1,-1,1,0,-1,-1,-1,-1,-1,-1,-1,-1,-1,-1,-1,-1,-1,-1,-1,1,-1,-1,-1,1,0,0,0,1,1,1,1,0,0,0,0,0,0,1,0,1,0,0,1,0
RCA_001560,INVOICE,EUR,CANCELED,NET30,ENGINEERING,610100-ENGINEERING,__MISSING__,__MISSING__,__MISSING__,__MISSING__,PROFESSIONAL,DE,EUR,NET30,ACH,ACTIVE,__MISSING__,__MISSING__,__MISSING__,__MISSING__,__MISSING__,__MISSING__,__MISSING__,__MISSING__,__MISSING__,__MISSING__,__MISSING__,6114.1300000000001,6114.1300000000001,0,0,387,30,4,2,10,6114.1300000000001,1734.905,,,,,,0,0,0,,,0,0,0,0,0,,,0,0,0,0,0,0,0,0,0,,0,0,0,0,31,4,47,0,0.92307692307692313,19,0,0,0,0,0,0,,,,,,,,,6114.1300000000001,1,,,0,,,,,,,,0,-1,-1,-1,1,0,-1,-1,-1,-1,-1,-1,-1,-1,-1,-1,-1,-1,-1,-1,-1,0,-1,-1,-1,1,0,0,0,1,1,1,1,0,0,0,0,0,0,1,1,1,0,0,1,0
RCA_001561,PAYMENT,USD,APPROVED,NET45,IT,680100-IT,USD,ISSUED,IT,680100-IT,SOFTWARE,US,USD,NET45,ACH,ACTIVE,ACH,USD,REVERSED,REVERSED,ACH_DEBIT,USD,DEBIT,POSTED,MANAGER,APPROVED,PAYMENT,3460.79,3452.98,0,7.8099999999999996,192,45,5,2,10,3452.98,383.17000000000002,3460.79,3452.98,0,7.8099999999999996,201,2,10,3452.98,34077.510000000002,147,2,34077.510000000002,2,34077.510000000002,1,34077.510000000002,144,2,4,2,68155.020000000004,68155.020000000004,34077.510000000002,34077.510000000002,5,3,2,2,0,1,1,30,4,350,0,0.92307692307692313,0,1.21,0,0,0,1,2,0,0,0,0,0,0,0,0,3460.79,1,0,0,0,0,0,0,9,45,0,55980,1,1,1,1,1,0,1,1,1,1,1,1,1,1,0,1,1,1,1,1,1,1,1,1,1,1,0,0,0,0,0,0,0,0,0,0,0,0,0,0,0,2,1,2,1,1
RCA_001562,PAYMENT,CAD,PAID,NET15,MARKETING,650100-MARKETING,CAD,ISSUED,MARKETING,650100-MARKETING,SUPPLIER,CA,CAD,NET15,WIRE,ACTIVE,WIRE,CAD,COMPLETED,SETTLED,WIRE_DEBIT,USD,DEBIT,POSTED,MANAGER,APPROVED,PAYMENT,2431.71,2205.4200000000001,165.41,60.880000000000003,28,15,2,1,6,2205.4200000000001,367.56999999999999,2431.71,2205.4200000000001,165.41,60.880000000000003,49,1,6,2205.4200000000001,2431.71,15,1,2431.71,1,2431.71,1,1799.47,14,1,2,1,2431.71,2431.71,2431.71,2431.71,2,1,1,1,0,0,0,31,4,6,0,0.76923076923076916,172,20.309999999999999,0,1,1,1,0,0,0,0,0,0,0,0,0,0,0,632.24000000000001,0.25999810832706205,0,0,0,632.24000000000001,21,13,0,14220,1,1,1,1,1,0,1,1,1,1,1,1,1,1,1,0,1,1,1,1,1,0,1,1,1,1,0,0,0,0,0,0,0,0,0,0,0,0,0,0,1,1,1,1,1,1
RCA_001563,INVOICE,USD,PAID,NET45,PEOPLE,660100-PEOPLE,USD,ISSUED,PEOPLE,660100-PEOPLE,SERVICES,US,USD,NET45,ACH,ACTIVE,ACH,USD,COMPLETED,SETTLED,ACH_DEBIT,USD,DEBIT,POSTED,MANAGER,APPROVED,PAYMENT,4415.2799999999997,4174.3599999999997,208.72,32.200000000000003,209,45,5,2,16,4174.3599999999997,509.25999999999999,4415.2799999999997,4174.3599999999997,208.72,32.200000000000003,228,2,16,4174.3599999999997,4415.2799999999997,164,1,4415.2799999999997,1,4415.2799999999997,1,4415.2799999999997,160,1,2,1,4415.2799999999997,4415.2799999999997,4415.2799999999997,4415.2799999999997,2,1,1,1,0,2,2,30,4,135,0,0.92307692307692313,1,108.73999999999999,0,0,0,1,1,0,0,0,0,0,0,0,0,0,0,0,0,0,0,0,0,19,45,0,55980,1,1,1,1,1,0,1,1,1,1,1,1,1,1,1,1,1,1,1,1,1,1,1,1,1,1,0,0,0,0,0,0,0,0,0,0,0,0,0,0,0,1,1,1,1,1
RCA_001565,INVOICE,USD,PAID,NET30,PEOPLE,660100-PEOPLE,USD,ISSUED,PEOPLE,660100-PEOPLE,SUPPLIER,US,USD,NET30,WIRE,ACTIVE,WIRE,USD,COMPLETED,SETTLED,WIRE_DEBIT,USD,DEBIT,POSTED,AUTO,AUTO_APPROVED,PAYMENT,427.24000000000001,371.35000000000002,27.850000000000001,28.039999999999999,48,30,5,1,5,371.35000000000002,74.269999999999996,427.24000000000001,371.35000000000002,27.850000000000001,28.039999999999999,64,1,5,371.35000000000002,256.33999999999997,18,2,427.24000000000001,1,427.24000000000001,2,256.33999999999997,15,1,4,2,427.24000000000001,427.24000000000001,427.24000000000001,427.24000000000001,2,1,1,1,0,1,1,30,4,10,0,0.76923076923076916,58,897.55999999999995,0,0,0,1,1,0,0,0,0,0,0,0,0,0,0,0,0,0,170.90000000000001,170.90000000000001,0,16,30,0,34380,1,1,1,1,1,0,1,1,1,1,1,1,1,1,1,1,1,1,1,1,1,1,-1,-1,-1,1,0,0,0,0,0,0,0,0,0,0,0,0,0,0,0,1,2,2,1,1
RCA_001566,PAYMENT,USD,PAID,NET45,FINANCE,630100-FINANCE,USD,ISSUED,FINANCE,630100-FINANCE,SOFTWARE,US,USD,NET45,ACH,ACTIVE,ACH,USD,COMPLETED,SETTLED,ACH_DEBIT,USD,DEBIT,POSTED,MANAGER,APPROVED,PAYMENT,2731.6799999999998,2731.6799999999998,0,0,404,45,0,1,21,2731.6799999999998,130.08000000000001,2731.6799999999998,2731.6799999999998,0,0,415,1,21,2731.6799999999998,6344.8199999999997,35,2,6344.8199999999997,2,6344.8199999999997,1,6344.8199999999997,32,1,2,1,6344.8199999999997,6344.8199999999997,6344.8199999999997,6344.8199999999997,4,2,1,1,0,1,1,30,4,350,0,0.92307692307692313,1,0.95999999999999996,0,0,0,1,1,0,0,0,0,0,0,0,0,0,0,0,0,0,0,0,0,11,369,0,61740,1,1,1,1,1,0,1,1,1,1,1,1,1,1,1,1,1,1,1,1,1,1,1,1,1,1,0,0,0,0,0,0,0,0,0,0,0,0,0,0,0,2,1,1,1,1
RCA_001567,INVOICE,USD,PAID,NET30,OPERATIONS,620100-OPERATIONS,__MISSING__,__MISSING__,__MISSING__,__MISSING__,SUPPLIER,US,USD,NET30,ACH,ACTIVE,ACH,USD,COMPLETED,SETTLED,ACH_DEBIT,USD,DEBIT,POSTED,MANAGER,APPROVED,PAYMENT,4070,3700,370,0,204,30,4,2,14,3700,435.82499999999999,,,,,,0,0,0,2442,174,2,4070,1,4070,2,2442,169,1,4,2,4070,4070,4070,4070,2,1,1,1,0,2,1,29,4,31,0,0.92307692307692313,3,127.62,0,0,0,1,1,,,,,,,0,0,0,0,0,0,0,1628,1628,0,,30,0,35820,0,-1,-1,-1,1,0,-1,1,1,1,1,1,1,1,1,1,1,1,1,1,1,1,1,1,1,1,0,0,0,0,0,0,0,0,0,0,0,0,0,0,0,1,2,2,1,1
RCA_001568,PAYMENT,USD,PAID,NET45,OPERATIONS,620100-OPERATIONS,__MISSING__,__MISSING__,__MISSING__,__MISSING__,SERVICES,US,USD,NET45,ACH,ACTIVE,ACH,USD,COMPLETED,SETTLED,ACH_DEBIT,USD,DEBIT,POSTED,MANAGER,APPROVED,PAYMENT,6809.75,6190.6800000000003,619.07000000000005,0,281,45,3,2,23,6190.6800000000003,259.005,,,,,,0,0,0,6809.75,236,1,6809.75,1,6809.75,1,6809.75,231,1,2,1,6809.75,6809.75,6809.75,6809.75,2,1,1,1,0,2,0,30,4,135,0,0.84615384615384615,4,267.43000000000001,0,0,0,1,1,,,,,,,0,0,0,0,0,0,0,0,0,0,,45,0,58860,0,-1,-1,-1,1,0,-1,1,1,1,1,1,1,1,1,1,1,1,1,1,1,1,1,1,1,1,0,0,0,0,0,0,0,0,0,0,0,0,0,0,0,1,1,1,1,1
RCA_001570,PAYMENT,USD,PAID,NET60,OPERATIONS,620100-OPERATIONS,__MISSING__,__MISSING__,__MISSING__,__MISSING__,SUPPLIER,US,USD,NET60,CHECK,ACTIVE,CHECK,USD,COMPLETED,SETTLED,CHECK_CLEARING,USD,DEBIT,POSTED,MANAGER,APPROVED,PAYMENT,2872.0100000000002,2671.6399999999999,200.37,0,332,60,0,2,12,2671.6399999999999,311.87,,,,,,0,0,0,2872.0100000000002,272,1,2872.0100000000002,1,2872.0100000000002,1,2872.0100000000002,258,1,2,1,2872.0100000000002,2872.0100000000002,2872.0100000000002,2872.0100000000002,2,1,1,1,0,0,0,31,4,7,0,0.84615384615384615,31,342.75,0,0,0,1,1,,,,,,,0,0,0,0,0,0,0,0,0,0,,60,0,84780,0,-1,-1,-1,1,0,-1,1,1,1,1,1,1,1,1,1,1,1,1,1,1,0,1,1,1,1,0,0,0,0,0,0,0,0,0,0,0,0,0,0,1,1,1,1,1,1
RCA_001571,BANK_TRANSACTION,USD,PAID,NET60,FINANCE,630100-FINANCE,USD,ISSUED,FINANCE,630100-FINANCE,LOGISTICS,US,USD,NET60,WIRE,ACTIVE,WIRE,USD,COMPLETED,SETTLED,BANK_FEE,USD,DEBIT,POSTED,MANAGER,APPROVED,PAYMENT,3465.1399999999999,3141.3600000000001,314.13999999999999,9.6400000000000006,38,60,1,4,38,3141.3600000000001,277.0025,3465.1399999999999,3141.3600000000001,314.13999999999999,9.6400000000000006,57,4,38,3141.3600000000001,2079.0799999999999,15,2,3465.1399999999999,1,3465.1399999999999,2,35,14,2,4,2,3465.1399999999999,3465.1399999999999,3465.1399999999999,3465.1399999999999,2,1,1,1,0,0,0,32,4,14,0,0.76923076923076916,2,519.42999999999995,35,0,0,1,1,0,0,0,0,0,0,0,0,0,0,2044.0799999999999,0.98316563095215193,0,1386.0599999999999,1386.0599999999999,2009.0799999999999,19,23,0,30060,1,1,1,1,1,0,1,1,1,1,1,1,1,1,0,1,0,1,1,1,1,0,1,1,1,1,0,0,0,0,0,0,0,0,0,0,0,0,0,0,1,1,2,3,1,1
RCA_001574,PAYMENT,USD,PAID,NET15,PEOPLE,660100-PEOPLE,USD,ISSUED,PEOPLE,660100-PEOPLE,PROFESSIONAL,US,USD,NET15,ACH,ACTIVE,ACH,USD,COMPLETED,SETTLED,ACH_DEBIT,USD,DEBIT,POSTED,AUTO,AUTO_APPROVED,PAYMENT,262.19999999999999,262.19999999999999,0,0,359,15,5,1,23,262.19999999999999,11.4,262.19999999999999,262.19999999999999,0,0,376,1,23,262.19999999999999,262.19999999999999,344,1,262.19999999999999,1,262.19999999999999,1,237.19999999999999,341,1,2,1,262.19999999999999,262.19999999999999,262.19999999999999,262.19999999999999,2,1,1,1,0,2,1,31,4,90,0,0.84615384615384615,7,124.59,25,0,0,1,0,0,0,0,0,0,0,0,0,0,0,25,0.095347063310450036,0,0,0,0,17,15,0,12780,1,1,1,1,1,0,1,1,1,1,1,1,1,1,1,1,1,1,1,1,1,1,-1,-1,-1,1,0,0,0,0,0,0,0,0,0,0,0,0,0,0,0,1,1,1,1,1
RCA_001577,PAYMENT,EUR,APPROVED,NET30,MARKETING,650100-MARKETING,EUR,ISSUED,MARKETING,650100-MARKETING,SOFTWARE,DE,EUR,NET30,ACH,ACTIVE,ACH,EUR,REVERSED,REVERSED,ACH_DEBIT,EUR,DEBIT,POSTED,MANAGER,APPROVED,PAYMENT,5115.5200000000004,4621.4799999999996,462.14999999999998,31.890000000000001,210,30,5,3,22,4621.4799999999996,470.18333333333334,5115.5200000000004,4621.4799999999996,462.14999999999998,31.890000000000001,212,3,22,4621.4799999999996,5115.5200000000004,180,1,5115.5200000000004,1,5115.5200000000004,1,5115.5200000000004,175,2,4,2,10231.040000000001,10231.040000000001,5115.5200000000004,5115.5200000000004,2,1,1,1,0,1,0,29,4,20,0,0.84615384615384615,16,296.79000000000002,0,0,0,1,2,0,0,0,0,0,0,0,0,5115.5200000000004,1,0,0,0,0,0,0,2,30,0,34380,1,1,1,1,1,0,1,1,1,1,1,1,1,1,0,1,1,1,1,1,1,1,1,1,1,1,0,0,0,0,0,0,0,0,0,0,0,0,0,0,0,1,1,2,1,1
RCA_001578,PAYMENT,CAD,PAID,NET30,IT,680100-IT,CAD,ISSUED,IT,680100-IT,SERVICES,CA,CAD,NET30,ACH,ACTIVE,ACH,CAD,COMPLETED,SETTLED,ACH_DEBIT,USD,DEBIT,POSTED,MANAGER,APPROVED,PAYMENT,3297.1700000000001,2959.4000000000001,295.94,41.829999999999998,491,30,3,2,26,2959.4000000000001,293.83000000000004,3297.1700000000001,2959.4000000000001,295.94,41.829999999999998,499,2,26,2959.4000000000001,1978.3,461,2,3297.1700000000001,1,3297.1700000000001,2,1463.9400000000001,456,1,4,2,3297.1700000000001,3297.1700000000001,3297.1700000000001,3297.1700000000001,2,1,1,1,0,0,0,26,4,10,0,0.84615384615384615,22,614.80999999999995,0,1,1,1,0,0,0,0,0,0,0,0,0,0,0,514.36000000000001,0.26000101096901379,0,1318.8699999999999,1318.8699999999999,514.36000000000001,8,30,0,37260,1,1,1,1,1,0,1,1,1,1,1,1,1,1,1,0,1,1,1,1,1,0,1,1,1,1,0,0,0,0,0,0,0,0,0,0,0,0,0,0,1,1,2,2,1,1
RCA_001579,INVOICE,USD,PAID,NET30,IT,680100-IT,USD,ISSUED,IT,680100-IT,SERVICES,US,USD,NET30,WIRE,ACTIVE,WIRE,USD,COMPLETED,SETTLED,WIRE_DEBIT,USD,DEBIT,POSTED,MANAGER,APPROVED,PAYMENT,3884.3200000000002,3531.1999999999998,353.12,0,494,30,0,3,25,3531.1999999999998,1035.24,3884.3200000000002,3531.1999999999998,353.12,0,506,3,25,3531.1999999999998,5398.8400000000001,247,2,5398.8400000000001,2,5398.8400000000001,1,5398.8400000000001,246,1,2,1,5398.8400000000001,5398.8400000000001,5398.8400000000001,5398.8400000000001,4,2,1,1,0,0,0,29,4,29,0,0.76923076923076916,15,44.200000000000003,0,0,0,1,1,0,0,0,0,0,0,0,0,0,0,0,0,0,0,0,0,12,247,0,37260,1,1,1,1,1,0,1,1,1,1,1,1,1,1,1,1,1,1,1,1,1,0,1,1,1,1,0,0,0,0,0,0,0,0,0,0,0,0,0,0,1,2,1,1,1,1
RCA_001580,INVOICE,JPY,APPROVED,NET30,FINANCE,630100-FINANCE,JPY,ISSUED,FINANCE,630100-FINANCE,SERVICES,JP,JPY,NET30,ACH,ACTIVE,__MISSING__,__MISSING__,__MISSING__,__MISSING__,__MISSING__,__MISSING__,__MISSING__,__MISSING__,__MISSING__,__MISSING__,__MISSING__,6625,6612,0,13,112,30,0,2,33,6612,271,6625,6612,0,13,138,2,33,6612,,,0,0,0,0,0,,,0,0,0,0,0,0,0,0,0,,0,0,0,0,31,4,8,0,0.76923076923076916,27,563,0,0,0,0,0,0,0,0,0,0,0,,,6625,1,,,0,,,,26,,,,1,1,1,1,1,0,1,-1,-1,-1,-1,-1,-1,-1,-1,-1,-1,-1,-1,-1,-1,0,-1,-1,-1,1,0,0,0,1,1,1,1,0,0,0,0,0,0,1,1,1,0,0,1,0
RCA_001581,INVOICE,USD,PAID,NET30,IT,680100-IT,USD,ISSUED,IT,680100-IT,SUPPLIER,US,USD,NET30,CHECK,ACTIVE,CHECK,USD,COMPLETED,SETTLED,CHECK_CLEARING,USD,DEBIT,POSTED,MANAGER,APPROVED,PAYMENT,3831.8200000000002,3564.48,267.33999999999997,0,284,30,0,1,6,3564.48,594.08000000000004,3831.8200000000002,3564.48,267.33999999999997,0,292,1,6,3564.48,3831.8200000000002,254,1,3831.8200000000002,1,3831.8200000000002,1,3831.8200000000002,242,1,2,1,3831.8200000000002,3831.8200000000002,3831.8200000000002,3831.8200000000002,2,1,1,1,0,0,0,29,4,13,0,0.84615384615384615,0,120.31,0,0,0,1,1,0,0,0,0,0,0,0,0,0,0,0,0,0,0,0,0,8,30,0,41580,1,1,1,1,1,0,1,1,1,1,1,1,1,1,1,1,1,1,1,1,1,0,1,1,1,1,0,0,0,0,0,0,0,0,0,0,0,0,0,0,1,1,1,1,1,1
RCA_001582,PAYMENT,USD,PAID,NET15,FINANCE,630100-FINANCE,USD,ISSUED,FINANCE,630100-FINANCE,SOFTWARE,US,USD,NET15,CHECK,ACTIVE,CHECK,USD,COMPLETED,SETTLED,CHECK_CLEARING,USD,DEBIT,POSTED,MANAGER,APPROVED,PAYMENT,1028.45,956.70000000000005,71.75,0,176,15,5,2,26,956.70000000000005,93.150000000000006,1028.45,956.70000000000005,71.75,0,191,2,26,956.70000000000005,5234.5799999999999,161,2,5234.5799999999999,2,5234.5799999999999,1,5234.5799999999999,147,1,2,1,5234.5799999999999,5234.5799999999999,5234.5799999999999,5234.5799999999999,4,2,1,1,0,1,1,28,4,150,0,0.92307692307692313,3,35.920000000000002,0,0,0,1,1,0,0,0,0,0,0,0,0,0,0,0,0,0,0,0,0,15,15,0,12780,1,1,1,1,1,0,1,1,1,1,1,1,1,1,1,1,1,1,1,1,1,1,1,1,1,1,0,0,0,0,0,0,0,0,0,0,0,0,0,0,0,2,1,1,1,1
RCA_001583,INVOICE,GBP,PAID,NET30,FINANCE,630100-FINANCE,GBP,ISSUED,FINANCE,630100-FINANCE,SUPPLIER,GB,GBP,NET30,WIRE,ACTIVE,WIRE,GBP,COMPLETED,SETTLED,WIRE_DEBIT,GBP,DEBIT,POSTED,MANAGER,APPROVED,PAYMENT,1034.47,962.29999999999995,72.170000000000002,0,126,30,2,2,26,962.29999999999995,74.929999999999993,1034.47,962.29999999999995,72.170000000000002,0,129,2,26,962.29999999999995,620.67999999999995,96,2,1034.47,1,1034.47,2,620.67999999999995,95,2,4,2,1034.47,1034.47,1034.47,1034.47,2,1,1,1,0,0,0,30,4,8,0,0.84615384615384615,67,834.17999999999995,0,0,0,1,1,0,0,0,0,0,0,0,0,0,0,0,0,0,413.79000000000002,413.79000000000002,0,3,30,0,38700,1,1,1,1,1,0,1,1,1,1,1,1,1,1,0,1,1,1,1,1,1,0,1,1,1,1,0,0,0,0,0,0,0,0,0,0,0,0,0,0,1,1,2,3,1,1
RCA_001589,PAYMENT,JPY,PAID,NET30,ENGINEERING,610100-ENGINEERING,__MISSING__,__MISSING__,__MISSING__,__MISSING__,SOFTWARE,JP,JPY,NET30,ACH,ACTIVE,ACH,JPY,SUBMITTED,PENDING,__MISSING__,__MISSING__,__MISSING__,__MISSING__,MANAGER,APPROVED,PAYMENT,2862,2862,0,0,360,30,5,1,9,2862,318,,,,,,0,0,0,2862,1,1,2862,1,2862,1,,,0,2,1,2862,2862,2862,2862,2,1,1,1,0,0,0,30,4,2,0,0.69230769230769229,163,363,0,0,0,1,0,,,,,,,0,0,2862,1,,,0,0,0,,,359,,508140,0,-1,-1,-1,1,0,-1,1,1,1,1,1,1,0,0,-1,-1,1,1,1,1,0,1,1,1,1,0,0,0,0,1,0,0,0,0,0,0,0,0,0,1,1,1,0,1,1
RCA_001590,PAYMENT,EUR,PAID,NET60,MARKETING,650100-MARKETING,EUR,ISSUED,MARKETING,650100-MARKETING,LOGISTICS,DE,EUR,NET60,ACH,ACTIVE,ACH,EUR,COMPLETED,SETTLED,ACH_DEBIT,EUR,DEBIT,POSTED,MANAGER,APPROVED,PAYMENT,4906.8900000000003,4528.5600000000004,339.63999999999999,38.689999999999998,377,60,5,3,27,4528.5600000000004,181.86333333333334,4906.8900000000003,4528.5600000000004,339.63999999999999,38.689999999999998,377,3,27,4528.5600000000004,2944.1300000000001,317,2,4906.8900000000003,1,4906.8900000000003,2,2919.1300000000001,314,1,4,2,4906.8900000000003,4906.8900000000003,4906.8900000000003,4906.8900000000003,2,1,1,1,0,0,0,32,4,14,0,0.92307692307692313,12,296.31,25,0,0,1,0,0,0,0,0,0,0,0,0,0,0,25,0.0084914728629510248,0,1962.76,1962.76,0,0,60,0,77580,1,1,1,1,1,0,1,1,1,1,1,1,1,1,1,1,1,1,1,1,1,0,1,1,1,1,0,0,0,0,0,0,0,0,0,0,0,0,0,0,1,1,2,2,1,1
RCA_001593,PAYMENT,CAD,APPROVED,NET30,FINANCE,630100-FINANCE,CAD,ISSUED,FINANCE,630100-FINANCE,SUPPLIER,CA,CAD,NET30,VIRTUAL_CARD,ACTIVE,VIRTUAL_CARD,CAD,REVERSED,REVERSED,CARD_SETTLEMENT,CAD,DEBIT,POSTED,DIRECTOR,APPROVED,PAYMENT,13674.67,12720.620000000001,954.04999999999995,0,33,30,5,1,11,12720.620000000001,1156.4200000000001,13674.67,12720.620000000001,954.04999999999995,0,54,1,11,12720.620000000001,13674.67,15,1,13674.67,1,13674.67,1,13674.67,13,2,4,2,27349.34,27349.34,13674.67,13674.67,3,2,2,2,0,0,0,27,4,20,0,0.84615384615384615,4,757.84000000000003,0,0,0,1,2,0,0,0,0,0,0,0,0,13674.67,1,0,0,0,0,0,0,21,18,0,15600,1,1,1,1,1,0,1,1,1,1,1,1,1,1,0,1,1,1,1,1,1,0,1,1,1,1,0,0,0,0,0,0,0,0,0,0,0,0,0,0,1,1,1,2,1,1
RCA_001595,INVOICE,EUR,PAID,NET15,FINANCE,630100-FINANCE,__MISSING__,__MISSING__,__MISSING__,__MISSING__,SUPPLIER,DE,EUR,NET15,WIRE,ACTIVE,WIRE,EUR,COMPLETED,SETTLED,WIRE_DEBIT,EUR,DEBIT,POSTED,MANAGER,APPROVED,PAYMENT,3208.5999999999999,2984.7399999999998,223.86000000000001,0,230,15,0,3,17,2984.7399999999998,295.39333333333337,,,,,,0,0,0,3208.5999999999999,215,1,3208.5999999999999,1,3208.5999999999999,1,3208.5999999999999,214,1,2,1,3208.5999999999999,3208.5999999999999,3208.5999999999999,3208.5999999999999,2,1,1,1,0,1,0,35,4,32,0,0.92307692307692313,4,0,0,0,0,1,1,,,,,,,0,0,0,0,0,0,0,0,0,0,,15,0,19980,0,-1,-1,-1,1,0,-1,1,1,1,1,1,1,1,1,1,1,1,1,1,1,1,1,1,1,1,0,0,0,0,0,0,0,0,0,0,0,0,0,0,0,1,1,1,1,1
RCA_001596,INVOICE,USD,PAID,NET60,LEGAL,670100-LEGAL,USD,ISSUED,LEGAL,670100-LEGAL,LOGISTICS,US,USD,NET60,ACH,ACTIVE,ACH,USD,COMPLETED,SETTLED,ACH_DEBIT,USD,DEBIT,POSTED,MANAGER,APPROVED,PAYMENT,3055.8400000000001,2778.04,277.80000000000001,0,466,60,1,3,44,2778.04,67.643333333333331,3055.8400000000001,2778.04,277.80000000000001,0,471,3,44,2778.04,3055.8400000000001,406,1,3055.8400000000001,1,3055.8400000000001,1,3055.8400000000001,403,1,2,1,3055.8400000000001,3055.8400000000001,3055.8400000000001,3055.8400000000001,2,1,1,1,0,0,0,32,4,23,0,0.84615384615384615,12,384.07999999999998,0,0,0,1,1,0,0,0,0,0,0,0,0,0,0,0,0,0,0,0,0,5,60,0,83340,1,1,1,1,1,0,1,1,1,1,1,1,1,1,1,1,1,1,1,1,1,0,1,1,1,1,0,0,0,0,0,0,0,0,0,0,0,0,0,0,1,1,1,1,1,1
RCA_001597,INVOICE,USD,PAID,NET60,OPERATIONS,620100-OPERATIONS,USD,ISSUED,OPERATIONS,620100-OPERATIONS,SERVICES,US,USD,NET60,ACH,ACTIVE,ACH,USD,COMPLETED,SETTLED,ACH_DEBIT,USD,DEBIT,POSTED,MANAGER,APPROVED,PAYMENT,1442.7,1333.5999999999999,100.02,9.0800000000000001,309,60,4,1,20,1333.5999999999999,66.680000000000007,1442.7,1333.5999999999999,100.02,9.0800000000000001,312,1,20,1333.5999999999999,1442.7,249,1,1442.7,1,1442.7,1,1442.7,244,1,2,1,1442.7,1442.7,1442.7,1442.7,2,1,1,1,0,1,0,30,4,43,0,0.84615384615384615,17,13.5,0,0,0,1,1,0,0,0,0,0,0,0,0,0,0,0,0,0,0,0,0,3,60,0,79020,1,1,1,1,1,0,1,1,1,1,1,1,1,1,1,1,1,1,1,1,1,1,1,1,1,1,0,0,0,0,0,0,0,0,0,0,0,0,0,0,0,1,1,1,1,1
RCA_001599,INVOICE,USD,PAID,NET45,PEOPLE,660100-PEOPLE,USD,ISSUED,PEOPLE,660100-PEOPLE,SOFTWARE,US,USD,NET45,ACH,ACTIVE,ACH,USD,COMPLETED,SETTLED,ACH_DEBIT,USD,DEBIT,POSTED,MANAGER,APPROVED,PAYMENT,1454.5599999999999,1319.49,131.94999999999999,3.1200000000000001,131,45,0,1,9,1319.49,146.61000000000001,1454.5599999999999,1319.49,131.94999999999999,3.1200000000000001,161,1,9,1319.49,872.74000000000001,86,2,1454.5599999999999,1,1454.5599999999999,2,872.74000000000001,83,1,4,2,1454.5599999999999,1454.5599999999999,1454.5599999999999,1454.5599999999999,2,1,1,1,0,0,0,28,4,22,0,0.76923076923076916,12,159.86000000000001,0,0,0,1,1,0,0,0,0,0,0,0,0,0,0,0,0,0,581.82000000000005,581.82000000000005,0,30,45,0,63180,1,1,1,1,1,0,1,1,1,1,1,1,1,1,1,1,1,1,1,0,1,0,1,1,1,1,0,0,0,0,0,0,0,0,0,0,0,0,0,0,1,1,2,2,1,1
RCA_001602,PAYMENT,USD,PAID,NET30,ENGINEERING,610100-ENGINEERING,__MISSING__,__MISSING__,__MISSING__,__MISSING__,PROFESSIONAL,US,USD,NET30,CHECK,ACTIVE,CHECK,USD,COMPLETED,SETTLED,CHECK_CLEARING,USD,DEBIT,POSTED,MANAGER,APPROVED,PAYMENT,3304.3099999999999,3073.7800000000002,230.53,0,464,30,2,2,13,3073.7800000000002,304.38499999999999,,,,,,0,0,0,1982.5899999999999,434,2,3304.3099999999999,1,3304.3099999999999,2,1982.5899999999999,420,1,4,2,3304.3099999999999,3304.3099999999999,3304.3099999999999,3304.3099999999999,2,1,1,1,0,0,0,34,4,4,0,0.76923076923076916,18,612.34000000000003,0,0,0,1,1,,,,,,,0,0,0,0,0,0,0,1321.72,1321.72,0,,30,0,38700,0,-1,-1,-1,1,0,-1,1,1,1,1,1,1,1,1,1,1,1,1,1,1,0,1,1,1,1,0,0,0,0,0,0,0,0,0,0,0,0,0,0,1,1,2,2,1,1
RCA_001603,BANK_TRANSACTION,USD,PAID,NET30,MARKETING,650100-MARKETING,__MISSING__,__MISSING__,__MISSING__,__MISSING__,PROFESSIONAL,US,USD,NET30,WIRE,ACTIVE,WIRE,USD,COMPLETED,SETTLED,BANK_FEE,USD,DEBIT,POSTED,MANAGER,APPROVED,PAYMENT,4511.6999999999998,4511.6999999999998,0,0,97,30,3,1,6,4511.6999999999998,751.95000000000005,,,,,,0,0,0,4511.6999999999998,67,1,4511.6999999999998,1,4511.6999999999998,1,35,64,2,2,1,4511.6999999999998,4511.6999999999998,4511.6999999999998,4511.6999999999998,2,1,1,1,0,1,1,29,4,20,0,0.84615384615384615,2,57.090000000000003,35,0,0,1,1,,,,,,,0,0,0,0,4476.6999999999998,0.99224239200301434,0,0,0,4441.6999999999998,,30,0,37260,0,-1,-1,-1,1,0,-1,1,1,1,1,1,1,1,0,1,0,1,1,1,1,1,1,1,1,1,0,0,0,0,0,0,0,0,0,0,0,0,0,0,0,1,1,2,1,1
RCA_001604,INVOICE,USD,PAID,NET30,SALES,640100-SALES,__MISSING__,__MISSING__,__MISSING__,__MISSING__,SUPPLIER,US,USD,NET30,ACH,ON_HOLD,ACH,USD,COMPLETED,SETTLED,ACH_DEBIT,USD,DEBIT,POSTED,MANAGER,APPROVED,PAYMENT,1367.1199999999999,1271.74,95.379999999999995,0,382,30,3,2,18,1271.74,65.890000000000001,,,,,,0,0,0,820.26999999999998,352,2,1367.1199999999999,1,1367.1199999999999,2,820.26999999999998,349,1,4,2,1367.1199999999999,1367.1199999999999,1367.1199999999999,1367.1199999999999,2,1,1,1,0,0,0,31,4,6,0,0.84615384615384615,14,253.68000000000001,0,0,0,1,1,,,,,,,0,0,0,0,0,0,0,546.85000000000002,546.85000000000002,0,,30,0,37260,0,-1,-1,-1,1,0,-1,1,1,1,1,1,1,1,1,1,1,1,1,1,1,0,1,1,1,1,0,0,0,0,0,0,0,0,0,0,0,0,0,0,1,1,2,2,1,1
RCA_001606,PAYMENT,USD,PAID,NET30,LEGAL,670100-LEGAL,__MISSING__,__MISSING__,__MISSING__,__MISSING__,SUPPLIER,US,USD,NET30,ACH,ON_HOLD,ACH,USD,COMPLETED,SETTLED,ACH_DEBIT,USD,DEBIT,POSTED,MANAGER,APPROVED,PAYMENT,7483.6300000000001,6961.5200000000004,522.11000000000001,0,30,30,5,1,2,6961.5200000000004,3480.7600000000002,,,,,,0,0,0,7483.6300000000001,15,1,7483.6300000000001,1,7483.6300000000001,1,7458.6300000000001,12,1,2,1,7483.6300000000001,7483.6300000000001,7483.6300000000001,7483.6300000000001,2,1,1,1,0,0,0,31,4,6,0,0.76923076923076916,6,1736.8499999999999,25,0,0,1,0,,,,,,,0,0,0,0,25,0.0033406248037382929,0,0,0,0,,15,0,12780,0,-1,-1,-1,1,0,-1,1,1,1,1,1,1,1,1,1,1,1,1,1,1,0,1,1,1,1,0,0,0,0,0,0,0,0,0,0,0,0,0,0,1,1,1,1,1,1
RCA_001607,INVOICE,USD,CREDIT_APPLIED,NET30,FINANCE,630100-FINANCE,__MISSING__,__MISSING__,__MISSING__,__MISSING__,SUPPLIER,US,USD,NET30,WIRE,ACTIVE,__MISSING__,__MISSING__,__MISSING__,__MISSING__,__MISSING__,__MISSING__,__MISSING__,__MISSING__,__MISSING__,__MISSING__,__MISSING__,-994.79999999999995,-904.36000000000001,-90.439999999999998,0,99,30,1,2,11,-904.36000000000001,-91.829999999999998,,,,,,0,0,0,,,0,0,0,0,0,,,0,0,0,0,0,0,0,0,0,,0,0,1,0,30,4,11,0,0.69230769230769229,0,1989.5999999999999,0,0,0,0,0,,,,,,,,,994.79999999999995,1,,,0,,,,,,,,0,-1,-1,-1,1,0,-1,-1,-1,-1,-1,-1,-1,-1,-1,-1,-1,-1,-1,-1,-1,1,-1,-1,-1,1,0,0,0,1,1,1,1,0,0,0,0,0,0,1,0,1,0,0,1,0
RCA_001609,PAYMENT,EUR,APPROVED,NET30,SALES,640100-SALES,EUR,ISSUED,SALES,640100-SALES,SERVICES,DE,EUR,NET30,CHECK,ACTIVE,CHECK,EUR,REVERSED,REVERSED,CHECK_CLEARING,EUR,DEBIT,POSTED,MANAGER,APPROVED,PAYMENT,5851.9899999999998,5443.71,408.27999999999997,0,405,30,4,3,45,5443.71,130.58000000000001,5851.9899999999998,5443.71,408.27999999999997,0,421,3,45,5443.71,2340.8000000000002,372,2,5851.9899999999998,1,5851.9899999999998,2,3511.1900000000001,361,2,6,3,8192.7900000000009,8192.7900000000009,5851.9899999999998,5851.9899999999998,2,1,1,1,0,0,0,29,4,67,0,0.84615384615384615,11,2.1299999999999999,0,0,0,1,1,0,0,0,0,0,0,0,0,2340.8000000000002,0.40000068352816737,1170.3900000000001,0.4999957279562543,0,3511.1900000000001,3511.1900000000001,1170.3900000000001,16,33,-3,40140,1,1,1,1,1,0,1,1,1,1,1,1,1,1,0,1,1,1,1,0,1,0,1,1,1,1,0,0,0,0,0,0,0,0,0,0,0,0,0,0,1,1,2,3,1,1
RCA_001614,PAYMENT,USD,PAID,DUE_ON_RECEIPT,OPERATIONS,620100-OPERATIONS,__MISSING__,__MISSING__,__MISSING__,__MISSING__,SERVICES,US,USD,DUE_ON_RECEIPT,ACH,ACTIVE,ACH,USD,COMPLETED,SETTLED,ACH_DEBIT,USD,DEBIT,POSTED,MANAGER,APPROVED,PAYMENT,1962,1962,0,0,478,0,3,2,10,1962,343.59000000000003,,,,,,0,0,0,3849.8000000000002,74,2,3849.8000000000002,2,3849.8000000000002,1,3849.8000000000002,69,1,2,1,3849.8000000000002,3849.8000000000002,3849.8000000000002,3849.8000000000002,4,2,1,1,0,0,0,30,4,12,0,0.84615384615384615,3,0,0,0,0,1,1,,,,,,,0,0,0,0,0,0,0,0,0,0,,404,0,1260,0,-1,-1,-1,1,0,-1,1,1,1,1,1,1,1,1,1,1,1,1,1,1,0,1,1,1,1,0,0,0,0,0,0,0,0,0,0,0,0,0,0,1,2,1,1,1,1
RCA_001615,INVOICE,USD,PAID,NET45,IT,680100-IT,USD,ISSUED,IT,680100-IT,PROFESSIONAL,US,USD,NET45,ACH,ACTIVE,ACH,USD,COMPLETED,SETTLED,ACH_DEBIT,USD,DEBIT,POSTED,MANAGER,APPROVED,PAYMENT,3722,3421.1700000000001,256.58999999999997,44.240000000000002,495,45,3,3,40,3421.1700000000001,98.386666666666656,3722,3421.1700000000001,256.58999999999997,44.240000000000002,496,3,40,3421.1700000000001,2233.1999999999998,450,2,3722,1,3722,2,2233.1999999999998,447,1,4,2,3722,3722,3722,3722,2,1,1,1,0,1,0,30,4,15,0,0.84615384615384615,17,923.25999999999999,0,0,0,1,1,0,0,0,0,0,0,0,0,0,0,0,0,0,1488.8,1488.8,0,1,45,0,58860,1,1,1,1,1,0,1,1,1,1,1,1,1,1,1,1,1,1,1,1,1,1,1,1,1,1,0,0,0,0,0,0,0,0,0,0,0,0,0,0,0,1,2,2,1,1
RCA_001616,PAYMENT,USD,PAID,NET45,ENGINEERING,610100-ENGINEERING,USD,ISSUED,ENGINEERING,610100-ENGINEERING,SERVICES,US,USD,NET45,ACH,ACTIVE,ACH,USD,COMPLETED,SETTLED,ACH_DEBIT,USD,DEBIT,POSTED,MANAGER,APPROVED,PAYMENT,4092.8699999999999,3807.3200000000002,285.55000000000001,0,458,45,5,1,4,3807.3200000000002,951.83000000000004,4092.8699999999999,3807.3200000000002,285.55000000000001,0,482,1,4,3807.3200000000002,1637.1500000000001,410,2,4092.8699999999999,1,4092.8699999999999,2,2492.6799999999998,411,1,4,2,4092.8699999999999,4092.8699999999999,4092.8699999999999,4092.8699999999999,2,1,1,1,0,2,0,30,4,135,0,0.84615384615384615,0,15.279999999999999,0,0,0,1,1,0,0,0,0,0,0,0,0,0,0,855.52999999999997,0.52257276364413763,0,2455.7199999999998,2455.7199999999998,855.52999999999997,24,48,-4,60300,1,1,1,1,1,0,1,1,1,1,1,1,1,1,1,1,1,1,1,1,1,1,1,1,1,1,0,0,0,0,0,0,0,0,0,0,0,0,0,0,0,1,2,2,1,1
RCA_001617,INVOICE,USD,APPROVED,NET45,IT,680100-IT,USD,ISSUED,IT,680100-IT,SERVICES,US,USD,NET45,ACH,ACTIVE,__MISSING__,__MISSING__,__MISSING__,__MISSING__,__MISSING__,__MISSING__,__MISSING__,__MISSING__,__MISSING__,__MISSING__,__MISSING__,3433.1300000000001,3107.0100000000002,310.63999999999999,15.48,227,45,3,4,37,3107.0100000000002,141.38499999999999,3432.5599999999999,3106.4400000000001,310.63999999999999,15.48,244,4,37,3106.4400000000001,,,0,0,0,0,0,,,0,0,0,0,0,0,0,0,0,,0,0,2,0,30,4,135,0,0.84615384615384615,3,46.990000000000002,0,0,0,0,0,0.56999999999999995,0.0001660568205654089,0,0,0.56999999999999995,0,,,3433.1300000000001,1,,,0,,,,17,,,,1,1,1,1,1,0,1,-1,-1,-1,-1,-1,-1,-1,-1,-1,-1,-1,-1,-1,-1,1,-1,-1,-1,1,0,0,0,1,1,1,1,0,0,0,0,0,0,1,0,1,0,0,1,0
RCA_001619,BANK_TRANSACTION,GBP,PAID,NET60,SALES,640100-SALES,GBP,ISSUED,SALES,640100-SALES,SOFTWARE,GB,GBP,NET60,WIRE,ACTIVE,WIRE,GBP,COMPLETED,SETTLED,BANK_FEE,GBP,DEBIT,POSTED,MANAGER,APPROVED,PAYMENT,1207.29,1123.0599999999999,84.230000000000004,0,201,60,2,2,34,1123.0599999999999,31.115000000000002,1207.29,1123.0599999999999,84.230000000000004,0,217,2,34,1123.0599999999999,1207.29,141,1,1207.29,1,1207.29,1,20,140,2,2,1,1207.29,1207.29,1207.29,1207.29,2,1,1,1,0,0,0,30,4,9,0,0.84615384615384615,30,3129.3899999999999,20,0,0,1,1,0,0,0,0,0,0,0,0,0,0,1187.29,0.98343397195371451,0,0,0,1167.29,16,60,0,81900,1,1,1,1,1,0,1,1,1,1,1,1,1,1,0,1,0,1,1,1,1,0,1,1,1,1,0,0,0,0,0,0,0,0,0,0,0,0,0,0,1,1,1,2,1,1
RCA_001620,INVOICE,USD,PAID,NET45,MARKETING,650100-MARKETING,__MISSING__,__MISSING__,__MISSING__,__MISSING__,SOFTWARE,US,USD,NET45,ACH,ACTIVE,ACH,USD,COMPLETED,SETTLED,ACH_DEBIT,USD,DEBIT,POSTED,MANAGER,APPROVED,PAYMENT,6931.3400000000001,6301.2200000000003,630.12,0,347,45,0,4,36,6301.2200000000003,182.51500000000001,,,,,,0,0,0,8401.5599999999995,302,2,8401.5599999999995,2,8401.5599999999995,1,8401.5599999999995,299,1,2,1,8401.5599999999995,8401.5599999999995,8401.5599999999995,8401.5599999999995,4,2,1,1,0,1,0,30,4,350,0,0.92307692307692313,0,0,0,0,0,1,1,,,,,,,0,0,0,0,0,0,0,0,0,0,,45,0,63180,0,-1,-1,-1,1,0,-1,1,1,1,1,1,1,1,1,1,1,1,1,1,1,1,1,1,1,1,0,0,0,0,0,0,0,0,0,0,0,0,0,0,0,2,1,1,1,1
RCA_001621,PAYMENT,USD,PAID,NET45,IT,680100-IT,USD,ISSUED,IT,680100-IT,SOFTWARE,US,USD,NET45,ACH,ACTIVE,ACH,USD,SUBMITTED,PENDING,ACH_DEBIT,USD,DEBIT,POSTED,MANAGER,APPROVED,PAYMENT,6529.1400000000003,6529.1400000000003,0,0,345,45,4,1,6,6529.1400000000003,1088.1900000000001,6529.1400000000003,6529.1400000000003,0,0,375,1,6,6529.1400000000003,2611.6599999999999,1,2,6529.1400000000003,1,6529.1400000000003,2,3917.48,295,0,4,2,6529.1400000000003,6529.1400000000003,6529.1400000000003,6529.1400000000003,2,1,1,1,0,0,0,27,4,14,0,0.84615384615384615,8,293.41000000000003,0,0,0,1,0,0,0,0,0,0,0,0,0,2611.6599999999999,0.4000006126381116,1305.8199999999999,0.49999617101766691,0,3917.48,3917.48,1305.8199999999999,30,344,-299,487980,1,1,1,1,1,0,1,1,1,1,1,1,1,0,0,1,1,1,1,0,1,0,1,1,1,1,0,0,0,0,0,0,0,0,0,0,0,0,0,0,1,1,2,1,1,1
RCA_001622,PAYMENT,USD,PAID,NET45,LEGAL,670100-LEGAL,USD,ISSUED,LEGAL,670100-LEGAL,SERVICES,US,USD,NET45,ACH,ACTIVE,ACH,USD,COMPLETED,SETTLED,ACH_DEBIT,USD,DEBIT,POSTED,MANAGER,APPROVED,PAYMENT,4108.1499999999996,4108.1499999999996,0,0,447,45,0,2,17,4108.1499999999996,554.02999999999997,4108.1499999999996,4108.1499999999996,0,0,472,2,17,4108.1499999999996,4108.1499999999996,402,1,4108.1499999999996,1,4108.1499999999996,1,4083.1500000000001,398,1,2,1,4108.1499999999996,4108.1499999999996,4108.1499999999996,4108.1499999999996,2,1,1,1,0,2,0,30,4,135,0,0.84615384615384615,2,15.279999999999999,25,0,0,1,0,0,0,0,0,0,0,0,0,0,0,25,0.0060854642600684005,0,0,0,0,25,45,0,63180,1,1,1,1,1,0,1,1,1,1,1,1,1,1,1,1,1,1,1,1,1,1,1,1,1,1,0,0,0,0,0,0,0,0,0,0,0,0,0,0,0,1,1,1,1,1
RCA_001627,INVOICE,JPY,PAID,NET30,OPERATIONS,620100-OPERATIONS,JPY,ISSUED,OPERATIONS,620100-OPERATIONS,SOFTWARE,JP,JPY,NET30,ACH,ACTIVE,ACH,JPY,COMPLETED,SETTLED,ACH_DEBIT,JPY,DEBIT,POSTED,MANAGER,APPROVED,PAYMENT,3225,3000,225,0,141,30,2,1,8,3000,375,3225,3000,225,0,142,1,8,3000,3225,111,1,3225,1,3225,1,3225,106,1,2,1,3225,3225,3225,3225,2,1,1,1,0,0,0,30,4,2,0,0.76923076923076916,56,363,0,0,0,1,1,0,0,0,0,0,0,0,0,0,0,0,0,0,0,0,0,1,30,0,38700,1,1,1,1,1,0,1,1,1,1,1,1,1,1,1,1,1,1,1,1,1,0,1,1,1,1,0,0,0,0,0,0,0,0,0,0,0,0,0,0,1,1,1,1,1,1
RCA_001631,INVOICE,EUR,PAID,DUE_ON_RECEIPT,PEOPLE,660100-PEOPLE,EUR,ISSUED,PEOPLE,660100-PEOPLE,SERVICES,DE,EUR,DUE_ON_RECEIPT,ACH,ACTIVE,ACH,EUR,COMPLETED,SETTLED,ACH_DEBIT,EUR,DEBIT,POSTED,MANAGER,APPROVED,PAYMENT,3381.3299999999999,3145.4200000000001,235.91,0,108,0,3,2,20,3145.4200000000001,151.40000000000001,3381.3299999999999,3145.4200000000001,235.91,0,133,2,20,3145.4200000000001,2028.8,103,2,3381.3299999999999,1,3381.3299999999999,2,2028.8,98,1,4,2,3381.3299999999999,3381.3299999999999,3381.3299999999999,3381.3299999999999,2,1,1,1,0,2,1,29,4,49,0,0.92307692307692313,3,12.880000000000001,0,0,0,1,1,0,0,0,0,0,0,0,0,1352.53,0.39999940851676707,0,0,0,1352.53,1352.53,0,25,5,0,1260,1,1,1,1,1,0,1,1,1,1,1,1,1,1,1,1,1,1,1,1,1,1,1,1,1,1,0,0,0,0,0,0,0,0,0,0,0,0,0,0,0,1,2,2,1,1
RCA_001632,PAYMENT,USD,PAID,NET30,PEOPLE,660100-PEOPLE,__MISSING__,__MISSING__,__MISSING__,__MISSING__,SUPPLIER,US,USD,NET30,ACH,ACTIVE,ACH,USD,COMPLETED,SETTLED,ACH_DEBIT,USD,DEBIT,POSTED,MANAGER,APPROVED,PAYMENT,1104.79,1027.71,77.079999999999998,0,202,30,4,2,3,1027.71,438.93000000000001,,,,,,0,0,0,662.87,172,2,1104.79,1,1104.79,2,662.87,167,1,4,2,1104.79,1104.79,1104.79,1104.79,2,1,1,1,0,2,0,30,4,24,0,0.84615384615384615,2,246.84,0,0,0,1,1,,,,,,,0,0,0,0,0,0,0,441.92000000000002,441.92000000000002,0,,30,0,35820,0,-1,-1,-1,1,0,-1,1,1,1,1,1,1,1,1,1,1,1,1,1,1,1,1,1,1,1,0,0,0,0,0,0,0,0,0,0,0,0,0,0,0,1,2,2,1,1
RCA_001634,PAYMENT,USD,PAID,NET30,ENGINEERING,610100-ENGINEERING,__MISSING__,__MISSING__,__MISSING__,__MISSING__,PROFESSIONAL,US,USD,NET30,CHECK,ACTIVE,CHECK,USD,COMPLETED,SETTLED,CHECK_CLEARING,USD,DEBIT,POSTED,MANAGER,APPROVED,PAYMENT,1895.6600000000001,1763.4000000000001,132.25999999999999,0,263,30,3,1,10,1763.4000000000001,176.34,,,,,,0,0,0,758.25999999999999,230,2,1895.6600000000001,1,1895.6600000000001,2,1137.4000000000001,221,1,4,2,1895.6600000000001,1895.6600000000001,1895.6600000000001,1895.6600000000001,2,1,1,1,0,0,0,28,4,10,0,0.84615384615384615,17,219.16,0,0,0,1,1,,,,,,,0,0,0,0,379.13999999999999,0.50001318808851847,0,1137.4000000000001,1137.4000000000001,379.13999999999999,,33,-3,41580,0,-1,-1,-1,1,0,-1,1,1,1,1,1,1,1,1,1,1,1,1,1,1,0,1,1,1,1,0,0,0,0,0,0,0,0,0,0,0,0,0,0,1,1,2,2,1,1
RCA_001638,PAYMENT,USD,PAID,DUE_ON_RECEIPT,LEGAL,670100-LEGAL,__MISSING__,__MISSING__,__MISSING__,__MISSING__,SOFTWARE,US,USD,DUE_ON_RECEIPT,ACH,ACTIVE,ACH,USD,COMPLETED,SETTLED,ACH_DEBIT,USD,DEBIT,POSTED,DIRECTOR,APPROVED,PAYMENT,11744.26,10676.6,1067.6600000000001,0,322,0,1,2,10,10676.6,1517.1599999999999,,,,,,0,0,0,11744.26,318,1,11744.26,1,11744.26,1,11719.26,314,1,2,1,11744.26,11744.26,11744.26,11744.26,3,2,2,2,0,2,0,32,4,51,0,0.84615384615384615,2,0,25,0,0,1,0,,,,,,,0,0,0,0,25,0.0021286994668033576,0,0,0,0,,4,0,1200,0,-1,-1,-1,1,0,-1,1,1,1,1,1,1,1,1,1,1,1,1,1,1,1,1,1,1,1,0,0,0,0,0,0,0,0,0,0,0,0,0,0,0,1,1,1,1,1
RCA_001641,PAYMENT,USD,APPROVED,NET30,OPERATIONS,620100-OPERATIONS,USD,ISSUED,OPERATIONS,620100-OPERATIONS,PROFESSIONAL,US,USD,NET30,ACH,ACTIVE,ACH,USD,REVERSED,REVERSED,ACH_DEBIT,USD,DEBIT,POSTED,MANAGER,APPROVED,PAYMENT,675.83000000000004,597.84000000000003,59.780000000000001,18.210000000000001,345,30,1,1,24,597.84000000000003,24.91,675.83000000000004,597.84000000000003,59.780000000000001,18.210000000000001,363,1,24,597.84000000000003,675.83000000000004,315,1,675.83000000000004,1,675.83000000000004,1,675.83000000000004,312,2,4,2,1351.6600000000001,1351.6600000000001,675.83000000000004,675.83000000000004,2,1,1,1,0,0,0,30,4,6,0,0.84615384615384615,40,3099.4400000000001,0,0,0,1,2,0,0,0,0,0,0,0,0,675.83000000000004,1,0,0,0,0,0,0,18,30,0,40140,1,1,1,1,1,0,1,1,1,1,1,1,1,1,0,1,1,1,1,1,1,0,1,1,1,1,0,0,0,0,0,0,0,0,0,0,0,0,0,0,1,1,1,2,1,1
RCA_001643,INVOICE,USD,PAID,NET45,IT,680100-IT,__MISSING__,__MISSING__,__MISSING__,__MISSING__,SOFTWARE,US,USD,NET45,ACH,ACTIVE,ACH,USD,COMPLETED,SETTLED,ACH_DEBIT,USD,DEBIT,POSTED,MANAGER,APPROVED,PAYMENT,4323.8500000000004,4022.1900000000001,301.66000000000003,0,501,45,1,2,21,4022.1900000000001,207.905,,,,,,0,0,0,4323.8500000000004,456,1,4323.8500000000004,1,4323.8500000000004,1,4323.8500000000004,453,1,2,1,4323.8500000000004,4323.8500000000004,4323.8500000000004,4323.8500000000004,2,1,1,1,0,0,0,29,4,8,0,0.84615384615384615,18,372.20999999999998,0,0,0,1,1,,,,,,,0,0,0,0,0,0,0,0,0,0,,45,0,61740,0,-1,-1,-1,1,0,-1,1,1,1,1,1,1,1,1,1,1,1,1,1,1,0,1,1,1,1,0,0,0,0,0,0,0,0,0,0,0,0,0,0,1,1,1,1,1,1
RCA_001645,INVOICE,USD,APPROVED,NET30,PEOPLE,660100-PEOPLE,USD,ISSUED,PEOPLE,660100-PEOPLE,SERVICES,US,USD,NET30,ACH,ACTIVE,__MISSING__,__MISSING__,__MISSING__,__MISSING__,__MISSING__,__MISSING__,__MISSING__,__MISSING__,__MISSING__,__MISSING__,__MISSING__,403.74000000000001,375.56999999999999,28.170000000000002,0,28,30,3,3,52,375.56999999999999,7.8200000000000003,403.74000000000001,375.56999999999999,28.170000000000002,0,58,3,52,375.56999999999999,,,0,0,0,0,0,,,0,0,0,0,0,0,0,0,0,,0,0,0,0,30,4,10,0,0.76923076923076916,20,68.159999999999997,0,0,0,0,0,0,0,0,0,0,0,,,403.74000000000001,1,,,0,,,,30,,,,1,1,1,1,1,0,1,-1,-1,-1,-1,-1,-1,-1,-1,-1,-1,-1,-1,-1,-1,0,-1,-1,-1,1,0,0,0,1,1,1,1,0,0,0,0,0,0,1,1,1,0,0,1,0
RCA_001647,INVOICE,USD,PAID,NET45,PEOPLE,660100-PEOPLE,USD,ISSUED,PEOPLE,660100-PEOPLE,SERVICES,US,USD,NET45,ACH,ACTIVE,ACH,USD,COMPLETED,SETTLED,ACH_DEBIT,USD,DEBIT,POSTED,MANAGER,APPROVED,PAYMENT,2034.27,2016.7,0,17.57,379,45,2,3,15,2016.7,152.38000000000002,2034.27,2016.7,0,17.57,400,3,15,2016.7,1220.5599999999999,334,2,2034.27,1,2034.27,2,1220.5599999999999,329,1,4,2,2034.27,2034.27,2034.27,2034.27,2,1,1,1,0,0,0,29,4,7,0,0.76923076923076916,2,787.80999999999995,0,0,0,1,1,0,0,0,0,0,0,0,0,0,0,0,0,0,813.71000000000004,813.71000000000004,0,21,45,0,60300,1,1,1,1,1,0,1,1,1,1,1,1,1,1,1,1,1,1,1,0,1,0,1,1,1,1,0,0,0,0,0,0,0,0,0,0,0,0,0,0,1,1,2,2,1,1
RCA_001648,PAYMENT,USD,PAID,NET15,ENGINEERING,610100-ENGINEERING,__MISSING__,__MISSING__,__MISSING__,__MISSING__,PROFESSIONAL,US,USD,NET15,ACH,ACTIVE,ACH,USD,COMPLETED,SETTLED,ACH_DEBIT,USD,DEBIT,POSTED,MANAGER,APPROVED,PAYMENT,5366.3999999999996,4992,374.39999999999998,0,46,15,2,2,12,4992,382.13,,,,,,0,0,0,3219.8400000000001,31,2,5366.3999999999996,1,5366.3999999999996,2,3219.8400000000001,27,1,4,2,5366.3999999999996,5366.3999999999996,5366.3999999999996,5366.3999999999996,2,1,1,1,0,2,2,31,4,90,0,0.92307692307692313,3,73,0,0,0,1,1,,,,,,,0,0,0,0,0,0,0,2146.5599999999999,2146.5599999999999,0,,15,0,17100,0,-1,-1,-1,1,0,-1,1,1,1,1,1,1,1,1,1,1,1,1,0,1,1,1,1,1,1,0,0,0,0,0,0,0,0,0,0,0,0,0,0,0,1,2,2,1,1
RCA_001649,INVOICE,USD,APPROVED,NET45,SALES,640100-SALES,USD,ISSUED,SALES,640100-SALES,SOFTWARE,US,USD,NET45,ACH,ACTIVE,__MISSING__,__MISSING__,__MISSING__,__MISSING__,__MISSING__,__MISSING__,__MISSING__,__MISSING__,__MISSING__,__MISSING__,__MISSING__,13299.82,12372.040000000001,927.77999999999997,0,464,45,0,3,33,12372.040000000001,678.76999999999998,13298.219999999999,12370.440000000001,927.77999999999997,0,472,3,33,12370.440000000001,,,0,0,0,0,0,,,0,0,0,0,0,0,0,0,0,,0,0,1,0,30,4,350,0,0.92307692307692313,0,6.79,0,0,0,0,0,1.6000000000000001,0.00012031685443615761,0,0,1.6000000000000001,0,,,13299.82,1,,,0,,,,8,,,,1,1,1,1,1,0,1,-1,-1,-1,-1,-1,-1,-1,-1,-1,-1,-1,-1,-1,-1,1,-1,-1,-1,1,0,0,0,1,1,1,1,0,0,0,0,0,0,1,0,1,0,0,1,0
RCA_001652,INVOICE,CAD,PAID,NET45,SALES,640100-SALES,__MISSING__,__MISSING__,__MISSING__,__MISSING__,SUPPLIER,CA,CAD,NET45,ACH,ACTIVE,ACH,CAD,COMPLETED,SETTLED,ACH_DEBIT,CAD,DEBIT,POSTED,MANAGER,APPROVED,PAYMENT,6789.8500000000004,6316.1400000000003,473.70999999999998,0,109,45,2,2,18,6316.1400000000003,419.10000000000002,,,,,,0,0,0,6789.8500000000004,64,1,6789.8500000000004,1,6789.8500000000004,1,6789.8500000000004,61,1,2,1,6789.8500000000004,6789.8500000000004,6789.8500000000004,6789.8500000000004,2,1,1,1,0,0,0,35,4,38,0,0.84615384615384615,3,0,0,0,0,1,1,,,,,,,0,0,0,0,0,0,0,0,0,0,,45,0,60300,0,-1,-1,-1,1,0,-1,1,1,1,1,1,1,1,1,1,1,1,1,1,1,0,1,1,1,1,0,0,0,0,0,0,0,0,0,0,0,0,0,0,1,1,1,1,1,1
RCA_001653,PAYMENT,EUR,PAID,NET30,FINANCE,630100-FINANCE,EUR,ISSUED,FINANCE,630100-FINANCE,SERVICES,DE,EUR,NET30,CHECK,ACTIVE,CHECK,EUR,SUBMITTED,PENDING,CHECK_CLEARING,EUR,DEBIT,POSTED,MANAGER,APPROVED,PAYMENT,5023.54,4659.54,349.47000000000003,14.529999999999999,420,30,1,2,30,4659.54,147.69,5023.54,4659.54,349.47000000000003,14.529999999999999,425,2,30,4659.54,2009.4200000000001,1,2,5023.54,1,5023.54,2,3014.1199999999999,376,0,4,2,5023.54,5023.54,5023.54,5023.54,2,1,1,1,0,0,0,29,4,67,0,0.84615384615384615,12,161.12,0,0,0,1,0,0,0,0,0,0,0,0,0,2009.4200000000001,0.40000079625124912,1004.7,0.49999502343959951,0,3014.1199999999999,3014.1199999999999,1004.7,5,419,-389,600300,1,1,1,1,1,0,1,1,1,1,1,1,1,0,0,1,1,1,1,0,1,0,1,1,1,1,0,0,0,0,0,0,0,0,0,0,0,0,0,0,1,1,2,1,1,1
RCA_001654,PAYMENT,USD,PAID,DUE_ON_RECEIPT,OPERATIONS,620100-OPERATIONS,USD,ISSUED,OPERATIONS,620100-OPERATIONS,SOFTWARE,US,USD,DUE_ON_RECEIPT,ACH,ACTIVE,ACH,USD,COMPLETED,SETTLED,ACH_DEBIT,USD,DEBIT,POSTED,MANAGER,APPROVED,PAYMENT,5864.0200000000004,5415.6199999999999,406.17000000000002,42.229999999999997,433,0,2,1,14,5415.6199999999999,386.82999999999998,5864.0200000000004,5415.6199999999999,406.17000000000002,42.229999999999997,461,1,14,5415.6199999999999,5864.0200000000004,429,1,5864.0200000000004,1,5864.0200000000004,1,5839.0200000000004,426,1,2,1,5864.0200000000004,5864.0200000000004,5864.0200000000004,5864.0200000000004,2,1,1,1,0,0,0,31,4,10,0,0.84615384615384615,24,39.520000000000003,25,0,0,1,0,0,0,0,0,0,0,0,0,0,0,25,0.0042632869601399725,0,0,0,0,28,4,0,1260,1,1,1,1,1,0,1,1,1,1,1,1,1,1,1,1,1,1,1,1,1,0,1,1,1,1,0,0,0,0,0,0,0,0,0,0,0,0,0,0,1,1,1,1,1,1
RCA_001659,INVOICE,GBP,PAID,NET30,FINANCE,630100-FINANCE,__MISSING__,__MISSING__,__MISSING__,__MISSING__,SOFTWARE,GB,GBP,NET30,ACH,ACTIVE,ACH,GBP,COMPLETED,SETTLED,ACH_DEBIT,GBP,DEBIT,POSTED,MANAGER,APPROVED,PAYMENT,2383.0100000000002,2216.75,166.25999999999999,0,322,30,5,2,11,2216.75,158.14500000000001,,,,,,0,0,0,1429.8099999999999,292,2,2383.0100000000002,1,2383.0100000000002,2,1429.8099999999999,287,1,4,2,2383.0100000000002,2383.0100000000002,2383.0100000000002,2383.0100000000002,2,1,1,1,0,0,0,29,4,18,0,0.84615384615384615,15,1222.5799999999999,0,0,0,1,1,,,,,,,0,0,0,0,0,0,0,953.20000000000005,953.20000000000005,0,,30,0,34380,0,-1,-1,-1,1,0,-1,1,1,1,1,1,1,1,1,1,1,1,1,1,1,0,1,1,1,1,0,0,0,0,0,0,0,0,0,0,0,0,0,0,1,1,2,2,1,1
RCA_001663,INVOICE,USD,PAID,NET30,IT,680100-IT,__MISSING__,__MISSING__,__MISSING__,__MISSING__,SUPPLIER,US,USD,NET30,ACH,ACTIVE,ACH,USD,COMPLETED,SETTLED,ACH_DEBIT,USD,DEBIT,POSTED,MANAGER,APPROVED,PAYMENT,4000.3899999999999,4000.3899999999999,0,0,321,30,5,2,19,4000.3899999999999,204.38499999999999,,,,,,0,0,0,2400.23,291,2,4000.3899999999999,1,4000.3899999999999,2,2400.23,286,1,4,2,4000.3899999999999,4000.3899999999999,4000.3899999999999,4000.3899999999999,2,1,1,1,0,0,0,31,4,11,0,0.76923076923076916,11,0,0,0,0,1,1,,,,,,,0,0,0,0,0,0,0,1600.1600000000001,1600.1600000000001,0,,30,0,34380,0,-1,-1,-1,1,0,-1,1,1,1,1,1,1,1,1,1,1,1,1,0,1,0,1,1,1,1,0,0,0,0,0,0,0,0,0,0,0,0,0,0,1,1,2,2,1,1
RCA_001664,PAYMENT,EUR,PAID,NET30,SALES,640100-SALES,EUR,ISSUED,SALES,640100-SALES,SOFTWARE,DE,EUR,NET30,ACH,ACTIVE,ACH,EUR,COMPLETED,SETTLED,ACH_DEBIT,EUR,DEBIT,POSTED,MANAGER,APPROVED,PAYMENT,2108.4099999999999,2101.04,0,7.3700000000000001,362,30,2,3,32,2101.04,108.32333333333334,2108.4099999999999,2101.04,0,7.3700000000000001,388,3,32,2101.04,2108.4099999999999,332,1,2108.4099999999999,1,2108.4099999999999,1,2108.4099999999999,328,1,2,1,2108.4099999999999,2108.4099999999999,2108.4099999999999,2108.4099999999999,2,1,1,1,0,1,0,29,4,20,0,0.92307692307692313,4,2.8100000000000001,0,0,0,1,1,0,0,0,0,0,0,0,0,0,0,0,0,0,0,0,0,26,30,0,38700,1,1,1,1,1,0,1,1,1,1,1,1,1,1,1,1,1,1,1,1,1,1,1,1,1,1,0,0,0,0,0,0,0,0,0,0,0,0,0,0,0,1,1,1,1,1
RCA_001669,PAYMENT,EUR,PAID,NET30,LEGAL,670100-LEGAL,EUR,ISSUED,LEGAL,670100-LEGAL,SERVICES,DE,EUR,NET30,CHECK,ACTIVE,CHECK,EUR,SUBMITTED,PENDING,CHECK_CLEARING,EUR,DEBIT,POSTED,DIRECTOR,APPROVED,PAYMENT,22601.389999999999,21024.549999999999,1576.8399999999999,0,524,30,5,2,25,21024.549999999999,857.14999999999998,22601.389999999999,21024.549999999999,1576.8399999999999,0,532,2,25,21024.549999999999,9040.5599999999995,1,2,22601.389999999999,1,22601.389999999999,2,13560.83,480,0,4,2,22601.389999999999,22601.389999999999,22601.389999999999,22601.389999999999,3,2,2,2,0,0,0,29,4,67,0,0.84615384615384615,4,5902.1899999999996,0,0,0,1,0,0,0,0,0,0,0,0,0,9040.5599999999995,0.40000017698026535,4520.2700000000004,0.49999889387383084,0,13560.83,13560.83,4520.2700000000004,8,523,-493,742800,1,1,1,1,1,0,1,1,1,1,1,1,1,0,0,1,1,1,1,0,1,0,1,1,1,1,0,0,0,0,0,0,0,0,0,0,0,0,0,0,1,1,2,1,1,1
RCA_001670,PAYMENT,USD,PAID,NET15,IT,680100-IT,__MISSING__,__MISSING__,__MISSING__,__MISSING__,SUPPLIER,US,USD,NET15,ACH,ACTIVE,ACH,USD,COMPLETED,SETTLED,ACH_DEBIT,USD,DEBIT,POSTED,DIRECTOR,APPROVED,PAYMENT,26560.59,24707.529999999999,1853.0599999999999,0,534,15,1,2,11,24707.529999999999,6057.375,,,,,,0,0,0,26560.59,519,1,26560.59,1,26560.59,1,26535.59,516,1,2,1,26560.59,26560.59,26560.59,26560.59,3,2,2,2,0,1,0,31,4,64,0,0.84615384615384615,0,1118.4200000000001,25,0,0,1,0,,,,,,,0,0,0,0,25,0.00094124415157946419,0,0,0,0,,15,0,17040,0,-1,-1,-1,1,0,-1,1,1,1,1,1,1,1,1,1,1,1,1,1,1,1,1,1,1,1,0,0,0,0,0,0,0,0,0,0,0,0,0,0,0,1,1,1,1,1
RCA_001671,INVOICE,USD,CREDIT_APPLIED,NET15,IT,680100-IT,__MISSING__,__MISSING__,__MISSING__,__MISSING__,SOFTWARE,US,USD,NET15,CHECK,ACTIVE,__MISSING__,__MISSING__,__MISSING__,__MISSING__,__MISSING__,__MISSING__,__MISSING__,__MISSING__,__MISSING__,__MISSING__,__MISSING__,-17352.82,-16142.16,-1210.6600000000001,0,97,15,0,1,4,-16142.16,-4035.54,,,,,,0,0,0,,,0,0,0,0,0,,,0,0,0,0,0,0,0,0,0,,0,0,1,0,28,4,151,0,0.69230769230769229,0,17714.880000000001,0,0,0,0,0,,,,,,,,,17352.82,1,,,0,,,,,,,,0,-1,-1,-1,1,0,-1,-1,-1,-1,-1,-1,-1,-1,-1,-1,-1,-1,-1,-1,-1,1,-1,-1,-1,1,0,0,0,1,1,1,1,0,0,0,0,0,0,1,0,1,0,0,1,0
RCA_001673,PAYMENT,USD,APPROVED,NET45,SALES,640100-SALES,USD,ISSUED,SALES,640100-SALES,SUPPLIER,US,USD,NET45,CHECK,ACTIVE,CHECK,USD,REVERSED,REVERSED,CHECK_CLEARING,USD,DEBIT,POSTED,MANAGER,APPROVED,PAYMENT,4021.54,3740.9699999999998,280.56999999999999,0,483,45,2,4,21,3740.9699999999998,429.935,4021.54,3740.9699999999998,280.56999999999999,0,512,4,21,3740.9699999999998,2412.9200000000001,438,2,4021.54,1,4021.54,2,2412.9200000000001,424,2,6,3,6434.46,6434.46,4021.54,4021.54,2,1,1,1,0,2,1,31,4,20,0,0.84615384615384615,6,58.939999999999998,0,0,0,1,1,0,0,0,0,0,0,0,0,2412.9200000000001,0.59999900535615713,0,0,0,1608.6199999999999,1608.6199999999999,0,29,45,0,60300,1,1,1,1,1,0,1,1,1,1,1,1,1,1,0,1,1,1,1,0,1,1,1,1,1,1,0,0,0,0,0,0,0,0,0,0,0,0,0,0,0,1,2,3,1,1
RCA_001674,PAYMENT,EUR,PAID,NET45,LEGAL,670100-LEGAL,EUR,ISSUED,LEGAL,670100-LEGAL,SUPPLIER,DE,EUR,NET45,ACH,ACTIVE,ACH,EUR,COMPLETED,SETTLED,ACH_DEBIT,EUR,DEBIT,POSTED,MANAGER,APPROVED,PAYMENT,7029.9700000000003,6390.8800000000001,639.09000000000003,0,203,45,0,2,28,6390.8800000000001,217.27000000000001,7029.9700000000003,6390.8800000000001,639.09000000000003,0,216,2,28,6390.8800000000001,2811.9899999999998,155,2,7029.9700000000003,1,7029.9700000000003,2,4217.9799999999996,153,1,4,2,7029.9700000000003,7029.9700000000003,7029.9700000000003,7029.9700000000003,2,1,1,1,0,0,0,31,4,24,0,0.84615384615384615,9,566.66999999999996,0,0,0,1,0,0,0,0,0,0,0,0,0,0,0,1405.99,0.49999822189979337,0,4217.9799999999996,4217.9799999999996,1405.99,13,48,-3,67500,1,1,1,1,1,0,1,1,1,1,1,1,1,1,1,1,1,1,1,1,1,0,1,1,1,1,0,0,0,0,0,0,0,0,0,0,0,0,0,0,1,1,2,2,1,1
RCA_001676,INVOICE,USD,PAID,DUE_ON_RECEIPT,FINANCE,630100-FINANCE,USD,ISSUED,FINANCE,630100-FINANCE,SUPPLIER,US,USD,DUE_ON_RECEIPT,ACH,ACTIVE,ACH,USD,COMPLETED,SETTLED,ACH_DEBIT,USD,DEBIT,POSTED,MANAGER,APPROVED,PAYMENT,2081.9299999999998,1936.6800000000001,145.25,0,211,0,3,2,23,1936.6800000000001,73.685000000000002,2081.9299999999998,1936.6800000000001,145.25,0,225,2,23,1936.6800000000001,1249.1600000000001,206,2,2081.9299999999998,1,2081.9299999999998,2,832.76999999999998,200,1,4,2,2081.9299999999998,2081.9299999999998,2081.9299999999998,2081.9299999999998,2,1,1,1,0,0,0,27,4,11,0,0.84615384615384615,1,117.40000000000001,0,0,0,1,1,0,0,0,0,0,0,0,0,0,0,416.38999999999999,0.33333600179320505,0,832.76999999999998,832.76999999999998,416.38999999999999,14,5,3,1260,1,1,1,1,1,0,1,1,1,1,1,1,1,1,1,1,1,1,1,1,1,0,1,1,1,1,0,0,0,0,0,0,0,0,0,0,0,0,0,0,1,1,2,2,1,1
RCA_001679,INVOICE,USD,PAID,NET45,FINANCE,630100-FINANCE,__MISSING__,__MISSING__,__MISSING__,__MISSING__,SERVICES,US,USD,NET45,ACH,ACTIVE,ACH,USD,COMPLETED,SETTLED,ACH_DEBIT,USD,DEBIT,POSTED,MANAGER,APPROVED,PAYMENT,2035.96,1893.9200000000001,142.03999999999999,0,148,45,0,3,21,1893.9200000000001,98.153333333333322,,,,,,0,0,0,1221.5799999999999,103,2,2035.96,1,2035.96,2,1221.5799999999999,98,1,4,2,2066.0900000000001,2066.0900000000001,2066.0900000000001,2066.0900000000001,2,1,1,1,0,2,2,30,4,135,0,0.84615384615384615,1,40.170000000000002,0,0,0,1,1,,,,,,,0,0,0,0,0,0,0,844.50999999999999,844.50999999999999,0,,45,0,63180,0,-1,-1,-1,1,0,-1,1,1,1,1,1,1,1,1,1,1,1,1,1,1,1,1,1,1,1,0,0,0,0,0,0,0,0,0,0,0,0,0,0,0,1,2,2,1,1
RCA_001680,PAYMENT,USD,PAID,NET15,OPERATIONS,620100-OPERATIONS,__MISSING__,__MISSING__,__MISSING__,__MISSING__,PROFESSIONAL,US,USD,NET15,ACH,ACTIVE,ACH,USD,COMPLETED,SETTLED,ACH_DEBIT,USD,DEBIT,POSTED,MANAGER,APPROVED,PAYMENT,5879.2399999999998,5344.7600000000002,534.48000000000002,0,75,15,5,3,24,5344.7600000000002,197.30666666666664,,,,,,0,0,0,5879.2399999999998,60,1,5879.2399999999998,1,5879.2399999999998,1,5879.2399999999998,55,1,2,1,5879.2399999999998,5879.2399999999998,5879.2399999999998,5879.2399999999998,2,1,1,1,0,2,2,31,4,90,0,0.84615384615384615,1,269.68000000000001,0,0,0,1,1,,,,,,,0,0,0,0,0,0,0,0,0,0,,15,0,12780,0,-1,-1,-1,1,0,-1,1,1,1,1,1,1,1,1,1,1,1,1,1,1,1,1,1,1,1,0,0,0,0,0,0,0,0,0,0,0,0,0,0,0,1,1,1,1,1
RCA_001681,INVOICE,EUR,APPROVED,DUE_ON_RECEIPT,LEGAL,670100-LEGAL,EUR,ISSUED,LEGAL,670100-LEGAL,SERVICES,DE,EUR,DUE_ON_RECEIPT,ACH,ACTIVE,__MISSING__,__MISSING__,__MISSING__,__MISSING__,__MISSING__,__MISSING__,__MISSING__,__MISSING__,__MISSING__,__MISSING__,__MISSING__,4605.2600000000002,4605.2600000000002,0,0,54,0,4,1,22,4605.2600000000002,209.33000000000001,4559.7200000000003,4559.7200000000003,0,0,83,1,22,4559.7200000000003,,,0,0,0,0,0,,,0,0,0,0,0,0,0,0,0,,0,0,2,0,29,4,49,0,0.92307692307692313,0,54.659999999999997,0,0,0,0,0,45.539999999999999,0.0099874553700665825,0,0,45.539999999999999,0,,,4605.2600000000002,1,,,0,,,,29,,,,1,1,1,1,1,0,1,-1,-1,-1,-1,-1,-1,-1,-1,-1,-1,-1,-1,-1,-1,1,-1,-1,-1,1,0,0,0,1,1,1,1,0,0,0,0,0,0,1,0,1,0,0,1,0
RCA_001682,PAYMENT,USD,PAID,NET15,MARKETING,650100-MARKETING,USD,ISSUED,MARKETING,650100-MARKETING,SOFTWARE,US,USD,NET15,CHECK,ACTIVE,CHECK,USD,COMPLETED,SETTLED,CHECK_CLEARING,USD,DEBIT,POSTED,DIRECTOR,APPROVED,PAYMENT,48566.18,45177.839999999997,3388.3400000000001,0,273,15,0,3,34,45177.839999999997,1534.8266666666668,48566.18,45177.839999999997,3388.3400000000001,0,274,3,34,45177.839999999997,55982.080000000002,258,2,55982.080000000002,2,55982.080000000002,1,55982.080000000002,244,1,2,1,55982.080000000002,55982.080000000002,55982.080000000002,55982.080000000002,5,3,2,2,0,1,1,28,4,150,0,0.84615384615384615,1,25208.790000000001,0,0,0,1,1,0,0,0,0,0,0,0,0,0,0,0,0,0,0,0,0,1,15,0,18480,1,1,1,1,1,0,1,1,1,1,1,1,1,1,1,1,1,1,1,1,1,1,1,1,1,1,0,0,0,0,0,0,0,0,0,0,0,0,0,0,0,2,1,1,1,1
RCA_001683,BANK_TRANSACTION,USD,PAID,NET45,OPERATIONS,620100-OPERATIONS,USD,ISSUED,OPERATIONS,620100-OPERATIONS,PROFESSIONAL,US,USD,NET45,WIRE,ACTIVE,WIRE,USD,COMPLETED,SETTLED,BANK_FEE,USD,DEBIT,POSTED,MANAGER,APPROVED,PAYMENT,1522.4100000000001,1489.04,0,33.369999999999997,505,45,4,1,8,1489.04,186.13,1522.4100000000001,1489.04,0,33.369999999999997,505,1,8,1489.04,913.45000000000005,460,2,1522.4100000000001,1,1522.4100000000001,2,35,456,1,4,2,1522.4100000000001,1522.4100000000001,1522.4100000000001,1522.4100000000001,2,1,1,1,0,0,0,31,4,24,0,0.92307692307692313,7,27.18,35,0,0,1,1,0,0,0,0,0,0,0,0,0,0,878.45000000000005,0.96168372653128253,0,608.96000000000004,608.96000000000004,843.45000000000005,0,45,3,57420,1,1,1,1,1,0,1,1,1,1,1,1,1,1,1,1,0,1,1,1,1,0,1,1,1,1,0,0,0,0,0,0,0,0,0,0,0,0,0,0,1,1,2,3,1,1
RCA_001684,INVOICE,USD,PAID,NET30,OPERATIONS,620100-OPERATIONS,USD,ISSUED,OPERATIONS,620100-OPERATIONS,SUPPLIER,US,USD,NET30,ACH,ACTIVE,ACH,USD,COMPLETED,SETTLED,ACH_DEBIT,USD,DEBIT,POSTED,MANAGER,APPROVED,PAYMENT,6419.3000000000002,5813.7799999999997,581.38,24.140000000000001,105,30,2,3,26,5813.7799999999997,293.78666666666663,6419.3000000000002,5813.7799999999997,581.38,24.140000000000001,131,3,26,5813.7799999999997,6419.3000000000002,75,1,6419.3000000000002,1,6419.3000000000002,1,6419.3000000000002,70,1,2,1,6419.3000000000002,6419.3000000000002,6419.3000000000002,6419.3000000000002,2,1,1,1,0,2,2,29,4,31,0,0.76923076923076916,15,312.85000000000002,0,0,0,1,1,0,0,0,0,0,0,0,0,0,0,0,0,0,0,0,0,26,30,0,38700,1,1,1,1,1,0,1,1,1,1,1,1,1,1,1,1,1,1,1,1,1,1,1,1,1,1,0,0,0,0,0,0,0,0,0,0,0,0,0,0,0,1,1,1,1,1
RCA_001686,PAYMENT,USD,PAID,NET30,OPERATIONS,620100-OPERATIONS,USD,ISSUED,OPERATIONS,620100-OPERATIONS,SOFTWARE,US,USD,NET30,ACH,ACTIVE,ACH,USD,COMPLETED,SETTLED,ACH_DEBIT,USD,DEBIT,POSTED,MANAGER,APPROVED,PAYMENT,1958.27,1821.6500000000001,136.62,0,124,30,3,2,13,1821.6500000000001,546.39499999999998,1958.27,1821.6500000000001,136.62,0,139,2,13,1821.6500000000001,1958.27,94,1,1958.27,1,1958.27,1,1933.27,90,1,2,1,1958.27,1958.27,1958.27,1958.27,2,1,1,1,0,0,0,30,4,2,0,0.76923076923076916,253,49.490000000000002,25,0,0,1,0,0,0,0,0,0,0,0,0,0,0,25,0.012766370316657049,0,0,0,0,15,30,0,37260,1,1,1,1,1,0,1,1,1,1,1,1,1,1,1,1,1,1,1,1,1,0,1,1,1,1,0,0,0,0,0,0,0,0,0,0,0,0,0,0,1,1,1,1,1,1
RCA_001688,INVOICE,USD,CANCELED,NET45,IT,680100-IT,USD,ISSUED,IT,680100-IT,SOFTWARE,US,USD,NET45,ACH,ACTIVE,__MISSING__,__MISSING__,__MISSING__,__MISSING__,__MISSING__,__MISSING__,__MISSING__,__MISSING__,__MISSING__,__MISSING__,__MISSING__,4758.4799999999996,4325.8900000000003,432.58999999999997,0,313,45,1,3,14,4325.8900000000003,583.74333333333334,4758.4799999999996,4325.8900000000003,432.58999999999997,0,334,3,14,4325.8900000000003,,,0,0,0,0,0,,,0,0,0,0,0,0,0,0,0,,0,0,1,0,30,4,351,0,0.84615384615384615,1,0.29999999999999999,0,0,0,0,0,0,0,0,0,0,0,,,4758.4799999999996,1,,,0,,,,21,,,,1,1,1,1,1,0,1,-1,-1,-1,-1,-1,-1,-1,-1,-1,-1,-1,-1,-1,-1,1,-1,-1,-1,1,0,0,0,1,1,1,1,0,0,0,0,0,0,1,0,1,0,0,1,0
RCA_001690,PAYMENT,GBP,PAID,NET30,SALES,640100-SALES,GBP,ISSUED,SALES,640100-SALES,SOFTWARE,GB,GBP,NET30,ACH,ACTIVE,ACH,GBP,COMPLETED,SETTLED,ACH_DEBIT,USD,DEBIT,POSTED,DIRECTOR,APPROVED,PAYMENT,10771.379999999999,9780.3899999999994,978.03999999999996,12.949999999999999,46,30,4,3,35,9780.3899999999994,586.35666666666668,10771.379999999999,9780.3899999999994,978.03999999999996,12.949999999999999,71,3,35,9780.3899999999994,10771.379999999999,16,1,10771.379999999999,1,10771.379999999999,1,13679.65,13,1,2,1,10771.379999999999,10771.379999999999,10771.379999999999,10771.379999999999,3,2,2,2,0,0,0,29,4,18,0,0.84615384615384615,8,3188.1300000000001,0,1,1,1,0,0,0,0,0,0,0,0,0,0,0,2908.27,0.26999975861960118,0,0,0,2908.27,25,30,0,34320,1,1,1,1,1,0,1,1,1,1,1,1,1,1,1,0,1,1,1,1,1,0,1,1,1,1,0,0,0,0,0,0,0,0,0,0,0,0,0,0,1,1,1,1,1,1
RCA_001691,INVOICE,USD,PAID,NET30,LEGAL,670100-LEGAL,USD,ISSUED,LEGAL,670100-LEGAL,SUPPLIER,US,USD,NET30,ACH,ACTIVE,ACH,USD,COMPLETED,SETTLED,ACH_DEBIT,USD,DEBIT,POSTED,MANAGER,APPROVED,PAYMENT,7147.8299999999999,6770.96,338.55000000000001,38.32,35,30,5,1,7,6770.96,967.27999999999997,7147.8299999999999,6770.96,338.55000000000001,38.32,56,1,7,6770.96,7147.8299999999999,15,1,7147.8299999999999,1,7147.8299999999999,1,7147.8299999999999,12,1,2,1,7147.8299999999999,7147.8299999999999,7147.8299999999999,7147.8299999999999,2,1,1,1,0,0,0,29,4,60,0,0.84615384615384615,3,90.879999999999995,0,0,0,1,1,0,0,0,0,0,0,0,0,0,0,0,0,0,0,0,0,21,20,0,19980,1,1,1,1,1,0,1,1,1,1,1,1,1,1,1,1,1,1,1,1,1,0,1,1,1,1,0,0,0,0,0,0,0,0,0,0,0,0,0,0,1,1,1,1,1,1
RCA_001692,INVOICE,EUR,PAID,NET15,IT,680100-IT,EUR,ISSUED,IT,680100-IT,SUPPLIER,DE,EUR,NET15,WIRE,ACTIVE,WIRE,EUR,COMPLETED,SETTLED,WIRE_DEBIT,EUR,DEBIT,POSTED,MANAGER,APPROVED,PAYMENT,2711.23,2514.1900000000001,188.56,8.4800000000000004,206,15,3,2,35,2514.1900000000001,67.795000000000002,2711.23,2514.1900000000001,188.56,8.4800000000000004,206,2,35,2514.1900000000001,1626.74,191,2,2711.23,1,2711.23,2,1626.74,190,1,4,2,2711.23,2711.23,2711.23,2711.23,2,1,1,1,0,1,1,35,4,32,0,0.84615384615384615,1,37.009999999999998,0,0,0,1,1,0,0,0,0,0,0,0,0,0,0,0,0,0,1084.49,1084.49,0,0,15,0,15660,1,1,1,1,1,0,1,1,1,1,1,1,1,1,1,1,1,1,1,1,1,1,1,1,1,1,0,0,0,0,0,0,0,0,0,0,0,0,0,0,0,1,2,2,1,1
RCA_001693,INVOICE,USD,PAID,NET60,LEGAL,670100-LEGAL,USD,ISSUED,LEGAL,670100-LEGAL,SERVICES,US,USD,NET60,ACH,ACTIVE,ACH,USD,COMPLETED,SETTLED,ACH_DEBIT,USD,DEBIT,POSTED,MANAGER,APPROVED,PAYMENT,6880.1000000000004,6234.8400000000001,623.48000000000002,21.780000000000001,342,60,4,3,22,6234.8400000000001,267.36333333333334,6880.1000000000004,6234.8400000000001,623.48000000000002,21.780000000000001,367,3,22,6234.8400000000001,6880.1000000000004,282,1,6880.1000000000004,1,6880.1000000000004,1,6880.1000000000004,279,1,2,1,6880.1000000000004,6880.1000000000004,6880.1000000000004,6880.1000000000004,2,1,1,1,0,0,0,30,4,7,0,0.76923076923076916,36,979.83000000000004,0,0,0,1,1,0,0,0,0,0,0,0,0,0,0,0,0,0,0,0,0,25,60,0,79020,1,1,1,1,1,0,1,1,1,1,1,1,1,1,1,1,1,1,1,1,1,0,1,1,1,1,0,0,0,0,0,0,0,0,0,0,0,0,0,0,1,1,1,1,1,1
RCA_001696,PAYMENT,USD,PAID,NET45,OPERATIONS,620100-OPERATIONS,__MISSING__,__MISSING__,__MISSING__,__MISSING__,SUPPLIER,US,USD,NET45,ACH,ACTIVE,ACH,USD,COMPLETED,SETTLED,ACH_DEBIT,USD,DEBIT,POSTED,MANAGER,APPROVED,PAYMENT,1945.5899999999999,1809.8499999999999,135.74000000000001,0,364,45,1,1,5,1809.8499999999999,361.97000000000003,,,,,,0,0,0,11531.42,318,2,11531.42,2,11531.42,1,11531.42,314,1,2,1,11531.42,11531.42,11531.42,11531.42,4,2,1,1,0,0,0,31,4,44,0,0.84615384615384615,1,0,0,0,0,1,1,,,,,,,0,0,0,0,0,0,0,0,0,0,,46,0,61740,0,-1,-1,-1,1,0,-1,1,1,1,1,1,1,1,1,1,1,1,1,1,1,0,1,1,1,1,0,0,0,0,0,0,0,0,0,0,0,0,0,0,1,2,1,1,1,1
RCA_001700,INVOICE,EUR,PAID,NET30,SALES,640100-SALES,EUR,ISSUED,SALES,640100-SALES,SERVICES,DE,EUR,NET30,CHECK,ACTIVE,CHECK,EUR,COMPLETED,SETTLED,CHECK_CLEARING,EUR,DEBIT,POSTED,MANAGER,APPROVED,PAYMENT,5729.8500000000004,5208.9499999999998,520.89999999999998,0,480,30,5,3,28,5208.9499999999998,197.16,5729.8500000000004,5208.9499999999998,520.89999999999998,0,483,3,28,5208.9499999999998,5729.8500000000004,450,1,5729.8500000000004,1,5729.8500000000004,1,5729.8500000000004,438,1,2,1,5729.8500000000004,5729.8500000000004,5729.8500000000004,5729.8500000000004,2,1,1,1,0,0,0,29,4,67,0,0.84615384615384615,7,85.879999999999995,0,0,0,1,1,0,0,0,0,0,0,0,0,0,0,0,0,0,0,0,0,3,30,0,34380,1,1,1,1,1,0,1,1,1,1,1,1,1,1,1,1,1,1,1,1,1,0,1,1,1,1,0,0,0,0,0,0,0,0,0,0,0,0,0,0,1,1,1,1,1,1
RCA_001703,INVOICE,USD,CREDIT_APPLIED,NET45,FINANCE,630100-FINANCE,__MISSING__,__MISSING__,__MISSING__,__MISSING__,SOFTWARE,US,USD,NET45,ACH,ACTIVE,__MISSING__,__MISSING__,__MISSING__,__MISSING__,__MISSING__,__MISSING__,__MISSING__,__MISSING__,__MISSING__,__MISSING__,__MISSING__,-2297.52,-2297.52,0,0,158,45,3,2,12,-2297.52,-242.18000000000001,,,,,,0,0,0,,,0,0,0,0,0,,,0,0,0,0,0,0,0,0,0,,0,0,1,0,30,4,351,0,0.69230769230769229,0,2546.8400000000001,0,0,0,0,0,,,,,,,,,2297.52,1,,,0,,,,,,,,0,-1,-1,-1,1,0,-1,-1,-1,-1,-1,-1,-1,-1,-1,-1,-1,-1,-1,-1,-1,1,-1,-1,-1,1,0,0,0,1,1,1,1,0,0,0,0,0,0,1,0,1,0,0,1,0
RCA_001704,INVOICE,USD,CANCELED,NET45,IT,680100-IT,__MISSING__,__MISSING__,__MISSING__,__MISSING__,PROFESSIONAL,US,USD,NET45,WIRE,ACTIVE,__MISSING__,__MISSING__,__MISSING__,__MISSING__,__MISSING__,__MISSING__,__MISSING__,__MISSING__,__MISSING__,__MISSING__,__MISSING__,4883.1999999999998,4883.1999999999998,0,0,181,45,3,1,2,4883.1999999999998,2441.5999999999999,,,,,,0,0,0,,,0,0,0,0,0,,,0,0,0,0,0,0,0,0,0,,0,0,0,0,29,4,11,0,0.76923076923076916,17,540.72000000000003,0,0,0,0,0,,,,,,,,,4883.1999999999998,1,,,0,,,,,,,,0,-1,-1,-1,1,0,-1,-1,-1,-1,-1,-1,-1,-1,-1,-1,-1,-1,-1,-1,-1,0,-1,-1,-1,1,0,0,0,1,1,1,1,0,0,0,0,0,0,1,1,1,0,0,1,0
RCA_001705,PAYMENT,EUR,APPROVED,NET15,ENGINEERING,610100-ENGINEERING,EUR,ISSUED,ENGINEERING,610100-ENGINEERING,SOFTWARE,DE,EUR,NET15,ACH,ACTIVE,ACH,EUR,REVERSED,REVERSED,ACH_DEBIT,EUR,DEBIT,POSTED,MANAGER,APPROVED,PAYMENT,6146.9099999999999,6142.1099999999997,0,4.7999999999999998,153,15,2,2,13,6142.1099999999997,423.93000000000001,6146.9099999999999,6142.1099999999997,0,4.7999999999999998,157,2,13,6142.1099999999997,3688.1500000000001,138,2,6146.9099999999999,1,6146.9099999999999,2,3688.1500000000001,133,2,6,3,9835.0599999999995,9835.0599999999995,6146.9099999999999,6146.9099999999999,2,1,1,1,0,1,1,27,4,23,0,0.84615384615384615,6,44.909999999999997,0,0,0,1,2,0,0,0,0,0,0,0,0,3688.1500000000001,0.60000065073345799,0,0,0,2458.7600000000002,2458.7600000000002,0,4,15,0,17100,1,1,1,1,1,0,1,1,1,1,1,1,1,1,0,1,1,1,1,1,1,1,1,1,1,1,0,0,0,0,0,0,0,0,0,0,0,0,0,0,0,1,2,3,1,1
RCA_001708,INVOICE,USD,PAID,NET15,IT,680100-IT,__MISSING__,__MISSING__,__MISSING__,__MISSING__,SOFTWARE,US,USD,NET15,CHECK,ACTIVE,CHECK,USD,COMPLETED,SETTLED,CHECK_CLEARING,USD,DEBIT,POSTED,DIRECTOR,APPROVED,PAYMENT,10840.799999999999,10840.799999999999,0,0,124,15,0,4,26,10840.799999999999,508.57749999999999,,,,,,0,0,0,12986.93,109,2,12986.93,2,12986.93,1,12986.93,95,1,2,1,12986.93,12986.93,12986.93,12986.93,5,3,2,2,0,1,1,28,4,150,0,0.84615384615384615,2,108.66,0,0,0,1,1,,,,,,,0,0,0,0,0,0,0,0,0,0,,15,0,18480,0,-1,-1,-1,1,0,-1,1,1,1,1,1,1,1,1,1,1,1,1,1,1,1,1,1,1,1,0,0,0,0,0,0,0,0,0,0,0,0,0,0,0,2,1,1,1,1
RCA_001711,INVOICE,USD,PAID,DUE_ON_RECEIPT,OPERATIONS,620100-OPERATIONS,USD,ISSUED,OPERATIONS,620100-OPERATIONS,SUPPLIER,US,USD,DUE_ON_RECEIPT,WIRE,ACTIVE,WIRE,USD,COMPLETED,SETTLED,WIRE_DEBIT,USD,DEBIT,POSTED,MANAGER,APPROVED,PAYMENT,5367.6999999999998,4876.6999999999998,487.67000000000002,3.3300000000000001,119,0,4,2,35,4876.6999999999998,125.98,5367.6999999999998,4876.6999999999998,487.67000000000002,3.3300000000000001,148,2,35,4876.6999999999998,3220.6199999999999,113,2,5367.6999999999998,1,5367.6999999999998,2,3220.6199999999999,112,2,4,2,5367.6999999999998,5367.6999999999998,5367.6999999999998,5367.6999999999998,2,1,1,1,0,0,0,30,4,3,0,0.76923076923076916,177,1660.9200000000001,0,0,0,1,1,0,0,0,0,0,0,0,0,0,0,0,0,0,2147.0799999999999,2147.0799999999999,0,29,6,0,1260,1,1,1,1,1,0,1,1,1,1,1,1,1,1,0,1,1,1,1,1,1,0,1,1,1,1,0,0,0,0,0,0,0,0,0,0,0,0,0,0,1,1,2,3,1,1
RCA_001714,PAYMENT,USD,PAID,NET15,SALES,640100-SALES,USD,ISSUED,SALES,640100-SALES,SOFTWARE,US,USD,NET15,CHECK,ACTIVE,CHECK,USD,COMPLETED,SETTLED,CHECK_CLEARING,USD,DEBIT,POSTED,MANAGER,APPROVED,PAYMENT,1016.09,945.20000000000005,70.890000000000001,0,89,15,2,1,20,945.20000000000005,47.259999999999998,1016.09,945.20000000000005,70.890000000000001,0,115,1,20,945.20000000000005,1016.09,74,1,1016.09,1,1016.09,1,1016.09,60,1,2,1,1016.09,1016.09,1016.09,1016.09,2,1,1,1,0,0,0,30,4,2,0,0.69230769230769229,7,23.010000000000002,0,0,0,1,1,0,0,0,0,0,0,0,0,0,0,0,0,0,0,0,0,26,15,0,17100,1,1,1,1,1,0,1,1,1,1,1,1,1,1,1,1,1,1,1,1,1,0,1,1,1,1,0,0,0,0,0,0,0,0,0,0,0,0,0,0,1,1,1,1,1,1
RCA_001715,INVOICE,USD,PAID,DUE_ON_RECEIPT,MARKETING,650100-MARKETING,USD,ISSUED,MARKETING,650100-MARKETING,SUPPLIER,US,USD,DUE_ON_RECEIPT,ACH,ACTIVE,ACH,USD,COMPLETED,SETTLED,__MISSING__,__MISSING__,__MISSING__,__MISSING__,MANAGER,APPROVED,PAYMENT,9481.3199999999997,9481.3199999999997,0,0,322,0,4,1,12,9481.3199999999997,790.11000000000001,9481.3199999999997,9481.3199999999997,0,0,341,1,12,9481.3199999999997,9481.3199999999997,316,1,9481.3199999999997,1,9481.3199999999997,1,,,0,2,1,9481.3199999999997,9481.3199999999997,9481.3199999999997,9481.3199999999997,2,1,1,1,0,0,0,32,4,6,0,0.69230769230769229,117,4752.5200000000004,0,0,0,1,0,0,0,0,0,0,0,0,0,0,0,,,0,0,0,,19,6,,1260,1,1,1,1,1,0,1,1,1,1,1,1,1,0,0,-1,-1,1,1,1,1,0,1,1,1,1,0,0,0,0,1,0,0,0,0,0,0,0,0,0,1,1,1,0,1,1
RCA_001716,INVOICE,USD,PAID,NET45,IT,680100-IT,__MISSING__,__MISSING__,__MISSING__,__MISSING__,SOFTWARE,US,USD,NET45,ACH,ACTIVE,ACH,USD,COMPLETED,SETTLED,ACH_DEBIT,USD,DEBIT,POSTED,DIRECTOR,APPROVED,PAYMENT,10705.719999999999,9958.8099999999995,746.90999999999997,0,89,45,3,3,15,9958.8099999999995,1497.3900000000001,,,,,,0,0,0,15170.469999999999,44,2,15170.469999999999,2,15170.469999999999,1,15170.469999999999,41,1,2,1,15170.469999999999,15170.469999999999,15170.469999999999,15170.469999999999,5,3,2,2,0,0,0,27,4,14,0,0.76923076923076916,10,745.35000000000002,0,0,0,1,1,,,,,,,0,0,0,0,0,0,0,0,0,0,,45,0,57360,0,-1,-1,-1,1,0,-1,1,1,1,1,1,1,1,1,1,1,1,1,1,1,0,1,1,1,1,0,0,0,0,0,0,0,0,0,0,0,0,0,0,1,2,1,1,1,1
RCA_001717,PAYMENT,USD,PAID,NET30,PEOPLE,660100-PEOPLE,__MISSING__,__MISSING__,__MISSING__,__MISSING__,SUPPLIER,US,USD,NET30,ACH,ACTIVE,ACH,USD,SUBMITTED,PENDING,__MISSING__,__MISSING__,__MISSING__,__MISSING__,MANAGER,APPROVED,PAYMENT,2326.4000000000001,2326.4000000000001,0,0,544,30,5,1,10,2326.4000000000001,232.63999999999999,,,,,,0,0,0,2326.4000000000001,1,1,2326.4000000000001,1,2326.4000000000001,1,,,0,2,1,2326.4000000000001,2326.4000000000001,2326.4000000000001,2326.4000000000001,2,1,1,1,0,0,0,30,4,4,0,0.76923076923076916,124,292.91000000000003,0,0,0,1,0,,,,,,,0,0,2326.4000000000001,1,,,0,0,0,,,543,,773100,0,-1,-1,-1,1,0,-1,1,1,1,1,1,1,0,0,-1,-1,1,1,1,1,0,1,1,1,1,0,0,0,0,1,0,0,0,0,0,0,0,0,0,1,1,1,0,1,1
RCA_001718,PAYMENT,EUR,PAID,NET30,SALES,640100-SALES,EUR,ISSUED,SALES,640100-SALES,SERVICES,DE,EUR,NET30,VIRTUAL_CARD,ACTIVE,VIRTUAL_CARD,EUR,COMPLETED,SETTLED,CARD_SETTLEMENT,EUR,DEBIT,POSTED,DIRECTOR,APPROVED,PAYMENT,14748.4,13719.440000000001,1028.96,0,381,30,5,3,38,13719.440000000001,272.35000000000002,14748.4,13719.440000000001,1028.96,0,406,3,38,13719.440000000001,14748.4,351,1,14748.4,1,14748.4,1,14723.4,349,1,2,1,14748.4,14748.4,14748.4,14748.4,3,2,2,2,0,0,0,29,4,10,0,0.84615384615384615,63,4467.6199999999999,25,0,0,1,0,0,0,0,0,0,0,0,0,0,0,25,0.0016950991293970871,0,0,0,0,25,30,0,32880,1,1,1,1,1,0,1,1,1,1,1,1,1,1,1,1,1,1,1,1,1,0,1,1,1,1,0,0,0,0,0,0,0,0,0,0,0,0,0,0,1,1,1,1,1,1
RCA_001719,INVOICE,EUR,CREDIT_APPLIED,NET30,PEOPLE,660100-PEOPLE,__MISSING__,__MISSING__,__MISSING__,__MISSING__,PROFESSIONAL,DE,EUR,NET30,ACH,ACTIVE,__MISSING__,__MISSING__,__MISSING__,__MISSING__,__MISSING__,__MISSING__,__MISSING__,__MISSING__,__MISSING__,__MISSING__,__MISSING__,-6603.9200000000001,-6603.9200000000001,0,0,356,30,4,2,16,-6603.9200000000001,-412.745,,,,,,0,0,0,,,0,0,0,0,0,,,0,0,0,0,0,0,0,0,0,,0,0,0,0,31,4,47,0,0.69230769230769229,0,7248.46,0,0,0,0,0,,,,,,,,,6603.9200000000001,1,,,0,,,,,,,,0,-1,-1,-1,1,0,-1,-1,-1,-1,-1,-1,-1,-1,-1,-1,-1,-1,-1,-1,-1,0,-1,-1,-1,1,0,0,0,1,1,1,1,0,0,0,0,0,0,1,1,1,0,0,1,0
RCA_001721,PAYMENT,JPY,APPROVED,NET15,FINANCE,630100-FINANCE,__MISSING__,__MISSING__,__MISSING__,__MISSING__,SERVICES,JP,JPY,NET15,VIRTUAL_CARD,ACTIVE,VIRTUAL_CARD,JPY,REVERSED,REVERSED,CARD_SETTLEMENT,JPY,DEBIT,POSTED,MANAGER,APPROVED,PAYMENT,5182,4820,362,0,96,15,2,4,30,4820,200.25,,,,,,0,0,0,5182,81,1,5182,1,5182,1,5182,77,2,4,2,10364,10364,5182,5182,2,1,1,1,0,0,0,30,4,4,0,0.76923076923076916,28,0,0,0,0,1,2,,,,,,,0,0,5182,1,0,0,0,0,0,0,,15,0,17100,0,-1,-1,-1,1,0,-1,1,1,1,1,1,1,1,0,1,1,1,1,1,1,0,1,1,1,1,0,0,0,0,0,0,0,0,0,0,0,0,0,0,1,1,1,2,1,1
RCA_001724,INVOICE,CAD,PAID,NET30,ENGINEERING,610100-ENGINEERING,__MISSING__,__MISSING__,__MISSING__,__MISSING__,SUPPLIER,CA,CAD,NET30,ACH,ACTIVE,ACH,CAD,COMPLETED,SETTLED,ACH_DEBIT,CAD,DEBIT,POSTED,MANAGER,APPROVED,PAYMENT,6178.9499999999998,5747.8599999999997,431.08999999999997,0,477,30,4,2,14,5747.8599999999997,626.17999999999995,,,,,,0,0,0,6178.9499999999998,447,1,6178.9499999999998,1,6178.9499999999998,1,6178.9499999999998,442,1,2,1,6178.9499999999998,6178.9499999999998,6178.9499999999998,6178.9499999999998,2,1,1,1,0,0,0,32,4,11,0,0.76923076923076916,23,108.19,0,0,0,1,1,,,,,,,0,0,0,0,0,0,0,0,0,0,,30,0,35820,0,-1,-1,-1,1,0,-1,1,1,1,1,1,1,1,1,1,1,1,1,1,1,0,1,1,1,1,0,0,0,0,0,0,0,0,0,0,0,0,0,0,1,1,1,1,1,1
RCA_001725,INVOICE,USD,PAID,NET45,LEGAL,670100-LEGAL,USD,ISSUED,LEGAL,670100-LEGAL,SUPPLIER,US,USD,NET45,ACH,ACTIVE,ACH,USD,COMPLETED,SETTLED,ACH_DEBIT,USD,DEBIT,POSTED,DIRECTOR,APPROVED,PAYMENT,14381.59,13378.219999999999,1003.37,0,201,45,1,2,25,13378.219999999999,3074.915,14381.59,13378.219999999999,1003.37,0,210,2,25,13378.219999999999,14381.59,156,1,14381.59,1,14381.59,1,14381.59,153,1,2,1,14381.59,14381.59,14381.59,14381.59,3,2,2,2,0,0,0,27,4,28,0,0.84615384615384615,5,83.180000000000007,0,0,0,1,1,0,0,0,0,0,0,0,0,0,0,0,0,0,0,0,0,9,45,0,60240,1,1,1,1,1,0,1,1,1,1,1,1,1,1,1,1,1,1,1,1,1,0,1,1,1,1,0,0,0,0,0,0,0,0,0,0,0,0,0,0,1,1,1,1,1,1
RCA_001727,INVOICE,USD,PAID,NET45,ENGINEERING,610100-ENGINEERING,USD,ISSUED,ENGINEERING,610100-ENGINEERING,SUPPLIER,US,USD,NET45,CHECK,ACTIVE,CHECK,USD,COMPLETED,SETTLED,CHECK_CLEARING,USD,DEBIT,POSTED,CONTROLLER,APPROVED,PAYMENT,135424.01999999999,135424.01999999999,0,0,181,45,1,3,48,135424.01999999999,2170.1700000000001,135424.01999999999,135424.01999999999,0,0,194,3,48,135424.01999999999,81254.410000000003,136,2,135424.01999999999,1,135424.01999999999,2,81254.410000000003,123,1,4,2,135424.01999999999,135424.01999999999,135424.01999999999,135424.01999999999,4,3,3,3,0,0,0,29,4,6,0,0.76923076923076916,32,121868.42999999999,0,0,0,1,1,0,0,0,0,0,0,0,0,0,0,0,0,0,54169.610000000001,54169.610000000001,0,13,45,0,58740,1,1,1,1,1,0,1,1,1,1,1,1,1,1,1,1,1,1,1,1,1,0,1,1,1,1,0,0,0,0,0,0,0,0,0,0,0,0,0,0,1,1,2,2,1,1
RCA_001731,INVOICE,EUR,APPROVED,NET30,SALES,640100-SALES,EUR,ISSUED,SALES,640100-SALES,SERVICES,DE,EUR,NET30,VIRTUAL_CARD,ACTIVE,__MISSING__,__MISSING__,__MISSING__,__MISSING__,__MISSING__,__MISSING__,__MISSING__,__MISSING__,__MISSING__,__MISSING__,__MISSING__,887.69000000000005,868.55999999999995,0,19.129999999999999,477,30,5,1,12,868.55999999999995,72.379999999999995,887.69000000000005,868.55999999999995,0,19.129999999999999,505,1,12,868.55999999999995,,,0,0,0,0,0,,,0,0,0,0,0,0,0,0,0,,0,0,0,0,29,4,10,0,0.84615384615384615,26,407.58999999999997,0,0,0,0,0,0,0,0,0,0,0,,,887.69000000000005,1,,,0,,,,28,,,,1,1,1,1,1,0,1,-1,-1,-1,-1,-1,-1,-1,-1,-1,-1,-1,-1,-1,-1,0,-1,-1,-1,1,0,0,0,1,1,1,1,0,0,0,0,0,0,1,1,1,0,0,1,0
RCA_001732,INVOICE,USD,PAID,NET15,ENGINEERING,610100-ENGINEERING,__MISSING__,__MISSING__,__MISSING__,__MISSING__,SUPPLIER,US,USD,NET15,ACH,ACTIVE,ACH,USD,COMPLETED,SETTLED,ACH_DEBIT,USD,DEBIT,POSTED,DIRECTOR,APPROVED,PAYMENT,21049.869999999999,19581.27,1468.5999999999999,0,231,15,0,3,12,19581.27,1505.54,,,,,,0,0,0,21049.869999999999,216,1,21049.869999999999,1,21049.869999999999,1,21049.869999999999,211,1,2,1,21049.869999999999,21049.869999999999,21049.869999999999,21049.869999999999,3,2,2,2,0,1,1,31,4,64,0,0.84615384615384615,5,1066.8499999999999,0,0,0,1,1,,,,,,,0,0,0,0,0,0,0,0,0,0,,15,0,18480,0,-1,-1,-1,1,0,-1,1,1,1,1,1,1,1,1,1,1,1,1,1,1,1,1,1,1,1,0,0,0,0,0,0,0,0,0,0,0,0,0,0,0,1,1,1,1,1
RCA_001733,PAYMENT,USD,PAID,NET30,OPERATIONS,620100-OPERATIONS,USD,ISSUED,OPERATIONS,620100-OPERATIONS,SUPPLIER,US,USD,NET30,ACH,ACTIVE,ACH,USD,SUBMITTED,PENDING,ACH_DEBIT,USD,DEBIT,POSTED,DIRECTOR,APPROVED,PAYMENT,12898.58,11998.68,899.89999999999998,0,84,30,1,3,36,11998.68,236.42000000000004,12898.58,11998.68,899.89999999999998,0,93,3,36,11998.68,5159.4300000000003,1,2,12898.58,1,12898.58,2,7739.1499999999996,49,0,4,2,12898.58,12898.58,12898.58,12898.58,3,2,2,2,0,2,2,29,4,31,0,0.92307692307692313,7,731.69000000000005,0,0,0,1,0,0,0,0,0,0,0,0,0,5159.4300000000003,0.39999984494417212,2579.7199999999998,0.5000009690992997,0,7739.1499999999996,7739.1499999999996,2579.7199999999998,9,83,-53,114960,1,1,1,1,1,0,1,1,1,1,1,1,1,0,0,1,1,1,1,0,1,1,1,1,1,1,0,0,0,0,0,0,0,0,0,0,0,0,0,0,0,1,2,1,1,1
RCA_001734,PAYMENT,USD,PAID,NET30,ENGINEERING,610100-ENGINEERING,__MISSING__,__MISSING__,__MISSING__,__MISSING__,SERVICES,US,USD,NET30,CHECK,ACTIVE,CHECK,USD,COMPLETED,SETTLED,CHECK_CLEARING,USD,DEBIT,POSTED,DIRECTOR,APPROVED,PAYMENT,11262.219999999999,10238.379999999999,1023.84,0,193,30,4,3,18,10238.379999999999,897.10333333333335,,,,,,0,0,0,11262.219999999999,163,1,11262.219999999999,1,11262.219999999999,1,11237.219999999999,151,1,2,1,11262.219999999999,11262.219999999999,11262.219999999999,11262.219999999999,3,2,2,2,0,0,0,32,4,7,0,0.76923076923076916,66,3760.77,25,0,0,1,0,,,,,,,0,0,0,0,25,0.0022198110141694975,0,0,0,0,,30,0,34320,0,-1,-1,-1,1,0,-1,1,1,1,1,1,1,1,1,1,1,1,1,1,1,0,1,1,1,1,0,0,0,0,0,0,0,0,0,0,0,0,0,0,1,1,1,1,1,1
RCA_001735,INVOICE,EUR,CREDIT_APPLIED,NET30,IT,680100-IT,__MISSING__,__MISSING__,__MISSING__,__MISSING__,SOFTWARE,DE,EUR,NET30,ACH,ACTIVE,__MISSING__,__MISSING__,__MISSING__,__MISSING__,__MISSING__,__MISSING__,__MISSING__,__MISSING__,__MISSING__,__MISSING__,__MISSING__,-4445.8500000000004,-4041.6799999999998,-404.17000000000002,0,120,30,5,3,31,-4041.6799999999998,-932.91666666666663,,,,,,0,0,0,,,0,0,0,0,0,,,0,0,0,0,0,0,0,0,0,,0,0,1,0,29,4,21,0,0.69230769230769229,0,5032.1000000000004,0,0,0,0,0,,,,,,,,,4445.8500000000004,1,,,0,,,,,,,,0,-1,-1,-1,1,0,-1,-1,-1,-1,-1,-1,-1,-1,-1,-1,-1,-1,-1,-1,-1,1,-1,-1,-1,1,0,0,0,1,1,1,1,0,0,0,0,0,0,1,0,1,0,0,1,0
RCA_001736,INVOICE,USD,CANCELED,NET15,LEGAL,670100-LEGAL,USD,ISSUED,LEGAL,670100-LEGAL,SUPPLIER,US,USD,NET15,WIRE,ACTIVE,__MISSING__,__MISSING__,__MISSING__,__MISSING__,__MISSING__,__MISSING__,__MISSING__,__MISSING__,__MISSING__,__MISSING__,__MISSING__,14627.51,14614.68,0,12.83,258,15,3,1,6,14614.68,2435.7800000000002,14627.51,14614.68,0,12.83,261,1,6,14614.68,,,0,0,0,0,0,,,0,0,0,0,0,0,0,0,0,,0,0,2,0,31,4,65,0,0.84615384615384615,8,857.19000000000005,0,0,0,0,0,0,0,0,0,0,0,,,14627.51,1,,,0,,,,3,,,,1,1,1,1,1,0,1,-1,-1,-1,-1,-1,-1,-1,-1,-1,-1,-1,-1,-1,-1,1,-1,-1,-1,1,0,0,0,1,1,1,1,0,0,0,0,0,0,1,0,1,0,0,1,0
RCA_001738,PAYMENT,EUR,PAID,DUE_ON_RECEIPT,LEGAL,670100-LEGAL,EUR,ISSUED,LEGAL,670100-LEGAL,SERVICES,DE,EUR,DUE_ON_RECEIPT,ACH,ACTIVE,ACH,EUR,COMPLETED,SETTLED,ACH_DEBIT,USD,DEBIT,POSTED,MANAGER,APPROVED,PAYMENT,2106.3099999999999,2006.01,100.3,0,32,0,5,2,24,2006.01,137.125,2106.3099999999999,2006.01,100.3,0,58,2,24,2006.01,2106.3099999999999,25,1,2106.3099999999999,1,2106.3099999999999,1,2274.8099999999999,20,1,2,1,2106.3099999999999,2106.3099999999999,2106.3099999999999,2106.3099999999999,2,1,1,1,0,2,2,29,4,49,0,0.84615384615384615,3,29.73,0,1,1,1,0,0,0,0,0,0,0,0,0,0,0,168.5,0.079997721133166527,0,0,0,168.5,26,7,0,1260,1,1,1,1,1,0,1,1,1,1,1,1,1,1,1,0,1,1,1,1,1,1,1,1,1,1,0,0,0,0,0,0,0,0,0,0,0,0,0,0,0,1,1,1,1,1
RCA_001739,INVOICE,USD,APPROVED,NET60,PEOPLE,660100-PEOPLE,__MISSING__,__MISSING__,__MISSING__,__MISSING__,LOGISTICS,US,USD,NET60,WIRE,ACTIVE,__MISSING__,__MISSING__,__MISSING__,__MISSING__,__MISSING__,__MISSING__,__MISSING__,__MISSING__,__MISSING__,__MISSING__,__MISSING__,2779.4499999999998,2526.77,252.68000000000001,0,421,60,3,2,11,2526.77,278.995,,,,,,0,0,0,,,0,0,0,0,0,,,0,0,0,0,0,0,0,0,0,,0,0,0,0,32,4,14,0,0.76923076923076916,42,61.5,0,0,0,0,0,,,,,,,,,2779.4499999999998,1,,,0,,,,,,,,0,-1,-1,-1,1,0,-1,-1,-1,-1,-1,-1,-1,-1,-1,-1,-1,-1,-1,-1,-1,0,-1,-1,-1,1,0,0,0,1,1,1,1,0,0,0,0,0,0,1,1,1,0,0,1,0
RCA_001740,INVOICE,USD,PAID,NET30,ENGINEERING,610100-ENGINEERING,USD,ISSUED,ENGINEERING,610100-ENGINEERING,SUPPLIER,US,USD,NET30,ACH,ACTIVE,ACH,USD,COMPLETED,SETTLED,ACH_DEBIT,USD,DEBIT,POSTED,MANAGER,APPROVED,PAYMENT,2582.6300000000001,2402.4499999999998,180.18000000000001,0,275,30,1,3,40,2402.4499999999998,57.359999999999992,2582.6300000000001,2402.4499999999998,180.18000000000001,0,291,3,40,2402.4499999999998,2582.6300000000001,245,1,2582.6300000000001,1,2582.6300000000001,1,2582.6300000000001,242,1,2,1,2582.6300000000001,2582.6300000000001,2582.6300000000001,2582.6300000000001,2,1,1,1,0,0,0,30,4,12,0,0.84615384615384615,31,11.42,0,0,0,1,1,0,0,0,0,0,0,0,0,0,0,0,0,0,0,0,0,16,30,0,40140,1,1,1,1,1,0,1,1,1,1,1,1,1,1,1,1,1,1,1,1,1,0,1,1,1,1,0,0,0,0,0,0,0,0,0,0,0,0,0,0,1,1,1,1,1,1
RCA_001743,INVOICE,USD,PAID,NET30,OPERATIONS,620100-OPERATIONS,USD,ISSUED,OPERATIONS,620100-OPERATIONS,SERVICES,US,USD,NET30,ACH,ACTIVE,ACH,USD,COMPLETED,SETTLED,ACH_DEBIT,USD,DEBIT,POSTED,DIRECTOR,APPROVED,PAYMENT,36597.379999999997,36597.379999999997,0,0,47,30,5,2,10,36597.379999999997,3296.7550000000001,36597.379999999997,36597.379999999997,0,0,69,2,10,36597.379999999997,21958.43,17,2,36597.379999999997,1,36597.379999999997,2,21958.43,13,1,4,2,36597.379999999997,36597.379999999997,36597.379999999997,36597.379999999997,3,2,2,2,0,0,0,30,4,9,0,0.76923076923076916,26,28823.900000000001,0,0,0,1,1,0,0,0,0,0,0,0,0,0,0,0,0,0,14638.950000000001,14638.950000000001,0,22,30,0,32880,1,1,1,1,1,0,1,1,1,1,1,1,1,1,1,1,1,1,1,1,1,0,1,1,1,1,0,0,0,0,0,0,0,0,0,0,0,0,0,0,1,1,2,2,1,1
RCA_001746,PAYMENT,USD,PAID,NET15,MARKETING,650100-MARKETING,USD,ISSUED,MARKETING,650100-MARKETING,SOFTWARE,US,USD,NET15,CHECK,ACTIVE,CHECK,USD,COMPLETED,SETTLED,CHECK_CLEARING,USD,DEBIT,POSTED,AUTO,AUTO_APPROVED,PAYMENT,3882.79,3529.8099999999999,352.98000000000002,0,211,15,5,2,17,3529.8099999999999,551.58000000000004,3882.79,3529.8099999999999,352.98000000000002,0,226,2,17,3529.8099999999999,4326.5699999999997,118,2,4326.5699999999997,2,4326.5699999999997,1,4326.5699999999997,104,1,2,1,4326.5699999999997,4326.5699999999997,4326.5699999999997,4326.5699999999997,4,2,1,2,0,1,1,28,4,150,0,0.84615384615384615,1,27.289999999999999,0,0,0,1,1,0,0,0,0,0,0,0,0,0,0,0,0,0,0,0,0,15,93,0,18540,1,1,1,1,1,0,1,1,1,1,1,1,1,1,1,1,1,1,1,1,1,1,-1,-1,-1,1,0,0,0,0,0,0,0,0,0,0,0,0,0,0,0,2,1,1,1,1
RCA_001753,PAYMENT,USD,APPROVED,NET45,FINANCE,630100-FINANCE,USD,ISSUED,FINANCE,630100-FINANCE,SOFTWARE,US,USD,NET45,ACH,ACTIVE,ACH,USD,REVERSED,REVERSED,ACH_DEBIT,USD,DEBIT,POSTED,MANAGER,APPROVED,PAYMENT,1684.1400000000001,1527.04,152.69999999999999,4.4000000000000004,460,45,4,2,37,1527.04,34.875,1684.1400000000001,1527.04,152.69999999999999,4.4000000000000004,470,2,37,1527.04,1684.1400000000001,415,1,1684.1400000000001,1,1684.1400000000001,1,1684.1400000000001,412,2,4,2,3368.2800000000002,3368.2800000000002,1684.1400000000001,1684.1400000000001,2,1,1,1,0,0,0,28,4,11,0,0.76923076923076916,12,0.53000000000000003,0,0,0,1,2,0,0,0,0,0,0,0,0,1684.1400000000001,1,0,0,0,0,0,0,10,45,0,57420,1,1,1,1,1,0,1,1,1,1,1,1,1,1,0,1,1,1,1,1,1,0,1,1,1,1,0,0,0,0,0,0,0,0,0,0,0,0,0,0,1,1,1,2,1,1
RCA_001755,INVOICE,USD,APPROVED,NET30,LEGAL,670100-LEGAL,USD,ISSUED,LEGAL,670100-LEGAL,SUPPLIER,US,USD,NET30,ACH,ACTIVE,__MISSING__,__MISSING__,__MISSING__,__MISSING__,__MISSING__,__MISSING__,__MISSING__,__MISSING__,__MISSING__,__MISSING__,__MISSING__,10473.33,9970.4799999999996,498.51999999999998,4.3300000000000001,318,30,3,2,31,9970.4799999999996,324.60500000000002,10473.33,9970.4799999999996,498.51999999999998,4.3300000000000001,324,2,31,9970.4799999999996,,,0,0,0,0,0,,,0,0,0,0,0,0,0,0,0,,0,0,0,0,29,4,4,0,0.76923076923076916,19,7794.1499999999996,0,0,0,0,0,0,0,0,0,0,0,,,10473.33,1,,,0,,,,6,,,,1,1,1,1,1,0,1,-1,-1,-1,-1,-1,-1,-1,-1,-1,-1,-1,-1,-1,-1,0,-1,-1,-1,1,0,0,0,1,1,1,1,0,0,0,0,0,0,1,1,1,0,0,1,0
RCA_001756,INVOICE,USD,PAID,NET15,IT,680100-IT,USD,ISSUED,IT,680100-IT,SOFTWARE,US,USD,NET15,CHECK,ACTIVE,CHECK,USD,COMPLETED,SETTLED,CHECK_CLEARING,USD,DEBIT,POSTED,MANAGER,APPROVED,PAYMENT,9275.3500000000004,8432.1399999999994,843.21000000000004,0,258,15,4,3,50,8432.1399999999994,431.94666666666666,9275.3500000000004,8432.1399999999994,843.21000000000004,0,272,3,50,8432.1399999999994,11699.65,98,2,11699.65,2,11699.65,1,11699.65,84,1,2,1,11699.65,11699.65,11699.65,11699.65,4,2,1,1,0,1,1,28,4,150,0,0.84615384615384615,9,10.26,0,0,0,1,1,0,0,0,0,0,0,0,0,0,0,0,0,0,0,0,0,14,160,0,15660,1,1,1,1,1,0,1,1,1,1,1,1,1,1,1,1,1,1,1,1,1,1,1,1,1,1,0,0,0,0,0,0,0,0,0,0,0,0,0,0,0,2,1,1,1,1
RCA_001759,INVOICE,USD,PAID,NET30,LEGAL,670100-LEGAL,USD,ISSUED,LEGAL,670100-LEGAL,LOGISTICS,US,USD,NET30,ACH,ACTIVE,ACH,USD,COMPLETED,SETTLED,ACH_DEBIT,USD,DEBIT,POSTED,DIRECTOR,APPROVED,PAYMENT,11007.76,10996.16,0,11.6,159,30,3,2,22,10996.16,615.16000000000008,11007.76,10996.16,0,11.6,181,2,22,10996.16,6604.6599999999999,129,2,11007.76,1,11007.76,2,6604.6599999999999,125,1,4,2,11252.129999999999,11252.129999999999,11252.129999999999,11252.129999999999,3,2,2,2,0,0,0,27,4,5,0,0.84615384615384615,41,525.15999999999997,0,0,0,1,1,0,0,0,0,0,0,0,0,0,0,0,0,0,4647.4700000000003,4647.4700000000003,0,22,30,0,35760,1,1,1,1,1,0,1,1,1,1,1,1,1,1,1,1,1,1,1,0,1,0,1,1,1,1,0,0,0,0,0,0,0,0,0,0,0,0,0,0,1,1,2,2,1,1
RCA_001760,PAYMENT,EUR,PAID,NET30,PEOPLE,660100-PEOPLE,EUR,ISSUED,PEOPLE,660100-PEOPLE,SERVICES,DE,EUR,NET30,ACH,ACTIVE,ACH,EUR,COMPLETED,SETTLED,ACH_DEBIT,EUR,DEBIT,POSTED,AUTO,AUTO_APPROVED,PAYMENT,242.62,220.56,22.059999999999999,0,96,30,2,1,8,220.56,27.57,242.62,220.56,22.059999999999999,0,115,1,8,220.56,145.56999999999999,66,2,242.62,1,242.62,2,145.56999999999999,62,1,4,2,242.62,242.62,242.62,242.62,2,1,1,1,0,0,0,31,4,5,0,0.76923076923076916,22,3103.6199999999999,0,0,0,1,1,0,0,0,0,0,0,0,0,0,0,0,0,0,97.049999999999997,97.049999999999997,0,19,30,0,38700,1,1,1,1,1,0,1,1,1,1,1,1,1,1,1,1,1,1,1,1,1,0,-1,-1,-1,1,0,0,0,0,0,0,0,0,0,0,0,0,0,0,1,1,2,2,1,1
RCA_001763,BANK_TRANSACTION,USD,PAID,NET30,OPERATIONS,620100-OPERATIONS,USD,ISSUED,OPERATIONS,620100-OPERATIONS,SERVICES,US,USD,NET30,WIRE,ACTIVE,WIRE,USD,COMPLETED,SETTLED,BANK_FEE,USD,DEBIT,POSTED,MANAGER,APPROVED,PAYMENT,1503.3,1398.4200000000001,104.88,0,315,30,4,1,18,1398.4200000000001,77.689999999999998,1503.3,1398.4200000000001,104.88,0,319,1,18,1398.4200000000001,901.98000000000002,285,2,1503.3,1,1503.3,2,20,281,1,4,2,1503.3,1503.3,1503.3,1503.3,2,1,1,1,0,0,0,31,4,6,0,0.76923076923076916,1,151.69,20,0,0,1,1,0,0,0,0,0,0,0,0,0,0,881.98000000000002,0.97782655934721385,0,601.32000000000005,601.32000000000005,861.98000000000002,4,30,3,35820,1,1,1,1,1,0,1,1,1,1,1,1,1,1,1,1,0,1,1,1,1,0,1,1,1,1,0,0,0,0,0,0,0,0,0,0,0,0,0,0,1,1,2,3,1,1
RCA_001764,INVOICE,USD,PAID,NET45,MARKETING,650100-MARKETING,USD,ISSUED,MARKETING,650100-MARKETING,SOFTWARE,US,USD,NET45,ACH,ACTIVE,ACH,USD,COMPLETED,SETTLED,ACH_DEBIT,USD,DEBIT,POSTED,MANAGER,APPROVED,PAYMENT,9960.3700000000008,9956.1700000000001,0,4.2000000000000002,215,45,3,1,7,9956.1700000000001,1422.3099999999999,9960.3700000000008,9956.1700000000001,0,4.2000000000000002,218,1,7,9956.1700000000001,11799,170,2,11799,2,11799,1,11799,167,1,2,1,11799,11799,11799,11799,4,2,1,1,0,0,0,27,4,14,0,0.76923076923076916,38,745.35000000000002,0,0,0,1,1,0,0,0,0,0,0,0,0,0,0,0,0,0,0,0,0,3,45,0,58860,1,1,1,1,1,0,1,1,1,1,1,1,1,1,1,1,1,1,1,1,1,0,1,1,1,1,0,0,0,0,0,0,0,0,0,0,0,0,0,0,1,2,1,1,1,1
RCA_001766,PAYMENT,USD,PAID,NET30,OPERATIONS,620100-OPERATIONS,USD,ISSUED,OPERATIONS,620100-OPERATIONS,SOFTWARE,US,USD,NET30,ACH,ACTIVE,ACH,USD,COMPLETED,SETTLED,ACH_DEBIT,USD,DEBIT,POSTED,MANAGER,APPROVED,PAYMENT,2053.4400000000001,2053.4400000000001,0,0,464,30,5,2,31,2053.4400000000001,69.064999999999998,2053.4400000000001,2053.4400000000001,0,0,476,2,31,2053.4400000000001,1232.0599999999999,434,2,2053.4400000000001,1,2053.4400000000001,2,1207.0599999999999,431,1,4,2,2053.4400000000001,2053.4400000000001,2053.4400000000001,2053.4400000000001,2,1,1,1,0,1,0,29,4,8,0,0.76923076923076916,83,179.5,25,0,0,1,0,0,0,0,0,0,0,0,0,0,0,25,0.020291219583461844,0,821.38,821.38,0,12,30,0,34380,1,1,1,1,1,0,1,1,1,1,1,1,1,1,1,1,1,1,1,1,1,1,1,1,1,1,0,0,0,0,0,0,0,0,0,0,0,0,0,0,0,1,2,2,1,1
RCA_001769,PAYMENT,EUR,APPROVED,NET30,FINANCE,630100-FINANCE,EUR,ISSUED,FINANCE,630100-FINANCE,PROFESSIONAL,DE,EUR,NET30,ACH,ACTIVE,ACH,EUR,REVERSED,REVERSED,ACH_DEBIT,EUR,DEBIT,POSTED,MANAGER,APPROVED,PAYMENT,13572.26,12925.959999999999,646.29999999999995,0,501,30,1,2,16,12925.959999999999,1582.355,13572.26,12925.959999999999,646.29999999999995,0,527,2,16,12925.959999999999,17573.68,243,2,17573.68,2,17573.68,1,17573.68,238,2,4,2,35147.360000000001,35147.360000000001,17573.68,17573.68,5,3,2,2,0,0,0,31,4,46,0,0.84615384615384615,3,1086.3299999999999,0,0,0,1,2,0,0,0,0,0,0,0,0,13572.26,1,0,0,0,0,0,0,26,258,0,38700,1,1,1,1,1,0,1,1,1,1,1,1,1,1,0,1,1,1,1,0,1,0,1,1,1,1,0,0,0,0,0,0,0,0,0,0,0,0,0,0,1,2,1,2,1,1
RCA_001773,INVOICE,USD,PAID,NET45,PEOPLE,660100-PEOPLE,USD,ISSUED,PEOPLE,660100-PEOPLE,SUPPLIER,US,USD,NET45,ACH,ACTIVE,ACH,USD,COMPLETED,SETTLED,ACH_DEBIT,USD,DEBIT,POSTED,MANAGER,APPROVED,PAYMENT,412.73000000000002,373.02999999999997,27.98,11.720000000000001,210,45,2,3,52,373.02999999999997,7.043333333333333,412.73000000000002,373.02999999999997,27.98,11.720000000000001,224,3,52,373.02999999999997,4509.2799999999997,103,2,4509.2799999999997,2,4509.2799999999997,1,4509.2799999999997,98,1,2,1,4676.1199999999999,4676.1199999999999,4676.1199999999999,4676.1199999999999,4,2,1,2,0,0,0,31,4,44,0,0.92307692307692313,2,266.83999999999997,0,0,0,1,1,0,0,0,0,0,0,0,0,0,0,0,0,0,166.84,166.84,0,14,107,0,61740,1,1,1,1,1,0,1,1,1,1,1,1,1,1,1,1,1,1,1,1,1,0,1,1,1,1,0,0,0,0,0,0,0,0,0,0,0,0,0,0,1,2,1,1,1,1
RCA_001775,INVOICE,USD,PAID,NET60,IT,680100-IT,USD,ISSUED,IT,680100-IT,LOGISTICS,US,USD,NET60,ACH,ACTIVE,ACH,USD,COMPLETED,SETTLED,ACH_DEBIT,USD,DEBIT,POSTED,MANAGER,APPROVED,PAYMENT,8377.3500000000004,7604.5500000000002,760.46000000000004,12.34,422,60,0,2,26,7604.5500000000002,278.625,8377.3500000000004,7604.5500000000002,760.46000000000004,12.34,435,2,26,7604.5500000000002,5026.4099999999999,362,2,8377.3500000000004,1,8377.3500000000004,2,5026.4099999999999,357,1,4,2,8377.3500000000004,8377.3500000000004,8377.3500000000004,8377.3500000000004,2,1,1,1,0,0,0,31,4,5,0,0.84615384615384615,28,1921.3699999999999,0,0,0,1,1,0,0,0,0,0,0,0,0,0,0,0,0,0,3350.9400000000001,3350.9400000000001,0,13,60,0,84780,1,1,1,1,1,0,1,1,1,1,1,1,1,1,1,1,1,1,1,1,1,0,1,1,1,1,0,0,0,0,0,0,0,0,0,0,0,0,0,0,1,1,2,2,1,1
RCA_001776,PAYMENT,USD,PAID,NET30,FINANCE,630100-FINANCE,__MISSING__,__MISSING__,__MISSING__,__MISSING__,SOFTWARE,US,USD,NET30,ACH,ACTIVE,ACH,USD,COMPLETED,SETTLED,ACH_DEBIT,USD,DEBIT,POSTED,MANAGER,APPROVED,PAYMENT,1160.3599999999999,1160.3599999999999,0,0,293,30,5,4,30,1160.3599999999999,51.477499999999999,,,,,,0,0,0,1160.3599999999999,263,1,1160.3599999999999,1,1160.3599999999999,1,1160.3599999999999,258,1,2,1,1160.3599999999999,1160.3599999999999,1160.3599999999999,1160.3599999999999,2,1,1,1,0,0,0,30,4,42,0,0.84615384615384615,1,108.84999999999999,0,0,0,1,1,,,,,,,0,0,0,0,0,0,0,0,0,0,,30,0,34380,0,-1,-1,-1,1,0,-1,1,1,1,1,1,1,1,1,1,1,1,1,1,1,0,1,1,1,1,0,0,0,0,0,0,0,0,0,0,0,0,0,0,1,1,1,1,1,1
RCA_001777,INVOICE,EUR,APPROVED,NET30,OPERATIONS,620100-OPERATIONS,EUR,ISSUED,OPERATIONS,620100-OPERATIONS,SERVICES,DE,EUR,NET30,CHECK,ACTIVE,__MISSING__,__MISSING__,__MISSING__,__MISSING__,__MISSING__,__MISSING__,__MISSING__,__MISSING__,__MISSING__,__MISSING__,__MISSING__,1552.3399999999999,1411.96,140.38,0,156,30,1,2,34,1411.96,50.32,1544.2,1403.8199999999999,140.38,0,167,2,34,1403.8199999999999,,,0,0,0,0,0,,,0,0,0,0,0,0,0,0,0,,0,0,0,0,29,4,67,0,0.84615384615384615,1,21.899999999999999,0,0,0,0,0,8.1400000000000006,0.0052713379095972023,0,0,8.1400000000000006,0,,,1552.3399999999999,1,,,0,,,,11,,,,1,1,1,1,1,0,1,-1,-1,-1,-1,-1,-1,-1,-1,-1,-1,-1,-1,-1,-1,0,-1,-1,-1,1,0,0,0,1,1,1,1,0,0,0,0,0,0,1,1,1,0,0,1,0
RCA_001780,INVOICE,USD,PAID,NET45,IT,680100-IT,__MISSING__,__MISSING__,__MISSING__,__MISSING__,SOFTWARE,US,USD,NET45,ACH,ACTIVE,ACH,USD,COMPLETED,SETTLED,ACH_DEBIT,USD,DEBIT,POSTED,MANAGER,APPROVED,PAYMENT,7542.8299999999999,7542.8299999999999,0,0,398,45,1,3,31,7542.8299999999999,253.48666666666668,,,,,,0,0,0,7542.8299999999999,353,1,7542.8299999999999,1,7542.8299999999999,1,7542.8299999999999,349,1,2,1,7542.8299999999999,7542.8299999999999,7542.8299999999999,7542.8299999999999,2,1,1,1,0,1,1,32,4,22,0,0.84615384615384615,10,652.38,0,0,0,1,1,,,,,,,0,0,0,0,0,0,0,0,0,0,,45,0,61740,0,-1,-1,-1,1,0,-1,1,1,1,1,1,1,1,1,1,1,1,1,1,1,1,1,1,1,1,0,0,0,0,0,0,0,0,0,0,0,0,0,0,0,1,1,1,1,1
RCA_001781,PAYMENT,USD,PAID,NET30,OPERATIONS,620100-OPERATIONS,__MISSING__,__MISSING__,__MISSING__,__MISSING__,SUPPLIER,US,USD,NET30,ACH,ACTIVE,ACH,USD,SUBMITTED,PENDING,__MISSING__,__MISSING__,__MISSING__,__MISSING__,MANAGER,APPROVED,PAYMENT,1884.1500000000001,1884.1500000000001,0,0,282,30,0,4,38,1884.1500000000001,48.68,,,,,,0,0,0,1884.1500000000001,1,1,1884.1500000000001,1,1884.1500000000001,1,,,0,2,1,1884.1500000000001,1884.1500000000001,1884.1500000000001,1884.1500000000001,2,1,1,1,0,0,0,27,4,4,0,0.76923076923076916,5,331.04000000000002,0,0,0,1,0,,,,,,,0,0,1884.1500000000001,1,,,0,0,0,,,281,,403020,0,-1,-1,-1,1,0,-1,1,1,1,1,1,1,0,0,-1,-1,1,1,1,1,0,1,1,1,1,0,0,0,0,1,0,0,0,0,0,0,0,0,0,1,1,1,0,1,1
RCA_001782,PAYMENT,USD,PAID,NET45,FINANCE,630100-FINANCE,USD,ISSUED,FINANCE,630100-FINANCE,SUPPLIER,US,USD,NET45,ACH,ACTIVE,ACH,USD,COMPLETED,SETTLED,ACH_DEBIT,USD,DEBIT,POSTED,DIRECTOR,APPROVED,PAYMENT,1181.3199999999999,1098.9000000000001,82.420000000000002,0,208,45,2,4,67,1098.9000000000001,17.449999999999999,1181.3199999999999,1098.9000000000001,82.420000000000002,0,208,4,67,1098.9000000000001,18215.200000000001,32,2,18215.200000000001,2,18215.200000000001,1,18190.200000000001,27,1,2,1,18215.200000000001,18215.200000000001,18215.200000000001,18215.200000000001,5,3,2,2,0,0,0,31,4,44,0,0.84615384615384615,1,98.079999999999998,25,0,0,1,0,0,0,0,0,0,0,0,0,0,0,25,0.0013724801264877685,0,0,0,0,0,176,0,61680,1,1,1,1,1,0,1,1,1,1,1,1,1,1,1,1,1,1,1,1,1,0,1,1,1,1,0,0,0,0,0,0,0,0,0,0,0,0,0,0,1,2,1,1,1,1
RCA_001784,INVOICE,USD,CANCELED,NET15,MARKETING,650100-MARKETING,__MISSING__,__MISSING__,__MISSING__,__MISSING__,SOFTWARE,US,USD,NET15,ACH,ACTIVE,__MISSING__,__MISSING__,__MISSING__,__MISSING__,__MISSING__,__MISSING__,__MISSING__,__MISSING__,__MISSING__,__MISSING__,__MISSING__,23175.150000000001,23175.150000000001,0,0,28,15,3,2,15,23175.150000000001,1347.2150000000001,,,,,,0,0,0,,,0,0,0,0,0,,,0,0,0,0,0,0,0,0,0,,0,0,2,0,27,4,301,0,0.84615384615384615,0,45.770000000000003,0,0,0,0,0,,,,,,,,,23175.150000000001,1,,,0,,,,,,,,0,-1,-1,-1,1,0,-1,-1,-1,-1,-1,-1,-1,-1,-1,-1,-1,-1,-1,-1,-1,1,-1,-1,-1,1,0,0,0,1,1,1,1,0,0,0,0,0,0,1,0,1,0,0,1,0
RCA_001786,PAYMENT,EUR,PAID,NET30,LEGAL,670100-LEGAL,EUR,ISSUED,LEGAL,670100-LEGAL,SERVICES,DE,EUR,NET30,CHECK,ACTIVE,CHECK,EUR,COMPLETED,SETTLED,CHECK_CLEARING,USD,DEBIT,POSTED,MANAGER,APPROVED,PAYMENT,3995.5900000000001,3716.8299999999999,278.75999999999999,0,327,30,1,2,23,3716.8299999999999,183.83000000000001,3995.5900000000001,3716.8299999999999,278.75999999999999,0,334,2,23,3716.8299999999999,3995.5900000000001,297,1,3995.5900000000001,1,3995.5900000000001,1,4315.2399999999998,284,1,2,1,3995.5900000000001,3995.5900000000001,3995.5900000000001,3995.5900000000001,2,1,1,1,0,0,0,29,4,67,0,0.92307692307692313,4,89.629999999999995,0,1,1,1,0,0,0,0,0,0,0,0,0,0,0,319.64999999999998,0.080000700772601796,0,0,0,319.64999999999998,7,30,0,40140,1,1,1,1,1,0,1,1,1,1,1,1,1,1,1,0,1,1,1,1,1,0,1,1,1,1,0,0,0,0,0,0,0,0,0,0,0,0,0,0,1,1,1,1,1,1
RCA_001787,INVOICE,USD,APPROVED,NET60,LEGAL,670100-LEGAL,USD,ISSUED,LEGAL,670100-LEGAL,SERVICES,US,USD,NET60,ACH,ACTIVE,__MISSING__,__MISSING__,__MISSING__,__MISSING__,__MISSING__,__MISSING__,__MISSING__,__MISSING__,__MISSING__,__MISSING__,__MISSING__,2522.21,2346.2399999999998,175.97,0,529,60,2,1,16,2346.2399999999998,146.63999999999999,2522.21,2346.2399999999998,175.97,0,539,1,16,2346.2399999999998,,,0,0,0,0,0,,,0,0,0,0,0,0,0,0,0,,0,0,1,0,30,4,43,0,0.84615384615384615,11,0,0,0,0,0,0,0,0,0,0,0,0,,,2522.21,1,,,0,,,,10,,,,1,1,1,1,1,0,1,-1,-1,-1,-1,-1,-1,-1,-1,-1,-1,-1,-1,-1,-1,1,-1,-1,-1,1,0,0,0,1,1,1,1,0,0,0,0,0,0,1,0,1,0,0,1,0
RCA_001788,INVOICE,USD,APPROVED,NET30,OPERATIONS,620100-OPERATIONS,__MISSING__,__MISSING__,__MISSING__,__MISSING__,SUPPLIER,US,USD,NET30,ACH,ACTIVE,__MISSING__,__MISSING__,__MISSING__,__MISSING__,__MISSING__,__MISSING__,__MISSING__,__MISSING__,__MISSING__,__MISSING__,__MISSING__,2590.3200000000002,2409.5999999999999,180.72,0,120,30,5,2,14,2409.5999999999999,222.32499999999999,,,,,,0,0,0,,,0,0,0,0,0,,,0,0,0,0,0,0,0,0,0,,0,0,2,0,29,4,31,0,0.92307692307692313,15,0,0,0,0,0,0,,,,,,,,,2590.3200000000002,1,,,0,,,,,,,,0,-1,-1,-1,1,0,-1,-1,-1,-1,-1,-1,-1,-1,-1,-1,-1,-1,-1,-1,-1,1,-1,-1,-1,1,0,0,0,1,1,1,1,0,0,0,0,0,0,1,0,1,0,0,1,0
RCA_001789,INVOICE,USD,PAID,DUE_ON_RECEIPT,SALES,640100-SALES,USD,ISSUED,SALES,640100-SALES,SERVICES,US,USD,DUE_ON_RECEIPT,ACH,ACTIVE,ACH,USD,COMPLETED,SETTLED,ACH_DEBIT,USD,DEBIT,POSTED,DIRECTOR,APPROVED,PAYMENT,16550.130000000001,16541.540000000001,0,8.5899999999999999,368,0,4,2,14,16541.540000000001,1761.3099999999999,16550.130000000001,16541.540000000001,0,8.5899999999999999,397,2,14,16541.540000000001,9930.0799999999999,361,2,16550.130000000001,1,16550.130000000001,2,9930.0799999999999,356,1,4,2,16550.130000000001,16550.130000000001,16550.130000000001,16550.130000000001,3,2,2,2,0,3,0,29,4,28,0,0.84615384615384615,30,3033.0700000000002,0,0,0,1,1,0,0,0,0,0,0,0,0,0,0,0,0,0,6620.0500000000002,6620.0500000000002,0,29,7,0,1200,1,1,1,1,1,0,1,1,1,1,1,1,1,1,1,1,1,1,1,1,1,1,1,1,1,1,0,0,0,0,0,0,0,0,0,0,0,0,0,0,0,1,2,2,1,1
RCA_001790,PAYMENT,USD,PAID,NET30,LEGAL,670100-LEGAL,USD,ISSUED,LEGAL,670100-LEGAL,SERVICES,US,USD,NET30,WIRE,ACTIVE,WIRE,USD,COMPLETED,SETTLED,WIRE_DEBIT,USD,DEBIT,POSTED,MANAGER,APPROVED,PAYMENT,1514.52,1408.8599999999999,105.66,0,277,30,3,1,18,1408.8599999999999,78.269999999999996,1514.52,1408.8599999999999,105.66,0,303,1,18,1408.8599999999999,5398.8400000000001,247,2,5398.8400000000001,2,5398.8400000000001,1,5398.8400000000001,246,1,2,1,5398.8400000000001,5398.8400000000001,5398.8400000000001,5398.8400000000001,4,2,1,1,0,0,0,29,4,29,0,0.84615384615384615,5,39.659999999999997,0,0,0,1,1,0,0,0,0,0,0,0,0,0,0,0,0,0,0,0,0,26,30,0,37260,1,1,1,1,1,0,1,1,1,1,1,1,1,1,1,1,1,1,1,1,1,0,1,1,1,1,0,0,0,0,0,0,0,0,0,0,0,0,0,0,1,2,1,1,1,1
RCA_001791,INVOICE,EUR,APPROVED,NET15,SALES,640100-SALES,EUR,ISSUED,SALES,640100-SALES,SOFTWARE,DE,EUR,NET15,ACH,ACTIVE,ACH,EUR,REVERSED,REVERSED,ACH_DEBIT,EUR,DEBIT,POSTED,MANAGER,APPROVED,PAYMENT,5876.9700000000003,5876.9700000000003,0,0,277,15,2,4,59,5876.9700000000003,151.625,5876.9700000000003,5876.9700000000003,0,0,283,4,59,5876.9700000000003,3526.1799999999998,262,2,5876.9700000000003,1,5876.9700000000003,2,3526.1799999999998,258,2,6,3,9403.1499999999996,9403.1499999999996,5876.9700000000003,5876.9700000000003,2,1,1,1,0,1,0,27,4,23,0,0.84615384615384615,3,35.560000000000002,0,0,0,1,2,0,0,0,0,0,0,0,0,3526.1799999999998,0.59999965968858104,0,0,0,2350.79,2350.79,0,6,15,0,17100,1,1,1,1,1,0,1,1,1,1,1,1,1,1,0,1,1,1,1,1,1,1,1,1,1,1,0,0,0,0,0,0,0,0,0,0,0,0,0,0,0,1,2,3,1,1
RCA_001792,PAYMENT,USD,PAID,DUE_ON_RECEIPT,OPERATIONS,620100-OPERATIONS,__MISSING__,__MISSING__,__MISSING__,__MISSING__,SOFTWARE,US,USD,DUE_ON_RECEIPT,ACH,ACTIVE,ACH,USD,COMPLETED,SETTLED,ACH_DEBIT,USD,DEBIT,POSTED,DIRECTOR,APPROVED,PAYMENT,16530.360000000001,15027.6,1502.76,0,67,0,4,1,7,15027.6,2146.8000000000002,,,,,,0,0,0,9918.2199999999993,60,2,16530.360000000001,1,16530.360000000001,2,9918.2199999999993,55,1,4,2,16530.360000000001,16530.360000000001,16530.360000000001,16530.360000000001,3,2,2,2,0,2,2,32,4,51,0,0.84615384615384615,2,0,0,0,0,1,1,,,,,,,0,0,0,0,0,0,0,6612.1400000000003,6612.1400000000003,0,,7,0,1200,0,-1,-1,-1,1,0,-1,1,1,1,1,1,1,1,1,1,1,1,1,1,1,1,1,1,1,1,0,0,0,0,0,0,0,0,0,0,0,0,0,0,0,1,2,2,1,1
RCA_001793,INVOICE,USD,APPROVED,NET15,FINANCE,630100-FINANCE,USD,ISSUED,FINANCE,630100-FINANCE,SOFTWARE,US,USD,NET15,ACH,ACTIVE,__MISSING__,__MISSING__,__MISSING__,__MISSING__,__MISSING__,__MISSING__,__MISSING__,__MISSING__,__MISSING__,__MISSING__,__MISSING__,4129.8699999999999,4103.8900000000003,0,25.98,211,15,4,2,34,4103.8900000000003,140.20500000000001,4101.1400000000003,4075.1599999999999,0,25.98,234,2,34,4075.1599999999999,,,0,0,0,0,0,,,0,0,0,0,0,0,0,0,0,,0,0,2,0,27,4,300,0,0.92307692307692313,0,2.9199999999999999,0,0,0,0,0,28.73,0.0070053692387970178,0,0,28.73,0,,,4129.8699999999999,1,,,0,,,,23,,,,1,1,1,1,1,0,1,-1,-1,-1,-1,-1,-1,-1,-1,-1,-1,-1,-1,-1,-1,1,-1,-1,-1,1,0,0,0,1,1,1,1,0,0,0,0,0,0,1,0,1,0,0,1,0
RCA_001797,PAYMENT,CAD,PAID,NET30,IT,680100-IT,CAD,ISSUED,IT,680100-IT,SUPPLIER,CA,CAD,NET30,ACH,ACTIVE,ACH,CAD,SUBMITTED,PENDING,__MISSING__,__MISSING__,__MISSING__,__MISSING__,MANAGER,APPROVED,PAYMENT,7625.4399999999996,7093.4300000000003,532.00999999999999,0,26,30,4,2,35,7093.4300000000003,227.70999999999998,7625.4399999999996,7093.4300000000003,532.00999999999999,0,56,2,35,7093.4300000000003,7625.4399999999996,1,1,7625.4399999999996,1,7625.4399999999996,1,,,0,2,1,7625.4399999999996,7625.4399999999996,7625.4399999999996,7625.4399999999996,2,1,1,1,0,0,0,32,4,11,0,0.84615384615384615,56,172.5,0,0,0,1,0,0,0,0,0,0,0,0,0,7625.4399999999996,1,,,0,0,0,,30,25,,28620,1,1,1,1,1,0,1,1,1,1,1,1,1,0,0,-1,-1,1,1,1,1,0,1,1,1,1,0,0,0,0,1,0,0,0,0,0,0,0,0,0,1,1,1,0,1,1
RCA_001800,INVOICE,USD,CANCELED,NET30,MARKETING,650100-MARKETING,USD,ISSUED,MARKETING,650100-MARKETING,SERVICES,US,USD,NET30,ACH,ACTIVE,__MISSING__,__MISSING__,__MISSING__,__MISSING__,__MISSING__,__MISSING__,__MISSING__,__MISSING__,__MISSING__,__MISSING__,__MISSING__,14690.309999999999,13665.4,1024.9100000000001,0,401,30,2,1,10,13665.4,1366.54,14690.309999999999,13665.4,1024.9100000000001,0,401,1,10,13665.4,,,0,0,0,0,0,,,0,0,0,0,0,0,0,0,0,,0,0,1,0,30,4,49,0,0.84615384615384615,0,1061.23,0,0,0,0,0,0,0,0,0,0,0,,,14690.309999999999,1,,,0,,,,0,,,,1,1,1,1,1,0,1,-1,-1,-1,-1,-1,-1,-1,-1,-1,-1,-1,-1,-1,-1,1,-1,-1,-1,1,0,0,0,1,1,1,1,0,0,0,0,0,0,1,0,1,0,0,1,0
RCA_001805,INVOICE,USD,PAID,NET30,FINANCE,630100-FINANCE,USD,ISSUED,FINANCE,630100-FINANCE,SOFTWARE,US,USD,NET30,ACH,ACTIVE,ACH,USD,COMPLETED,SETTLED,ACH_DEBIT,USD,DEBIT,POSTED,MANAGER,APPROVED,PAYMENT,1752.21,1592.9200000000001,159.28999999999999,0,237,30,0,3,51,1592.9200000000001,47.226666666666667,1752.21,1592.9200000000001,159.28999999999999,0,265,3,51,1592.9200000000001,1752.21,207,1,1752.21,1,1752.21,1,1752.21,202,1,2,1,1752.21,1752.21,1752.21,1752.21,2,1,1,1,0,1,1,30,4,31,0,0.84615384615384615,5,38.140000000000001,0,0,0,1,1,0,0,0,0,0,0,0,0,0,0,0,0,0,0,0,0,28,30,0,41580,1,1,1,1,1,0,1,1,1,1,1,1,1,1,1,1,1,1,1,1,1,1,1,1,1,1,0,0,0,0,0,0,0,0,0,0,0,0,0,0,0,1,1,1,1,1
RCA_001807,INVOICE,USD,PAID,NET30,IT,680100-IT,USD,ISSUED,IT,680100-IT,SUPPLIER,US,USD,NET30,ACH,ACTIVE,ACH,USD,COMPLETED,SETTLED,ACH_DEBIT,USD,DEBIT,POSTED,MANAGER,APPROVED,PAYMENT,6839.3000000000002,6362.1400000000003,477.16000000000003,0,283,30,0,4,66,6362.1400000000003,275.755,6839.3000000000002,6362.1400000000003,477.16000000000003,0,296,4,66,6362.1400000000003,4103.5799999999999,253,2,6839.3000000000002,1,6839.3000000000002,2,4103.5799999999999,250,1,4,2,6839.3000000000002,6839.3000000000002,6839.3000000000002,6839.3000000000002,2,1,1,1,0,2,1,29,4,31,0,0.76923076923076916,11,107.15000000000001,0,0,0,1,1,0,0,0,0,0,0,0,0,0,0,0,0,0,2735.7199999999998,2735.7199999999998,0,13,30,0,41580,1,1,1,1,1,0,1,1,1,1,1,1,1,1,1,1,1,1,1,1,1,1,1,1,1,1,0,0,0,0,0,0,0,0,0,0,0,0,0,0,0,1,2,2,1,1
RCA_001808,PAYMENT,USD,PAID,DUE_ON_RECEIPT,LEGAL,670100-LEGAL,__MISSING__,__MISSING__,__MISSING__,__MISSING__,SOFTWARE,US,USD,DUE_ON_RECEIPT,ACH,ACTIVE,ACH,USD,COMPLETED,SETTLED,ACH_DEBIT,USD,DEBIT,POSTED,DIRECTOR,APPROVED,PAYMENT,11744.26,10676.6,1067.6600000000001,0,294,0,2,2,10,10676.6,1517.1599999999999,,,,,,0,0,0,4697.6999999999998,286,2,11744.26,1,11744.26,2,7046.5600000000004,286,1,4,2,11744.26,11744.26,11744.26,11744.26,3,2,2,2,0,2,0,32,4,51,0,0.92307692307692313,2,0,0,0,0,1,2,,,,,,,0,0,0,0,2348.8600000000001,0.50000212870127936,0,7046.5600000000004,7046.5600000000004,2348.8600000000001,,8,-3,5520,0,-1,-1,-1,1,0,-1,1,1,1,1,1,1,1,1,1,1,1,1,1,1,1,1,1,1,1,0,0,0,0,0,0,0,0,0,0,0,0,0,0,0,1,2,2,1,1
RCA_001809,INVOICE,USD,APPROVED,NET30,OPERATIONS,620100-OPERATIONS,USD,ISSUED,OPERATIONS,620100-OPERATIONS,SUPPLIER,US,USD,NET30,ACH,ACTIVE,__MISSING__,__MISSING__,__MISSING__,__MISSING__,__MISSING__,__MISSING__,__MISSING__,__MISSING__,__MISSING__,__MISSING__,__MISSING__,11127.02,10602.16,524.86000000000001,0,178,30,4,1,2,10602.16,5301.0799999999999,11022.040000000001,10497.18,524.86000000000001,0,198,1,2,10497.18,,,0,0,0,0,0,,,0,0,0,0,0,0,0,0,0,,0,0,0,0,29,4,2,0,0.84615384615384615,46,2258.8099999999999,0,0,0,0,0,104.98,0.0095245526236522465,0,0,104.98,0,,,11127.02,1,,,0,,,,20,,,,1,1,1,1,1,0,1,-1,-1,-1,-1,-1,-1,-1,-1,-1,-1,-1,-1,-1,-1,0,-1,-1,-1,1,0,0,0,1,1,1,1,0,0,0,0,0,0,1,1,1,0,0,1,0
RCA_001810,PAYMENT,EUR,PAID,NET30,IT,680100-IT,__MISSING__,__MISSING__,__MISSING__,__MISSING__,SERVICES,DE,EUR,NET30,CHECK,ACTIVE,CHECK,EUR,COMPLETED,SETTLED,CHECK_CLEARING,EUR,DEBIT,POSTED,MANAGER,APPROVED,PAYMENT,9475.8199999999997,8814.7199999999993,661.10000000000002,0,51,30,2,2,12,8814.7199999999993,837.20000000000005,,,,,,0,0,0,9475.8199999999997,21,1,9475.8199999999997,1,9475.8199999999997,1,9475.8199999999997,7,1,2,1,9475.8199999999997,9475.8199999999997,9475.8199999999997,9475.8199999999997,2,1,1,1,0,0,0,29,4,67,0,0.84615384615384615,1,90.560000000000002,0,0,0,1,1,,,,,,,0,0,0,0,0,0,0,0,0,0,,30,0,38700,0,-1,-1,-1,1,0,-1,1,1,1,1,1,1,1,1,1,1,1,1,1,1,0,1,1,1,1,0,0,0,0,0,0,0,0,0,0,0,0,0,0,1,1,1,1,1,1
RCA_001812,INVOICE,USD,PAID,NET30,OPERATIONS,620100-OPERATIONS,USD,ISSUED,OPERATIONS,620100-OPERATIONS,SOFTWARE,US,USD,NET30,ACH,ACTIVE,ACH,USD,COMPLETED,SETTLED,ACH_DEBIT,USD,DEBIT,POSTED,MANAGER,APPROVED,PAYMENT,5407,4915.4499999999998,491.55000000000001,0,382,30,0,3,64,4915.4499999999998,74.99666666666667,5407,4915.4499999999998,491.55000000000001,0,383,3,64,4915.4499999999998,3244.1999999999998,352,2,5407,1,5407,2,3244.1999999999998,349,1,4,2,5407,5407,5407,5407,2,1,1,1,0,0,0,30,4,5,0,0.76923076923076916,80,2080.4899999999998,0,0,0,1,1,0,0,0,0,0,0,0,0,0,0,0,0,0,2162.8000000000002,2162.8000000000002,0,1,30,0,41580,1,1,1,1,1,0,1,1,1,1,1,1,1,1,1,1,1,1,1,1,1,0,1,1,1,1,0,0,0,0,0,0,0,0,0,0,0,0,0,0,1,1,2,2,1,1
RCA_001813,PAYMENT,USD,PAID,NET15,FINANCE,630100-FINANCE,__MISSING__,__MISSING__,__MISSING__,__MISSING__,PROFESSIONAL,US,USD,NET15,ACH,ACTIVE,ACH,USD,SUBMITTED,PENDING,__MISSING__,__MISSING__,__MISSING__,__MISSING__,AUTO,AUTO_APPROVED,PAYMENT,386.79000000000002,359.80000000000001,26.989999999999998,0,133,15,4,3,13,359.80000000000001,46.176666666666669,,,,,,0,0,0,386.79000000000002,1,1,386.79000000000002,1,386.79000000000002,1,,,0,2,1,386.79000000000002,386.79000000000002,386.79000000000002,386.79000000000002,2,1,1,1,0,2,2,31,4,90,0,0.92307692307692313,4,0,0,0,0,1,0,,,,,,,0,0,386.79000000000002,1,,,0,0,0,,,132,,182700,0,-1,-1,-1,1,0,-1,1,1,1,1,1,1,0,0,-1,-1,1,1,1,1,1,-1,-1,-1,1,0,0,0,0,1,0,0,0,0,0,0,0,0,0,0,1,1,0,1,1
RCA_001818,PAYMENT,EUR,PAID,NET30,FINANCE,630100-FINANCE,__MISSING__,__MISSING__,__MISSING__,__MISSING__,SOFTWARE,DE,EUR,NET30,ACH,ACTIVE,ACH,EUR,COMPLETED,SETTLED,ACH_DEBIT,USD,DEBIT,POSTED,MANAGER,APPROVED,PAYMENT,1533.3399999999999,1426.3599999999999,106.98,0,236,30,0,1,2,1426.3599999999999,713.17999999999995,,,,,,0,0,0,1533.3399999999999,206,1,1533.3399999999999,1,1533.3399999999999,1,1656.01,202,1,2,1,1533.3399999999999,1533.3399999999999,1533.3399999999999,1533.3399999999999,2,1,1,1,0,1,0,29,4,20,0,0.84615384615384615,26,92.280000000000001,0,1,1,1,0,,,,,,,0,0,0,0,122.67,0.080001826079017041,0,0,0,122.67,,30,0,41580,0,-1,-1,-1,1,0,-1,1,1,1,1,1,1,1,1,0,1,1,1,1,1,1,1,1,1,1,0,0,0,0,0,0,0,0,0,0,0,0,0,0,0,1,1,1,1,1
RCA_001820,INVOICE,USD,PAID,NET30,LEGAL,670100-LEGAL,USD,ISSUED,LEGAL,670100-LEGAL,SERVICES,US,USD,NET30,ACH,ACTIVE,ACH,USD,COMPLETED,SETTLED,ACH_DEBIT,USD,DEBIT,POSTED,MANAGER,APPROVED,PAYMENT,3607.3699999999999,3344.9200000000001,250.87,11.58,512,30,3,4,66,3344.9200000000001,50.277499999999996,3607.3699999999999,3344.9200000000001,250.87,11.58,527,4,66,3344.9200000000001,3607.3699999999999,482,1,3607.3699999999999,1,3607.3699999999999,1,3607.3699999999999,477,1,2,1,3607.3699999999999,3607.3699999999999,3607.3699999999999,3607.3699999999999,2,1,1,1,0,1,0,30,4,48,0,0.84615384615384615,5,52.810000000000002,0,0,0,1,1,0,0,0,0,0,0,0,0,0,0,0,0,0,0,0,0,15,30,0,37260,1,1,1,1,1,0,1,1,1,1,1,1,1,1,1,1,1,1,1,1,1,1,1,1,1,1,0,0,0,0,0,0,0,0,0,0,0,0,0,0,0,1,1,1,1,1
RCA_001821,INVOICE,EUR,PAID,NET45,SALES,640100-SALES,EUR,ISSUED,SALES,640100-SALES,SUPPLIER,DE,EUR,NET45,ACH,ACTIVE,ACH,EUR,COMPLETED,SETTLED,ACH_DEBIT,EUR,DEBIT,POSTED,MANAGER,APPROVED,PAYMENT,2104.0500000000002,1947.8299999999999,146.09,10.130000000000001,191,45,1,3,50,1947.8299999999999,38.043333333333337,2104.0500000000002,1947.8299999999999,146.09,10.130000000000001,198,3,50,1947.8299999999999,1262.4300000000001,146,2,2104.0500000000002,1,2104.0500000000002,2,1262.4300000000001,141,1,4,2,2104.0500000000002,2104.0500000000002,2104.0500000000002,2104.0500000000002,2,1,1,1,0,0,0,31,4,24,0,0.84615384615384615,12,143.15000000000001,0,0,0,1,1,0,0,0,0,0,0,0,0,0,0,0,0,0,841.62,841.62,0,7,45,0,61740,1,1,1,1,1,0,1,1,1,1,1,1,1,1,1,1,1,1,1,1,1,0,1,1,1,1,0,0,0,0,0,0,0,0,0,0,0,0,0,0,1,1,2,2,1,1
RCA_001824,PAYMENT,USD,PAID,NET30,IT,680100-IT,USD,ISSUED,IT,680100-IT,SUPPLIER,US,USD,NET30,ACH,ACTIVE,ACH,USD,COMPLETED,SETTLED,ACH_DEBIT,USD,DEBIT,POSTED,DIRECTOR,APPROVED,PAYMENT,20534.619999999999,18661.419999999998,1866.1400000000001,7.0599999999999996,265,30,2,2,34,18661.419999999998,659.09500000000003,20534.619999999999,18661.419999999998,1866.1400000000001,7.0599999999999996,268,2,34,18661.419999999998,20534.619999999999,235,1,20534.619999999999,1,20534.619999999999,1,20534.619999999999,230,1,2,1,20534.619999999999,20534.619999999999,20534.619999999999,20534.619999999999,3,2,2,2,0,0,0,29,4,60,0,0.84615384615384615,4,1530.52,0,0,0,1,1,0,0,0,0,0,0,0,0,0,0,0,0,0,0,0,0,3,30,0,37200,1,1,1,1,1,0,1,1,1,1,1,1,1,1,1,1,1,1,1,1,1,0,1,1,1,1,0,0,0,0,0,0,0,0,0,0,0,0,0,0,1,1,1,1,1,1
RCA_001826,PAYMENT,USD,PAID,NET15,MARKETING,650100-MARKETING,USD,ISSUED,MARKETING,650100-MARKETING,SOFTWARE,US,USD,NET15,CHECK,ACTIVE,CHECK,USD,COMPLETED,SETTLED,CHECK_CLEARING,USD,DEBIT,POSTED,MANAGER,APPROVED,PAYMENT,3604.9899999999998,3433.3200000000002,171.66999999999999,0,171,15,2,2,30,3433.3200000000002,118.565,3604.9899999999998,3433.3200000000002,171.66999999999999,0,179,2,30,3433.3200000000002,7388.96,156,2,7388.96,2,7388.96,1,7388.96,144,1,2,1,7388.96,7388.96,7388.96,7388.96,4,2,1,1,0,1,1,28,4,150,0,0.84615384615384615,1,68.810000000000002,0,0,0,1,1,0,0,0,0,0,0,0,0,0,0,0,0,0,0,0,0,8,15,0,17100,1,1,1,1,1,0,1,1,1,1,1,1,1,1,1,1,1,1,1,1,1,1,1,1,1,1,0,0,0,0,0,0,0,0,0,0,0,0,0,0,0,2,1,1,1,1
RCA_001828,INVOICE,GBP,PAID,NET30,LEGAL,670100-LEGAL,__MISSING__,__MISSING__,__MISSING__,__MISSING__,SOFTWARE,GB,GBP,NET30,ACH,ACTIVE,ACH,GBP,COMPLETED,SETTLED,ACH_DEBIT,GBP,DEBIT,POSTED,MANAGER,APPROVED,PAYMENT,4405.3500000000004,4405.3500000000004,0,0,487,30,0,2,10,4405.3500000000004,440.53499999999997,,,,,,0,0,0,4405.3500000000004,457,1,4405.3500000000004,1,4405.3500000000004,1,4405.3500000000004,454,1,2,1,4405.3500000000004,4405.3500000000004,4405.3500000000004,4405.3500000000004,2,1,1,1,0,0,0,29,4,18,0,0.84615384615384615,2,0,0,0,0,1,1,,,,,,,0,0,0,0,0,0,0,0,0,0,,30,0,41580,0,-1,-1,-1,1,0,-1,1,1,1,1,1,1,1,1,1,1,1,1,1,1,0,1,1,1,1,0,0,0,0,0,0,0,0,0,0,0,0,0,0,1,1,1,1,1,1
RCA_001830,PAYMENT,USD,PAID,NET45,IT,680100-IT,__MISSING__,__MISSING__,__MISSING__,__MISSING__,PROFESSIONAL,US,USD,NET45,ACH,ACTIVE,ACH,USD,COMPLETED,SETTLED,ACH_DEBIT,USD,DEBIT,POSTED,DIRECTOR,APPROVED,PAYMENT,15396.26,13996.6,1399.6600000000001,0,304,45,0,4,29,13996.6,645.79750000000001,,,,,,0,0,0,15396.26,259,1,15396.26,1,15396.26,1,15371.26,256,1,2,1,15396.26,15396.26,15396.26,15396.26,3,2,2,2,0,0,0,27,4,10,0,0.84615384615384615,1,2088.8299999999999,25,0,0,1,0,,,,,,,0,0,0,0,25,0.0016237709677545066,0,0,0,0,,45,0,61680,0,-1,-1,-1,1,0,-1,1,1,1,1,1,1,1,1,1,1,1,1,1,1,0,1,1,1,1,0,0,0,0,0,0,0,0,0,0,0,0,0,0,1,1,1,1,1,1
RCA_001834,PAYMENT,EUR,PAID,NET30,SALES,640100-SALES,EUR,ISSUED,SALES,640100-SALES,SERVICES,DE,EUR,NET30,CHECK,ACTIVE,CHECK,EUR,COMPLETED,SETTLED,CHECK_CLEARING,EUR,DEBIT,POSTED,MANAGER,APPROVED,PAYMENT,7923.2299999999996,7545.9300000000003,377.30000000000001,0,282,30,3,4,61,7545.9300000000003,151.49250000000001,7923.2299999999996,7545.9300000000003,377.30000000000001,0,292,4,61,7545.9300000000003,3169.29,249,2,7923.2299999999996,1,7923.2299999999996,2,4527.1700000000001,245,1,4,2,7923.2299999999996,7923.2299999999996,7923.2299999999996,7923.2299999999996,2,1,1,1,0,0,0,29,4,67,0,0.84615384615384615,7,242.18000000000001,0,0,0,1,0,0,0,0,0,0,0,0,0,0,0,1357.8800000000001,0.42844927412764372,0,4753.9399999999996,4753.9399999999996,1357.8800000000001,10,33,-10,41580,1,1,1,1,1,0,1,1,1,1,1,1,1,1,1,1,1,1,1,1,1,0,1,1,1,1,0,0,0,0,0,0,0,0,0,0,0,0,0,0,1,1,2,2,1,1
RCA_001835,INVOICE,USD,PAID,NET30,FINANCE,630100-FINANCE,__MISSING__,__MISSING__,__MISSING__,__MISSING__,PROFESSIONAL,US,USD,NET30,VIRTUAL_CARD,ACTIVE,VIRTUAL_CARD,USD,COMPLETED,SETTLED,CARD_SETTLEMENT,USD,DEBIT,POSTED,MANAGER,APPROVED,PAYMENT,2448.7199999999998,2277.8800000000001,170.84,0,489,30,3,2,11,2277.8800000000001,210.32499999999999,,,,,,0,0,0,2448.7199999999998,459,1,2448.7199999999998,1,2448.7199999999998,1,2448.7199999999998,455,1,2,1,2448.7199999999998,2448.7199999999998,2448.7199999999998,2448.7199999999998,2,1,1,1,0,1,0,29,4,22,0,0.76923076923076916,2,20.370000000000001,0,0,0,1,1,,,,,,,0,0,0,0,0,0,0,0,0,0,,30,0,37260,0,-1,-1,-1,1,0,-1,1,1,1,1,1,1,1,1,1,1,1,1,1,1,1,1,1,1,1,0,0,0,0,0,0,0,0,0,0,0,0,0,0,0,1,1,1,1,1
RCA_001836,INVOICE,EUR,PAID,NET45,MARKETING,650100-MARKETING,EUR,ISSUED,MARKETING,650100-MARKETING,SUPPLIER,DE,EUR,NET45,ACH,ACTIVE,ACH,EUR,COMPLETED,SETTLED,ACH_DEBIT,USD,DEBIT,POSTED,MANAGER,APPROVED,PAYMENT,4835.9899999999998,4835.9899999999998,0,0,249,45,5,4,45,4835.9899999999998,81.099999999999994,4835.9899999999998,4835.9899999999998,0,0,252,4,45,4835.9899999999998,2901.5900000000001,204,2,4835.9899999999998,1,4835.9899999999998,2,3133.7199999999998,201,1,4,2,4835.9899999999998,4835.9899999999998,4835.9899999999998,4835.9899999999998,2,1,1,1,0,0,0,31,4,24,0,0.84615384615384615,31,680.80999999999995,0,1,1,1,0,0,0,0,0,0,0,0,0,0,0,232.13,0.080000964988161657,0,1934.4000000000001,1934.4000000000001,232.13,3,45,0,55980,1,1,1,1,1,0,1,1,1,1,1,1,1,1,1,0,1,1,1,1,1,0,1,1,1,1,0,0,0,0,0,0,0,0,0,0,0,0,0,0,1,1,2,2,1,1
RCA_001837,INVOICE,CAD,PAID,NET45,SALES,640100-SALES,CAD,ISSUED,SALES,640100-SALES,SUPPLIER,CA,CAD,NET45,ACH,ACTIVE,ACH,CAD,COMPLETED,SETTLED,ACH_DEBIT,CAD,DEBIT,POSTED,MANAGER,APPROVED,PAYMENT,3481.3499999999999,3471.52,0,9.8300000000000001,207,45,5,3,28,3471.52,163.26333333333335,3481.3499999999999,3471.52,0,9.8300000000000001,207,3,28,3471.52,3481.3499999999999,162,1,3481.3499999999999,1,3481.3499999999999,1,3481.3499999999999,159,1,2,1,3481.3499999999999,3481.3499999999999,3481.3499999999999,3481.3499999999999,2,1,1,1,0,0,0,35,4,38,0,0.84615384615384615,1,355.26999999999998,0,0,0,1,1,0,0,0,0,0,0,0,0,0,0,0,0,0,0,0,0,0,45,0,55980,1,1,1,1,1,0,1,1,1,1,1,1,1,1,1,1,1,1,1,1,1,0,1,1,1,1,0,0,0,0,0,0,0,0,0,0,0,0,0,0,1,1,1,1,1,1
RCA_001842,PAYMENT,USD,PAID,NET45,IT,680100-IT,__MISSING__,__MISSING__,__MISSING__,__MISSING__,SOFTWARE,US,USD,NET45,CHECK,ACTIVE,CHECK,USD,COMPLETED,SETTLED,CHECK_CLEARING,USD,DEBIT,POSTED,MANAGER,APPROVED,PAYMENT,4041.4299999999998,3759.4699999999998,281.95999999999998,0,221,45,3,2,5,3759.4699999999998,582.44499999999994,,,,,,0,0,0,4041.4299999999998,176,1,4041.4299999999998,1,4041.4299999999998,1,4041.4299999999998,162,1,2,1,4041.4299999999998,4041.4299999999998,4041.4299999999998,4041.4299999999998,2,1,1,1,0,0,0,31,4,10,0,0.84615384615384615,20,291.10000000000002,0,0,0,1,1,,,,,,,0,0,0,0,0,0,0,0,0,0,,45,0,58860,0,-1,-1,-1,1,0,-1,1,1,1,1,1,1,1,1,1,1,1,1,1,1,0,1,1,1,1,0,0,0,0,0,0,0,0,0,0,0,0,0,0,1,1,1,1,1,1
RCA_001843,BANK_TRANSACTION,USD,PAID,NET30,ENGINEERING,610100-ENGINEERING,USD,ISSUED,ENGINEERING,610100-ENGINEERING,SUPPLIER,US,USD,NET30,WIRE,ACTIVE,WIRE,USD,COMPLETED,SETTLED,BANK_FEE,USD,DEBIT,POSTED,DIRECTOR,APPROVED,PAYMENT,11109.379999999999,10580.360000000001,529.01999999999998,0,233,30,1,1,1,10580.360000000001,10580.360000000001,11109.379999999999,10580.360000000001,529.01999999999998,0,244,1,1,10580.360000000001,6665.6300000000001,203,2,11109.379999999999,1,11109.379999999999,2,25,202,2,4,2,11109.379999999999,11109.379999999999,11109.379999999999,11109.379999999999,3,2,2,2,0,0,0,27,4,7,0,0.76923076923076916,56,6199.9700000000003,25,0,0,1,1,0,0,0,0,0,0,0,0,0,0,6640.6300000000001,0.99624941678431,0,4443.75,4443.75,6615.6300000000001,11,30,0,38640,1,1,1,1,1,0,1,1,1,1,1,1,1,1,0,1,0,1,1,0,1,0,1,1,1,1,0,0,0,0,0,0,0,0,0,0,0,0,0,0,1,1,2,3,1,1
RCA_001844,INVOICE,USD,PAID,NET30,FINANCE,630100-FINANCE,USD,ISSUED,FINANCE,630100-FINANCE,SERVICES,US,USD,NET30,ACH,ACTIVE,ACH,USD,COMPLETED,SETTLED,ACH_DEBIT,USD,DEBIT,POSTED,MANAGER,APPROVED,PAYMENT,1164.9200000000001,1059.02,105.90000000000001,0,102,30,3,4,79,1059.02,17.120000000000001,1164.9200000000001,1059.02,105.90000000000001,0,113,4,79,1059.02,698.95000000000005,72,2,1164.9200000000001,1,1164.9200000000001,2,698.95000000000005,69,1,4,2,1164.9200000000001,1164.9200000000001,1164.9200000000001,1164.9200000000001,2,1,1,1,0,0,0,30,4,10,0,0.84615384615384615,15,123.29000000000001,0,0,0,1,1,0,0,0,0,0,0,0,0,0,0,0,0,0,465.97000000000003,465.97000000000003,0,11,30,0,37260,1,1,1,1,1,0,1,1,1,1,1,1,1,1,1,1,1,1,1,1,1,0,1,1,1,1,0,0,0,0,0,0,0,0,0,0,0,0,0,0,1,1,2,2,1,1
RCA_001845,PAYMENT,USD,PAID,NET15,FINANCE,630100-FINANCE,USD,ISSUED,FINANCE,630100-FINANCE,PROFESSIONAL,US,USD,NET15,ACH,ACTIVE,ACH,USD,SUBMITTED,PENDING,ACH_DEBIT,USD,DEBIT,POSTED,MANAGER,APPROVED,PAYMENT,1707.1700000000001,1551.97,155.19999999999999,0,468,15,3,2,28,1551.97,51.805,1707.1700000000001,1551.97,155.19999999999999,0,482,2,28,1551.97,682.87,1,2,1707.1700000000001,1,1707.1700000000001,2,1024.3,448,0,4,2,1707.1700000000001,1707.1700000000001,1707.1700000000001,1707.1700000000001,2,1,1,1,0,1,1,25,4,12,0,0.84615384615384615,31,491.33999999999997,0,0,0,1,0,0,0,0,0,0,0,0,0,682.87,0.40000117152949033,341.43000000000001,0.49999267796213043,0,1024.3,1024.3,341.43000000000001,14,467,-452,666540,1,1,1,1,1,0,1,1,1,1,1,1,1,0,0,1,1,1,1,0,1,1,1,1,1,1,0,0,0,0,0,0,0,0,0,0,0,0,0,0,0,1,2,1,1,1
RCA_001847,INVOICE,USD,CREDIT_APPLIED,NET30,ENGINEERING,610100-ENGINEERING,__MISSING__,__MISSING__,__MISSING__,__MISSING__,SERVICES,US,USD,NET30,WIRE,ACTIVE,__MISSING__,__MISSING__,__MISSING__,__MISSING__,__MISSING__,__MISSING__,__MISSING__,__MISSING__,__MISSING__,__MISSING__,__MISSING__,-5417.3000000000002,-5039.3500000000004,-377.94999999999999,0,173,30,0,1,5,-5039.3500000000004,-1007.87,,,,,,0,0,0,,,0,0,0,0,0,,,0,0,0,0,0,0,0,0,0,,0,0,0,0,29,4,30,0,0.69230769230769229,0,5787.8900000000003,0,0,0,0,0,,,,,,,,,5417.3000000000002,1,,,0,,,,,,,,0,-1,-1,-1,1,0,-1,-1,-1,-1,-1,-1,-1,-1,-1,-1,-1,-1,-1,-1,-1,0,-1,-1,-1,1,0,0,0,1,1,1,1,0,0,0,0,0,0,1,1,1,0,0,1,0
RCA_001851,INVOICE,USD,PAID,NET45,MARKETING,650100-MARKETING,USD,ISSUED,MARKETING,650100-MARKETING,SERVICES,US,USD,NET45,ACH,ACTIVE,ACH,USD,COMPLETED,SETTLED,ACH_DEBIT,USD,DEBIT,POSTED,MANAGER,APPROVED,PAYMENT,5183.5500000000002,5183.5500000000002,0,0,132,45,3,1,3,5183.5500000000002,1727.8499999999999,5183.5500000000002,5183.5500000000002,0,0,135,1,3,5183.5500000000002,3110.1300000000001,87,2,5183.5500000000002,1,5183.5500000000002,2,3110.1300000000001,83,1,4,2,5183.5500000000002,5183.5500000000002,5183.5500000000002,5183.5500000000002,2,1,1,1,0,0,0,29,4,10,0,0.84615384615384615,32,613.79999999999995,0,0,0,1,1,0,0,0,0,0,0,0,0,0,0,0,0,0,2073.4200000000001,2073.4200000000001,0,3,45,0,58860,1,1,1,1,1,0,1,1,1,1,1,1,1,1,1,1,1,1,1,1,1,0,1,1,1,1,0,0,0,0,0,0,0,0,0,0,0,0,0,0,1,1,2,2,1,1
RCA_001852,INVOICE,USD,PAID,NET15,ENGINEERING,610100-ENGINEERING,USD,ISSUED,ENGINEERING,610100-ENGINEERING,PROFESSIONAL,US,USD,NET15,ACH,ACTIVE,ACH,USD,COMPLETED,SETTLED,ACH_DEBIT,USD,DEBIT,POSTED,MANAGER,APPROVED,PAYMENT,8247.0200000000004,8238.8299999999999,0,8.1899999999999995,376,15,5,2,27,8238.8299999999999,363.17500000000001,8247.0200000000004,8238.8299999999999,0,8.1899999999999995,396,2,27,8238.8299999999999,4948.21,361,2,8247.0200000000004,1,8247.0200000000004,2,4948.21,356,1,4,2,8247.0200000000004,8247.0200000000004,8247.0200000000004,8247.0200000000004,2,1,1,1,0,1,1,25,4,12,0,0.76923076923076916,12,2013.4400000000001,0,0,0,1,1,0,0,0,0,0,0,0,0,0,0,0,0,0,3298.8099999999999,3298.8099999999999,0,20,15,0,12780,1,1,1,1,1,0,1,1,1,1,1,1,1,1,1,1,1,1,1,1,1,1,1,1,1,1,0,0,0,0,0,0,0,0,0,0,0,0,0,0,0,1,2,2,1,1
RCA_001853,INVOICE,USD,PAID,NET45,SALES,640100-SALES,USD,ISSUED,SALES,640100-SALES,SERVICES,US,USD,NET45,WIRE,ACTIVE,WIRE,USD,COMPLETED,SETTLED,WIRE_DEBIT,USD,DEBIT,POSTED,MANAGER,APPROVED,PAYMENT,1905.1199999999999,1772.2,132.91999999999999,0,394,45,3,1,20,1772.2,88.609999999999999,1905.1199999999999,1772.2,132.91999999999999,0,397,1,20,1772.2,1143.0699999999999,349,2,1905.1199999999999,1,1905.1199999999999,2,1143.0699999999999,348,1,4,2,1905.1199999999999,1905.1199999999999,1905.1199999999999,1905.1199999999999,2,1,1,1,0,0,0,29,4,17,0,0.76923076923076916,1,195.11000000000001,0,0,0,1,1,0,0,0,0,0,0,0,0,0,0,0,0,0,762.04999999999995,762.04999999999995,0,3,45,0,58860,1,1,1,1,1,0,1,1,1,1,1,1,1,1,1,1,1,1,1,1,1,0,1,1,1,1,0,0,0,0,0,0,0,0,0,0,0,0,0,0,1,1,2,2,1,1
RCA_001858,PAYMENT,USD,PAID,NET15,FINANCE,630100-FINANCE,USD,ISSUED,FINANCE,630100-FINANCE,SOFTWARE,US,USD,NET15,CHECK,ACTIVE,CHECK,USD,COMPLETED,SETTLED,CHECK_CLEARING,USD,DEBIT,POSTED,AUTO,AUTO_APPROVED,PAYMENT,430.75,391.58999999999997,39.159999999999997,0,244,15,3,1,19,391.58999999999997,20.609999999999999,430.75,391.58999999999997,39.159999999999997,0,253,1,19,391.58999999999997,3299.1500000000001,229,2,3299.1500000000001,2,3299.1500000000001,1,3299.1500000000001,215,1,2,1,3299.1500000000001,3299.1500000000001,3299.1500000000001,3299.1500000000001,4,2,1,2,0,1,1,28,4,150,0,0.92307692307692313,3,6.2599999999999998,0,0,0,1,1,0,0,0,0,0,0,0,0,0,0,0,0,0,0,0,0,9,15,0,15660,1,1,1,1,1,0,1,1,1,1,1,1,1,1,1,1,1,1,1,1,1,1,-1,-1,-1,1,0,0,0,0,0,0,0,0,0,0,0,0,0,0,0,2,1,1,1,1
RCA_001859,BANK_TRANSACTION,USD,PAID,NET45,LEGAL,670100-LEGAL,USD,ISSUED,LEGAL,670100-LEGAL,PROFESSIONAL,US,USD,NET45,WIRE,ACTIVE,WIRE,USD,COMPLETED,SETTLED,BANK_FEE,USD,DEBIT,POSTED,MANAGER,APPROVED,PAYMENT,7603.1999999999998,7072.7399999999998,530.46000000000004,0,472,45,5,3,32,7072.7399999999998,177.69666666666669,7603.1999999999998,7072.7399999999998,530.46000000000004,0,498,3,32,7072.7399999999998,4561.9200000000001,427,2,7603.1999999999998,1,7603.1999999999998,2,20,421,1,4,2,7603.1999999999998,7603.1999999999998,7603.1999999999998,7603.1999999999998,2,1,1,1,0,0,0,31,4,24,0,0.92307692307692313,4,869.28999999999996,20,0,0,1,1,0,0,0,0,0,0,0,0,0,0,4541.9200000000001,0.99561588103254772,0,3041.2800000000002,3041.2800000000002,4521.9200000000001,26,45,3,55980,1,1,1,1,1,0,1,1,1,1,1,1,1,1,1,1,0,1,1,0,1,0,1,1,1,1,0,0,0,0,0,0,0,0,0,0,0,0,0,0,1,1,2,3,1,1
RCA_001861,PAYMENT,USD,PAID,NET60,SALES,640100-SALES,USD,ISSUED,SALES,640100-SALES,LOGISTICS,US,USD,NET60,ACH,ACTIVE,ACH,USD,SUBMITTED,PENDING,ACH_DEBIT,USD,DEBIT,POSTED,MANAGER,APPROVED,PAYMENT,5377.5699999999997,5002.3900000000003,375.18000000000001,0,406,60,4,4,55,5002.3900000000003,132.41999999999999,5377.5699999999997,5002.3900000000003,375.18000000000001,0,429,4,55,5002.3900000000003,3226.54,1,2,5377.5699999999997,1,5377.5699999999997,2,2151.0300000000002,340,0,4,2,5377.5699999999997,5377.5699999999997,5377.5699999999997,5377.5699999999997,2,1,1,1,0,0,0,32,4,23,0,0.76923076923076916,1,178.75999999999999,0,0,0,1,0,0,0,0,0,0,0,0,0,3226.54,0.59999962808480412,1075.51,0.3333323002349266,0,2151.0300000000002,2151.0300000000002,1075.51,23,405,-342,575820,1,1,1,1,1,0,1,1,1,1,1,1,1,0,0,1,1,1,1,0,1,0,1,1,1,1,0,0,0,0,0,0,0,0,0,0,0,0,0,0,1,1,2,1,1,1
RCA_001863,INVOICE,USD,CREDIT_APPLIED,NET45,IT,680100-IT,__MISSING__,__MISSING__,__MISSING__,__MISSING__,SERVICES,US,USD,NET45,ACH,ACTIVE,__MISSING__,__MISSING__,__MISSING__,__MISSING__,__MISSING__,__MISSING__,__MISSING__,__MISSING__,__MISSING__,__MISSING__,__MISSING__,-2699.9699999999998,-2511.5999999999999,-188.37,0,124,45,1,1,13,-2511.5999999999999,-193.19999999999999,,,,,,0,0,0,,,0,0,0,0,0,,,0,0,0,0,0,0,0,0,0,,0,0,0,0,27,4,6,0,0.69230769230769229,0,5399.9399999999996,0,0,0,0,0,,,,,,,,,2699.9699999999998,1,,,0,,,,,,,,0,-1,-1,-1,1,0,-1,-1,-1,-1,-1,-1,-1,-1,-1,-1,-1,-1,-1,-1,-1,0,-1,-1,-1,1,0,0,0,1,1,1,1,0,0,0,0,0,0,1,1,1,0,0,1,0
RCA_001864,INVOICE,USD,CANCELED,NET30,LEGAL,670100-LEGAL,USD,ISSUED,LEGAL,670100-LEGAL,SERVICES,US,USD,NET30,CHECK,ACTIVE,__MISSING__,__MISSING__,__MISSING__,__MISSING__,__MISSING__,__MISSING__,__MISSING__,__MISSING__,__MISSING__,__MISSING__,__MISSING__,13855.09,12888.459999999999,966.63,0,227,30,5,2,28,12888.459999999999,480.19999999999999,13855.09,12888.459999999999,966.63,0,227,2,28,12888.459999999999,,,0,0,0,0,0,,,0,0,0,0,0,0,0,0,0,,0,0,0,0,27,4,4,0,0.84615384615384615,107,821.96000000000004,0,0,0,0,0,0,0,0,0,0,0,,,13855.09,1,,,0,,,,0,,,,1,1,1,1,1,0,1,-1,-1,-1,-1,-1,-1,-1,-1,-1,-1,-1,-1,-1,-1,0,-1,-1,-1,1,0,0,0,1,1,1,1,0,0,0,0,0,0,1,1,1,0,0,1,0
RCA_001867,INVOICE,USD,APPROVED,NET45,OPERATIONS,620100-OPERATIONS,USD,ISSUED,OPERATIONS,620100-OPERATIONS,SOFTWARE,US,USD,NET45,ACH,ACTIVE,__MISSING__,__MISSING__,__MISSING__,__MISSING__,__MISSING__,__MISSING__,__MISSING__,__MISSING__,__MISSING__,__MISSING__,__MISSING__,5963.2200000000003,5547.1800000000003,416.04000000000002,0,510,45,0,2,27,5547.1800000000003,226.26500000000001,5963.2200000000003,5547.1800000000003,416.04000000000002,0,533,2,27,5547.1800000000003,,,0,0,0,0,0,,,0,0,0,0,0,0,0,0,0,,0,0,1,0,30,4,350,0,0.92307692307692313,0,25.620000000000001,0,0,0,0,0,0,0,0,0,0,0,,,5963.2200000000003,1,,,0,,,,23,,,,1,1,1,1,1,0,1,-1,-1,-1,-1,-1,-1,-1,-1,-1,-1,-1,-1,-1,-1,1,-1,-1,-1,1,0,0,0,1,1,1,1,0,0,0,0,0,0,1,0,1,0,0,1,0
RCA_001869,INVOICE,USD,PAID,NET15,FINANCE,630100-FINANCE,USD,ISSUED,FINANCE,630100-FINANCE,SERVICES,US,USD,NET15,CHECK,ACTIVE,CHECK,USD,COMPLETED,SETTLED,CHECK_CLEARING,USD,DEBIT,POSTED,MANAGER,APPROVED,PAYMENT,643.45000000000005,598.55999999999995,44.890000000000001,0,57,15,1,1,24,598.55999999999995,24.940000000000001,643.45000000000005,598.55999999999995,44.890000000000001,0,83,1,24,598.55999999999995,643.45000000000005,42,1,643.45000000000005,1,643.45000000000005,1,643.45000000000005,28,1,2,1,643.45000000000005,643.45000000000005,643.45000000000005,643.45000000000005,2,1,1,1,0,1,1,28,4,7,0,0.76923076923076916,69,43.130000000000003,0,0,0,1,1,0,0,0,0,0,0,0,0,0,0,0,0,0,0,0,0,26,15,0,18540,1,1,1,1,1,0,1,1,1,1,1,1,1,1,1,1,1,1,1,1,1,1,1,1,1,1,0,0,0,0,0,0,0,0,0,0,0,0,0,0,0,1,1,1,1,1
RCA_001871,INVOICE,EUR,PAID,NET30,IT,680100-IT,EUR,ISSUED,IT,680100-IT,SOFTWARE,DE,EUR,NET30,ACH,ACTIVE,ACH,EUR,COMPLETED,SETTLED,ACH_DEBIT,EUR,DEBIT,POSTED,MANAGER,APPROVED,PAYMENT,8349.1100000000006,7766.6099999999997,582.5,0,447,30,1,3,37,7766.6099999999997,261.83333333333331,8349.1100000000006,7766.6099999999997,582.5,0,466,3,37,7766.6099999999997,5009.4700000000003,417,2,8349.1100000000006,1,8349.1100000000006,2,5009.4700000000003,412,1,4,2,8349.1100000000006,8349.1100000000006,8349.1100000000006,8349.1100000000006,2,1,1,1,0,0,0,31,4,12,0,0.76923076923076916,10,282.99000000000001,0,0,0,1,1,0,0,0,0,0,0,0,0,0,0,0,0,0,3339.6399999999999,3339.6399999999999,0,19,30,0,40140,1,1,1,1,1,0,1,1,1,1,1,1,1,1,1,1,1,1,1,1,1,0,1,1,1,1,0,0,0,0,0,0,0,0,0,0,0,0,0,0,1,1,2,2,1,1
RCA_001872,PAYMENT,USD,PAID,NET60,MARKETING,650100-MARKETING,__MISSING__,__MISSING__,__MISSING__,__MISSING__,SERVICES,US,USD,NET60,ACH,ACTIVE,ACH,USD,COMPLETED,SETTLED,ACH_DEBIT,USD,DEBIT,POSTED,MANAGER,APPROVED,PAYMENT,2494.1399999999999,2267.4000000000001,226.74000000000001,0,521,60,5,4,32,2267.4000000000001,95.167500000000004,,,,,,0,0,0,997.65999999999997,458,2,2494.1399999999999,1,2494.1399999999999,2,1496.48,456,1,4,2,2494.1399999999999,2494.1399999999999,2494.1399999999999,2494.1399999999999,2,1,1,1,0,1,0,28,4,26,0,0.84615384615384615,1,372.19,0,0,0,1,1,,,,,,,0,0,0,0,498.81999999999999,0.49998997654511557,0,1496.48,1496.48,498.81999999999999,,63,-3,81900,0,-1,-1,-1,1,0,-1,1,1,1,1,1,1,1,1,1,1,1,1,1,1,1,1,1,1,1,0,0,0,0,0,0,0,0,0,0,0,0,0,0,0,1,2,2,1,1
RCA_001874,PAYMENT,EUR,PAID,NET30,IT,680100-IT,EUR,ISSUED,IT,680100-IT,SERVICES,DE,EUR,NET30,CHECK,ACTIVE,CHECK,EUR,COMPLETED,SETTLED,CHECK_CLEARING,EUR,DEBIT,POSTED,MANAGER,APPROVED,PAYMENT,2330.6999999999998,2156.04,161.69999999999999,12.960000000000001,138,30,3,2,18,2156.04,128.66,2330.6999999999998,2156.04,161.69999999999999,12.960000000000001,146,2,18,2156.04,1398.4200000000001,108,2,2330.6999999999998,1,2330.6999999999998,2,1398.4200000000001,95,1,4,2,2330.6999999999998,2330.6999999999998,2330.6999999999998,2330.6999999999998,2,1,1,1,0,0,0,29,4,67,0,0.84615384615384615,7,174.08000000000001,0,0,0,1,1,0,0,0,0,0,0,0,0,0,0,0,0,0,932.27999999999997,932.27999999999997,0,8,30,0,37260,1,1,1,1,1,0,1,1,1,1,1,1,1,1,1,1,1,1,1,1,1,0,1,1,1,1,0,0,0,0,0,0,0,0,0,0,0,0,0,0,1,1,2,2,1,1
RCA_001875,BANK_TRANSACTION,JPY,PAID,NET60,ENGINEERING,610100-ENGINEERING,JPY,ISSUED,ENGINEERING,610100-ENGINEERING,SERVICES,JP,JPY,NET60,WIRE,ACTIVE,WIRE,JPY,COMPLETED,SETTLED,BANK_FEE,JPY,DEBIT,POSTED,MANAGER,APPROVED,PAYMENT,1476,1342,134,0,166,60,4,3,59,1342,23,1476,1342,134,0,167,3,59,1342,1476,106,1,1476,1,1476,1,15,105,2,2,1,1476,1476,1476,1476,2,1,1,1,0,1,1,27,4,14,0,0.84615384615384615,11,53,15,0,0,1,1,0,0,0,0,0,0,0,0,0,0,1461,0.98983739837398377,0,0,0,1446,1,60,0,79020,1,1,1,1,1,0,1,1,1,1,1,1,1,1,0,1,0,1,1,1,1,1,1,1,1,1,0,0,0,0,0,0,0,0,0,0,0,0,0,0,0,1,1,2,1,1
RCA_001876,INVOICE,USD,PAID,NET15,PEOPLE,660100-PEOPLE,__MISSING__,__MISSING__,__MISSING__,__MISSING__,PROFESSIONAL,US,USD,NET15,ACH,ACTIVE,ACH,USD,COMPLETED,SETTLED,ACH_DEBIT,USD,DEBIT,POSTED,MANAGER,APPROVED,PAYMENT,1150.1400000000001,1150.1400000000001,0,0,140,15,0,1,2,1150.1400000000001,575.07000000000005,,,,,,0,0,0,1150.1400000000001,125,1,1150.1400000000001,1,1150.1400000000001,1,1150.1400000000001,120,1,2,1,1150.1400000000001,1150.1400000000001,1150.1400000000001,1150.1400000000001,2,1,1,1,0,0,0,31,4,9,0,0.76923076923076916,19,53.259999999999998,0,0,0,1,1,,,,,,,0,0,0,0,0,0,0,0,0,0,,15,0,19980,0,-1,-1,-1,1,0,-1,1,1,1,1,1,1,1,1,1,1,1,1,1,1,0,1,1,1,1,0,0,0,0,0,0,0,0,0,0,0,0,0,0,1,1,1,1,1,1
RCA_001879,INVOICE,USD,CREDIT_APPLIED,NET45,FINANCE,630100-FINANCE,__MISSING__,__MISSING__,__MISSING__,__MISSING__,SUPPLIER,US,USD,NET45,CHECK,ACTIVE,__MISSING__,__MISSING__,__MISSING__,__MISSING__,__MISSING__,__MISSING__,__MISSING__,__MISSING__,__MISSING__,__MISSING__,__MISSING__,-1879.3499999999999,-1748.23,-131.12,0,199,45,2,2,3,-1748.23,-565.2650000000001,,,,,,0,0,0,,,0,0,0,0,0,,,0,0,0,0,0,0,0,0,0,,0,0,2,0,31,4,21,0,0.69230769230769229,0,2670.8699999999999,0,0,0,0,0,,,,,,,,,1879.3499999999999,1,,,0,,,,,,,,0,-1,-1,-1,1,0,-1,-1,-1,-1,-1,-1,-1,-1,-1,-1,-1,-1,-1,-1,-1,1,-1,-1,-1,1,0,0,0,1,1,1,1,0,0,0,0,0,0,1,0,1,0,0,1,0
RCA_001883,INVOICE,USD,PAID,NET30,PEOPLE,660100-PEOPLE,USD,ISSUED,PEOPLE,660100-PEOPLE,SUPPLIER,US,USD,NET30,ACH,ACTIVE,ACH,USD,COMPLETED,SETTLED,ACH_DEBIT,USD,DEBIT,POSTED,MANAGER,APPROVED,PAYMENT,5559.9099999999999,5172.0100000000002,387.89999999999998,0,407,30,1,4,39,5172.0100000000002,358.73250000000002,5559.9099999999999,5172.0100000000002,387.89999999999998,0,413,4,39,5172.0100000000002,5559.9099999999999,377,1,5559.9099999999999,1,5559.9099999999999,1,5559.9099999999999,372,1,2,1,5559.9099999999999,5559.9099999999999,5559.9099999999999,5559.9099999999999,2,1,1,1,0,0,0,29,4,60,0,0.84615384615384615,1,15.6,0,0,0,1,1,0,0,0,0,0,0,0,0,0,0,0,0,0,0,0,0,6,30,0,40140,1,1,1,1,1,0,1,1,1,1,1,1,1,1,1,1,1,1,1,1,1,0,1,1,1,1,0,0,0,0,0,0,0,0,0,0,0,0,0,0,1,1,1,1,1,1
RCA_001885,INVOICE,USD,APPROVED,NET45,OPERATIONS,620100-OPERATIONS,USD,ISSUED,OPERATIONS,620100-OPERATIONS,PROFESSIONAL,US,USD,NET45,ACH,ACTIVE,__MISSING__,__MISSING__,__MISSING__,__MISSING__,__MISSING__,__MISSING__,__MISSING__,__MISSING__,__MISSING__,__MISSING__,__MISSING__,3714.9299999999998,3455.75,259.18000000000001,0,270,45,4,1,5,3455.75,691.14999999999998,3714.9299999999998,3455.75,259.18000000000001,0,299,1,5,3455.75,,,0,0,0,0,0,,,0,0,0,0,0,0,0,0,0,,0,0,0,0,29,4,4,0,0.76923076923076916,47,445.89999999999998,0,0,0,0,0,0,0,0,0,0,0,,,3714.9299999999998,1,,,0,,,,29,,,,1,1,1,1,1,0,1,-1,-1,-1,-1,-1,-1,-1,-1,-1,-1,-1,-1,-1,-1,0,-1,-1,-1,1,0,0,0,1,1,1,1,0,0,0,0,0,0,1,1,1,0,0,1,0
RCA_001886,PAYMENT,USD,PAID,NET15,OPERATIONS,620100-OPERATIONS,USD,ISSUED,OPERATIONS,620100-OPERATIONS,SOFTWARE,US,USD,NET15,CHECK,ACTIVE,CHECK,USD,COMPLETED,SETTLED,CHECK_CLEARING,USD,DEBIT,POSTED,MANAGER,APPROVED,PAYMENT,23357.389999999999,21708.049999999999,1628.0999999999999,21.239999999999998,511,15,4,1,13,21708.049999999999,1669.8499999999999,23357.389999999999,21708.049999999999,1628.0999999999999,21.239999999999998,537,1,13,21708.049999999999,25803.040000000001,490,2,25803.040000000001,2,25803.040000000001,1,25803.040000000001,476,1,2,1,25803.040000000001,25803.040000000001,25803.040000000001,25803.040000000001,5,3,2,2,0,1,0,28,4,150,0,0.92307692307692313,6,1099.1600000000001,0,0,0,1,1,0,0,0,0,0,0,0,0,0,0,0,0,0,0,0,0,26,21,0,17100,1,1,1,1,1,0,1,1,1,1,1,1,1,1,1,1,1,1,1,1,1,1,1,1,1,1,0,0,0,0,0,0,0,0,0,0,0,0,0,0,0,2,1,1,1,1
RCA_001887,INVOICE,EUR,PAID,NET30,MARKETING,650100-MARKETING,__MISSING__,__MISSING__,__MISSING__,__MISSING__,SUPPLIER,DE,EUR,NET30,ACH,ACTIVE,ACH,EUR,COMPLETED,SETTLED,ACH_DEBIT,EUR,DEBIT,POSTED,DIRECTOR,APPROVED,PAYMENT,10834.620000000001,10078.719999999999,755.89999999999998,0,126,30,1,2,12,10078.719999999999,994.83999999999992,,,,,,0,0,0,6500.7700000000004,96,2,10834.620000000001,1,10834.620000000001,2,6500.7700000000004,91,1,4,2,10834.620000000001,10834.620000000001,10834.620000000001,10834.620000000001,3,2,2,2,0,0,0,35,4,3,0,0.76923076923076916,84,3129.8499999999999,0,0,0,1,1,,,,,,,0,0,0,0,0,0,0,4333.8500000000004,4333.8500000000004,0,,30,0,38640,0,-1,-1,-1,1,0,-1,1,1,1,1,1,1,1,1,1,1,1,1,1,1,0,1,1,1,1,0,0,0,0,0,0,0,0,0,0,0,0,0,0,1,1,2,2,1,1
RCA_001888,PAYMENT,EUR,PAID,NET30,SALES,640100-SALES,EUR,ISSUED,SALES,640100-SALES,SOFTWARE,DE,EUR,NET30,ACH,ACTIVE,ACH,EUR,COMPLETED,SETTLED,ACH_DEBIT,EUR,DEBIT,POSTED,MANAGER,APPROVED,PAYMENT,878.23000000000002,811.67999999999995,60.880000000000003,5.6699999999999999,432,30,3,1,12,811.67999999999995,67.640000000000001,878.23000000000002,811.67999999999995,60.880000000000003,5.6699999999999999,440,1,12,811.67999999999995,878.23000000000002,402,1,878.23000000000002,1,878.23000000000002,1,878.23000000000002,398,1,2,1,878.23000000000002,878.23000000000002,878.23000000000002,878.23000000000002,2,1,1,1,0,0,0,31,4,12,0,0.84615384615384615,4,112.48999999999999,0,0,0,1,1,0,0,0,0,0,0,0,0,0,0,0,0,0,0,0,0,8,30,0,37260,1,1,1,1,1,0,1,1,1,1,1,1,1,1,1,1,1,1,1,1,1,0,1,1,1,1,0,0,0,0,0,0,0,0,0,0,0,0,0,0,1,1,1,1,1,1
RCA_001889,INVOICE,USD,APPROVED,NET30,SALES,640100-SALES,USD,ISSUED,SALES,640100-SALES,SERVICES,US,USD,NET30,ACH,ACTIVE,__MISSING__,__MISSING__,__MISSING__,__MISSING__,__MISSING__,__MISSING__,__MISSING__,__MISSING__,__MISSING__,__MISSING__,__MISSING__,7630.4899999999998,6939.9899999999998,690.5,0,135,30,4,2,15,6939.9899999999998,483.92500000000001,7595.4499999999998,6904.9499999999998,690.5,0,138,2,15,6904.9499999999998,,,0,0,0,0,0,,,0,0,0,0,0,0,0,0,0,,0,0,1,0,25,4,18,0,0.84615384615384615,2,28.239999999999998,0,0,0,0,0,35.039999999999999,0.004613288218604559,0,0,35.039999999999999,0,,,7630.4899999999998,1,,,0,,,,3,,,,1,1,1,1,1,0,1,-1,-1,-1,-1,-1,-1,-1,-1,-1,-1,-1,-1,-1,-1,1,-1,-1,-1,1,0,0,0,1,1,1,1,0,0,0,0,0,0,1,0,1,0,0,1,0
RCA_001890,PAYMENT,USD,PAID,NET60,LEGAL,670100-LEGAL,USD,ISSUED,LEGAL,670100-LEGAL,SERVICES,US,USD,NET60,CHECK,ACTIVE,CHECK,USD,COMPLETED,SETTLED,CHECK_CLEARING,USD,DEBIT,POSTED,DIRECTOR,APPROVED,PAYMENT,10467.58,10467.58,0,0,137,60,1,4,36,10467.58,314.67750000000001,10467.58,10467.58,0,0,151,4,36,10467.58,10467.58,77,1,10467.58,1,10467.58,1,10467.58,63,1,2,1,10467.58,10467.58,10467.58,10467.58,3,2,2,2,0,0,0,29,4,7,0,0.76923076923076916,9,3162.4099999999999,0,0,0,1,1,0,0,0,0,0,0,0,0,0,0,0,0,0,0,0,0,14,60,0,81840,1,1,1,1,1,0,1,1,1,1,1,1,1,1,1,1,1,1,1,1,1,0,1,1,1,1,0,0,0,0,0,0,0,0,0,0,0,0,0,0,1,1,1,1,1,1
RCA_001893,PAYMENT,USD,PAID,NET30,LEGAL,670100-LEGAL,__MISSING__,__MISSING__,__MISSING__,__MISSING__,SUPPLIER,US,USD,NET30,ACH,ACTIVE,ACH,USD,SUBMITTED,PENDING,ACH_DEBIT,USD,DEBIT,POSTED,DIRECTOR,APPROVED,PAYMENT,22443.98,20403.619999999999,2040.3599999999999,0,220,30,2,2,9,20403.619999999999,1725.1799999999998,,,,,,0,0,0,13466.389999999999,1,2,22443.98,1,22443.98,2,8977.5900000000001,182,0,4,2,22443.98,22443.98,22443.98,22443.98,3,2,2,2,0,0,0,29,4,60,0,0.84615384615384615,2,1316.53,0,0,0,1,0,,,,,,,0,0,13466.389999999999,0.60000008911075486,4488.8000000000002,0.33333358086317122,0,8977.5900000000001,8977.5900000000001,4488.8000000000002,,219,-186,309360,0,-1,-1,-1,1,0,-1,1,1,1,1,1,1,0,0,1,1,1,1,0,1,0,1,1,1,1,0,0,0,0,0,0,0,0,0,0,0,0,0,0,1,1,2,1,1,1
RCA_001898,PAYMENT,CAD,PAID,NET45,SALES,640100-SALES,CAD,ISSUED,SALES,640100-SALES,SUPPLIER,CA,CAD,NET45,CHECK,ACTIVE,CHECK,CAD,COMPLETED,SETTLED,CHECK_CLEARING,USD,DEBIT,POSTED,MANAGER,APPROVED,PAYMENT,8988.0400000000009,8360.9699999999993,627.07000000000005,0,179,45,5,4,27,8360.9699999999993,481.80000000000001,8988.0400000000009,8360.9699999999993,627.07000000000005,0,193,4,27,8360.9699999999993,8988.0400000000009,134,1,8988.0400000000009,1,8988.0400000000009,1,6651.1499999999996,120,1,2,1,8988.0400000000009,8988.0400000000009,8988.0400000000009,8988.0400000000009,2,1,1,1,0,0,0,29,4,5,0,0.76923076923076916,21,176.38999999999999,0,1,1,1,0,0,0,0,0,0,0,0,0,0,0,2336.8899999999999,0.25999995549641525,0,0,0,2336.8899999999999,14,45,0,55980,1,1,1,1,1,0,1,1,1,1,1,1,1,1,1,0,1,1,1,1,1,0,1,1,1,1,0,0,0,0,0,0,0,0,0,0,0,0,0,0,1,1,1,1,1,1
RCA_001899,INVOICE,USD,APPROVED,NET30,MARKETING,650100-MARKETING,__MISSING__,__MISSING__,__MISSING__,__MISSING__,SOFTWARE,US,USD,NET30,ACH,ACTIVE,__MISSING__,__MISSING__,__MISSING__,__MISSING__,__MISSING__,__MISSING__,__MISSING__,__MISSING__,__MISSING__,__MISSING__,__MISSING__,28784.32,26167.560000000001,2616.7600000000002,0,310,30,2,2,17,26167.560000000001,1541.28,,,,,,0,0,0,,,0,0,0,0,0,,,0,0,0,0,0,0,0,0,0,,0,0,1,0,29,4,8,0,0.84615384615384615,2,0,0,0,0,0,0,,,,,,,,,28784.32,1,,,0,,,,,,,,0,-1,-1,-1,1,0,-1,-1,-1,-1,-1,-1,-1,-1,-1,-1,-1,-1,-1,-1,-1,1,-1,-1,-1,1,0,0,0,1,1,1,1,0,0,0,0,0,0,1,0,1,0,0,1,0
RCA_001900,INVOICE,USD,APPROVED,NET30,ENGINEERING,610100-ENGINEERING,__MISSING__,__MISSING__,__MISSING__,__MISSING__,SUPPLIER,US,USD,NET30,ACH,ACTIVE,__MISSING__,__MISSING__,__MISSING__,__MISSING__,__MISSING__,__MISSING__,__MISSING__,__MISSING__,__MISSING__,__MISSING__,__MISSING__,1535.95,1535.95,0,0,142,30,0,2,11,1535.95,141.38,,,,,,0,0,0,,,0,0,0,0,0,,,0,0,0,0,0,0,0,0,0,,0,0,0,0,30,4,9,0,0.76923076923076916,52,297.37,0,0,0,0,0,,,,,,,,,1535.95,1,,,0,,,,,,,,0,-1,-1,-1,1,0,-1,-1,-1,-1,-1,-1,-1,-1,-1,-1,-1,-1,-1,-1,-1,0,-1,-1,-1,1,0,0,0,1,1,1,1,0,0,0,0,0,0,1,1,1,0,0,1,0
RCA_001901,INVOICE,USD,PAID,NET30,LEGAL,670100-LEGAL,USD,ISSUED,LEGAL,670100-LEGAL,SOFTWARE,US,USD,NET30,VIRTUAL_CARD,ACTIVE,VIRTUAL_CARD,USD,COMPLETED,SETTLED,CARD_SETTLEMENT,USD,DEBIT,POSTED,MANAGER,APPROVED,PAYMENT,3894.1900000000001,3622.5,271.69,0,338,30,5,2,37,3622.5,116.595,3894.1900000000001,3622.5,271.69,0,340,2,37,3622.5,3894.1900000000001,308,1,3894.1900000000001,1,3894.1900000000001,1,3894.1900000000001,306,1,2,1,3894.1900000000001,3894.1900000000001,3894.1900000000001,3894.1900000000001,2,1,1,1,0,1,1,29,4,49,0,0.84615384615384615,1,199.88999999999999,0,0,0,1,1,0,0,0,0,0,0,0,0,0,0,0,0,0,0,0,0,2,30,0,34380,1,1,1,1,1,0,1,1,1,1,1,1,1,1,1,1,1,1,1,1,1,1,1,1,1,1,0,0,0,0,0,0,0,0,0,0,0,0,0,0,0,1,1,1,1,1
RCA_001903,INVOICE,USD,PAID,NET15,FINANCE,630100-FINANCE,__MISSING__,__MISSING__,__MISSING__,__MISSING__,SUPPLIER,US,USD,NET15,ACH,ACTIVE,ACH,USD,COMPLETED,SETTLED,ACH_DEBIT,USD,DEBIT,POSTED,MANAGER,APPROVED,PAYMENT,2201.1599999999999,2001.05,200.11000000000001,0,506,15,2,1,1,2001.05,2001.05,,,,,,0,0,0,1320.7,491,2,2201.1599999999999,1,2201.1599999999999,2,1320.7,488,1,4,2,2201.1599999999999,2201.1599999999999,2201.1599999999999,2201.1599999999999,2,1,1,1,0,1,0,31,4,64,0,0.84615384615384615,1,0,0,0,0,1,1,,,,,,,0,0,0,0,0,0,0,880.46000000000004,880.46000000000004,0,,15,0,17100,0,-1,-1,-1,1,0,-1,1,1,1,1,1,1,1,1,1,1,1,1,1,1,1,1,1,1,1,0,0,0,0,0,0,0,0,0,0,0,0,0,0,0,1,2,2,1,1
RCA_001906,PAYMENT,USD,PAID,NET15,FINANCE,630100-FINANCE,USD,ISSUED,FINANCE,630100-FINANCE,SERVICES,US,USD,NET15,CHECK,ACTIVE,CHECK,USD,COMPLETED,SETTLED,CHECK_CLEARING,USD,DEBIT,POSTED,MANAGER,APPROVED,PAYMENT,600.32000000000005,558.44000000000005,41.880000000000003,0,283,15,4,2,20,558.44000000000005,45.955000000000005,600.32000000000005,558.44000000000005,41.880000000000003,0,295,2,20,558.44000000000005,360.19,268,2,600.32000000000005,1,600.32000000000005,2,360.19,256,1,4,2,600.32000000000005,600.32000000000005,600.32000000000005,600.32000000000005,2,1,1,1,0,1,0,28,4,7,0,0.76923076923076916,50,43.130000000000003,0,0,0,1,1,0,0,0,0,0,0,0,0,0,0,0,0,0,240.13,240.13,0,12,15,0,14220,1,1,1,1,1,0,1,1,1,1,1,1,1,1,1,1,1,1,1,1,1,1,1,1,1,1,0,0,0,0,0,0,0,0,0,0,0,0,0,0,0,1,2,2,1,1
RCA_001907,INVOICE,USD,PAID,NET30,MARKETING,650100-MARKETING,USD,ISSUED,MARKETING,650100-MARKETING,SERVICES,US,USD,NET30,ACH,ACTIVE,ACH,USD,COMPLETED,FAILED,ACH_DEBIT,USD,DEBIT,RETURNED,DIRECTOR,APPROVED,PAYMENT,10447.139999999999,10447.139999999999,0,0,401,30,0,2,18,10447.139999999999,465.16000000000003,10447.139999999999,10447.139999999999,0,0,424,2,18,10447.139999999999,10447.139999999999,371,1,10447.139999999999,1,10447.139999999999,1,10447.139999999999,368,1,2,1,10447.139999999999,10447.139999999999,10447.139999999999,10447.139999999999,3,2,2,2,0,1,1,30,4,48,0,0.84615384615384615,2,140.28,0,0,0,1,1,0,0,0,0,0,0,0,0,10447.139999999999,1,0,0,0,0,0,0,23,30,0,40080,1,1,1,1,1,0,1,1,1,1,1,1,1,1,1,1,1,1,1,1,0,1,1,1,1,1,0,0,0,0,0,0,0,0,0,0,0,0,0,0,0,1,1,1,1,1
RCA_001908,INVOICE,EUR,PAID,NET15,FINANCE,630100-FINANCE,__MISSING__,__MISSING__,__MISSING__,__MISSING__,SOFTWARE,DE,EUR,NET15,ACH,ACTIVE,ACH,EUR,COMPLETED,SETTLED,ACH_DEBIT,EUR,DEBIT,POSTED,MANAGER,APPROVED,PAYMENT,2450.02,2279.0900000000001,170.93000000000001,0,253,15,2,4,22,2279.0900000000001,116.41500000000001,,,,,,0,0,0,1470.01,238,2,2450.02,1,2450.02,2,1470.01,235,1,4,2,2450.02,2450.02,2450.02,2450.02,2,1,1,1,0,1,0,27,4,23,0,0.84615384615384615,20,0,0,0,0,1,1,,,,,,,0,0,0,0,0,0,0,980.00999999999999,980.00999999999999,0,,15,0,17100,0,-1,-1,-1,1,0,-1,1,1,1,1,1,1,1,1,1,1,1,1,1,1,1,1,1,1,1,0,0,0,0,0,0,0,0,0,0,0,0,0,0,0,1,2,2,1,1
RCA_001911,INVOICE,USD,CREDIT_APPLIED,NET15,FINANCE,630100-FINANCE,__MISSING__,__MISSING__,__MISSING__,__MISSING__,PROFESSIONAL,US,USD,NET15,ACH,ACTIVE,__MISSING__,__MISSING__,__MISSING__,__MISSING__,__MISSING__,__MISSING__,__MISSING__,__MISSING__,__MISSING__,__MISSING__,__MISSING__,-7042.6099999999997,-6402.3699999999999,-640.24000000000001,0,486,15,2,4,34,-6402.3699999999999,-312.22749999999996,,,,,,0,0,0,,,0,0,0,0,0,,,0,0,0,0,0,0,0,0,0,,0,0,2,0,31,4,91,0,0.69230769230769229,0,7304.8100000000004,0,0,0,0,0,,,,,,,,,7042.6099999999997,1,,,0,,,,,,,,0,-1,-1,-1,1,0,-1,-1,-1,-1,-1,-1,-1,-1,-1,-1,-1,-1,-1,-1,-1,1,-1,-1,-1,1,0,0,0,1,1,1,1,0,0,0,0,0,0,1,0,1,0,0,1,0
RCA_001912,INVOICE,CAD,CANCELED,NET15,PEOPLE,660100-PEOPLE,CAD,ISSUED,PEOPLE,660100-PEOPLE,SUPPLIER,CA,CAD,NET15,WIRE,ACTIVE,__MISSING__,__MISSING__,__MISSING__,__MISSING__,__MISSING__,__MISSING__,__MISSING__,__MISSING__,__MISSING__,__MISSING__,__MISSING__,1628.6300000000001,1515,113.63,0,71,15,4,1,15,1515,101,1628.6300000000001,1515,113.63,0,89,1,15,1515,,,0,0,0,0,0,,,0,0,0,0,0,0,0,0,0,,0,0,0,0,31,4,7,0,0.76923076923076916,43,386.47000000000003,0,0,0,0,0,0,0,0,0,0,0,,,1628.6300000000001,1,,,0,,,,18,,,,1,1,1,1,1,0,1,-1,-1,-1,-1,-1,-1,-1,-1,-1,-1,-1,-1,-1,-1,0,-1,-1,-1,1,0,0,0,1,1,1,1,0,0,0,0,0,0,1,1,1,0,0,1,0
RCA_001915,INVOICE,USD,PAID,NET60,MARKETING,650100-MARKETING,USD,ISSUED,MARKETING,650100-MARKETING,SERVICES,US,USD,NET60,ACH,ACTIVE,ACH,USD,COMPLETED,SETTLED,ACH_DEBIT,USD,DEBIT,POSTED,MANAGER,APPROVED,PAYMENT,729.87,663.51999999999998,66.349999999999994,0,411,60,0,2,22,663.51999999999998,42.409999999999997,729.87,663.51999999999998,66.349999999999994,0,435,2,22,663.51999999999998,437.92000000000002,351,2,729.87,1,729.87,2,437.92000000000002,348,1,4,2,729.87,729.87,729.87,729.87,2,1,1,1,0,1,0,30,4,43,0,0.92307692307692313,3,24.710000000000001,0,0,0,1,1,0,0,0,0,0,0,0,0,0,0,0,0,0,291.94999999999999,291.94999999999999,0,24,60,0,84780,1,1,1,1,1,0,1,1,1,1,1,1,1,1,1,1,1,1,1,1,1,1,1,1,1,1,0,0,0,0,0,0,0,0,0,0,0,0,0,0,0,1,2,2,1,1
RCA_001919,INVOICE,CAD,PAID,NET30,OPERATIONS,620100-OPERATIONS,CAD,ISSUED,OPERATIONS,620100-OPERATIONS,SUPPLIER,CA,CAD,NET30,ACH,ACTIVE,ACH,CAD,COMPLETED,SETTLED,ACH_DEBIT,CAD,DEBIT,POSTED,MANAGER,APPROVED,PAYMENT,6070.7600000000002,5563.3199999999997,417.25,90.189999999999998,500,30,4,1,21,5563.3199999999997,264.92000000000002,6070.7600000000002,5563.3199999999997,417.25,90.189999999999998,524,1,21,5563.3199999999997,3642.46,470,2,6070.7600000000002,1,6070.7600000000002,2,3642.46,467,1,4,2,6070.7600000000002,6070.7600000000002,6070.7600000000002,6070.7600000000002,2,1,1,1,0,0,0,32,4,11,0,0.84615384615384615,12,108.19,0,0,0,1,1,0,0,0,0,0,0,0,0,0,0,0,0,0,2428.3000000000002,2428.3000000000002,0,24,30,0,35820,1,1,1,1,1,0,1,1,1,1,1,1,1,1,1,1,1,1,1,1,1,0,1,1,1,1,0,0,0,0,0,0,0,0,0,0,0,0,0,0,1,1,2,2,1,1
RCA_001920,PAYMENT,USD,PAID,NET60,OPERATIONS,620100-OPERATIONS,USD,ISSUED,OPERATIONS,620100-OPERATIONS,PROFESSIONAL,US,USD,NET60,ACH,ACTIVE,ACH,USD,COMPLETED,SETTLED,ACH_DEBIT,USD,DEBIT,POSTED,AUTO,AUTO_APPROVED,PAYMENT,342.56,342.56,0,0,205,60,4,1,16,342.56,21.41,342.56,342.56,0,0,214,1,16,342.56,1957.4400000000001,145,2,1957.4400000000001,2,1957.4400000000001,1,1957.4400000000001,140,1,2,1,1957.4400000000001,1957.4400000000001,1957.4400000000001,1957.4400000000001,4,2,1,2,0,0,0,29,4,51,0,0.84615384615384615,3,737.45000000000005,0,0,0,1,1,0,0,0,0,0,0,0,0,0,0,0,0,0,0,0,0,9,60,0,79020,1,1,1,1,1,0,1,1,1,1,1,1,1,1,1,1,1,1,1,1,1,0,-1,-1,-1,1,0,0,0,0,0,0,0,0,0,0,0,0,0,0,1,2,1,1,1,1
RCA_001921,INVOICE,USD,APPROVED,NET45,PEOPLE,660100-PEOPLE,USD,ISSUED,PEOPLE,660100-PEOPLE,SOFTWARE,US,USD,NET45,ACH,ACTIVE,__MISSING__,__MISSING__,__MISSING__,__MISSING__,__MISSING__,__MISSING__,__MISSING__,__MISSING__,__MISSING__,__MISSING__,__MISSING__,4248.0500000000002,3953.8800000000001,294.17000000000002,0,375,45,2,4,52,3953.8800000000001,215.43000000000001,4216.3699999999999,3922.1999999999998,294.17000000000002,0,385,4,52,3922.1999999999998,,,0,0,0,0,0,,,0,0,0,0,0,0,0,0,0,,0,0,1,0,30,4,350,0,0.92307692307692313,1,20.789999999999999,0,0,0,0,0,31.68,0.0075135721011201579,0,0,31.68,0,,,4248.0500000000002,1,,,0,,,,10,,,,1,1,1,1,1,0,1,-1,-1,-1,-1,-1,-1,-1,-1,-1,-1,-1,-1,-1,-1,1,-1,-1,-1,1,0,0,0,1,1,1,1,0,0,0,0,0,0,1,0,1,0,0,1,0
RCA_001925,PAYMENT,USD,PAID,NET30,IT,680100-IT,USD,ISSUED,IT,680100-IT,SERVICES,US,USD,NET30,ACH,ACTIVE,ACH,USD,SUBMITTED,PENDING,ACH_DEBIT,USD,DEBIT,POSTED,MANAGER,APPROVED,PAYMENT,5756.6599999999999,5350.1300000000001,401.25999999999999,5.2699999999999996,229,30,0,2,16,5350.1300000000001,2184.4349999999999,5756.6599999999999,5350.1300000000001,401.25999999999999,5.2699999999999996,243,2,16,5350.1300000000001,3454,1,2,5756.6599999999999,1,5756.6599999999999,2,2302.6599999999999,193,0,4,2,5756.6599999999999,5756.6599999999999,5756.6599999999999,5756.6599999999999,2,1,1,1,0,1,1,30,4,48,0,0.84615384615384615,2,76.359999999999999,0,0,0,1,0,0,0,0,0,0,0,0,0,3454,0.60000069484735941,1151.3399999999999,0.33333526346265202,0,2302.6599999999999,2302.6599999999999,1151.3399999999999,14,228,-195,326700,1,1,1,1,1,0,1,1,1,1,1,1,1,0,0,1,1,1,1,0,1,1,1,1,1,1,0,0,0,0,0,0,0,0,0,0,0,0,0,0,0,1,2,1,1,1
RCA_001928,INVOICE,EUR,CANCELED,NET15,FINANCE,630100-FINANCE,__MISSING__,__MISSING__,__MISSING__,__MISSING__,SUPPLIER,DE,EUR,NET15,WIRE,ACTIVE,__MISSING__,__MISSING__,__MISSING__,__MISSING__,__MISSING__,__MISSING__,__MISSING__,__MISSING__,__MISSING__,__MISSING__,__MISSING__,12039.15,11199.209999999999,839.94000000000005,0,229,15,5,2,21,11199.209999999999,615.81000000000006,,,,,,0,0,0,,,0,0,0,0,0,,,0,0,0,0,0,0,0,0,0,,0,0,1,0,35,4,33,0,0.92307692307692313,1,1317.51,0,0,0,0,0,,,,,,,,,12039.15,1,,,0,,,,,,,,0,-1,-1,-1,1,0,-1,-1,-1,-1,-1,-1,-1,-1,-1,-1,-1,-1,-1,-1,-1,1,-1,-1,-1,1,0,0,0,1,1,1,1,0,0,0,0,0,0,1,0,1,0,0,1,0
RCA_001933,INVOICE,USD,PAID,NET45,OPERATIONS,620100-OPERATIONS,USD,ISSUED,OPERATIONS,620100-OPERATIONS,LOGISTICS,US,USD,NET45,ACH,ACTIVE,ACH,USD,COMPLETED,SETTLED,ACH_DEBIT,USD,DEBIT,POSTED,MANAGER,APPROVED,PAYMENT,8379.3199999999997,7773.1700000000001,582.99000000000001,23.16,89,45,2,2,21,7773.1700000000001,1946.875,8379.3199999999997,7773.1700000000001,582.99000000000001,23.16,119,2,21,7773.1700000000001,5027.5900000000001,44,2,8379.3199999999997,1,8379.3199999999997,2,5027.5900000000001,41,1,4,2,8379.3199999999997,8379.3199999999997,8379.3199999999997,8379.3199999999997,2,1,1,1,0,0,0,30,4,4,0,0.76923076923076916,1,208.22,0,0,0,1,1,0,0,0,0,0,0,0,0,0,0,0,0,0,3351.73,3351.73,0,30,45,0,60300,1,1,1,1,1,0,1,1,1,1,1,1,1,1,1,1,1,1,1,1,1,0,1,1,1,1,0,0,0,0,0,0,0,0,0,0,0,0,0,0,1,1,2,2,1,1
RCA_001935,INVOICE,EUR,PAID,NET30,SALES,640100-SALES,EUR,ISSUED,SALES,640100-SALES,SOFTWARE,DE,EUR,NET30,ACH,ACTIVE,ACH,EUR,COMPLETED,SETTLED,ACH_DEBIT,EUR,DEBIT,POSTED,MANAGER,APPROVED,PAYMENT,4048.5,3766.0500000000002,282.44999999999999,0,265,30,4,2,15,3766.0500000000002,337.74000000000001,4048.5,3766.0500000000002,282.44999999999999,0,281,2,15,3766.0500000000002,2429.0999999999999,235,2,4048.5,1,4048.5,2,2429.0999999999999,230,1,4,2,4048.5,4048.5,4048.5,4048.5,2,1,1,1,0,1,0,29,4,20,0,0.92307692307692313,2,257.74000000000001,0,0,0,1,1,0,0,0,0,0,0,0,0,0,0,0,0,0,1619.4000000000001,1619.4000000000001,0,16,30,0,35820,1,1,1,1,1,0,1,1,1,1,1,1,1,1,1,1,1,1,1,1,1,1,1,1,1,1,0,0,0,0,0,0,0,0,0,0,0,0,0,0,0,1,2,2,1,1
RCA_001936,PAYMENT,USD,PAID,NET60,OPERATIONS,620100-OPERATIONS,__MISSING__,__MISSING__,__MISSING__,__MISSING__,PROFESSIONAL,US,USD,NET60,ACH,ACTIVE,ACH,USD,COMPLETED,SETTLED,ACH_DEBIT,USD,DEBIT,POSTED,MANAGER,APPROVED,PAYMENT,1681.0799999999999,1681.0799999999999,0,0,94,60,1,1,12,1681.0799999999999,140.09,,,,,,0,0,0,672.42999999999995,31,2,1681.0799999999999,1,1681.0799999999999,2,1008.65,29,1,4,2,1681.0799999999999,1681.0799999999999,1681.0799999999999,1681.0799999999999,2,1,1,1,0,0,0,30,4,8,0,0.92307692307692313,16,296.47000000000003,0,0,0,1,1,,,,,,,0,0,0,0,336.22000000000003,0.50000743571821604,0,1008.65,1008.65,336.22000000000003,,63,-3,87660,0,-1,-1,-1,1,0,-1,1,1,1,1,1,1,1,1,1,1,1,1,1,1,0,1,1,1,1,0,0,0,0,0,0,0,0,0,0,0,0,0,0,1,1,2,2,1,1
RCA_001937,INVOICE,USD,APPROVED,NET45,MARKETING,650100-MARKETING,USD,ISSUED,MARKETING,650100-MARKETING,SOFTWARE,US,USD,NET45,ACH,ACTIVE,__MISSING__,__MISSING__,__MISSING__,__MISSING__,__MISSING__,__MISSING__,__MISSING__,__MISSING__,__MISSING__,__MISSING__,__MISSING__,3554.6599999999999,3297.25,246.36000000000001,11.050000000000001,315,45,1,2,35,3297.25,92.914999999999992,3542.21,3284.8000000000002,246.36000000000001,11.050000000000001,317,2,35,3284.8000000000002,,,0,0,0,0,0,,,0,0,0,0,0,0,0,0,0,,0,0,0,0,29,4,19,0,0.84615384615384615,3,471.16000000000003,0,0,0,0,0,12.449999999999999,0.003514754912893363,0,0,12.449999999999999,0,,,3554.6599999999999,1,,,0,,,,2,,,,1,1,1,1,1,0,1,-1,-1,-1,-1,-1,-1,-1,-1,-1,-1,-1,-1,-1,-1,0,-1,-1,-1,1,0,0,0,1,1,1,1,0,0,0,0,0,0,1,1,1,0,0,1,0
RCA_001939,BANK_TRANSACTION,USD,PAID,NET45,MARKETING,650100-MARKETING,USD,ISSUED,MARKETING,650100-MARKETING,SERVICES,US,USD,NET45,WIRE,ACTIVE,WIRE,USD,COMPLETED,SETTLED,BANK_FEE,USD,DEBIT,POSTED,MANAGER,APPROVED,PAYMENT,4228.0200000000004,4228.0200000000004,0,0,180,45,3,2,11,4228.0200000000004,995.12999999999988,4228.0200000000004,4228.0200000000004,0,0,182,2,11,4228.0200000000004,2536.8099999999999,135,2,4228.0200000000004,1,4228.0200000000004,2,20,131,1,4,2,4228.0200000000004,4228.0200000000004,4228.0200000000004,4228.0200000000004,2,1,1,1,0,0,0,29,4,17,0,0.76923076923076916,19,320.10000000000002,20,0,0,1,1,0,0,0,0,0,0,0,0,0,0,2516.8099999999999,0.99211608279689845,0,1691.21,1691.21,2496.8099999999999,2,45,3,58860,1,1,1,1,1,0,1,1,1,1,1,1,1,1,1,1,0,1,1,1,1,0,1,1,1,1,0,0,0,0,0,0,0,0,0,0,0,0,0,0,1,1,2,3,1,1
RCA_001940,INVOICE,USD,PAID,NET15,MARKETING,650100-MARKETING,USD,ISSUED,MARKETING,650100-MARKETING,SOFTWARE,US,USD,NET15,ACH,ACTIVE,ACH,USD,COMPLETED,SETTLED,ACH_DEBIT,USD,DEBIT,POSTED,MANAGER,APPROVED,PAYMENT,3439.48,3199.52,239.96000000000001,0,30,15,3,2,40,3199.52,81.405000000000001,3439.48,3199.52,239.96000000000001,0,51,2,40,3199.52,40340.519999999997,15,2,40340.519999999997,2,40340.519999999997,1,40340.519999999997,12,1,2,1,40340.519999999997,40340.519999999997,40340.519999999997,40340.519999999997,5,3,2,2,0,2,2,27,4,300,0,0.92307692307692313,1,10.9,0,0,0,1,1,0,0,0,0,0,0,0,0,0,0,0,0,0,0,0,0,21,15,0,15660,1,1,1,1,1,0,1,1,1,1,1,1,1,1,1,1,1,1,1,1,1,1,1,1,1,1,0,0,0,0,0,0,0,0,0,0,0,0,0,0,0,2,1,1,1,1
RCA_001941,PAYMENT,USD,PAID,NET30,IT,680100-IT,__MISSING__,__MISSING__,__MISSING__,__MISSING__,SOFTWARE,US,USD,NET30,ACH,ACTIVE,ACH,USD,SUBMITTED,PENDING,__MISSING__,__MISSING__,__MISSING__,__MISSING__,DIRECTOR,APPROVED,PAYMENT,14553.92,13230.84,1323.0799999999999,0,390,30,1,3,19,13230.84,593.58000000000004,,,,,,0,0,0,14553.92,1,1,14553.92,1,14553.92,1,,,0,2,1,14553.92,14553.92,14553.92,14553.92,3,2,2,2,0,0,0,30,4,42,0,0.84615384615384615,10,973.13,0,0,0,1,0,,,,,,,0,0,14553.92,1,,,0,0,0,,,389,,555600,0,-1,-1,-1,1,0,-1,1,1,1,1,1,1,0,0,-1,-1,1,1,1,1,0,1,1,1,1,0,0,0,0,1,0,0,0,0,0,0,0,0,0,1,1,1,0,1,1
RCA_001945,PAYMENT,USD,APPROVED,NET30,IT,680100-IT,USD,ISSUED,IT,680100-IT,SOFTWARE,US,USD,NET30,ACH,ACTIVE,ACH,USD,REVERSED,REVERSED,ACH_DEBIT,USD,DEBIT,POSTED,MANAGER,APPROVED,PAYMENT,3383.8299999999999,3076.21,307.62,0,192,30,4,4,52,3076.21,65.582499999999996,3383.8299999999999,3076.21,307.62,0,200,4,52,3076.21,3383.8299999999999,162,1,3383.8299999999999,1,3383.8299999999999,1,3383.8299999999999,159,2,4,2,6767.6599999999999,6767.6599999999999,3383.8299999999999,3383.8299999999999,2,1,1,1,0,0,0,30,4,42,0,0.84615384615384615,20,166.06,0,0,0,1,2,0,0,0,0,0,0,0,0,3383.8299999999999,1,0,0,0,0,0,0,8,30,0,35820,1,1,1,1,1,0,1,1,1,1,1,1,1,1,0,1,1,1,1,1,1,0,1,1,1,1,0,0,0,0,0,0,0,0,0,0,0,0,0,0,1,1,1,2,1,1
RCA_001946,PAYMENT,EUR,PAID,NET15,SALES,640100-SALES,EUR,ISSUED,SALES,640100-SALES,SOFTWARE,DE,EUR,NET15,ACH,ACTIVE,ACH,EUR,COMPLETED,SETTLED,ACH_DEBIT,USD,DEBIT,POSTED,MANAGER,APPROVED,PAYMENT,8638.9200000000001,7853.5600000000004,785.36000000000001,0,489,15,5,2,36,7853.5600000000004,233.19,8638.9200000000001,7853.5600000000004,785.36000000000001,0,503,2,36,7853.5600000000004,5183.3500000000004,474,2,8638.9200000000001,1,8638.9200000000001,2,5598.0200000000004,469,1,4,2,8638.9200000000001,8638.9200000000001,8638.9200000000001,8638.9200000000001,2,1,1,1,0,1,0,27,4,23,0,0.84615384615384615,31,561.5,0,1,1,1,0,0,0,0,0,0,0,0,0,0,0,414.67000000000002,0.080000385850849356,0,3455.5700000000002,3455.5700000000002,414.67000000000002,14,15,0,12780,1,1,1,1,1,0,1,1,1,1,1,1,1,1,1,0,1,1,1,1,1,1,1,1,1,1,0,0,0,0,0,0,0,0,0,0,0,0,0,0,0,1,2,2,1,1
RCA_001947,INVOICE,USD,APPROVED,NET45,PEOPLE,660100-PEOPLE,__MISSING__,__MISSING__,__MISSING__,__MISSING__,SOFTWARE,US,USD,NET45,ACH,ACTIVE,__MISSING__,__MISSING__,__MISSING__,__MISSING__,__MISSING__,__MISSING__,__MISSING__,__MISSING__,__MISSING__,__MISSING__,__MISSING__,1780.0999999999999,1780.0999999999999,0,0,414,45,5,2,4,1780.0999999999999,445.02499999999998,,,,,,0,0,0,,,0,0,0,0,0,,,0,0,0,0,0,0,0,0,0,,0,0,1,0,30,4,350,0,0.92307692307692313,0,14.73,0,0,0,0,0,,,,,,,,,1780.0999999999999,1,,,0,,,,,,,,0,-1,-1,-1,1,0,-1,-1,-1,-1,-1,-1,-1,-1,-1,-1,-1,-1,-1,-1,-1,1,-1,-1,-1,1,0,0,0,1,1,1,1,0,0,0,0,0,0,1,0,1,0,0,1,0
RCA_001948,INVOICE,USD,APPROVED,NET30,LEGAL,670100-LEGAL,__MISSING__,__MISSING__,__MISSING__,__MISSING__,SUPPLIER,US,USD,NET30,ACH,ACTIVE,__MISSING__,__MISSING__,__MISSING__,__MISSING__,__MISSING__,__MISSING__,__MISSING__,__MISSING__,__MISSING__,__MISSING__,__MISSING__,26210.75,26210.75,0,0,502,30,1,3,16,26210.75,8052.4066666666658,,,,,,0,0,0,,,0,0,0,0,0,,,0,0,0,0,0,0,0,0,0,,0,0,1,0,31,4,6,0,0.84615384615384615,48,17913.369999999999,0,0,0,0,0,,,,,,,,,26210.75,1,,,0,,,,,,,,0,-1,-1,-1,1,0,-1,-1,-1,-1,-1,-1,-1,-1,-1,-1,-1,-1,-1,-1,-1,1,-1,-1,-1,1,0,0,0,1,1,1,1,0,0,0,0,0,0,1,0,1,0,0,1,0
RCA_001952,PAYMENT,USD,PAID,NET45,MARKETING,650100-MARKETING,USD,ISSUED,MARKETING,650100-MARKETING,SOFTWARE,US,USD,NET45,ACH,ACTIVE,ACH,USD,COMPLETED,SETTLED,ACH_DEBIT,USD,DEBIT,POSTED,MANAGER,APPROVED,PAYMENT,2910.27,2724.4899999999998,136.22,49.560000000000002,282,45,5,3,38,2724.4899999999998,65.903333333333336,2910.27,2724.4899999999998,136.22,49.560000000000002,309,3,38,2724.4899999999998,2910.27,237,1,2910.27,1,2910.27,1,2910.27,232,1,2,1,2910.27,2910.27,2910.27,2910.27,2,1,1,1,0,0,0,29,4,19,0,0.84615384615384615,20,4.3300000000000001,0,0,0,1,1,0,0,0,0,0,0,0,0,0,0,0,0,0,0,0,0,27,45,0,55980,1,1,1,1,1,0,1,1,1,1,1,1,1,1,1,1,1,1,1,1,1,0,1,1,1,1,0,0,0,0,0,0,0,0,0,0,0,0,0,0,1,1,1,1,1,1
RCA_001953,INVOICE,USD,APPROVED,NET30,SALES,640100-SALES,USD,ISSUED,SALES,640100-SALES,SOFTWARE,US,USD,NET30,VIRTUAL_CARD,ACTIVE,__MISSING__,__MISSING__,__MISSING__,__MISSING__,__MISSING__,__MISSING__,__MISSING__,__MISSING__,__MISSING__,__MISSING__,__MISSING__,2362.5700000000002,2198.1199999999999,164.44999999999999,0,31,30,0,4,66,2198.1199999999999,33.795000000000002,2357.0700000000002,2192.6199999999999,164.44999999999999,0,46,4,66,2192.6199999999999,,,0,0,0,0,0,,,0,0,0,0,0,0,0,0,0,,0,0,1,0,29,4,49,0,0.84615384615384615,0,94.769999999999996,0,0,0,0,0,5.5,0.0023334054567747246,0,0,5.5,0,,,2362.5700000000002,1,,,0,,,,15,,,,1,1,1,1,1,0,1,-1,-1,-1,-1,-1,-1,-1,-1,-1,-1,-1,-1,-1,-1,1,-1,-1,-1,1,0,0,0,1,1,1,1,0,0,0,0,0,0,1,0,1,0,0,1,0
RCA_001954,PAYMENT,USD,PAID,NET45,SALES,640100-SALES,USD,ISSUED,SALES,640100-SALES,SUPPLIER,US,USD,NET45,CHECK,ACTIVE,CHECK,USD,COMPLETED,SETTLED,CHECK_CLEARING,USD,DEBIT,POSTED,DIRECTOR,APPROVED,PAYMENT,17745.84,16501.23,1237.5899999999999,7.0199999999999996,486,45,5,2,35,16501.23,466.51999999999998,17745.84,16501.23,1237.5899999999999,7.0199999999999996,494,2,35,16501.23,7098.3400000000001,438,2,17745.84,1,17745.84,2,10647.5,427,1,4,2,17745.84,17745.84,17745.84,17745.84,3,2,2,2,0,0,0,31,4,22,0,0.76923076923076916,28,6570.6899999999996,0,0,0,1,1,0,0,0,0,0,0,0,0,0,0,3549.1599999999999,0.49999859121991902,0,10647.5,10647.5,3549.1599999999999,8,48,-3,58800,1,1,1,1,1,0,1,1,1,1,1,1,1,1,1,1,1,1,1,1,1,0,1,1,1,1,0,0,0,0,0,0,0,0,0,0,0,0,0,0,1,1,2,2,1,1
RCA_001955,BANK_TRANSACTION,USD,PAID,NET30,OPERATIONS,620100-OPERATIONS,__MISSING__,__MISSING__,__MISSING__,__MISSING__,PROFESSIONAL,US,USD,NET30,WIRE,ACTIVE,WIRE,USD,COMPLETED,SETTLED,BANK_FEE,USD,DEBIT,POSTED,MANAGER,APPROVED,PAYMENT,3553.75,3553.75,0,0,25,30,0,4,27,3553.75,190.98500000000001,,,,,,0,0,0,3553.75,15,1,3553.75,1,3553.75,1,35,14,2,2,1,3553.75,3553.75,3553.75,3553.75,2,1,1,1,0,0,0,28,4,8,0,0.76923076923076916,79,214.75999999999999,35,0,0,1,1,,,,,,,0,0,0,0,3518.75,0.99015124868097082,0,0,0,3483.75,,10,0,12780,0,-1,-1,-1,1,0,-1,1,1,1,1,1,1,1,0,1,0,1,1,1,1,0,1,1,1,1,0,0,0,0,0,0,0,0,0,0,0,0,0,0,1,1,1,2,1,1
RCA_001957,PAYMENT,USD,PAID,NET45,SALES,640100-SALES,__MISSING__,__MISSING__,__MISSING__,__MISSING__,SUPPLIER,US,USD,NET45,ACH,ACTIVE,ACH,USD,SUBMITTED,PENDING,__MISSING__,__MISSING__,__MISSING__,__MISSING__,MANAGER,APPROVED,PAYMENT,9193.1800000000003,9193.1800000000003,0,0,440,45,2,1,2,9193.1800000000003,4596.5900000000001,,,,,,0,0,0,9193.1800000000003,1,1,9193.1800000000003,1,9193.1800000000003,1,,,0,2,1,9193.1800000000003,9193.1800000000003,9193.1800000000003,9193.1800000000003,2,1,1,1,0,0,0,29,4,8,0,0.84615384615384615,49,2339.6399999999999,0,0,0,1,0,,,,,,,0,0,9193.1800000000003,1,,,0,0,0,,,439,,627660,0,-1,-1,-1,1,0,-1,1,1,1,1,1,1,0,0,-1,-1,1,1,1,1,0,1,1,1,1,0,0,0,0,1,0,0,0,0,0,0,0,0,0,1,1,1,0,1,1
RCA_001960,INVOICE,USD,CANCELED,NET15,LEGAL,670100-LEGAL,USD,ISSUED,LEGAL,670100-LEGAL,SOFTWARE,US,USD,NET15,ACH,ACTIVE,__MISSING__,__MISSING__,__MISSING__,__MISSING__,__MISSING__,__MISSING__,__MISSING__,__MISSING__,__MISSING__,__MISSING__,__MISSING__,36293.160000000003,36285.760000000002,0,7.4000000000000004,143,15,2,2,32,36285.760000000002,1081.4499999999998,36293.160000000003,36285.760000000002,0,7.4000000000000004,151,2,32,36285.760000000002,,,0,0,0,0,0,,,0,0,0,0,0,0,0,0,0,,0,0,2,0,27,4,301,0,0.92307692307692313,4,607.88,0,0,0,0,0,0,0,0,0,0,0,,,36293.160000000003,1,,,0,,,,8,,,,1,1,1,1,1,0,1,-1,-1,-1,-1,-1,-1,-1,-1,-1,-1,-1,-1,-1,-1,1,-1,-1,-1,1,0,0,0,1,1,1,1,0,0,0,0,0,0,1,0,1,0,0,1,0
RCA_001961,PAYMENT,USD,APPROVED,NET30,LEGAL,670100-LEGAL,USD,ISSUED,LEGAL,670100-LEGAL,SERVICES,US,USD,NET30,ACH,ACTIVE,ACH,USD,REVERSED,REVERSED,ACH_DEBIT,USD,DEBIT,POSTED,MANAGER,APPROVED,PAYMENT,5116.1300000000001,4736.21,355.22000000000003,24.699999999999999,347,30,4,3,53,4736.21,112.08,5116.1300000000001,4736.21,355.22000000000003,24.699999999999999,369,3,53,4736.21,3069.6799999999998,317,2,5116.1300000000001,1,5116.1300000000001,2,3069.6799999999998,314,2,6,3,8185.8100000000004,8185.8100000000004,5116.1300000000001,5116.1300000000001,2,1,1,1,0,0,0,32,4,14,0,0.76923076923076916,2,742.42999999999995,0,0,0,1,2,0,0,0,0,0,0,0,0,3069.6799999999998,0.60000039092048096,0,0,0,2046.45,2046.45,0,22,30,0,35820,1,1,1,1,1,0,1,1,1,1,1,1,1,1,0,1,1,1,1,1,1,0,1,1,1,1,0,0,0,0,0,0,0,0,0,0,0,0,0,0,1,1,2,3,1,1
RCA_001963,INVOICE,USD,PAID,NET15,IT,680100-IT,USD,ISSUED,IT,680100-IT,SUPPLIER,US,USD,NET15,WIRE,ACTIVE,WIRE,USD,COMPLETED,SETTLED,WIRE_DEBIT,USD,DEBIT,POSTED,MANAGER,APPROVED,PAYMENT,7452.7600000000002,6775.2399999999998,677.51999999999998,0,31,15,0,3,33,6775.2399999999998,240.35666666666668,7452.7600000000002,6775.2399999999998,677.51999999999998,0,52,3,33,6775.2399999999998,7452.7600000000002,16,1,7452.7600000000002,1,7452.7600000000002,1,7452.7600000000002,15,1,2,1,7452.7600000000002,7452.7600000000002,7452.7600000000002,7452.7600000000002,2,1,1,1,0,2,2,31,4,64,0,0.84615384615384615,5,187.59999999999999,0,0,0,1,1,0,0,0,0,0,0,0,0,0,0,0,0,0,0,0,0,21,15,0,19980,1,1,1,1,1,0,1,1,1,1,1,1,1,1,1,1,1,1,1,1,1,1,1,1,1,1,0,0,0,0,0,0,0,0,0,0,0,0,0,0,0,1,1,1,1,1
RCA_001964,INVOICE,USD,PAID,NET60,IT,680100-IT,__MISSING__,__MISSING__,__MISSING__,__MISSING__,SERVICES,US,USD,NET60,ACH,ACTIVE,ACH,USD,COMPLETED,SETTLED,ACH_DEBIT,USD,DEBIT,POSTED,MANAGER,APPROVED,PAYMENT,4282.79,3983.9899999999998,298.80000000000001,0,462,60,3,3,33,3983.9899999999998,123.39999999999999,,,,,,0,0,0,4282.79,402,1,4282.79,1,4282.79,1,4282.79,398,1,2,1,4282.79,4282.79,4282.79,4282.79,2,1,1,1,0,1,1,28,4,26,0,0.84615384615384615,17,140.22999999999999,0,0,0,1,1,,,,,,,0,0,0,0,0,0,0,0,0,0,,60,0,80460,0,-1,-1,-1,1,0,-1,1,1,1,1,1,1,1,1,1,1,1,1,1,1,1,1,1,1,1,0,0,0,0,0,0,0,0,0,0,0,0,0,0,0,1,1,1,1,1
RCA_001966,PAYMENT,USD,PAID,NET60,MARKETING,650100-MARKETING,__MISSING__,__MISSING__,__MISSING__,__MISSING__,PROFESSIONAL,US,USD,NET60,ACH,ACTIVE,ACH,USD,COMPLETED,SETTLED,ACH_DEBIT,USD,DEBIT,POSTED,MANAGER,APPROVED,PAYMENT,5016.7700000000004,4560.6999999999998,456.06999999999999,0,369,60,2,1,1,4560.6999999999998,4560.6999999999998,,,,,,0,0,0,7633.3000000000002,15,2,7633.3000000000002,2,7633.3000000000002,1,7633.3000000000002,12,1,2,1,7633.3000000000002,7633.3000000000002,7633.3000000000002,7633.3000000000002,4,2,1,1,0,0,0,29,4,51,0,0.92307692307692313,0,36.899999999999999,0,0,0,1,1,,,,,,,0,0,0,0,0,0,0,0,0,0,,354,0,4140,0,-1,-1,-1,1,0,-1,1,1,1,1,1,1,1,1,1,1,1,1,1,1,0,1,1,1,1,0,0,0,0,0,0,0,0,0,0,0,0,0,0,1,2,1,1,1,1
RCA_001967,INVOICE,USD,PAID,NET30,ENGINEERING,610100-ENGINEERING,USD,ISSUED,ENGINEERING,610100-ENGINEERING,SUPPLIER,US,USD,NET30,ACH,ACTIVE,ACH,USD,COMPLETED,SETTLED,ACH_DEBIT,USD,DEBIT,POSTED,MANAGER,APPROVED,PAYMENT,8384.6299999999992,7622.3900000000003,762.24000000000001,0,163,30,5,2,38,7622.3900000000003,214.95500000000001,8384.6299999999992,7622.3900000000003,762.24000000000001,0,184,2,38,7622.3900000000003,5030.7799999999997,133,2,8384.6299999999992,1,8384.6299999999992,2,5030.7799999999997,130,1,4,2,8384.6299999999992,8384.6299999999992,8384.6299999999992,8384.6299999999992,2,1,1,1,0,0,0,26,4,6,0,0.76923076923076916,74,2964.5100000000002,0,0,0,1,1,0,0,0,0,0,0,0,0,0,0,0,0,0,3353.8499999999999,3353.8499999999999,0,21,30,0,34380,1,1,1,1,1,0,1,1,1,1,1,1,1,1,1,1,1,1,1,1,1,0,1,1,1,1,0,0,0,0,0,0,0,0,0,0,0,0,0,0,1,1,2,2,1,1
RCA_001973,PAYMENT,USD,PAID,NET30,IT,680100-IT,__MISSING__,__MISSING__,__MISSING__,__MISSING__,SOFTWARE,US,USD,NET30,WIRE,ACTIVE,WIRE,USD,SUBMITTED,PENDING,__MISSING__,__MISSING__,__MISSING__,__MISSING__,MANAGER,APPROVED,PAYMENT,1778.5899999999999,1616.9000000000001,161.69,0,398,30,4,2,16,1616.9000000000001,108.125,,,,,,0,0,0,1778.5899999999999,1,1,1778.5899999999999,1,1778.5899999999999,1,,,0,2,1,1778.5899999999999,1778.5899999999999,1778.5899999999999,1778.5899999999999,2,1,1,1,0,0,0,28,4,5,0,0.84615384615384615,26,1458.49,0,0,0,1,0,,,,,,,0,0,1778.5899999999999,1,,,0,0,0,,,397,,564300,0,-1,-1,-1,1,0,-1,1,1,1,1,1,1,0,0,-1,-1,1,1,1,1,0,1,1,1,1,0,0,0,0,1,0,0,0,0,0,0,0,0,0,1,1,1,0,1,1
RCA_001975,INVOICE,USD,CREDIT_APPLIED,NET45,OPERATIONS,620100-OPERATIONS,__MISSING__,__MISSING__,__MISSING__,__MISSING__,SOFTWARE,US,USD,NET45,ACH,ACTIVE,__MISSING__,__MISSING__,__MISSING__,__MISSING__,__MISSING__,__MISSING__,__MISSING__,__MISSING__,__MISSING__,__MISSING__,__MISSING__,-2679.1500000000001,-2492.23,-186.91999999999999,0,49,45,1,3,25,-2492.23,-119.90666666666668,,,,,,0,0,0,,,0,0,0,0,0,,,0,0,0,0,0,0,0,0,0,,0,0,1,0,30,4,351,0,0.69230769230769229,0,2928.4699999999998,0,0,0,0,0,,,,,,,,,2679.1500000000001,1,,,0,,,,,,,,0,-1,-1,-1,1,0,-1,-1,-1,-1,-1,-1,-1,-1,-1,-1,-1,-1,-1,-1,-1,1,-1,-1,-1,1,0,0,0,1,1,1,1,0,0,0,0,0,0,1,0,1,0,0,1,0
RCA_001976,INVOICE,USD,CANCELED,NET30,ENGINEERING,610100-ENGINEERING,USD,ISSUED,ENGINEERING,610100-ENGINEERING,SERVICES,US,USD,NET30,WIRE,ACTIVE,__MISSING__,__MISSING__,__MISSING__,__MISSING__,__MISSING__,__MISSING__,__MISSING__,__MISSING__,__MISSING__,__MISSING__,__MISSING__,9258.25,9239.7600000000002,0,18.489999999999998,68,30,0,3,36,9239.7600000000002,401.23000000000002,9258.25,9239.7600000000002,0,18.489999999999998,88,3,36,9239.7600000000002,,,0,0,0,0,0,,,0,0,0,0,0,0,0,0,0,,0,0,0,0,29,4,30,0,0.92307692307692313,11,775.47000000000003,0,0,0,0,0,0,0,0,0,0,0,,,9258.25,1,,,0,,,,20,,,,1,1,1,1,1,0,1,-1,-1,-1,-1,-1,-1,-1,-1,-1,-1,-1,-1,-1,-1,0,-1,-1,-1,1,0,0,0,1,1,1,1,0,0,0,0,0,0,1,1,1,0,0,1,0
RCA_001977,PAYMENT,USD,APPROVED,NET45,MARKETING,650100-MARKETING,USD,ISSUED,MARKETING,650100-MARKETING,SOFTWARE,US,USD,NET45,WIRE,ACTIVE,WIRE,USD,REVERSED,REVERSED,WIRE_DEBIT,USD,DEBIT,POSTED,MANAGER,APPROVED,PAYMENT,4964.6000000000004,4618.2299999999996,346.37,0,87,45,1,1,1,4618.2299999999996,4618.2299999999996,4964.6000000000004,4618.2299999999996,346.37,0,107,1,1,4618.2299999999996,4964.6000000000004,42,1,4964.6000000000004,1,4964.6000000000004,1,4964.6000000000004,41,2,4,2,9929.2000000000007,9929.2000000000007,4964.6000000000004,4964.6000000000004,2,1,1,1,0,1,0,28,4,3,0,0.69230769230769229,12,190.81,0,0,0,1,2,0,0,0,0,0,0,0,0,4964.6000000000004,1,0,0,0,0,0,0,20,45,0,61740,1,1,1,1,1,0,1,1,1,1,1,1,1,1,0,1,1,1,1,1,1,1,1,1,1,1,0,0,0,0,0,0,0,0,0,0,0,0,0,0,0,1,1,2,1,1
RCA_001978,PAYMENT,EUR,PAID,NET45,MARKETING,650100-MARKETING,EUR,ISSUED,MARKETING,650100-MARKETING,SUPPLIER,DE,EUR,NET45,ACH,ACTIVE,ACH,EUR,COMPLETED,SETTLED,ACH_DEBIT,USD,DEBIT,POSTED,MANAGER,APPROVED,PAYMENT,4835.9899999999998,4835.9899999999998,0,0,249,45,5,4,45,4835.9899999999998,81.099999999999994,4835.9899999999998,4835.9899999999998,0,0,252,4,45,4835.9899999999998,2901.5900000000001,204,2,4835.9899999999998,1,4835.9899999999998,2,3133.7199999999998,201,1,4,2,4835.9899999999998,4835.9899999999998,4835.9899999999998,4835.9899999999998,2,1,1,1,0,0,0,31,4,24,0,0.84615384615384615,31,680.80999999999995,0,1,1,1,0,0,0,0,0,0,0,0,0,0,0,232.13,0.080000964988161657,0,1934.4000000000001,1934.4000000000001,232.13,3,45,0,55980,1,1,1,1,1,0,1,1,1,1,1,1,1,1,1,0,1,1,1,1,1,0,1,1,1,1,0,0,0,0,0,0,0,0,0,0,0,0,0,0,1,1,2,2,1,1
RCA_001980,INVOICE,USD,PAID,NET15,IT,680100-IT,USD,ISSUED,IT,680100-IT,PROFESSIONAL,US,USD,NET15,ACH,ACTIVE,ACH,USD,COMPLETED,SETTLED,ACH_DEBIT,USD,DEBIT,POSTED,DIRECTOR,APPROVED,PAYMENT,24173.830000000002,24173.830000000002,0,0,206,15,1,4,54,24173.830000000002,363.74000000000001,24173.830000000002,24173.830000000002,0,0,212,4,54,24173.830000000002,14504.299999999999,191,2,24173.830000000002,1,24173.830000000002,2,14504.299999999999,188,1,4,2,24173.830000000002,24173.830000000002,24173.830000000002,24173.830000000002,3,2,2,2,0,2,2,31,4,90,0,0.84615384615384615,6,1259.5999999999999,0,0,0,1,1,0,0,0,0,0,0,0,0,0,0,0,0,0,9669.5300000000007,9669.5300000000007,0,6,15,0,17040,1,1,1,1,1,0,1,1,1,1,1,1,1,1,1,1,1,1,1,0,1,1,1,1,1,1,0,0,0,0,0,0,0,0,0,0,0,0,0,0,0,1,2,2,1,1
RCA_001981,INVOICE,USD,APPROVED,NET30,FINANCE,630100-FINANCE,USD,ISSUED,FINANCE,630100-FINANCE,SERVICES,US,USD,NET30,ACH,ACTIVE,__MISSING__,__MISSING__,__MISSING__,__MISSING__,__MISSING__,__MISSING__,__MISSING__,__MISSING__,__MISSING__,__MISSING__,__MISSING__,1781.03,1648.4100000000001,123.63,8.9900000000000002,506,30,5,1,23,1648.4100000000001,71.670000000000002,1781.03,1648.4100000000001,123.63,8.9900000000000002,524,1,23,1648.4100000000001,,,0,0,0,0,0,,,0,0,0,0,0,0,0,0,0,,0,0,1,0,30,4,48,0,0.84615384615384615,1,39.039999999999999,0,0,0,0,0,0,0,0,0,0,0,,,1781.03,1,,,0,,,,18,,,,1,1,1,1,1,0,1,-1,-1,-1,-1,-1,-1,-1,-1,-1,-1,-1,-1,-1,-1,1,-1,-1,-1,1,0,0,0,1,1,1,1,0,0,0,0,0,0,1,0,1,0,0,1,0
RCA_001982,PAYMENT,USD,PAID,NET15,OPERATIONS,620100-OPERATIONS,USD,ISSUED,OPERATIONS,620100-OPERATIONS,SOFTWARE,US,USD,NET15,ACH,ACTIVE,ACH,USD,COMPLETED,SETTLED,ACH_DEBIT,USD,DEBIT,POSTED,MANAGER,APPROVED,PAYMENT,488.11000000000001,443.74000000000001,44.369999999999997,0,202,15,3,1,22,443.74000000000001,20.170000000000002,488.11000000000001,443.74000000000001,44.369999999999997,0,211,1,22,443.74000000000001,2432.5300000000002,164,2,2432.5300000000002,2,2432.5300000000002,1,2432.5300000000002,160,1,2,1,2432.5300000000002,2432.5300000000002,2432.5300000000002,2432.5300000000002,4,2,1,2,0,2,2,27,4,300,0,0.92307692307692313,1,16.84,0,0,0,1,1,0,0,0,0,0,0,0,0,0,0,0,0,0,0,0,0,9,38,0,19980,1,1,1,1,1,0,1,1,1,1,1,1,1,1,1,1,1,1,1,1,1,1,1,1,1,1,0,0,0,0,0,0,0,0,0,0,0,0,0,0,0,2,1,1,1,1
RCA_001983,INVOICE,USD,PAID,NET30,SALES,640100-SALES,USD,ISSUED,SALES,640100-SALES,SOFTWARE,US,USD,NET30,VIRTUAL_CARD,ACTIVE,VIRTUAL_CARD,USD,COMPLETED,SETTLED,CARD_SETTLEMENT,USD,DEBIT,POSTED,MANAGER,APPROVED,PAYMENT,2267.8000000000002,2055.8699999999999,205.59,6.3399999999999999,299,30,2,3,46,2055.8699999999999,53.086666666666666,2267.8000000000002,2055.8699999999999,205.59,6.3399999999999999,325,3,46,2055.8699999999999,1360.6800000000001,269,2,2267.8000000000002,1,2267.8000000000002,2,1360.6800000000001,266,1,4,2,2267.8000000000002,2267.8000000000002,2267.8000000000002,2267.8000000000002,2,1,1,1,0,1,1,29,4,49,0,0.84615384615384615,1,8.6199999999999992,0,0,0,1,1,0,0,0,0,0,0,0,0,0,0,0,0,0,907.12,907.12,0,26,30,0,38700,1,1,1,1,1,0,1,1,1,1,1,1,1,1,1,1,1,1,1,1,1,1,1,1,1,1,0,0,0,0,0,0,0,0,0,0,0,0,0,0,0,1,2,2,1,1
RCA_001984,PAYMENT,CAD,PAID,NET45,SALES,640100-SALES,__MISSING__,__MISSING__,__MISSING__,__MISSING__,SUPPLIER,CA,CAD,NET45,ACH,ACTIVE,ACH,CAD,COMPLETED,SETTLED,ACH_DEBIT,CAD,DEBIT,POSTED,MANAGER,APPROVED,PAYMENT,5034.7299999999996,5034.7299999999996,0,0,422,45,0,3,27,5034.7299999999996,201.74000000000001,,,,,,0,0,0,2013.8900000000001,374,2,5034.7299999999996,1,5034.7299999999996,2,3020.8400000000001,372,1,4,2,5034.7299999999996,5034.7299999999996,5034.7299999999996,5034.7299999999996,2,1,1,1,0,0,0,35,4,38,0,0.84615384615384615,2,31.420000000000002,0,0,0,1,1,,,,,,,0,0,0,0,1006.95,0.5000024827572509,0,3020.8400000000001,3020.8400000000001,1006.95,,48,-3,67500,0,-1,-1,-1,1,0,-1,1,1,1,1,1,1,1,1,1,1,1,1,1,1,0,1,1,1,1,0,0,0,0,0,0,0,0,0,0,0,0,0,0,1,1,2,2,1,1
RCA_001988,INVOICE,USD,PAID,NET45,ENGINEERING,610100-ENGINEERING,USD,ISSUED,ENGINEERING,610100-ENGINEERING,SOFTWARE,US,USD,NET45,ACH,ACTIVE,ACH,USD,COMPLETED,SETTLED,ACH_DEBIT,USD,DEBIT,POSTED,DIRECTOR,APPROVED,PAYMENT,10411.26,9464.7800000000007,946.48000000000002,0,133,45,0,3,49,9464.7800000000007,181.60333333333332,10411.26,9464.7800000000007,946.48000000000002,0,135,3,49,9464.7800000000007,10411.26,88,1,10411.26,1,10411.26,1,10411.26,83,1,2,1,10411.26,10411.26,10411.26,10411.26,3,2,2,2,0,0,0,28,4,11,0,0.84615384615384615,45,862.63,0,0,0,1,1,0,0,0,0,0,0,0,0,0,0,0,0,0,0,0,0,2,45,0,61680,1,1,1,1,1,0,1,1,1,1,1,1,1,1,1,1,1,1,1,1,1,0,1,1,1,1,0,0,0,0,0,0,0,0,0,0,0,0,0,0,1,1,1,1,1,1
RCA_001989,PAYMENT,USD,PAID,NET60,MARKETING,650100-MARKETING,USD,ISSUED,MARKETING,650100-MARKETING,SERVICES,US,USD,NET60,ACH,ACTIVE,ACH,USD,SUBMITTED,PENDING,ACH_DEBIT,USD,DEBIT,POSTED,MANAGER,APPROVED,PAYMENT,2091.1599999999999,2091.1599999999999,0,0,446,60,0,3,12,2091.1599999999999,190.32333333333335,2091.1599999999999,2091.1599999999999,0,0,470,3,12,2091.1599999999999,1254.7,1,2,2091.1599999999999,1,2091.1599999999999,2,836.46000000000004,378,0,4,2,2091.1599999999999,2091.1599999999999,2091.1599999999999,2091.1599999999999,2,1,1,1,0,1,1,31,4,12,0,0.84615384615384615,1,144.63999999999999,0,0,0,1,0,0,0,0,0,0,0,0,0,1254.7,0.60000191281394055,418.24000000000001,0.33333864668845142,0,836.46000000000004,836.46000000000004,418.24000000000001,24,445,-382,639180,1,1,1,1,1,0,1,1,1,1,1,1,1,0,0,1,1,1,1,0,1,1,1,1,1,1,0,0,0,0,0,0,0,0,0,0,0,0,0,0,0,1,2,1,1,1
RCA_001993,PAYMENT,USD,APPROVED,NET30,ENGINEERING,610100-ENGINEERING,USD,ISSUED,ENGINEERING,610100-ENGINEERING,SUPPLIER,US,USD,NET30,ACH,ACTIVE,ACH,USD,REVERSED,REVERSED,ACH_DEBIT,USD,DEBIT,POSTED,MANAGER,APPROVED,PAYMENT,3315.9899999999998,3014.54,301.44999999999999,0,356,30,5,1,19,3014.54,158.66,3315.9899999999998,3014.54,301.44999999999999,0,377,1,19,3014.54,1989.5899999999999,326,2,3315.9899999999998,1,3315.9899999999998,2,1989.5899999999999,321,2,6,3,5305.5799999999999,5305.5799999999999,3315.9899999999998,3315.9899999999998,2,1,1,1,0,0,0,27,4,5,0,0.76923076923076916,31,170.31999999999999,0,0,0,1,2,0,0,0,0,0,0,0,0,1989.5899999999999,0.59999879372374465,0,0,0,1326.4000000000001,1326.4000000000001,0,21,30,0,34380,1,1,1,1,1,0,1,1,1,1,1,1,1,1,0,1,1,1,1,1,1,0,1,1,1,1,0,0,0,0,0,0,0,0,0,0,0,0,0,0,1,1,2,3,1,1
RCA_001994,PAYMENT,EUR,PAID,DUE_ON_RECEIPT,MARKETING,650100-MARKETING,__MISSING__,__MISSING__,__MISSING__,__MISSING__,SERVICES,DE,EUR,DUE_ON_RECEIPT,ACH,ACTIVE,ACH,EUR,COMPLETED,SETTLED,ACH_DEBIT,USD,DEBIT,POSTED,DIRECTOR,APPROVED,PAYMENT,28135.110000000001,25577.369999999999,2557.7399999999998,0,511,0,3,1,9,25577.369999999999,2841.9299999999998,,,,,,0,0,0,28135.110000000001,505,1,28135.110000000001,1,28135.110000000001,1,30385.919999999998,502,1,2,1,28135.110000000001,28135.110000000001,28135.110000000001,28135.110000000001,3,2,2,2,0,2,1,29,4,49,0,0.84615384615384615,1,0,0,1,1,1,0,,,,,,,0,0,0,0,2250.8099999999999,0.080000042651334938,0,0,0,2250.8099999999999,,6,0,1200,0,-1,-1,-1,1,0,-1,1,1,1,1,1,1,1,1,0,1,1,1,1,1,1,1,1,1,1,0,0,0,0,0,0,0,0,0,0,0,0,0,0,0,1,1,1,1,1
RCA_001997,INVOICE,USD,APPROVED,NET30,PEOPLE,660100-PEOPLE,USD,ISSUED,PEOPLE,660100-PEOPLE,SUPPLIER,US,USD,NET30,ACH,ACTIVE,__MISSING__,__MISSING__,__MISSING__,__MISSING__,__MISSING__,__MISSING__,__MISSING__,__MISSING__,__MISSING__,__MISSING__,__MISSING__,1175.2,1068.3599999999999,106.84,0,410,30,4,2,20,1068.3599999999999,50.230000000000004,1175.2,1068.3599999999999,106.84,0,438,2,20,1068.3599999999999,,,0,0,0,0,0,,,0,0,0,0,0,0,0,0,0,,0,0,0,0,31,4,11,0,0.76923076923076916,40,633.20000000000005,0,0,0,0,0,0,0,0,0,0,0,,,1175.2,1,,,0,,,,28,,,,1,1,1,1,1,0,1,-1,-1,-1,-1,-1,-1,-1,-1,-1,-1,-1,-1,-1,-1,0,-1,-1,-1,1,0,0,0,1,1,1,1,0,0,0,0,0,0,1,1,1,0,0,1,0
RCA_001999,INVOICE,USD,PAID,NET15,SALES,640100-SALES,__MISSING__,__MISSING__,__MISSING__,__MISSING__,SOFTWARE,US,USD,NET15,ACH,ACTIVE,ACH,USD,COMPLETED,SETTLED,ACH_DEBIT,USD,DEBIT,POSTED,MANAGER,APPROVED,PAYMENT,4217.1000000000004,3922.8800000000001,294.22000000000003,0,330,15,1,3,22,3922.8800000000001,145.85333333333332,,,,,,0,0,0,2530.2600000000002,315,2,4217.1000000000004,1,4217.1000000000004,2,2530.2600000000002,312,1,4,2,4217.1000000000004,4217.1000000000004,4217.1000000000004,4217.1000000000004,2,1,1,1,0,0,0,32,4,12,0,0.84615384615384615,3,108.51000000000001,0,0,0,1,1,,,,,,,0,0,0,0,0,0,0,1686.8399999999999,1686.8399999999999,0,,15,0,18540,0,-1,-1,-1,1,0,-1,1,1,1,1,1,1,1,1,1,1,1,1,1,1,0,1,1,1,1,0,0,0,0,0,0,0,0,0,0,0,0,0,0,1,1,2,2,1,1
RCA_002000,PAYMENT,CAD,PAID,NET45,PEOPLE,660100-PEOPLE,CAD,ISSUED,PEOPLE,660100-PEOPLE,SUPPLIER,CA,CAD,NET45,ACH,ACTIVE,ACH,CAD,COMPLETED,SETTLED,ACH_DEBIT,CAD,DEBIT,POSTED,MANAGER,APPROVED,PAYMENT,970.72000000000003,862.28999999999996,86.230000000000004,22.199999999999999,233,45,1,2,21,862.28999999999996,63.659999999999997,970.72000000000003,862.28999999999996,86.230000000000004,22.199999999999999,245,2,21,862.28999999999996,582.42999999999995,188,2,970.72000000000003,1,970.72000000000003,2,582.42999999999995,183,1,4,2,970.72000000000003,970.72000000000003,970.72000000000003,970.72000000000003,2,1,1,1,0,0,0,35,4,38,0,0.84615384615384615,1,244.75999999999999,0,0,0,1,1,0,0,0,0,0,0,0,0,0,0,0,0,0,388.29000000000002,388.29000000000002,0,12,45,0,61740,1,1,1,1,1,0,1,1,1,1,1,1,1,1,1,1,1,1,1,1,1,0,1,1,1,1,0,0,0,0,0,0,0,0,0,0,0,0,0,0,1,1,2,2,1,1
RCA_002004,INVOICE,CAD,PAID,NET30,MARKETING,650100-MARKETING,CAD,ISSUED,MARKETING,650100-MARKETING,SUPPLIER,CA,CAD,NET30,VIRTUAL_CARD,ACTIVE,VIRTUAL_CARD,CAD,COMPLETED,SETTLED,CARD_SETTLEMENT,CAD,DEBIT,POSTED,MANAGER,APPROVED,PAYMENT,7895.0100000000002,7895.0100000000002,0,0,239,30,3,3,31,7895.0100000000002,616.97666666666669,7895.0100000000002,7895.0100000000002,0,0,248,3,31,7895.0100000000002,7895.0100000000002,209,1,7895.0100000000002,1,7895.0100000000002,1,7895.0100000000002,207,1,2,1,7895.0100000000002,7895.0100000000002,7895.0100000000002,7895.0100000000002,2,1,1,1,0,0,0,27,4,20,0,0.84615384615384615,15,319.38,0,0,0,1,1,0,0,0,0,0,0,0,0,0,0,0,0,0,0,0,0,9,30,0,37260,1,1,1,1,1,0,1,1,1,1,1,1,1,1,1,1,1,1,1,1,1,0,1,1,1,1,0,0,0,0,0,0,0,0,0,0,0,0,0,0,1,1,1,1,1,1
RCA_002009,PAYMENT,USD,APPROVED,NET45,PEOPLE,660100-PEOPLE,__MISSING__,__MISSING__,__MISSING__,__MISSING__,SOFTWARE,US,USD,NET45,ACH,ACTIVE,ACH,USD,REVERSED,REVERSED,ACH_DEBIT,USD,DEBIT,POSTED,MANAGER,APPROVED,PAYMENT,2326.6799999999998,2326.6799999999998,0,0,88,45,2,1,6,2326.6799999999998,387.77999999999997,,,,,,0,0,0,1396.01,43,2,2326.6799999999998,1,2326.6799999999998,2,1396.01,40,2,6,3,3722.6900000000001,3722.6900000000001,2326.6799999999998,2326.6799999999998,2,1,1,1,0,0,0,28,4,11,0,0.76923076923076916,37,231.90000000000001,0,0,0,1,2,,,,,,,0,0,1396.01,0.60000085959392779,0,0,0,930.66999999999996,930.66999999999996,0,,45,0,60300,0,-1,-1,-1,1,0,-1,1,1,1,1,1,1,1,0,1,1,1,1,1,1,0,1,1,1,1,0,0,0,0,0,0,0,0,0,0,0,0,0,0,1,1,2,3,1,1
RCA_002010,PAYMENT,JPY,PAID,NET30,LEGAL,670100-LEGAL,JPY,ISSUED,LEGAL,670100-LEGAL,SERVICES,JP,JPY,NET30,ACH,ACTIVE,ACH,JPY,COMPLETED,SETTLED,ACH_DEBIT,JPY,DEBIT,POSTED,DIRECTOR,APPROVED,PAYMENT,13526,12582,944,0,220,30,4,1,18,12582,699,13526,12582,944,0,237,1,18,12582,5410,187,2,13526,1,13526,2,8116,187,1,4,2,13826,13826,13826,13826,3,2,2,2,0,0,0,25,4,4,0,0.84615384615384615,118,5638,0,0,0,1,0,0,0,0,0,0,0,0,0,0,0,2706,0.50018484288354903,0,8416,8416,2706,17,33,-3,38640,1,1,1,1,1,0,1,1,1,1,1,1,1,1,1,1,1,1,1,1,1,0,1,1,1,1,0,0,0,0,0,0,0,0,0,0,0,0,0,0,1,1,2,2,1,1
RCA_002011,INVOICE,JPY,APPROVED,NET60,OPERATIONS,620100-OPERATIONS,JPY,ISSUED,OPERATIONS,620100-OPERATIONS,SERVICES,JP,JPY,NET60,WIRE,ACTIVE,__MISSING__,__MISSING__,__MISSING__,__MISSING__,__MISSING__,__MISSING__,__MISSING__,__MISSING__,__MISSING__,__MISSING__,__MISSING__,2919,2919,0,0,177,60,1,2,45,2919,66,2919,2919,0,0,199,2,45,2919,,,0,0,0,0,0,,,0,0,0,0,0,0,0,0,0,,0,0,1,0,27,4,14,0,0.76923076923076916,11,34,0,0,0,0,0,0,0,0,0,0,0,,,2919,1,,,0,,,,22,,,,1,1,1,1,1,0,1,-1,-1,-1,-1,-1,-1,-1,-1,-1,-1,-1,-1,-1,-1,1,-1,-1,-1,1,0,0,0,1,1,1,1,0,0,0,0,0,0,1,0,1,0,0,1,0
RCA_002013,INVOICE,EUR,APPROVED,NET30,MARKETING,650100-MARKETING,EUR,ISSUED,MARKETING,650100-MARKETING,SERVICES,DE,EUR,NET30,ACH,ACTIVE,__MISSING__,__MISSING__,__MISSING__,__MISSING__,__MISSING__,__MISSING__,__MISSING__,__MISSING__,__MISSING__,__MISSING__,__MISSING__,7513.5799999999999,6830.5299999999997,683.04999999999995,0,351,30,2,3,60,6830.5299999999997,105.32333333333334,7513.5799999999999,6830.5299999999997,683.04999999999995,0,376,3,60,6830.5299999999997,,,0,0,0,0,0,,,0,0,0,0,0,0,0,0,0,,0,0,0,0,31,4,5,0,0.69230769230769229,79,286.49000000000001,0,0,0,0,0,0,0,0,0,0,0,,,7513.5799999999999,1,,,0,,,,25,,,,1,1,1,1,1,0,1,-1,-1,-1,-1,-1,-1,-1,-1,-1,-1,-1,-1,-1,-1,0,-1,-1,-1,1,0,0,0,1,1,1,1,0,0,0,0,0,0,1,1,1,0,0,1,0
RCA_002015,INVOICE,USD,PAID,NET30,LEGAL,670100-LEGAL,USD,ISSUED,LEGAL,670100-LEGAL,SUPPLIER,US,USD,NET30,ACH,ACTIVE,ACH,USD,COMPLETED,SETTLED,ACH_DEBIT,USD,DEBIT,POSTED,CONTROLLER,APPROVED,PAYMENT,58828.129999999997,54723.839999999997,4104.29,0,91,30,4,1,24,54723.839999999997,2280.1599999999999,58828.129999999997,54723.839999999997,4104.29,0,102,1,24,54723.839999999997,35296.879999999997,61,2,58828.129999999997,1,58828.129999999997,2,35296.879999999997,56,1,4,2,58828.129999999997,58828.129999999997,58828.129999999997,58828.129999999997,4,3,3,3,0,0,0,29,4,4,0,0.76923076923076916,57,35418.849999999999,0,0,0,1,1,0,0,0,0,0,0,0,0,0,0,0,0,0,23531.25,23531.25,0,11,30,0,32820,1,1,1,1,1,0,1,1,1,1,1,1,1,1,1,1,1,1,1,0,1,0,1,1,1,1,0,0,0,0,0,0,0,0,0,0,0,0,0,0,1,1,2,2,1,1
RCA_002016,PAYMENT,USD,PAID,NET30,SALES,640100-SALES,USD,ISSUED,SALES,640100-SALES,SOFTWARE,US,USD,NET30,ACH,ACTIVE,ACH,USD,COMPLETED,SETTLED,ACH_DEBIT,USD,DEBIT,POSTED,MANAGER,APPROVED,PAYMENT,2370.9899999999998,2135,213.5,22.489999999999998,209,30,4,1,10,2135,213.5,2370.9899999999998,2135,213.5,22.489999999999998,218,1,10,2135,2370.9899999999998,179,1,2370.9899999999998,1,2370.9899999999998,1,2370.9899999999998,174,1,2,1,2370.9899999999998,2370.9899999999998,2370.9899999999998,2370.9899999999998,2,1,1,1,0,1,1,27,4,13,0,0.76923076923076916,10,270.27999999999997,0,0,0,1,1,0,0,0,0,0,0,0,0,0,0,0,0,0,0,0,0,9,30,0,35820,1,1,1,1,1,0,1,1,1,1,1,1,1,1,1,1,1,1,1,1,1,1,1,1,1,1,0,0,0,0,0,0,0,0,0,0,0,0,0,0,0,1,1,1,1,1
RCA_002017,INVOICE,GBP,APPROVED,NET30,IT,680100-IT,GBP,ISSUED,IT,680100-IT,SOFTWARE,GB,GBP,NET30,WIRE,ACTIVE,__MISSING__,__MISSING__,__MISSING__,__MISSING__,__MISSING__,__MISSING__,__MISSING__,__MISSING__,__MISSING__,__MISSING__,__MISSING__,4415.96,4415.96,0,0,471,30,1,1,4,4415.96,1103.99,4372.2399999999998,4372.2399999999998,0,0,483,1,4,4372.2399999999998,,,0,0,0,0,0,,,0,0,0,0,0,0,0,0,0,,0,0,1,0,26,4,35,0,0.76923076923076916,3,101.5,0,0,0,0,0,43.719999999999999,0.0099994510822827651,0,0,43.719999999999999,0,,,4415.96,1,,,0,,,,12,,,,1,1,1,1,1,0,1,-1,-1,-1,-1,-1,-1,-1,-1,-1,-1,-1,-1,-1,-1,1,-1,-1,-1,1,0,0,0,1,1,1,1,0,0,0,0,0,0,1,0,1,0,0,1,0
RCA_002020,INVOICE,USD,PAID,NET45,MARKETING,650100-MARKETING,USD,ISSUED,MARKETING,650100-MARKETING,PROFESSIONAL,US,USD,NET45,ACH,ACTIVE,ACH,USD,COMPLETED,SETTLED,ACH_DEBIT,USD,DEBIT,POSTED,DIRECTOR,APPROVED,PAYMENT,17485.09,16265.200000000001,1219.8900000000001,0,320,45,0,4,67,16265.200000000001,200.56,17485.09,16265.200000000001,1219.8900000000001,0,345,4,67,16265.200000000001,17485.09,275,1,17485.09,1,17485.09,1,17485.09,272,1,2,1,17485.09,17485.09,17485.09,17485.09,3,2,2,2,0,0,0,27,4,10,0,0.76923076923076916,0,2088.8299999999999,0,0,0,1,1,0,0,0,0,0,0,0,0,0,0,0,0,0,0,0,0,25,45,0,61680,1,1,1,1,1,0,1,1,1,1,1,1,1,1,1,1,1,1,1,1,1,0,1,1,1,1,0,0,0,0,0,0,0,0,0,0,0,0,0,0,1,1,1,1,1,1
RCA_002021,PAYMENT,USD,PAID,NET45,OPERATIONS,620100-OPERATIONS,USD,ISSUED,OPERATIONS,620100-OPERATIONS,SERVICES,US,USD,NET45,ACH,ACTIVE,ACH,USD,SUBMITTED,PENDING,ACH_DEBIT,USD,DEBIT,POSTED,DIRECTOR,APPROVED,PAYMENT,10716.709999999999,9742.4599999999991,974.25,0,317,45,1,1,7,9742.4599999999991,1391.78,10716.709999999999,9742.4599999999991,974.25,0,343,1,7,9742.4599999999991,4286.6800000000003,1,2,10716.709999999999,1,10716.709999999999,2,6430.0299999999997,267,0,4,2,10716.709999999999,10716.709999999999,10716.709999999999,10716.709999999999,3,2,2,2,0,2,2,30,4,135,0,0.84615384615384615,4,118.55,0,0,0,1,0,0,0,0,0,0,0,0,0,4286.6800000000003,0.39999962675112044,2143.3499999999999,0.50000233280767403,0,6430.0299999999997,6430.0299999999997,2143.3499999999999,26,316,-271,450480,1,1,1,1,1,0,1,1,1,1,1,1,1,0,0,1,1,1,1,0,1,1,1,1,1,1,0,0,0,0,0,0,0,0,0,0,0,0,0,0,0,1,2,1,1,1
RCA_002022,PAYMENT,JPY,PAID,NET30,FINANCE,630100-FINANCE,__MISSING__,__MISSING__,__MISSING__,__MISSING__,SERVICES,JP,JPY,NET30,ACH,ACTIVE,ACH,JPY,COMPLETED,SETTLED,ACH_DEBIT,JPY,DEBIT,POSTED,MANAGER,APPROVED,PAYMENT,1499,1394,105,0,431,30,5,2,7,1394,198.5,,,,,,0,0,0,1499,401,1,1499,1,1499,1,1474,398,1,2,1,1499,1499,1499,1499,2,1,1,1,0,0,0,30,4,13,0,0.84615384615384615,1,0,25,0,0,1,0,,,,,,,0,0,0,0,25,0.016677785190126752,0,0,0,0,,30,0,34380,0,-1,-1,-1,1,0,-1,1,1,1,1,1,1,1,1,1,1,1,1,1,1,0,1,1,1,1,0,0,0,0,0,0,0,0,0,0,0,0,0,0,1,1,1,1,1,1
RCA_002024,INVOICE,USD,CANCELED,NET15,LEGAL,670100-LEGAL,__MISSING__,__MISSING__,__MISSING__,__MISSING__,SERVICES,US,USD,NET15,CHECK,ACTIVE,__MISSING__,__MISSING__,__MISSING__,__MISSING__,__MISSING__,__MISSING__,__MISSING__,__MISSING__,__MISSING__,__MISSING__,__MISSING__,3252.2600000000002,3252.2600000000002,0,0,492,15,5,1,11,3252.2600000000002,295.66000000000003,,,,,,0,0,0,,,0,0,0,0,0,,,0,0,0,0,0,0,0,0,0,,0,0,1,0,28,4,8,0,0.84615384615384615,26,72.890000000000001,0,0,0,0,0,,,,,,,,,3252.2600000000002,1,,,0,,,,,,,,0,-1,-1,-1,1,0,-1,-1,-1,-1,-1,-1,-1,-1,-1,-1,-1,-1,-1,-1,-1,1,-1,-1,-1,1,0,0,0,1,1,1,1,0,0,0,0,0,0,1,0,1,0,0,1,0
RCA_002026,PAYMENT,JPY,PAID,NET30,IT,680100-IT,JPY,ISSUED,IT,680100-IT,SUPPLIER,JP,JPY,NET30,ACH,ACTIVE,ACH,JPY,COMPLETED,SETTLED,ACH_DEBIT,JPY,DEBIT,POSTED,DIRECTOR,APPROVED,PAYMENT,10472,10464,0,8,421,30,3,2,36,10464,348,10472,10464,0,8,451,2,36,10464,4189,388,2,10472,1,10472,2,6283,386,1,4,2,10472,10472,10472,10472,3,2,2,2,0,0,0,27,4,5,0,0.84615384615384615,43,2284,0,0,0,1,0,0,0,0,0,0,0,0,0,0,0,2094,0.49988063977082836,0,6283,6283,2094,30,33,-3,40080,1,1,1,1,1,0,1,1,1,1,1,1,1,1,1,1,1,1,1,1,1,0,1,1,1,1,0,0,0,0,0,0,0,0,0,0,0,0,0,0,1,1,2,2,1,1
RCA_002027,INVOICE,USD,PAID,NET45,MARKETING,650100-MARKETING,__MISSING__,__MISSING__,__MISSING__,__MISSING__,SOFTWARE,US,USD,NET45,ACH,ACTIVE,ACH,USD,COMPLETED,SETTLED,ACH_DEBIT,USD,DEBIT,POSTED,DIRECTOR,APPROVED,PAYMENT,12632.84,11484.4,1148.4400000000001,0,137,45,0,1,4,11484.4,2871.0999999999999,,,,,,0,0,0,13028.84,92,2,13028.84,2,13028.84,1,11316.41,92,1,2,1,13028.84,13028.84,13028.84,13028.84,5,3,2,3,0,1,1,30,4,350,0,0.84615384615384615,3,114.16,0,0,0,1,1,,,,,,,0,0,0,0,1712.4300000000001,0.13143380377685196,0,0,0,1712.4300000000001,,45,-5,61680,0,-1,-1,-1,1,0,-1,1,1,1,1,1,1,1,1,1,1,1,1,1,1,1,1,1,1,1,0,0,0,0,0,0,0,0,0,0,0,0,0,0,0,2,1,1,1,1
RCA_002028,INVOICE,GBP,PAID,NET30,FINANCE,630100-FINANCE,__MISSING__,__MISSING__,__MISSING__,__MISSING__,SOFTWARE,GB,GBP,NET30,WIRE,ACTIVE,WIRE,GBP,COMPLETED,SETTLED,WIRE_DEBIT,GBP,DEBIT,POSTED,MANAGER,APPROVED,PAYMENT,4785.7799999999997,4451.8900000000003,333.88999999999999,0,228,30,1,2,17,4451.8900000000003,373.38999999999999,,,,,,0,0,0,8448.9300000000003,198,2,8448.9300000000003,2,8448.9300000000003,1,8448.9300000000003,197,1,2,1,8448.9300000000003,8448.9300000000003,8448.9300000000003,8448.9300000000003,4,2,1,1,0,1,0,26,4,35,0,0.92307692307692313,3,0,0,0,0,1,1,,,,,,,0,0,0,0,0,0,0,0,0,0,,30,0,40140,0,-1,-1,-1,1,0,-1,1,1,1,1,1,1,1,1,1,1,1,1,1,1,1,1,1,1,1,0,0,0,0,0,0,0,0,0,0,0,0,0,0,0,2,1,1,1,1
RCA_002031,INVOICE,USD,PAID,NET30,MARKETING,650100-MARKETING,__MISSING__,__MISSING__,__MISSING__,__MISSING__,SUPPLIER,US,USD,NET30,CHECK,ACTIVE,CHECK,USD,COMPLETED,SETTLED,CHECK_CLEARING,USD,DEBIT,POSTED,MANAGER,APPROVED,PAYMENT,5272.6899999999996,4793.3500000000004,479.33999999999997,0,21,30,1,3,14,4793.3500000000004,786.84000000000003,,,,,,0,0,0,3163.6100000000001,15,2,5272.6899999999996,1,5272.6899999999996,2,3163.6100000000001,1,1,4,2,5272.6899999999996,5272.6899999999996,5272.6899999999996,5272.6899999999996,2,1,1,1,0,0,0,29,4,13,0,0.76923076923076916,118,401.05000000000001,0,0,0,1,1,,,,,,,0,0,0,0,0,0,0,2109.0799999999999,2109.0799999999999,0,,6,0,5580,0,-1,-1,-1,1,0,-1,1,1,1,1,1,1,1,1,1,1,1,1,1,1,0,1,1,1,1,0,0,0,0,0,0,0,0,0,0,0,0,0,0,1,1,2,2,1,1
RCA_002032,PAYMENT,USD,PAID,NET15,OPERATIONS,620100-OPERATIONS,USD,ISSUED,OPERATIONS,620100-OPERATIONS,SOFTWARE,US,USD,NET15,ACH,ACTIVE,ACH,USD,COMPLETED,SETTLED,ACH_DEBIT,USD,DEBIT,POSTED,MANAGER,APPROVED,PAYMENT,6995.6099999999997,6242.3999999999996,624.24000000000001,128.97,242,15,5,1,12,6242.3999999999996,520.20000000000005,6995.6099999999997,6242.3999999999996,624.24000000000001,128.97,265,1,12,6242.3999999999996,9601.2700000000004,227,2,9601.2700000000004,2,9601.2700000000004,1,9601.2700000000004,223,1,2,1,9601.2700000000004,9601.2700000000004,9601.2700000000004,9601.2700000000004,4,2,1,1,0,2,0,27,4,300,0,0.92307692307692313,0,15.220000000000001,0,0,0,1,1,0,0,0,0,0,0,0,0,0,0,0,0,0,0,0,0,23,15,0,12780,1,1,1,1,1,0,1,1,1,1,1,1,1,1,1,1,1,1,1,1,1,1,1,1,1,1,0,0,0,0,0,0,0,0,0,0,0,0,0,0,0,2,1,1,1,1
RCA_002035,BANK_TRANSACTION,EUR,PAID,NET30,IT,680100-IT,__MISSING__,__MISSING__,__MISSING__,__MISSING__,PROFESSIONAL,DE,EUR,NET30,WIRE,ACTIVE,WIRE,EUR,COMPLETED,SETTLED,BANK_FEE,EUR,DEBIT,POSTED,MANAGER,APPROVED,PAYMENT,5156.1400000000003,5156.1400000000003,0,0,403,30,5,3,26,5156.1400000000003,198.41,,,,,,0,0,0,5156.1400000000003,373,1,5156.1400000000003,1,5156.1400000000003,1,15,372,2,2,1,5156.1400000000003,5156.1400000000003,5156.1400000000003,5156.1400000000003,2,1,1,1,0,0,0,26,4,11,0,0.76923076923076916,6,3316.4099999999999,15,0,0,1,1,,,,,,,0,0,0,0,5141.1400000000003,0.99709084702897899,0,0,0,5126.1400000000003,,30,0,34380,0,-1,-1,-1,1,0,-1,1,1,1,1,1,1,1,0,1,0,1,1,1,1,0,1,1,1,1,0,0,0,0,0,0,0,0,0,0,0,0,0,0,1,1,1,2,1,1
RCA_002037,PAYMENT,CAD,PAID,NET30,ENGINEERING,610100-ENGINEERING,CAD,ISSUED,ENGINEERING,610100-ENGINEERING,SUPPLIER,CA,CAD,NET30,ACH,ACTIVE,ACH,CAD,SUBMITTED,PENDING,__MISSING__,__MISSING__,__MISSING__,__MISSING__,MANAGER,APPROVED,PAYMENT,8252.7399999999998,7621.2799999999997,571.60000000000002,59.859999999999999,167,30,1,2,32,7621.2799999999997,249.34,8252.7399999999998,7621.2799999999997,571.60000000000002,59.859999999999999,177,2,32,7621.2799999999997,8252.7399999999998,1,1,8252.7399999999998,1,8252.7399999999998,1,,,0,2,1,8252.7399999999998,8252.7399999999998,8252.7399999999998,8252.7399999999998,2,1,1,1,0,0,0,32,4,11,0,0.76923076923076916,12,454.80000000000001,0,0,0,1,0,0,0,0,0,0,0,0,0,8252.7399999999998,1,,,0,0,0,,10,166,,235980,1,1,1,1,1,0,1,1,1,1,1,1,1,0,0,-1,-1,1,1,1,1,0,1,1,1,1,0,0,0,0,1,0,0,0,0,0,0,0,0,0,1,1,1,0,1,1
RCA_002041,PAYMENT,USD,APPROVED,NET30,ENGINEERING,610100-ENGINEERING,__MISSING__,__MISSING__,__MISSING__,__MISSING__,SERVICES,US,USD,NET30,ACH,ACTIVE,ACH,USD,REVERSED,REVERSED,ACH_DEBIT,USD,DEBIT,POSTED,MANAGER,APPROVED,PAYMENT,7627.6300000000001,7095.4700000000003,532.15999999999997,0,435,30,0,3,13,7095.4700000000003,1343.79,,,,,,0,0,0,3051.0500000000002,402,2,7627.6300000000001,1,7627.6300000000001,2,4576.5799999999999,400,2,6,3,10678.68,10678.68,7627.6300000000001,7627.6300000000001,2,1,1,1,0,0,0,32,4,14,0,0.76923076923076916,23,70.060000000000002,0,0,0,1,2,,,,,,,0,0,3051.0500000000002,0.39999973779535714,1525.53,0.50000163878009207,0,4576.5799999999999,4576.5799999999999,1525.53,,33,-3,45900,0,-1,-1,-1,1,0,-1,1,1,1,1,1,1,1,0,1,1,1,1,1,1,0,1,1,1,1,0,0,0,0,0,0,0,0,0,0,0,0,0,0,1,1,2,3,1,1
RCA_002043,INVOICE,USD,PAID,DUE_ON_RECEIPT,FINANCE,630100-FINANCE,__MISSING__,__MISSING__,__MISSING__,__MISSING__,SOFTWARE,US,USD,DUE_ON_RECEIPT,ACH,ACTIVE,ACH,USD,COMPLETED,SETTLED,ACH_DEBIT,USD,DEBIT,POSTED,MANAGER,APPROVED,PAYMENT,586.28999999999996,586.28999999999996,0,0,89,0,1,2,11,586.28999999999996,130.91,,,,,,0,0,0,586.28999999999996,86,1,586.28999999999996,1,586.28999999999996,1,586.28999999999996,83,1,2,1,586.28999999999996,586.28999999999996,586.28999999999996,586.28999999999996,2,1,1,1,0,2,2,32,4,51,0,0.84615384615384615,4,154.03,0,0,0,1,1,,,,,,,0,0,0,0,0,0,0,0,0,0,,3,0,1260,0,-1,-1,-1,1,0,-1,1,1,1,1,1,1,1,1,1,1,1,1,1,1,1,1,1,1,1,0,0,0,0,0,0,0,0,0,0,0,0,0,0,0,1,1,1,1,1
RCA_002045,INVOICE,USD,PAID,NET30,MARKETING,650100-MARKETING,USD,ISSUED,MARKETING,650100-MARKETING,SUPPLIER,US,USD,NET30,ACH,ACTIVE,ACH,USD,COMPLETED,SETTLED,ACH_DEBIT,USD,DEBIT,POSTED,MANAGER,APPROVED,PAYMENT,8810.3099999999995,8188.9799999999996,614.16999999999996,7.1600000000000001,414,30,2,2,36,8188.9799999999996,232.43000000000001,8810.3099999999995,8188.9799999999996,614.16999999999996,7.1600000000000001,416,2,36,8188.9799999999996,8810.3099999999995,384,1,8810.3099999999995,1,8810.3099999999995,1,8785.3099999999995,379,1,2,1,8810.3099999999995,8810.3099999999995,8810.3099999999995,8810.3099999999995,2,1,1,1,0,0,0,30,4,12,0,0.76923076923076916,71,3121.1399999999999,25,0,0,1,0,0,0,0,0,0,0,0,0,0,0,25,0.0028375846025849262,0,0,0,0,2,30,0,38700,1,1,1,1,1,0,1,1,1,1,1,1,1,1,1,1,1,1,1,1,1,0,1,1,1,1,0,0,0,0,0,0,0,0,0,0,0,0,0,0,1,1,1,1,1,1
RCA_002047,INVOICE,USD,PAID,NET30,MARKETING,650100-MARKETING,USD,ISSUED,MARKETING,650100-MARKETING,SUPPLIER,US,USD,NET30,ACH,ACTIVE,ACH,USD,COMPLETED,SETTLED,ACH_DEBIT,USD,DEBIT,POSTED,DIRECTOR,APPROVED,PAYMENT,11349.139999999999,10557.34,791.79999999999995,0,414,30,3,2,26,10557.34,390.88999999999999,11349.139999999999,10557.34,791.79999999999995,0,421,2,26,10557.34,6809.4799999999996,384,2,11349.139999999999,1,11349.139999999999,2,6809.4799999999996,379,1,4,2,11349.139999999999,11349.139999999999,11349.139999999999,11349.139999999999,3,2,2,2,0,0,0,26,4,6,0,0.69230769230769229,4,2964.5100000000002,0,0,0,1,1,0,0,0,0,0,0,0,0,0,0,0,0,0,4539.6599999999999,4539.6599999999999,0,7,30,0,35760,1,1,1,1,1,0,1,1,1,1,1,1,1,1,1,1,1,1,1,1,1,0,1,1,1,1,0,0,0,0,0,0,0,0,0,0,0,0,0,0,1,1,2,2,1,1
RCA_002050,PAYMENT,USD,PAID,NET15,OPERATIONS,620100-OPERATIONS,USD,ISSUED,OPERATIONS,620100-OPERATIONS,SOFTWARE,US,USD,NET15,CHECK,ACTIVE,CHECK,USD,COMPLETED,SETTLED,CHECK_CLEARING,USD,DEBIT,POSTED,MANAGER,APPROVED,PAYMENT,2993.9499999999998,2785.0700000000002,208.88,0,179,15,1,2,3,2785.0700000000002,920.97000000000003,2993.9499999999998,2785.0700000000002,208.88,0,206,2,3,2785.0700000000002,4384.8000000000002,164,2,4384.8000000000002,2,4384.8000000000002,1,4384.8000000000002,151,1,2,1,4384.8000000000002,4384.8000000000002,4384.8000000000002,4384.8000000000002,4,2,1,1,0,1,1,28,4,150,0,0.84615384615384615,3,8.8399999999999999,0,0,0,1,1,0,0,0,0,0,0,0,0,0,0,0,0,0,0,0,0,27,15,0,18540,1,1,1,1,1,0,1,1,1,1,1,1,1,1,1,1,1,1,1,1,1,1,1,1,1,1,0,0,0,0,0,0,0,0,0,0,0,0,0,0,0,2,1,1,1,1
RCA_002052,INVOICE,USD,PAID,NET30,SALES,640100-SALES,USD,ISSUED,SALES,640100-SALES,SERVICES,US,USD,NET30,WIRE,ACTIVE,WIRE,USD,COMPLETED,SETTLED,WIRE_DEBIT,USD,DEBIT,POSTED,MANAGER,APPROVED,PAYMENT,5642.9499999999998,5120.5500000000002,512.05999999999995,10.34,126,30,2,3,43,5120.5500000000002,332.94999999999999,5642.9499999999998,5120.5500000000002,512.05999999999995,10.34,136,3,43,5120.5500000000002,9621.3600000000006,96,2,9621.3600000000006,2,9621.3600000000006,1,9621.3600000000006,95,1,2,1,9621.3600000000006,9621.3600000000006,9621.3600000000006,9621.3600000000006,4,2,1,1,0,0,0,29,4,29,0,0.84615384615384615,2,208.61000000000001,0,0,0,1,1,0,0,0,0,0,0,0,0,0,0,0,0,0,0,0,0,10,30,0,38700,1,1,1,1,1,0,1,1,1,1,1,1,1,1,1,1,1,1,1,1,1,0,1,1,1,1,0,0,0,0,0,0,0,0,0,0,0,0,0,0,1,2,1,1,1,1
RCA_002053,PAYMENT,USD,PAID,NET45,OPERATIONS,620100-OPERATIONS,__MISSING__,__MISSING__,__MISSING__,__MISSING__,SOFTWARE,US,USD,NET45,ACH,ACTIVE,ACH,USD,SUBMITTED,PENDING,__MISSING__,__MISSING__,__MISSING__,__MISSING__,MANAGER,APPROVED,PAYMENT,5625.75,5233.2600000000002,392.49000000000001,0,526,45,2,2,20,5233.2600000000002,251.06,,,,,,0,0,0,5625.75,1,1,5625.75,1,5625.75,1,,,0,2,1,5625.75,5625.75,5625.75,5625.75,2,1,1,1,0,0,0,29,4,19,0,0.84615384615384615,49,261.72000000000003,0,0,0,1,0,,,,,,,0,0,5625.75,1,,,0,0,0,,,525,,751500,0,-1,-1,-1,1,0,-1,1,1,1,1,1,1,0,0,-1,-1,1,1,1,1,0,1,1,1,1,0,0,0,0,1,0,0,0,0,0,0,0,0,0,1,1,1,0,1,1
RCA_002054,PAYMENT,USD,PAID,NET45,PEOPLE,660100-PEOPLE,USD,ISSUED,PEOPLE,660100-PEOPLE,SERVICES,US,USD,NET45,WIRE,ACTIVE,WIRE,USD,COMPLETED,SETTLED,WIRE_DEBIT,USD,DEBIT,POSTED,MANAGER,APPROVED,PAYMENT,1248.4300000000001,1152.8,86.459999999999994,9.1699999999999999,254,45,2,2,40,1152.8,34.575000000000003,1248.4300000000001,1152.8,86.459999999999994,9.1699999999999999,273,2,40,1152.8,1248.4300000000001,209,1,1248.4300000000001,1,1248.4300000000001,1,1223.4300000000001,208,1,2,1,1248.4300000000001,1248.4300000000001,1248.4300000000001,1248.4300000000001,2,1,1,1,0,0,0,29,4,17,0,0.84615384615384615,4,41.119999999999997,25,0,0,1,0,0,0,0,0,0,0,0,0,0,0,25,0.020025151590397538,0,0,0,0,19,45,0,60300,1,1,1,1,1,0,1,1,1,1,1,1,1,1,1,1,1,1,1,1,1,0,1,1,1,1,0,0,0,0,0,0,0,0,0,0,0,0,0,0,1,1,1,1,1,1
RCA_002056,INVOICE,GBP,CANCELED,NET30,MARKETING,650100-MARKETING,GBP,ISSUED,MARKETING,650100-MARKETING,SOFTWARE,GB,GBP,NET30,WIRE,ACTIVE,__MISSING__,__MISSING__,__MISSING__,__MISSING__,__MISSING__,__MISSING__,__MISSING__,__MISSING__,__MISSING__,__MISSING__,__MISSING__,9204,8557.2299999999996,641.78999999999996,4.9800000000000004,413,30,4,1,11,8557.2299999999996,777.92999999999995,9204,8557.2299999999996,641.78999999999996,4.9800000000000004,443,1,11,8557.2299999999996,,,0,0,0,0,0,,,0,0,0,0,0,0,0,0,0,,0,0,1,0,26,4,36,0,0.84615384615384615,36,1674.0699999999999,0,0,0,0,0,0,0,0,0,0,0,,,9204,1,,,0,,,,30,,,,1,1,1,1,1,0,1,-1,-1,-1,-1,-1,-1,-1,-1,-1,-1,-1,-1,-1,-1,1,-1,-1,-1,1,0,0,0,1,1,1,1,0,0,0,0,0,0,1,0,1,0,0,1,0
RCA_002060,INVOICE,USD,APPROVED,NET30,LEGAL,670100-LEGAL,__MISSING__,__MISSING__,__MISSING__,__MISSING__,SERVICES,US,USD,NET30,WIRE,ACTIVE,__MISSING__,__MISSING__,__MISSING__,__MISSING__,__MISSING__,__MISSING__,__MISSING__,__MISSING__,__MISSING__,__MISSING__,__MISSING__,2834.8899999999999,2834.8899999999999,0,0,199,30,2,3,20,2834.8899999999999,208.61000000000001,,,,,,0,0,0,,,0,0,0,0,0,,,0,0,0,0,0,0,0,0,0,,0,0,0,0,29,4,29,0,0.92307692307692313,4,111.29000000000001,0,0,0,0,0,,,,,,,,,2834.8899999999999,1,,,0,,,,,,,,0,-1,-1,-1,1,0,-1,-1,-1,-1,-1,-1,-1,-1,-1,-1,-1,-1,-1,-1,-1,0,-1,-1,-1,1,0,0,0,1,1,1,1,0,0,0,0,0,0,1,1,1,0,0,1,0
RCA_002062,PAYMENT,USD,PAID,NET45,IT,680100-IT,USD,ISSUED,IT,680100-IT,SOFTWARE,US,USD,NET45,ACH,ACTIVE,ACH,USD,COMPLETED,SETTLED,ACH_DEBIT,USD,DEBIT,POSTED,DIRECTOR,APPROVED,PAYMENT,10942,10178.6,763.39999999999998,0,365,45,1,3,25,10178.6,527.77666666666664,10942,10178.6,763.39999999999998,0,377,3,25,10178.6,13529.889999999999,320,2,13529.889999999999,2,13529.889999999999,1,13529.889999999999,315,1,2,1,13529.889999999999,13529.889999999999,13529.889999999999,13529.889999999999,5,3,2,2,0,1,0,30,4,350,0,0.84615384615384615,1,21.68,0,0,0,1,1,0,0,0,0,0,0,0,0,0,0,0,0,0,0,0,0,12,45,0,60240,1,1,1,1,1,0,1,1,1,1,1,1,1,1,1,1,1,1,1,1,1,1,1,1,1,1,0,0,0,0,0,0,0,0,0,0,0,0,0,0,0,2,1,1,1,1
RCA_002063,INVOICE,USD,PAID,NET60,IT,680100-IT,__MISSING__,__MISSING__,__MISSING__,__MISSING__,LOGISTICS,US,USD,NET60,ACH,ACTIVE,ACH,USD,COMPLETED,SETTLED,ACH_DEBIT,USD,DEBIT,POSTED,DIRECTOR,APPROVED,PAYMENT,29647.830000000002,29647.830000000002,0,0,223,60,5,2,9,29647.830000000002,14587.035,,,,,,0,0,0,17788.700000000001,163,2,29647.830000000002,1,29647.830000000002,2,17788.700000000001,160,1,4,2,29647.830000000002,29647.830000000002,29647.830000000002,29647.830000000002,3,2,2,2,0,0,0,32,4,23,0,0.76923076923076916,0,14900.290000000001,0,0,0,1,1,,,,,,,0,0,0,0,0,0,0,11859.129999999999,11859.129999999999,0,,60,0,76080,0,-1,-1,-1,1,0,-1,1,1,1,1,1,1,1,1,1,1,1,1,1,1,0,1,1,1,1,0,0,0,0,0,0,0,0,0,0,0,0,0,0,1,1,2,2,1,1
RCA_002064,PAYMENT,USD,PAID,DUE_ON_RECEIPT,IT,680100-IT,__MISSING__,__MISSING__,__MISSING__,__MISSING__,SOFTWARE,US,USD,DUE_ON_RECEIPT,ACH,ACTIVE,ACH,USD,COMPLETED,SETTLED,ACH_DEBIT,USD,DEBIT,POSTED,DIRECTOR,APPROVED,PAYMENT,14178.42,13189.23,989.19000000000005,0,500,0,1,1,9,13189.23,1465.47,,,,,,0,0,0,8507.0499999999993,496,2,14178.42,1,14178.42,2,8507.0499999999993,491,1,4,2,14178.42,14178.42,14178.42,14178.42,3,2,2,2,0,0,0,31,4,10,0,0.84615384615384615,7,7834.1199999999999,0,0,0,1,1,,,,,,,0,0,0,0,0,0,0,5671.3699999999999,5671.3699999999999,0,,4,0,1200,0,-1,-1,-1,1,0,-1,1,1,1,1,1,1,1,1,1,1,1,1,1,1,0,1,1,1,1,0,0,0,0,0,0,0,0,0,0,0,0,0,0,1,1,2,2,1,1
RCA_002069,PAYMENT,USD,PAID,NET60,ENGINEERING,610100-ENGINEERING,USD,ISSUED,ENGINEERING,610100-ENGINEERING,SOFTWARE,US,USD,NET60,ACH,ACTIVE,ACH,USD,SUBMITTED,PENDING,ACH_DEBIT,USD,DEBIT,POSTED,MANAGER,APPROVED,PAYMENT,5347.96,4934.3400000000001,370.07999999999998,43.539999999999999,113,60,5,2,31,4934.3400000000001,235.07999999999998,5347.96,4934.3400000000001,370.07999999999998,43.539999999999999,137,2,31,4934.3400000000001,2139.1799999999998,1,2,5347.96,1,5347.96,2,3208.7800000000002,48,0,4,2,5347.96,5347.96,5347.96,5347.96,2,1,1,1,0,0,0,33,4,5,0,0.76923076923076916,63,1225.47,0,0,0,1,0,0,0,0,0,0,0,0,0,2139.1799999999998,0.39999925205124942,1069.5999999999999,0.50000467468843202,0,3208.7800000000002,3208.7800000000002,1069.5999999999999,24,112,-52,152460,1,1,1,1,1,0,1,1,1,1,1,1,1,0,0,1,1,1,1,0,1,0,1,1,1,1,0,0,0,0,0,0,0,0,0,0,0,0,0,0,1,1,2,1,1,1
RCA_002079,INVOICE,USD,PAID,NET60,OPERATIONS,620100-OPERATIONS,USD,ISSUED,OPERATIONS,620100-OPERATIONS,SERVICES,US,USD,NET60,ACH,ACTIVE,ACH,USD,COMPLETED,SETTLED,ACH_DEBIT,USD,DEBIT,POSTED,MANAGER,APPROVED,PAYMENT,688.27999999999997,640.25999999999999,48.020000000000003,0,226,60,3,2,27,640.25999999999999,27.609999999999999,688.27999999999997,640.25999999999999,48.020000000000003,0,248,2,27,640.25999999999999,412.97000000000003,166,2,688.27999999999997,1,688.27999999999997,2,412.97000000000003,161,1,4,2,688.27999999999997,688.27999999999997,688.27999999999997,688.27999999999997,2,1,1,1,0,1,1,28,4,26,0,0.76923076923076916,21,297.27999999999997,0,0,0,1,1,0,0,0,0,0,0,0,0,0,0,0,0,0,275.31,275.31,0,22,60,0,80460,1,1,1,1,1,0,1,1,1,1,1,1,1,1,1,1,1,1,1,0,1,1,1,1,1,1,0,0,0,0,0,0,0,0,0,0,0,0,0,0,0,1,2,2,1,1
RCA_002080,PAYMENT,CAD,PAID,NET45,LEGAL,670100-LEGAL,CAD,ISSUED,LEGAL,670100-LEGAL,SUPPLIER,CA,CAD,NET45,ACH,ACTIVE,ACH,CAD,COMPLETED,SETTLED,ACH_DEBIT,CAD,DEBIT,POSTED,MANAGER,APPROVED,PAYMENT,7909.8199999999997,7357.9700000000003,551.85000000000002,0,343,45,5,4,59,7357.9700000000003,144.4325,7909.8199999999997,7357.9700000000003,551.85000000000002,0,357,4,59,7357.9700000000003,7909.8199999999997,298,1,7909.8199999999997,1,7909.8199999999997,1,7909.8199999999997,293,1,2,1,7909.8199999999997,7909.8199999999997,7909.8199999999997,7909.8199999999997,2,1,1,1,0,0,0,35,4,38,0,0.84615384615384615,16,285.77999999999997,0,0,0,1,1,0,0,0,0,0,0,0,0,0,0,0,0,0,0,0,0,14,45,0,55980,1,1,1,1,1,0,1,1,1,1,1,1,1,1,1,1,1,1,1,1,1,0,1,1,1,1,0,0,0,0,0,0,0,0,0,0,0,0,0,0,1,1,1,1,1,1
RCA_002083,INVOICE,USD,PAID,NET30,LEGAL,670100-LEGAL,USD,ISSUED,LEGAL,670100-LEGAL,PROFESSIONAL,US,USD,NET30,WIRE,ACTIVE,WIRE,USD,COMPLETED,SETTLED,WIRE_DEBIT,USD,DEBIT,POSTED,MANAGER,APPROVED,PAYMENT,7179.9099999999999,6527.1899999999996,652.72000000000003,0,289,30,2,3,49,6527.1899999999996,256.31999999999999,7179.9099999999999,6527.1899999999996,652.72000000000003,0,303,3,49,6527.1899999999996,7179.9099999999999,259,1,7179.9099999999999,1,7179.9099999999999,1,7179.9099999999999,258,1,2,1,7179.9099999999999,7179.9099999999999,7179.9099999999999,7179.9099999999999,2,1,1,1,0,1,0,29,4,20,0,0.84615384615384615,7,690.51999999999998,0,0,0,1,1,0,0,0,0,0,0,0,0,0,0,0,0,0,0,0,0,14,30,0,38700,1,1,1,1,1,0,1,1,1,1,1,1,1,1,1,1,1,1,1,1,1,1,1,1,1,1,0,0,0,0,0,0,0,0,0,0,0,0,0,0,0,1,1,1,1,1
RCA_002087,INVOICE,USD,CREDIT_APPLIED,NET30,OPERATIONS,620100-OPERATIONS,__MISSING__,__MISSING__,__MISSING__,__MISSING__,SOFTWARE,US,USD,NET30,ACH,ACTIVE,__MISSING__,__MISSING__,__MISSING__,__MISSING__,__MISSING__,__MISSING__,__MISSING__,__MISSING__,__MISSING__,__MISSING__,__MISSING__,-1694.8699999999999,-1540.79,-154.08000000000001,0,384,30,1,3,6,-1540.79,-307.05000000000001,,,,,,0,0,0,,,0,0,0,0,0,,,0,0,0,0,0,0,0,0,0,,0,0,1,0,30,4,32,0,0.69230769230769229,0,3022.9699999999998,0,0,0,0,0,,,,,,,,,1694.8699999999999,1,,,0,,,,,,,,0,-1,-1,-1,1,0,-1,-1,-1,-1,-1,-1,-1,-1,-1,-1,-1,-1,-1,-1,-1,1,-1,-1,-1,1,0,0,0,1,1,1,1,0,0,0,0,0,0,1,0,1,0,0,1,0
RCA_002088,INVOICE,CAD,CANCELED,NET30,ENGINEERING,610100-ENGINEERING,__MISSING__,__MISSING__,__MISSING__,__MISSING__,SERVICES,CA,CAD,NET30,ACH,ACTIVE,__MISSING__,__MISSING__,__MISSING__,__MISSING__,__MISSING__,__MISSING__,__MISSING__,__MISSING__,__MISSING__,__MISSING__,__MISSING__,6754.25,6283.0200000000004,471.23000000000002,0,304,30,3,1,6,6283.0200000000004,1047.1700000000001,,,,,,0,0,0,,,0,0,0,0,0,,,0,0,0,0,0,0,0,0,0,,0,0,0,0,26,4,11,0,0.84615384615384615,5,769.33000000000004,0,0,0,0,0,,,,,,,,,6754.25,1,,,0,,,,,,,,0,-1,-1,-1,1,0,-1,-1,-1,-1,-1,-1,-1,-1,-1,-1,-1,-1,-1,-1,-1,0,-1,-1,-1,1,0,0,0,1,1,1,1,0,0,0,0,0,0,1,1,1,0,0,1,0
RCA_002090,PAYMENT,GBP,PAID,NET30,PEOPLE,660100-PEOPLE,GBP,ISSUED,PEOPLE,660100-PEOPLE,SUPPLIER,GB,GBP,NET30,WIRE,ACTIVE,WIRE,GBP,COMPLETED,SETTLED,WIRE_DEBIT,USD,DEBIT,POSTED,MANAGER,APPROVED,PAYMENT,1930.5699999999999,1924.4400000000001,0,6.1299999999999999,537,30,2,1,14,1924.4400000000001,137.46000000000001,1930.5699999999999,1924.4400000000001,0,6.1299999999999999,540,1,14,1924.4400000000001,1930.5699999999999,507,1,1930.5699999999999,1,1930.5699999999999,1,2451.8200000000002,505,1,2,1,1930.5699999999999,1930.5699999999999,1930.5699999999999,1930.5699999999999,2,1,1,1,0,0,0,29,4,9,0,0.84615384615384615,29,882.83000000000004,0,1,1,1,0,0,0,0,0,0,0,0,0,0,0,521.25,0.26999797987122975,0,0,0,521.25,3,30,0,38700,1,1,1,1,1,0,1,1,1,1,1,1,1,1,1,0,1,1,1,1,1,0,1,1,1,1,0,0,0,0,0,0,0,0,0,0,0,0,0,0,1,1,1,1,1,1
RCA_002091,INVOICE,USD,PAID,NET45,PEOPLE,660100-PEOPLE,USD,ISSUED,PEOPLE,660100-PEOPLE,SOFTWARE,US,USD,NET45,ACH,ACTIVE,ACH,USD,COMPLETED,SETTLED,ACH_DEBIT,USD,DEBIT,POSTED,MANAGER,APPROVED,PAYMENT,1256.4400000000001,1168.78,87.659999999999997,0,124,45,4,4,60,1168.78,36.689999999999998,1256.4400000000001,1168.78,87.659999999999997,0,131,4,60,1168.78,14714.370000000001,79,2,14714.370000000001,2,14714.370000000001,1,14714.370000000001,76,1,2,1,14714.370000000001,14714.370000000001,14714.370000000001,14714.370000000001,4,2,1,1,0,1,1,30,4,350,0,0.92307692307692313,0,20.940000000000001,0,0,0,1,1,0,0,0,0,0,0,0,0,0,0,0,0,0,0,0,0,7,45,0,57420,1,1,1,1,1,0,1,1,1,1,1,1,1,1,1,1,1,1,1,1,1,1,1,1,1,1,0,0,0,0,0,0,0,0,0,0,0,0,0,0,0,2,1,1,1,1
RCA_002092,INVOICE,USD,PAID,NET15,IT,680100-IT,__MISSING__,__MISSING__,__MISSING__,__MISSING__,PROFESSIONAL,US,USD,NET15,ACH,ACTIVE,ACH,USD,COMPLETED,FAILED,ACH_DEBIT,USD,DEBIT,RETURNED,DIRECTOR,APPROVED,PAYMENT,25433.43,23121.299999999999,2312.1300000000001,0,225,15,5,2,15,23121.299999999999,1586.0149999999999,,,,,,0,0,0,15260.059999999999,210,2,25433.43,1,25433.43,2,15260.059999999999,207,1,4,2,25433.43,25433.43,25433.43,25433.43,3,2,2,2,0,2,2,31,4,90,0,0.84615384615384615,2,1259.5999999999999,0,0,0,1,1,,,,,,,0,0,15260.059999999999,0.60000007863666049,0,0,0,10173.370000000001,10173.370000000001,0,,15,0,11280,0,-1,-1,-1,1,0,-1,1,1,1,1,1,1,1,1,1,1,1,1,1,0,1,1,1,1,1,0,0,0,0,0,0,0,0,0,0,0,0,0,0,0,1,2,2,1,1
RCA_002095,INVOICE,USD,APPROVED,NET45,ENGINEERING,610100-ENGINEERING,USD,ISSUED,ENGINEERING,610100-ENGINEERING,PROFESSIONAL,US,USD,NET45,ACH,ACTIVE,__MISSING__,__MISSING__,__MISSING__,__MISSING__,__MISSING__,__MISSING__,__MISSING__,__MISSING__,__MISSING__,__MISSING__,__MISSING__,6539.8299999999999,6083.5600000000004,456.26999999999998,0,301,45,4,2,24,6083.5600000000004,548.24000000000001,6539.8299999999999,6083.5600000000004,456.26999999999998,0,323,2,24,6083.5600000000004,,,0,0,0,0,0,,,0,0,0,0,0,0,0,0,0,,0,0,1,0,30,4,15,0,0.76923076923076916,16,1685.3699999999999,0,0,0,0,0,0,0,0,0,0,0,,,6539.8299999999999,1,,,0,,,,22,,,,1,1,1,1,1,0,1,-1,-1,-1,-1,-1,-1,-1,-1,-1,-1,-1,-1,-1,-1,1,-1,-1,-1,1,0,0,0,1,1,1,1,0,0,0,0,0,0,1,0,1,0,0,1,0
RCA_002096,PAYMENT,USD,PAID,NET15,FINANCE,630100-FINANCE,USD,ISSUED,FINANCE,630100-FINANCE,SUPPLIER,US,USD,NET15,ACH,ACTIVE,ACH,USD,COMPLETED,SETTLED,ACH_DEBIT,USD,DEBIT,POSTED,AUTO,AUTO_APPROVED,PAYMENT,450.81,444.58999999999997,0,6.2199999999999998,387,15,4,1,23,444.58999999999997,19.329999999999998,450.81,444.58999999999997,0,6.2199999999999998,397,1,23,444.58999999999997,180.31999999999999,369,2,450.81,1,450.81,2,270.49000000000001,369,1,4,2,450.81,450.81,450.81,450.81,2,1,1,1,0,0,0,30,4,2,0,0.69230769230769229,76,2559.6799999999998,0,0,0,1,1,0,0,0,0,0,0,0,0,0,0,90.170000000000002,0.50005545696539488,0,270.49000000000001,270.49000000000001,90.170000000000002,10,18,-3,18540,1,1,1,1,1,0,1,1,1,1,1,1,1,1,1,1,1,1,1,1,1,0,-1,-1,-1,1,0,0,0,0,0,0,0,0,0,0,0,0,0,0,1,1,2,2,1,1
RCA_002100,INVOICE,USD,PAID,NET15,SALES,640100-SALES,USD,ISSUED,SALES,640100-SALES,PROFESSIONAL,US,USD,NET15,ACH,ACTIVE,ACH,USD,COMPLETED,SETTLED,ACH_DEBIT,USD,DEBIT,POSTED,MANAGER,APPROVED,PAYMENT,2704.5799999999999,2507.6300000000001,188.06999999999999,8.8800000000000008,339,15,1,2,28,2507.6300000000001,84.545000000000002,2704.5799999999999,2507.6300000000001,188.06999999999999,8.8800000000000008,361,2,28,2507.6300000000001,2704.5799999999999,324,1,2704.5799999999999,1,2704.5799999999999,1,2704.5799999999999,321,1,2,1,2704.5799999999999,2704.5799999999999,2704.5799999999999,2704.5799999999999,2,1,1,1,0,1,1,25,4,12,0,0.84615384615384615,18,502.91000000000003,0,0,0,1,1,0,0,0,0,0,0,0,0,0,0,0,0,0,0,0,0,22,15,0,18540,1,1,1,1,1,0,1,1,1,1,1,1,1,1,1,1,1,1,1,1,1,1,1,1,1,1,0,0,0,0,0,0,0,0,0,0,0,0,0,0,0,1,1,1,1,1
RCA_002101,PAYMENT,EUR,PAID,DUE_ON_RECEIPT,SALES,640100-SALES,EUR,ISSUED,SALES,640100-SALES,SUPPLIER,DE,EUR,DUE_ON_RECEIPT,ACH,ACTIVE,ACH,EUR,SUBMITTED,PENDING,__MISSING__,__MISSING__,__MISSING__,__MISSING__,MANAGER,APPROVED,PAYMENT,3477.3200000000002,3306.0799999999999,165.30000000000001,5.9400000000000004,294,0,1,1,8,3306.0799999999999,413.25999999999999,3477.3200000000002,3306.0799999999999,165.30000000000001,5.9400000000000004,320,1,8,3306.0799999999999,3477.3200000000002,1,1,3477.3200000000002,1,3477.3200000000002,1,,,0,2,1,3477.3200000000002,3477.3200000000002,3477.3200000000002,3477.3200000000002,2,1,1,1,0,0,0,31,4,4,0,0.76923076923076916,49,125.89,0,0,0,1,0,0,0,0,0,0,0,0,0,3477.3200000000002,1,,,0,0,0,,26,293,,418860,1,1,1,1,1,0,1,1,1,1,1,1,1,0,0,-1,-1,1,1,1,1,0,1,1,1,1,0,0,0,0,1,0,0,0,0,0,0,0,0,0,1,1,1,0,1,1
RCA_002103,INVOICE,USD,CREDIT_APPLIED,NET60,ENGINEERING,610100-ENGINEERING,__MISSING__,__MISSING__,__MISSING__,__MISSING__,SERVICES,US,USD,NET60,ACH,ACTIVE,__MISSING__,__MISSING__,__MISSING__,__MISSING__,__MISSING__,__MISSING__,__MISSING__,__MISSING__,__MISSING__,__MISSING__,__MISSING__,-16450.369999999999,-15667.02,-783.35000000000002,0,481,60,5,1,6,-15667.02,-2611.1700000000001,,,,,,0,0,0,,,0,0,0,0,0,,,0,0,0,0,0,0,0,0,0,,0,0,1,0,28,4,27,0,0.69230769230769229,0,17138.650000000001,0,0,0,0,0,,,,,,,,,16450.369999999999,1,,,0,,,,,,,,0,-1,-1,-1,1,0,-1,-1,-1,-1,-1,-1,-1,-1,-1,-1,-1,-1,-1,-1,-1,1,-1,-1,-1,1,0,0,0,1,1,1,1,0,0,0,0,0,0,1,0,1,0,0,1,0
RCA_002104,INVOICE,USD,CANCELED,NET30,SALES,640100-SALES,__MISSING__,__MISSING__,__MISSING__,__MISSING__,SOFTWARE,US,USD,NET30,ACH,ACTIVE,__MISSING__,__MISSING__,__MISSING__,__MISSING__,__MISSING__,__MISSING__,__MISSING__,__MISSING__,__MISSING__,__MISSING__,__MISSING__,7733.7200000000003,7194.1599999999999,539.55999999999995,0,535,30,0,2,16,7194.1599999999999,374.22000000000003,,,,,,0,0,0,,,0,0,0,0,0,,,0,0,0,0,0,0,0,0,0,,0,0,0,0,31,4,19,0,0.84615384615384615,27,0,0,0,0,0,0,,,,,,,,,7733.7200000000003,1,,,0,,,,,,,,0,-1,-1,-1,1,0,-1,-1,-1,-1,-1,-1,-1,-1,-1,-1,-1,-1,-1,-1,-1,0,-1,-1,-1,1,0,0,0,1,1,1,1,0,0,0,0,0,0,1,1,1,0,0,1,0
RCA_002105,PAYMENT,USD,APPROVED,NET45,SALES,640100-SALES,__MISSING__,__MISSING__,__MISSING__,__MISSING__,SERVICES,US,USD,NET45,ACH,ACTIVE,ACH,USD,REVERSED,REVERSED,ACH_DEBIT,USD,DEBIT,POSTED,MANAGER,APPROVED,PAYMENT,2161.4699999999998,1964.97,196.5,0,397,45,4,3,11,1964.97,287.4733333333333,,,,,,0,0,0,1296.8800000000001,352,2,2161.4699999999998,1,2161.4699999999998,2,1296.8800000000001,349,2,6,3,3458.3499999999999,3458.3499999999999,2161.4699999999998,2161.4699999999998,2,1,1,1,0,2,0,30,4,135,0,0.92307692307692313,1,0,0,0,0,1,2,,,,,,,0,0,1296.8800000000001,0.59999907470378955,0,0,0,864.59000000000003,864.59000000000003,0,,45,0,57420,0,-1,-1,-1,1,0,-1,1,1,1,1,1,1,1,0,1,1,1,1,1,1,1,1,1,1,1,0,0,0,0,0,0,0,0,0,0,0,0,0,0,0,1,2,3,1,1
RCA_002106,PAYMENT,EUR,PAID,NET30,MARKETING,650100-MARKETING,EUR,ISSUED,MARKETING,650100-MARKETING,LOGISTICS,DE,EUR,NET30,ACH,ACTIVE,ACH,EUR,COMPLETED,SETTLED,ACH_DEBIT,USD,DEBIT,POSTED,MANAGER,APPROVED,PAYMENT,7913.4700000000003,7361.3699999999999,552.10000000000002,0,461,30,4,1,3,7361.3699999999999,2453.79,7913.4700000000003,7361.3699999999999,552.10000000000002,0,472,1,3,7361.3699999999999,8853.8600000000006,177,2,8853.8600000000006,2,8853.8600000000006,1,9562.1700000000001,174,1,2,1,8853.8600000000006,8853.8600000000006,8853.8600000000006,8853.8600000000006,4,2,1,1,0,0,0,29,4,14,0,0.84615384615384615,15,210.78,0,1,1,1,0,0,0,0,0,0,0,0,0,0,0,708.30999999999995,0.080000135534106023,0,0,0,708.30999999999995,11,284,0,38700,1,1,1,1,1,0,1,1,1,1,1,1,1,1,1,0,1,1,1,1,1,0,1,1,1,1,0,0,0,0,0,0,0,0,0,0,0,0,0,0,1,2,1,1,1,1
RCA_002107,INVOICE,USD,PAID,NET30,PEOPLE,660100-PEOPLE,USD,ISSUED,PEOPLE,660100-PEOPLE,SUPPLIER,US,USD,NET30,ACH,ACTIVE,ACH,USD,COMPLETED,SETTLED,ACH_DEBIT,USD,DEBIT,POSTED,MANAGER,APPROVED,PAYMENT,2746.1300000000001,2496.48,249.65000000000001,0,240,30,3,1,24,2496.48,104.02,2746.1300000000001,2496.48,249.65000000000001,0,250,1,24,2496.48,1647.6800000000001,210,2,2746.1300000000001,1,2746.1300000000001,2,1647.6800000000001,207,1,4,2,2746.1300000000001,2746.1300000000001,2746.1300000000001,2746.1300000000001,2,1,1,1,0,1,1,31,4,6,0,0.84615384615384615,22,229.12,0,0,0,1,1,0,0,0,0,0,0,0,0,0,0,0,0,0,1098.45,1098.45,0,10,30,0,37260,1,1,1,1,1,0,1,1,1,1,1,1,1,1,1,1,1,1,1,1,1,1,1,1,1,1,0,0,0,0,0,0,0,0,0,0,0,0,0,0,0,1,2,2,1,1
RCA_002108,INVOICE,USD,PAID,NET45,LEGAL,670100-LEGAL,USD,ISSUED,LEGAL,670100-LEGAL,PROFESSIONAL,US,USD,NET45,WIRE,ACTIVE,WIRE,USD,COMPLETED,SETTLED,WIRE_DEBIT,USD,DEBIT,POSTED,MANAGER,APPROVED,PAYMENT,7603.1999999999998,7072.7399999999998,530.46000000000004,0,472,45,5,3,32,7072.7399999999998,177.69666666666669,7603.1999999999998,7072.7399999999998,530.46000000000004,0,498,3,32,7072.7399999999998,4561.9200000000001,427,2,7603.1999999999998,1,7603.1999999999998,2,4561.9200000000001,426,1,4,2,7603.1999999999998,7603.1999999999998,7603.1999999999998,7603.1999999999998,2,1,1,1,0,0,0,31,4,24,0,0.92307692307692313,4,869.28999999999996,0,0,0,1,1,0,0,0,0,0,0,0,0,0,0,0,0,0,3041.2800000000002,3041.2800000000002,0,26,45,0,55980,1,1,1,1,1,0,1,1,1,1,1,1,1,1,1,1,1,1,1,0,1,0,1,1,1,1,0,0,0,0,0,0,0,0,0,0,0,0,0,0,1,1,2,3,1,1
RCA_002109,INVOICE,USD,PAID,NET30,MARKETING,650100-MARKETING,USD,ISSUED,MARKETING,650100-MARKETING,PROFESSIONAL,US,USD,NET30,WIRE,ACTIVE,WIRE,USD,COMPLETED,SETTLED,WIRE_DEBIT,USD,DEBIT,POSTED,MANAGER,APPROVED,PAYMENT,1985.22,1796.52,179.65000000000001,9.0500000000000007,237,30,1,1,2,1796.52,898.25999999999999,1985.22,1796.52,179.65000000000001,9.0500000000000007,264,1,2,1796.52,1985.22,207,1,1985.22,1,1985.22,1,1985.22,204,1,2,1,1985.22,1985.22,1985.22,1985.22,2,1,1,1,0,0,0,31,4,6,0,0.76923076923076916,56,141.41,0,0,0,1,1,0,0,0,0,0,0,0,0,0,0,0,0,0,0,0,0,27,30,0,40140,1,1,1,1,1,0,1,1,1,1,1,1,1,1,1,1,1,1,1,1,1,0,1,1,1,1,0,0,0,0,0,0,0,0,0,0,0,0,0,0,1,1,1,1,1,1
RCA_002111,INVOICE,USD,PAID,NET30,IT,680100-IT,__MISSING__,__MISSING__,__MISSING__,__MISSING__,SERVICES,US,USD,NET30,VIRTUAL_CARD,ACTIVE,VIRTUAL_CARD,USD,COMPLETED,SETTLED,CARD_SETTLEMENT,USD,DEBIT,POSTED,MANAGER,APPROVED,PAYMENT,5540.7700000000004,5037.0600000000004,503.70999999999998,0,295,30,4,2,9,5037.0600000000004,636.28499999999997,,,,,,0,0,0,3324.46,265,2,5540.7700000000004,1,5540.7700000000004,2,3324.46,263,1,4,2,5540.7700000000004,5540.7700000000004,5540.7700000000004,5540.7700000000004,2,1,1,1,0,0,0,31,4,7,0,0.76923076923076916,9,525.59000000000003,0,0,0,1,1,,,,,,,0,0,0,0,0,0,0,2216.3099999999999,2216.3099999999999,0,,30,0,35820,0,-1,-1,-1,1,0,-1,1,1,1,1,1,1,1,1,1,1,1,1,1,1,0,1,1,1,1,0,0,0,0,0,0,0,0,0,0,0,0,0,0,1,1,2,2,1,1
RCA_002112,PAYMENT,USD,PAID,NET15,OPERATIONS,620100-OPERATIONS,__MISSING__,__MISSING__,__MISSING__,__MISSING__,SOFTWARE,US,USD,NET15,ACH,ACTIVE,ACH,USD,COMPLETED,SETTLED,ACH_DEBIT,USD,DEBIT,POSTED,MANAGER,APPROVED,PAYMENT,7721.6199999999999,7721.6199999999999,0,0,327,15,2,4,26,7721.6199999999999,1459,,,,,,0,0,0,7721.6199999999999,312,1,7721.6199999999999,1,7721.6199999999999,1,7721.6199999999999,307,1,2,1,7721.6199999999999,7721.6199999999999,7721.6199999999999,7721.6199999999999,2,1,1,1,0,0,0,32,4,12,0,0.84615384615384615,3,303.47000000000003,0,0,0,1,1,,,,,,,0,0,0,0,0,0,0,0,0,0,,15,0,17100,0,-1,-1,-1,1,0,-1,1,1,1,1,1,1,1,1,1,1,1,1,1,1,0,1,1,1,1,0,0,0,0,0,0,0,0,0,0,0,0,0,0,1,1,1,1,1,1
RCA_002115,INVOICE,USD,PAID,NET45,SALES,640100-SALES,USD,ISSUED,SALES,640100-SALES,SUPPLIER,US,USD,NET45,CHECK,ACTIVE,CHECK,USD,COMPLETED,SETTLED,CHECK_CLEARING,USD,DEBIT,POSTED,MANAGER,APPROVED,PAYMENT,990.73000000000002,984.16999999999996,0,6.5599999999999996,379,45,3,1,23,984.16999999999996,42.789999999999999,990.73000000000002,984.16999999999996,0,6.5599999999999996,403,1,23,984.16999999999996,594.44000000000005,334,2,990.73000000000002,1,990.73000000000002,2,594.44000000000005,320,1,4,2,990.73000000000002,990.73000000000002,990.73000000000002,990.73000000000002,2,1,1,1,0,0,0,31,4,22,0,0.84615384615384615,1,187.99000000000001,0,0,0,1,1,0,0,0,0,0,0,0,0,0,0,0,0,0,396.29000000000002,396.29000000000002,0,24,45,0,58860,1,1,1,1,1,0,1,1,1,1,1,1,1,1,1,1,1,1,1,0,1,0,1,1,1,1,0,0,0,0,0,0,0,0,0,0,0,0,0,0,1,1,2,2,1,1
RCA_002116,INVOICE,USD,PAID,NET45,IT,680100-IT,USD,ISSUED,IT,680100-IT,SUPPLIER,US,USD,NET45,ACH,ACTIVE,ACH,USD,COMPLETED,SETTLED,ACH_DEBIT,USD,DEBIT,POSTED,MANAGER,APPROVED,PAYMENT,2610.0599999999999,2427.96,182.09999999999999,0,448,45,4,2,29,2427.96,86,2610.0599999999999,2427.96,182.09999999999999,0,451,2,29,2427.96,1566.04,403,2,2610.0599999999999,1,2610.0599999999999,2,1566.04,398,1,4,2,2610.0599999999999,2610.0599999999999,2610.0599999999999,2610.0599999999999,2,1,1,1,0,0,0,27,4,28,0,0.76923076923076916,3,38.530000000000001,0,0,0,1,1,0,0,0,0,0,0,0,0,0,0,0,0,0,1044.02,1044.02,0,3,45,0,57420,1,1,1,1,1,0,1,1,1,1,1,1,1,1,1,1,1,1,1,1,1,0,1,1,1,1,0,0,0,0,0,0,0,0,0,0,0,0,0,0,1,1,2,2,1,1
RCA_002120,INVOICE,USD,CANCELED,NET15,OPERATIONS,620100-OPERATIONS,USD,ISSUED,OPERATIONS,620100-OPERATIONS,SUPPLIER,US,USD,NET15,WIRE,ACTIVE,__MISSING__,__MISSING__,__MISSING__,__MISSING__,__MISSING__,__MISSING__,__MISSING__,__MISSING__,__MISSING__,__MISSING__,__MISSING__,3786.3899999999999,3591.6999999999998,179.59,15.1,77,15,2,3,44,3591.6999999999998,72.033333333333331,3786.3899999999999,3591.6999999999998,179.59,15.1,78,3,44,3591.6999999999998,,,0,0,0,0,0,,,0,0,0,0,0,0,0,0,0,,0,0,2,0,31,4,65,0,0.84615384615384615,1,19.329999999999998,0,0,0,0,0,0,0,0,0,0,0,,,3786.3899999999999,1,,,0,,,,1,,,,1,1,1,1,1,0,1,-1,-1,-1,-1,-1,-1,-1,-1,-1,-1,-1,-1,-1,-1,1,-1,-1,-1,1,0,0,0,1,1,1,1,0,0,0,0,0,0,1,0,1,0,0,1,0
RCA_002123,INVOICE,USD,APPROVED,NET45,FINANCE,630100-FINANCE,__MISSING__,__MISSING__,__MISSING__,__MISSING__,SUPPLIER,US,USD,NET45,ACH,ACTIVE,__MISSING__,__MISSING__,__MISSING__,__MISSING__,__MISSING__,__MISSING__,__MISSING__,__MISSING__,__MISSING__,__MISSING__,__MISSING__,5221.6700000000001,5221.6700000000001,0,0,213,45,0,3,13,5221.6700000000001,527.29999999999995,,,,,,0,0,0,,,0,0,0,0,0,,,0,0,0,0,0,0,0,0,0,,0,0,0,0,31,4,44,0,0.84615384615384615,1,0,0,0,0,0,0,,,,,,,,,5221.6700000000001,1,,,0,,,,,,,,0,-1,-1,-1,1,0,-1,-1,-1,-1,-1,-1,-1,-1,-1,-1,-1,-1,-1,-1,-1,0,-1,-1,-1,1,0,0,0,1,1,1,1,0,0,0,0,0,0,1,1,1,0,0,1,0
RCA_002124,INVOICE,USD,PAID,NET15,SALES,640100-SALES,USD,ISSUED,SALES,640100-SALES,SUPPLIER,US,USD,NET15,WIRE,ACTIVE,WIRE,USD,COMPLETED,SETTLED,WIRE_DEBIT,USD,DEBIT,POSTED,MANAGER,APPROVED,PAYMENT,5255.9099999999999,4851.4799999999996,363.86000000000001,40.57,302,15,5,3,39,4851.4799999999996,208.87333333333333,5255.9099999999999,4851.4799999999996,363.86000000000001,40.57,304,3,39,4851.4799999999996,3153.5500000000002,287,2,5255.9099999999999,1,5255.9099999999999,2,3153.5500000000002,286,1,4,2,5255.9099999999999,5255.9099999999999,5255.9099999999999,5255.9099999999999,2,1,1,1,0,2,0,31,4,64,0,0.92307692307692313,1,1.4199999999999999,0,0,0,1,1,0,0,0,0,0,0,0,0,0,0,0,0,0,2102.3600000000001,2102.3600000000001,0,2,15,0,12780,1,1,1,1,1,0,1,1,1,1,1,1,1,1,1,1,1,1,1,1,1,1,1,1,1,1,0,0,0,0,0,0,0,0,0,0,0,0,0,0,0,1,2,2,1,1
RCA_002125,INVOICE,USD,PAID,NET15,IT,680100-IT,USD,ISSUED,IT,680100-IT,SOFTWARE,US,USD,NET15,ACH,ACTIVE,ACH,USD,COMPLETED,SETTLED,ACH_DEBIT,USD,DEBIT,POSTED,DIRECTOR,APPROVED,PAYMENT,14937.18,14937.18,0,0,518,15,0,3,51,14937.18,251.17999999999998,14937.18,14937.18,0,0,539,3,51,14937.18,27337.689999999999,15,2,27337.689999999999,2,27337.689999999999,1,27337.689999999999,12,1,2,1,28349.18,28349.18,28349.18,28349.18,6,4,2,2,0,2,2,27,4,300,0,0.92307692307692313,1,111.70999999999999,0,0,0,1,1,0,0,0,0,0,0,0,0,0,0,0,0,0,1011.49,1011.49,0,21,503,0,8400,1,1,1,1,1,0,1,1,1,1,1,1,1,1,1,1,1,1,1,1,1,1,1,1,1,1,0,0,0,0,0,0,0,0,0,0,0,0,0,0,0,2,1,1,1,1
RCA_002126,PAYMENT,USD,PAID,NET15,SALES,640100-SALES,USD,ISSUED,SALES,640100-SALES,SOFTWARE,US,USD,NET15,ACH,ACTIVE,ACH,USD,COMPLETED,SETTLED,ACH_DEBIT,USD,DEBIT,POSTED,MANAGER,APPROVED,PAYMENT,1700.6700000000001,1700.6700000000001,0,0,520,15,4,3,29,1700.6700000000001,59.083333333333336,1700.6700000000001,1700.6700000000001,0,0,528,3,29,1700.6700000000001,3648.8699999999999,40,2,3648.8699999999999,2,3648.8699999999999,1,3648.8699999999999,35,1,2,1,3648.8699999999999,3648.8699999999999,3648.8699999999999,3648.8699999999999,4,2,1,1,0,2,2,27,4,300,0,0.84615384615384615,2,34.25,0,0,0,1,1,0,0,0,0,0,0,0,0,0,0,0,0,0,0,0,0,8,480,0,15660,1,1,1,1,1,0,1,1,1,1,1,1,1,1,1,1,1,1,1,1,1,1,1,1,1,1,0,0,0,0,0,0,0,0,0,0,0,0,0,0,0,2,1,1,1,1
RCA_002127,INVOICE,USD,PAID,NET30,SALES,640100-SALES,USD,ISSUED,SALES,640100-SALES,SERVICES,US,USD,NET30,ACH,ACTIVE,ACH,USD,COMPLETED,SETTLED,ACH_DEBIT,USD,DEBIT,POSTED,MANAGER,APPROVED,PAYMENT,4868.8599999999997,4626.6400000000003,231.33000000000001,10.890000000000001,281,30,1,2,12,4626.6400000000003,330.13499999999999,4868.8599999999997,4626.6400000000003,231.33000000000001,10.890000000000001,284,2,12,4626.6400000000003,2921.3200000000002,251,2,4868.8599999999997,1,4868.8599999999997,2,2804.6100000000001,253,1,4,2,4868.8599999999997,4868.8599999999997,4868.8599999999997,4868.8599999999997,2,1,1,1,0,0,0,30,4,7,0,0.69230769230769229,7,194.50999999999999,0,0,0,1,1,0,0,0,0,0,0,0,0,0,0,116.70999999999999,0.039951117987758959,0,1947.54,1947.54,116.70999999999999,3,30,-7,40140,1,1,1,1,1,0,1,1,1,1,1,1,1,1,1,1,1,1,1,1,1,0,1,1,1,1,0,0,0,0,0,0,0,0,0,0,0,0,0,0,1,1,2,2,1,1
RCA_002129,INVOICE,USD,APPROVED,NET15,OPERATIONS,620100-OPERATIONS,USD,ISSUED,OPERATIONS,620100-OPERATIONS,SOFTWARE,US,USD,NET15,CHECK,ACTIVE,__MISSING__,__MISSING__,__MISSING__,__MISSING__,__MISSING__,__MISSING__,__MISSING__,__MISSING__,__MISSING__,__MISSING__,__MISSING__,1292.8099999999999,1292.8099999999999,0,0,470,15,3,3,27,1292.8099999999999,55.363333333333337,1289.03,1289.03,0,0,473,3,27,1289.03,,,0,0,0,0,0,,,0,0,0,0,0,0,0,0,0,,0,0,1,0,28,4,150,0,0.84615384615384615,0,98.040000000000006,0,0,0,0,0,3.7799999999999998,0.0029324375693350812,0,0,3.7799999999999998,0,,,1292.8099999999999,1,,,0,,,,3,,,,1,1,1,1,1,0,1,-1,-1,-1,-1,-1,-1,-1,-1,-1,-1,-1,-1,-1,-1,1,-1,-1,-1,1,0,0,0,1,1,1,1,0,0,0,0,0,0,1,0,1,0,0,1,0
RCA_002130,PAYMENT,EUR,PAID,NET30,ENGINEERING,610100-ENGINEERING,EUR,ISSUED,ENGINEERING,610100-ENGINEERING,SERVICES,DE,EUR,NET30,CHECK,ACTIVE,CHECK,EUR,COMPLETED,SETTLED,CHECK_CLEARING,EUR,DEBIT,POSTED,MANAGER,APPROVED,PAYMENT,3567.8400000000001,3318.9200000000001,248.91999999999999,0,309,30,4,1,11,3318.9200000000001,301.72000000000003,3567.8400000000001,3318.9200000000001,248.91999999999999,0,315,1,11,3318.9200000000001,3567.8400000000001,279,1,3567.8400000000001,1,3567.8400000000001,1,3567.8400000000001,265,1,2,1,3567.8400000000001,3567.8400000000001,3567.8400000000001,3567.8400000000001,2,1,1,1,0,0,0,29,4,67,0,0.84615384615384615,13,39.32,0,0,0,1,1,0,0,0,0,0,0,0,0,0,0,0,0,0,0,0,0,6,30,0,35820,1,1,1,1,1,0,1,1,1,1,1,1,1,1,1,1,1,1,1,1,1,0,1,1,1,1,0,0,0,0,0,0,0,0,0,0,0,0,0,0,1,1,1,1,1,1
RCA_002131,INVOICE,USD,PAID,NET45,MARKETING,650100-MARKETING,USD,ISSUED,MARKETING,650100-MARKETING,SOFTWARE,US,USD,NET45,ACH,ACTIVE,ACH,USD,COMPLETED,SETTLED,ACH_DEBIT,USD,DEBIT,POSTED,MANAGER,APPROVED,PAYMENT,7725.6099999999997,7682.75,0,42.859999999999999,383,45,4,1,5,7682.75,1536.55,7725.6099999999997,7682.75,0,42.859999999999999,393,1,5,7682.75,15465.25,32,2,15465.25,2,15465.25,1,15465.25,27,1,2,1,15465.25,15465.25,15465.25,15465.25,4,2,1,1,0,1,1,30,4,350,0,0.92307692307692313,0,11.09,0,0,0,1,1,0,0,0,0,0,0,0,0,0,0,0,0,0,0,0,0,10,351,0,60300,1,1,1,1,1,0,1,1,1,1,1,1,1,1,1,1,1,1,1,1,1,1,1,1,1,1,0,0,0,0,0,0,0,0,0,0,0,0,0,0,0,2,1,1,1,1
RCA_002132,INVOICE,USD,PAID,NET30,ENGINEERING,610100-ENGINEERING,__MISSING__,__MISSING__,__MISSING__,__MISSING__,SERVICES,US,USD,NET30,ACH,ACTIVE,ACH,USD,COMPLETED,SETTLED,ACH_DEBIT,USD,DEBIT,POSTED,MANAGER,APPROVED,PAYMENT,5680.3000000000002,5680.3000000000002,0,0,507,30,2,3,17,5680.3000000000002,737.23666666666668,,,,,,0,0,0,5680.3000000000002,477,1,5680.3000000000002,1,5680.3000000000002,1,5680.3000000000002,474,1,2,1,5680.3000000000002,5680.3000000000002,5680.3000000000002,5680.3000000000002,2,1,1,1,0,1,0,30,4,48,0,0.84615384615384615,1,76.359999999999999,0,0,0,1,1,,,,,,,0,0,0,0,0,0,0,0,0,0,,30,0,38700,0,-1,-1,-1,1,0,-1,1,1,1,1,1,1,1,1,1,1,1,1,1,1,1,1,1,1,1,0,0,0,0,0,0,0,0,0,0,0,0,0,0,0,1,1,1,1,1
RCA_002136,INVOICE,USD,CANCELED,NET30,SALES,640100-SALES,USD,ISSUED,SALES,640100-SALES,SERVICES,US,USD,NET30,ACH,ACTIVE,__MISSING__,__MISSING__,__MISSING__,__MISSING__,__MISSING__,__MISSING__,__MISSING__,__MISSING__,__MISSING__,__MISSING__,__MISSING__,3056.0700000000002,2827.4000000000001,212.06,16.609999999999999,72,30,4,2,12,2827.4000000000001,167.27000000000001,3056.0700000000002,2827.4000000000001,212.06,16.609999999999999,76,2,12,2827.4000000000001,,,0,0,0,0,0,,,0,0,0,0,0,0,0,0,0,,0,0,1,0,25,4,19,0,0.84615384615384615,9,30.699999999999999,0,0,0,0,0,0,0,0,0,0,0,,,3056.0700000000002,1,,,0,,,,4,,,,1,1,1,1,1,0,1,-1,-1,-1,-1,-1,-1,-1,-1,-1,-1,-1,-1,-1,-1,1,-1,-1,-1,1,0,0,0,1,1,1,1,0,0,0,0,0,0,1,0,1,0,0,1,0
RCA_002137,PAYMENT,GBP,APPROVED,NET30,MARKETING,650100-MARKETING,__MISSING__,__MISSING__,__MISSING__,__MISSING__,SOFTWARE,GB,GBP,NET30,WIRE,ACTIVE,WIRE,GBP,REVERSED,REVERSED,WIRE_DEBIT,GBP,DEBIT,POSTED,MANAGER,APPROVED,PAYMENT,7529.9300000000003,7004.5900000000001,525.34000000000003,0,160,30,0,2,14,7004.5900000000001,598.875,,,,,,0,0,0,12047.389999999999,130,2,12047.389999999999,2,12047.389999999999,1,12047.389999999999,127,2,4,2,24094.779999999999,24094.779999999999,12047.389999999999,12047.389999999999,4,2,1,1,0,1,0,26,4,35,0,0.84615384615384615,4,185.53999999999999,0,0,0,1,2,,,,,,,0,0,7529.9300000000003,1,0,0,0,0,0,0,,30,0,41580,0,-1,-1,-1,1,0,-1,1,1,1,1,1,1,1,0,1,1,1,1,1,1,1,1,1,1,1,0,0,0,0,0,0,0,0,0,0,0,0,0,0,0,2,1,2,1,1
RCA_002143,INVOICE,GBP,PAID,NET15,LEGAL,670100-LEGAL,GBP,ISSUED,LEGAL,670100-LEGAL,SUPPLIER,GB,GBP,NET15,ACH,ACTIVE,ACH,GBP,COMPLETED,SETTLED,ACH_DEBIT,GBP,DEBIT,POSTED,DIRECTOR,APPROVED,PAYMENT,25386.990000000002,23615.799999999999,1771.1900000000001,0,279,15,5,1,4,23615.799999999999,5903.9499999999998,25386.990000000002,23615.799999999999,1771.1900000000001,0,296,1,4,23615.799999999999,15232.190000000001,264,2,25386.990000000002,1,25386.990000000002,2,15232.190000000001,259,1,4,2,25386.990000000002,25386.990000000002,25386.990000000002,25386.990000000002,3,2,2,2,0,0,0,29,4,8,0,0.84615384615384615,6,10125.34,0,0,0,1,1,0,0,0,0,0,0,0,0,0,0,0,0,0,10154.799999999999,10154.799999999999,0,17,15,0,11280,1,1,1,1,1,0,1,1,1,1,1,1,1,1,1,1,1,1,1,1,1,0,1,1,1,1,0,0,0,0,0,0,0,0,0,0,0,0,0,0,1,1,2,2,1,1
RCA_002147,INVOICE,USD,PAID,NET60,PEOPLE,660100-PEOPLE,USD,ISSUED,PEOPLE,660100-PEOPLE,PROFESSIONAL,US,USD,NET60,ACH,ACTIVE,ACH,USD,COMPLETED,SETTLED,ACH_DEBIT,USD,DEBIT,POSTED,MANAGER,APPROVED,PAYMENT,3562.9200000000001,3294.9099999999999,247.12,20.890000000000001,482,60,3,3,50,3294.9099999999999,94.989999999999995,3562.9200000000001,3294.9099999999999,247.12,20.890000000000001,503,3,50,3294.9099999999999,9835.7099999999991,422,2,9835.7099999999991,2,9835.7099999999991,1,9835.7099999999991,419,1,2,1,9835.7099999999991,9835.7099999999991,9835.7099999999991,9835.7099999999991,4,2,1,1,0,0,0,29,4,51,0,0.84615384615384615,0,10.82,0,0,0,1,1,0,0,0,0,0,0,0,0,0,0,0,0,0,0,0,0,21,60,0,80460,1,1,1,1,1,0,1,1,1,1,1,1,1,1,1,1,1,1,1,1,1,0,1,1,1,1,0,0,0,0,0,0,0,0,0,0,0,0,0,0,1,2,1,1,1,1
RCA_002153,PAYMENT,EUR,APPROVED,NET30,SALES,640100-SALES,EUR,ISSUED,SALES,640100-SALES,PROFESSIONAL,DE,EUR,NET30,ACH,ACTIVE,ACH,EUR,REVERSED,REVERSED,ACH_DEBIT,EUR,DEBIT,POSTED,MANAGER,APPROVED,PAYMENT,5382.5299999999997,5007,375.52999999999997,0,353,30,0,2,24,5007,208.625,5382.5299999999997,5007,375.52999999999997,0,364,2,24,5007,10572.540000000001,283,2,10572.540000000001,2,10572.540000000001,1,10572.540000000001,279,2,4,2,21145.080000000002,21145.080000000002,10572.540000000001,10572.540000000001,4,2,1,1,0,0,0,31,4,46,0,0.84615384615384615,2,14.710000000000001,0,0,0,1,2,0,0,0,0,0,0,0,0,5382.5299999999997,1,0,0,0,0,0,0,11,70,0,34380,1,1,1,1,1,0,1,1,1,1,1,1,1,1,0,1,1,1,1,1,1,0,1,1,1,1,0,0,0,0,0,0,0,0,0,0,0,0,0,0,1,2,1,2,1,1
RCA_002154,PAYMENT,EUR,PAID,NET30,SALES,640100-SALES,EUR,ISSUED,SALES,640100-SALES,PROFESSIONAL,DE,EUR,NET30,ACH,ACTIVE,ACH,EUR,COMPLETED,SETTLED,ACH_DEBIT,USD,DEBIT,POSTED,MANAGER,APPROVED,PAYMENT,2945.5700000000002,2722.3899999999999,204.18000000000001,19,93,30,1,4,49,2722.3899999999999,89.362499999999997,2945.5700000000002,2722.3899999999999,204.18000000000001,19,100,4,49,2722.3899999999999,9059.7000000000007,63,2,9059.7000000000007,2,9059.7000000000007,1,9784.4799999999996,60,1,2,1,9059.7000000000007,9059.7000000000007,9059.7000000000007,9059.7000000000007,4,2,1,1,0,0,0,31,4,46,0,0.84615384615384615,5,62.460000000000001,0,1,1,1,0,0,0,0,0,0,0,0,0,0,0,724.77999999999997,0.080000441515723483,0,0,0,724.77999999999997,7,30,0,40140,1,1,1,1,1,0,1,1,1,1,1,1,1,1,1,0,1,1,1,1,1,0,1,1,1,1,0,0,0,0,0,0,0,0,0,0,0,0,0,0,1,2,1,1,1,1
RCA_002157,INVOICE,USD,PAID,NET30,IT,680100-IT,USD,ISSUED,IT,680100-IT,SOFTWARE,US,USD,NET30,ACH,ACTIVE,ACH,USD,COMPLETED,SETTLED,ACH_DEBIT,USD,DEBIT,POSTED,MANAGER,APPROVED,PAYMENT,8573.2900000000009,7963.7799999999997,597.27999999999997,12.23,242,30,0,2,29,7963.7799999999997,266.04500000000002,8573.2900000000009,7963.7799999999997,597.27999999999997,12.23,262,2,29,7963.7799999999997,8573.2900000000009,212,1,8573.2900000000009,1,8573.2900000000009,1,8573.2900000000009,209,1,2,1,8573.2900000000009,8573.2900000000009,8573.2900000000009,8573.2900000000009,2,1,1,1,0,1,1,30,4,31,0,0.84615384615384615,5,144.19,0,0,0,1,1,0,0,0,0,0,0,0,0,0,0,0,0,0,0,0,0,20,30,0,41580,1,1,1,1,1,0,1,1,1,1,1,1,1,1,1,1,1,1,1,1,1,1,1,1,1,1,0,0,0,0,0,0,0,0,0,0,0,0,0,0,0,1,1,1,1,1
RCA_002160,PAYMENT,USD,PAID,NET30,IT,680100-IT,USD,ISSUED,IT,680100-IT,SOFTWARE,US,USD,NET30,ACH,ACTIVE,ACH,USD,COMPLETED,SETTLED,ACH_DEBIT,USD,DEBIT,POSTED,MANAGER,APPROVED,PAYMENT,4748.71,4748.71,0,0,98,30,5,3,49,4748.71,112.83,4748.71,4748.71,0,0,99,3,49,4748.71,4748.71,68,1,4748.71,1,4748.71,1,4748.71,63,1,2,1,4748.71,4748.71,4748.71,4748.71,2,1,1,1,0,0,0,30,4,42,0,0.84615384615384615,7,28.440000000000001,0,0,0,1,1,0,0,0,0,0,0,0,0,0,0,0,0,0,0,0,0,1,30,0,34380,1,1,1,1,1,0,1,1,1,1,1,1,1,1,1,1,1,1,1,1,1,0,1,1,1,1,0,0,0,0,0,0,0,0,0,0,0,0,0,0,1,1,1,1,1,1
RCA_002165,PAYMENT,EUR,PAID,DUE_ON_RECEIPT,ENGINEERING,610100-ENGINEERING,EUR,ISSUED,ENGINEERING,610100-ENGINEERING,SERVICES,DE,EUR,DUE_ON_RECEIPT,ACH,ACTIVE,ACH,EUR,SUBMITTED,PENDING,__MISSING__,__MISSING__,__MISSING__,__MISSING__,MANAGER,APPROVED,PAYMENT,3368.4499999999998,3130.73,234.80000000000001,2.9199999999999999,68,0,5,2,23,3130.73,353.61500000000001,3368.4499999999998,3130.73,234.80000000000001,2.9199999999999999,88,2,23,3130.73,3368.4499999999998,1,1,3368.4499999999998,1,3368.4499999999998,1,,,0,2,1,3368.4499999999998,3368.4499999999998,3368.4499999999998,3368.4499999999998,2,1,1,1,0,2,2,29,4,49,0,0.84615384615384615,1,12.880000000000001,0,0,0,1,0,0,0,0,0,0,0,0,0,3368.4499999999998,1,,,0,0,0,,20,67,,87660,1,1,1,1,1,0,1,1,1,1,1,1,1,0,0,-1,-1,1,1,1,1,1,1,1,1,1,0,0,0,0,1,0,0,0,0,0,0,0,0,0,0,1,1,0,1,1
RCA_002166,PAYMENT,EUR,PAID,DUE_ON_RECEIPT,FINANCE,630100-FINANCE,__MISSING__,__MISSING__,__MISSING__,__MISSING__,SERVICES,DE,EUR,DUE_ON_RECEIPT,ACH,ACTIVE,ACH,EUR,COMPLETED,SETTLED,ACH_DEBIT,EUR,DEBIT,POSTED,MANAGER,APPROVED,PAYMENT,7844.4300000000003,7844.4300000000003,0,0,298,0,2,4,15,7844.4300000000003,787.92499999999995,,,,,,0,0,0,7844.4300000000003,294,1,7844.4300000000003,1,7844.4300000000003,1,7819.4300000000003,291,1,2,1,7844.4300000000003,7844.4300000000003,7844.4300000000003,7844.4300000000003,2,1,1,1,0,2,1,29,4,49,0,0.84615384615384615,5,109.40000000000001,25,0,0,1,0,,,,,,,0,0,0,0,25,0.0031869747068939362,0,0,0,0,,4,0,1260,0,-1,-1,-1,1,0,-1,1,1,1,1,1,1,1,1,1,1,1,1,1,1,1,1,1,1,1,0,0,0,0,0,0,0,0,0,0,0,0,0,0,0,1,1,1,1,1
RCA_002167,INVOICE,USD,CREDIT_APPLIED,NET45,PEOPLE,660100-PEOPLE,__MISSING__,__MISSING__,__MISSING__,__MISSING__,SUPPLIER,US,USD,NET45,ACH,ACTIVE,__MISSING__,__MISSING__,__MISSING__,__MISSING__,__MISSING__,__MISSING__,__MISSING__,__MISSING__,__MISSING__,__MISSING__,__MISSING__,-1183.4000000000001,-1183.4000000000001,0,0,538,45,4,2,7,-1183.4000000000001,-175.125,,,,,,0,0,0,,,0,0,0,0,0,,,0,0,0,0,0,0,0,0,0,,0,0,1,0,31,4,23,0,0.69230769230769229,0,1395.23,0,0,0,0,0,,,,,,,,,1183.4000000000001,1,,,0,,,,,,,,0,-1,-1,-1,1,0,-1,-1,-1,-1,-1,-1,-1,-1,-1,-1,-1,-1,-1,-1,-1,1,-1,-1,-1,1,0,0,0,1,1,1,1,0,0,0,0,0,0,1,0,1,0,0,1,0
RCA_002168,INVOICE,USD,CANCELED,NET15,LEGAL,670100-LEGAL,__MISSING__,__MISSING__,__MISSING__,__MISSING__,SOFTWARE,US,USD,NET15,ACH,ACTIVE,__MISSING__,__MISSING__,__MISSING__,__MISSING__,__MISSING__,__MISSING__,__MISSING__,__MISSING__,__MISSING__,__MISSING__,__MISSING__,5861.1899999999996,5861.1899999999996,0,0,94,15,3,2,8,5861.1899999999996,1879.2750000000001,,,,,,0,0,0,,,0,0,0,0,0,,,0,0,0,0,0,0,0,0,0,,0,0,2,0,27,4,301,0,0.92307692307692313,1,0,0,0,0,0,0,,,,,,,,,5861.1899999999996,1,,,0,,,,,,,,0,-1,-1,-1,1,0,-1,-1,-1,-1,-1,-1,-1,-1,-1,-1,-1,-1,-1,-1,-1,1,-1,-1,-1,1,0,0,0,1,1,1,1,0,0,0,0,0,0,1,0,1,0,0,1,0
RCA_002171,INVOICE,USD,PAID,NET30,PEOPLE,660100-PEOPLE,USD,ISSUED,PEOPLE,660100-PEOPLE,PROFESSIONAL,US,USD,NET30,WIRE,ACTIVE,WIRE,USD,COMPLETED,SETTLED,WIRE_DEBIT,USD,DEBIT,POSTED,MANAGER,APPROVED,PAYMENT,3466.1900000000001,3143.5,314.35000000000002,8.3399999999999999,26,30,1,1,10,3143.5,314.35000000000002,3466.1900000000001,3143.5,314.35000000000002,8.3399999999999999,48,1,10,3143.5,3466.1900000000001,15,1,3466.1900000000001,1,3466.1900000000001,1,3466.1900000000001,14,1,2,1,3466.1900000000001,3466.1900000000001,3466.1900000000001,3466.1900000000001,2,1,1,1,0,0,0,31,4,6,0,0.76923076923076916,14,207.81999999999999,0,0,0,1,1,0,0,0,0,0,0,0,0,0,0,0,0,0,0,0,0,22,11,0,12780,1,1,1,1,1,0,1,1,1,1,1,1,1,1,1,1,1,1,1,1,1,0,1,1,1,1,0,0,0,0,0,0,0,0,0,0,0,0,0,0,1,1,1,1,1,1
RCA_002173,INVOICE,USD,PAID,DUE_ON_RECEIPT,PEOPLE,660100-PEOPLE,USD,ISSUED,PEOPLE,660100-PEOPLE,SERVICES,US,USD,DUE_ON_RECEIPT,ACH,ACTIVE,ACH,USD,COMPLETED,SETTLED,ACH_DEBIT,USD,DEBIT,POSTED,MANAGER,APPROVED,PAYMENT,2636.4099999999999,2626.1799999999998,0,10.23,378,0,3,4,58,2626.1799999999998,49.454999999999998,2636.4099999999999,2626.1799999999998,0,10.23,381,4,58,2626.1799999999998,2636.4099999999999,373,1,2636.4099999999999,1,2636.4099999999999,1,2636.4099999999999,370,1,2,1,2636.4099999999999,2636.4099999999999,2636.4099999999999,2636.4099999999999,2,1,1,1,0,0,0,27,4,5,0,0.76923076923076916,81,936.17999999999995,0,0,0,1,1,0,0,0,0,0,0,0,0,0,0,0,0,0,0,0,0,3,5,0,1260,1,1,1,1,1,0,1,1,1,1,1,1,1,1,1,1,1,1,1,1,1,0,1,1,1,1,0,0,0,0,0,0,0,0,0,0,0,0,0,0,1,1,1,1,1,1
RCA_002175,INVOICE,USD,PAID,NET45,FINANCE,630100-FINANCE,__MISSING__,__MISSING__,__MISSING__,__MISSING__,SOFTWARE,US,USD,NET45,VIRTUAL_CARD,ACTIVE,VIRTUAL_CARD,USD,COMPLETED,SETTLED,CARD_SETTLEMENT,USD,DEBIT,POSTED,MANAGER,APPROVED,PAYMENT,1304.1099999999999,1185.55,118.56,0,275,45,4,3,32,1185.55,39.380000000000003,,,,,,0,0,0,782.47000000000003,230,2,1304.1099999999999,1,1304.1099999999999,2,782.47000000000003,228,1,4,2,1333.0599999999999,1333.0599999999999,1333.0599999999999,1333.0599999999999,2,1,1,1,0,0,0,35,4,20,0,0.84615384615384615,6,95.299999999999997,0,0,0,1,1,,,,,,,0,0,0,0,0,0,0,550.59000000000003,550.59000000000003,0,,45,0,57420,0,-1,-1,-1,1,0,-1,1,1,1,1,1,1,1,1,1,1,1,1,1,1,0,1,1,1,1,0,0,0,0,0,0,0,0,0,0,0,0,0,0,1,1,2,2,1,1
RCA_002176,PAYMENT,USD,PAID,NET45,ENGINEERING,610100-ENGINEERING,USD,ISSUED,ENGINEERING,610100-ENGINEERING,SERVICES,US,USD,NET45,ACH,ACTIVE,ACH,USD,COMPLETED,SETTLED,ACH_DEBIT,USD,DEBIT,POSTED,DIRECTOR,APPROVED,PAYMENT,11404.969999999999,10368.15,1036.8199999999999,0,165,45,3,4,48,10368.15,421.2525,11404.969999999999,10368.15,1036.8199999999999,0,179,4,48,10368.15,4561.9899999999998,117,2,11404.969999999999,1,11404.969999999999,2,6842.9799999999996,117,1,4,2,11404.969999999999,11404.969999999999,11404.969999999999,11404.969999999999,3,2,2,2,0,2,2,30,4,135,0,0.84615384615384615,2,103.25,0,0,0,1,1,0,0,0,0,0,0,0,0,0,0,2280.9899999999998,0.4999989039870758,0,6842.9799999999996,6842.9799999999996,2280.9899999999998,14,48,-3,61680,1,1,1,1,1,0,1,1,1,1,1,1,1,1,1,1,1,1,1,1,1,1,1,1,1,1,0,0,0,0,0,0,0,0,0,0,0,0,0,0,0,1,2,2,1,1
RCA_002178,PAYMENT,EUR,PAID,NET30,FINANCE,630100-FINANCE,__MISSING__,__MISSING__,__MISSING__,__MISSING__,SERVICES,DE,EUR,NET30,CHECK,ACTIVE,CHECK,EUR,COMPLETED,SETTLED,CHECK_CLEARING,EUR,DEBIT,POSTED,MANAGER,APPROVED,PAYMENT,1174.75,1092.79,81.959999999999994,0,77,30,5,2,16,1092.79,85.225000000000009,,,,,,0,0,0,704.85000000000002,47,2,1174.75,1,1174.75,2,704.85000000000002,33,1,4,2,1174.75,1174.75,1174.75,1174.75,2,1,1,1,0,0,0,29,4,67,0,0.84615384615384615,1,0,0,0,0,1,1,,,,,,,0,0,0,0,0,0,0,469.89999999999998,469.89999999999998,0,,30,0,34380,0,-1,-1,-1,1,0,-1,1,1,1,1,1,1,1,1,1,1,1,1,1,1,0,1,1,1,1,0,0,0,0,0,0,0,0,0,0,0,0,0,0,1,1,2,2,1,1
RCA_002179,BANK_TRANSACTION,USD,PAID,NET45,IT,680100-IT,USD,ISSUED,IT,680100-IT,PROFESSIONAL,US,USD,NET45,WIRE,ACTIVE,WIRE,USD,COMPLETED,SETTLED,BANK_FEE,USD,DEBIT,POSTED,DIRECTOR,APPROVED,PAYMENT,15864.030000000001,15855.24,0,8.7899999999999991,152,45,2,2,27,15855.24,651.29500000000007,15864.030000000001,15855.24,0,8.7899999999999991,170,2,27,15855.24,15864.030000000001,107,1,15864.030000000001,1,15864.030000000001,1,25,106,2,2,1,15864.030000000001,15864.030000000001,15864.030000000001,15864.030000000001,3,2,2,2,0,1,1,31,4,8,0,0.84615384615384615,73,3719.6300000000001,25,0,0,1,1,0,0,0,0,0,0,0,0,0,0,15839.030000000001,0.99842410787170721,0,0,0,15814.030000000001,18,45,0,58800,1,1,1,1,1,0,1,1,1,1,1,1,1,1,0,1,0,1,1,1,1,1,1,1,1,1,0,0,0,0,0,0,0,0,0,0,0,0,0,0,0,1,1,2,1,1
RCA_002180,INVOICE,USD,PAID,NET30,PEOPLE,660100-PEOPLE,USD,ISSUED,PEOPLE,660100-PEOPLE,SOFTWARE,US,USD,NET30,ACH,ACTIVE,ACH,USD,COMPLETED,SETTLED,ACH_DEBIT,USD,DEBIT,POSTED,MANAGER,APPROVED,PAYMENT,6760.7600000000002,6289.0799999999999,471.68000000000001,0,375,30,1,3,15,6289.0799999999999,632.53000000000009,6760.7600000000002,6289.0799999999999,471.68000000000001,0,394,3,15,6289.0799999999999,6760.7600000000002,345,1,6760.7600000000002,1,6760.7600000000002,1,6760.7600000000002,342,1,2,1,6760.7600000000002,6760.7600000000002,6760.7600000000002,6760.7600000000002,2,1,1,1,0,0,0,30,4,11,0,0.76923076923076916,6,608.95000000000005,0,0,0,1,1,0,0,0,0,0,0,0,0,0,0,0,0,0,0,0,0,19,30,0,40140,1,1,1,1,1,0,1,1,1,1,1,1,1,1,1,1,1,1,1,1,1,0,1,1,1,1,0,0,0,0,0,0,0,0,0,0,0,0,0,0,1,1,1,1,1,1
RCA_002181,PAYMENT,USD,PAID,NET15,MARKETING,650100-MARKETING,USD,ISSUED,MARKETING,650100-MARKETING,SUPPLIER,US,USD,NET15,ACH,ACTIVE,ACH,USD,SUBMITTED,PENDING,__MISSING__,__MISSING__,__MISSING__,__MISSING__,DIRECTOR,APPROVED,PAYMENT,11181.92,10384.620000000001,778.85000000000002,18.449999999999999,436,15,4,1,2,10384.620000000001,5192.3100000000004,11181.92,10384.620000000001,778.85000000000002,18.449999999999999,442,1,2,10384.620000000001,11181.92,1,1,11181.92,1,11181.92,1,,,0,2,1,11181.92,11181.92,11181.92,11181.92,3,2,2,2,0,1,1,31,4,64,0,0.84615384615384615,4,358.94999999999999,0,0,0,1,0,0,0,0,0,0,0,0,0,11181.92,1,,,0,0,0,,6,435,,617520,1,1,1,1,1,0,1,1,1,1,1,1,1,0,0,-1,-1,1,1,1,1,1,1,1,1,1,0,0,0,0,1,0,0,0,0,0,0,0,0,0,0,1,1,0,1,1
RCA_002182,PAYMENT,EUR,PAID,NET30,ENGINEERING,610100-ENGINEERING,EUR,ISSUED,ENGINEERING,610100-ENGINEERING,LOGISTICS,DE,EUR,NET30,WIRE,ACTIVE,WIRE,EUR,COMPLETED,SETTLED,WIRE_DEBIT,EUR,DEBIT,POSTED,__MISSING__,__MISSING__,PAYMENT,3592.7600000000002,3394.2600000000002,169.71000000000001,28.789999999999999,473,30,4,3,21,3394.2600000000002,270.16000000000003,3592.7600000000002,3394.2600000000002,169.71000000000001,28.789999999999999,488,3,21,3394.2600000000002,1437.0999999999999,440,2,3592.7600000000002,1,3592.7600000000002,2,2155.6599999999999,442,1,4,2,3592.7600000000002,3592.7600000000002,3592.7600000000002,3592.7600000000002,1,0,,0,0,1,0,29,4,19,0,0.76923076923076916,1,33.399999999999999,0,0,0,1,0,0,0,0,0,0,0,0,0,0,0,718.55999999999995,0.50000695845800569,0,2155.6599999999999,2155.6599999999999,718.55999999999995,15,33,-3,,1,1,1,1,1,0,1,1,1,1,1,1,1,1,1,1,1,1,1,1,1,1,-1,-1,-1,1,0,0,0,0,0,0,0,0,0,0,0,0,0,0,0,1,2,2,1,1
RCA_002183,INVOICE,USD,CREDIT_APPLIED,NET15,IT,680100-IT,__MISSING__,__MISSING__,__MISSING__,__MISSING__,SOFTWARE,US,USD,NET15,ACH,ACTIVE,__MISSING__,__MISSING__,__MISSING__,__MISSING__,__MISSING__,__MISSING__,__MISSING__,__MISSING__,__MISSING__,__MISSING__,__MISSING__,-5955.8699999999999,-5540.3400000000001,-415.52999999999997,0,237,15,2,4,19,-5540.3400000000001,-664.27250000000004,,,,,,0,0,0,,,0,0,0,0,0,,,0,0,0,0,0,0,0,0,0,,0,0,2,0,27,4,301,0,0.69230769230769229,0,6162.6899999999996,0,0,0,0,0,,,,,,,,,5955.8699999999999,1,,,0,,,,,,,,0,-1,-1,-1,1,0,-1,-1,-1,-1,-1,-1,-1,-1,-1,-1,-1,-1,-1,-1,-1,1,-1,-1,-1,1,0,0,0,1,1,1,1,0,0,0,0,0,0,1,0,1,0,0,1,0
RCA_002185,PAYMENT,USD,APPROVED,NET30,LEGAL,670100-LEGAL,USD,ISSUED,LEGAL,670100-LEGAL,SOFTWARE,US,USD,NET30,ACH,ACTIVE,ACH,USD,REVERSED,REVERSED,ACH_DEBIT,USD,DEBIT,POSTED,MANAGER,APPROVED,PAYMENT,4337.5500000000002,4034.9299999999998,302.62,0,212,30,0,2,25,4034.9299999999998,370.04500000000002,4337.5500000000002,4034.9299999999998,302.62,0,229,2,25,4034.9299999999998,4337.5500000000002,182,1,4337.5500000000002,1,4337.5500000000002,1,4337.5500000000002,179,2,4,2,8675.1000000000004,8675.1000000000004,4337.5500000000002,4337.5500000000002,2,1,1,1,0,0,0,30,4,42,0,0.84615384615384615,4,60.490000000000002,0,0,0,1,2,0,0,0,0,0,0,0,0,4337.5500000000002,1,0,0,0,0,0,0,17,30,0,41580,1,1,1,1,1,0,1,1,1,1,1,1,1,1,0,1,1,1,1,0,1,0,1,1,1,1,0,0,0,0,0,0,0,0,0,0,0,0,0,0,1,1,1,2,1,1
RCA_002187,INVOICE,USD,PAID,DUE_ON_RECEIPT,ENGINEERING,610100-ENGINEERING,USD,ISSUED,ENGINEERING,610100-ENGINEERING,SUPPLIER,US,USD,DUE_ON_RECEIPT,ACH,ACTIVE,ACH,USD,COMPLETED,SETTLED,ACH_DEBIT,USD,DEBIT,POSTED,MANAGER,APPROVED,PAYMENT,4596.7600000000002,4582.8800000000001,0,13.880000000000001,178,0,4,1,4,4582.8800000000001,1145.72,4596.7600000000002,4582.8800000000001,0,13.880000000000001,204,1,4,4582.8800000000001,4596.7600000000002,172,1,4596.7600000000002,1,4596.7600000000002,1,4596.7600000000002,167,1,2,1,4596.7600000000002,4596.7600000000002,4596.7600000000002,4596.7600000000002,2,1,1,1,0,0,0,35,4,7,0,0.92307692307692313,59,943.58000000000004,0,0,0,1,1,0,0,0,0,0,0,0,0,0,0,0,0,0,0,0,0,26,6,0,1260,1,1,1,1,1,0,1,1,1,1,1,1,1,1,1,1,1,1,1,1,1,0,1,1,1,1,0,0,0,0,0,0,0,0,0,0,0,0,0,0,1,1,1,1,1,1
RCA_002188,INVOICE,EUR,APPROVED,NET30,FINANCE,630100-FINANCE,EUR,ISSUED,FINANCE,630100-FINANCE,SERVICES,DE,EUR,NET30,CHECK,ACTIVE,__MISSING__,__MISSING__,__MISSING__,__MISSING__,__MISSING__,__MISSING__,__MISSING__,__MISSING__,__MISSING__,__MISSING__,__MISSING__,1415.71,1274.3699999999999,127.44,13.9,520,30,3,4,67,1274.3699999999999,17.98,1415.71,1274.3699999999999,127.44,13.9,543,4,67,1274.3699999999999,,,0,0,0,0,0,,,0,0,0,0,0,0,0,0,0,,0,0,0,0,29,4,67,0,0.84615384615384615,1,18.210000000000001,0,0,0,0,0,0,0,0,0,0,0,,,1415.71,1,,,0,,,,23,,,,1,1,1,1,1,0,1,-1,-1,-1,-1,-1,-1,-1,-1,-1,-1,-1,-1,-1,-1,0,-1,-1,-1,1,0,0,0,1,1,1,1,0,0,0,0,0,0,1,1,1,0,0,1,0
RCA_002191,INVOICE,USD,PAID,NET60,OPERATIONS,620100-OPERATIONS,USD,ISSUED,OPERATIONS,620100-OPERATIONS,LOGISTICS,US,USD,NET60,ACH,ACTIVE,ACH,USD,COMPLETED,SETTLED,ACH_DEBIT,USD,DEBIT,POSTED,MANAGER,APPROVED,PAYMENT,6668.3100000000004,6062.1000000000004,606.21000000000004,0,248,60,2,2,39,6062.1000000000004,147.77000000000001,6668.3100000000004,6062.1000000000004,606.21000000000004,0,262,2,39,6062.1000000000004,4000.9899999999998,188,2,6668.3100000000004,1,6668.3100000000004,2,4000.9899999999998,183,1,4,2,6668.3100000000004,6668.3100000000004,6668.3100000000004,6668.3100000000004,2,1,1,1,0,0,0,32,4,23,0,0.76923076923076916,25,346.57999999999998,0,0,0,1,1,0,0,0,0,0,0,0,0,0,0,0,0,0,2667.3200000000002,2667.3200000000002,0,14,60,0,81900,1,1,1,1,1,0,1,1,1,1,1,1,1,1,1,1,1,1,1,0,1,0,1,1,1,1,0,0,0,0,0,0,0,0,0,0,0,0,0,0,1,1,2,2,1,1
RCA_002193,INVOICE,USD,APPROVED,NET15,IT,680100-IT,USD,ISSUED,IT,680100-IT,SERVICES,US,USD,NET15,CHECK,ACTIVE,__MISSING__,__MISSING__,__MISSING__,__MISSING__,__MISSING__,__MISSING__,__MISSING__,__MISSING__,__MISSING__,__MISSING__,__MISSING__,17121.68,15938.16,1183.52,0,301,15,3,1,24,15938.16,664.09000000000003,16963.759999999998,15780.24,1183.52,0,328,1,24,15780.24,,,0,0,0,0,0,,,0,0,0,0,0,0,0,0,0,,0,0,0,0,30,4,4,0,0.76923076923076916,106,6854.0600000000004,0,0,0,0,0,157.91999999999999,0.0093092569100246651,0,0,157.91999999999999,0,,,17121.68,1,,,0,,,,27,,,,1,1,1,1,1,0,1,-1,-1,-1,-1,-1,-1,-1,-1,-1,-1,-1,-1,-1,-1,0,-1,-1,-1,1,0,0,0,1,1,1,1,0,0,0,0,0,0,1,1,1,0,0,1,0
RCA_002194,PAYMENT,USD,PAID,NET45,FINANCE,630100-FINANCE,USD,ISSUED,FINANCE,630100-FINANCE,SUPPLIER,US,USD,NET45,CHECK,ACTIVE,CHECK,USD,COMPLETED,SETTLED,CHECK_CLEARING,USD,DEBIT,POSTED,MANAGER,APPROVED,PAYMENT,648.29999999999995,595.00999999999999,44.630000000000003,8.6600000000000001,149,45,0,1,23,595.00999999999999,25.870000000000001,648.29999999999995,595.00999999999999,44.630000000000003,8.6600000000000001,174,1,23,595.00999999999999,388.98000000000002,104,2,648.29999999999995,1,648.29999999999995,2,388.98000000000002,90,1,4,2,648.29999999999995,648.29999999999995,648.29999999999995,648.29999999999995,2,1,1,1,0,0,0,29,4,6,0,0.76923076923076916,32,1.7,0,0,0,1,1,0,0,0,0,0,0,0,0,0,0,0,0,0,259.31999999999999,259.31999999999999,0,25,45,0,63180,1,1,1,1,1,0,1,1,1,1,1,1,1,1,1,1,1,1,1,1,1,0,1,1,1,1,0,0,0,0,0,0,0,0,0,0,0,0,0,0,1,1,2,2,1,1
RCA_002195,BANK_TRANSACTION,USD,PAID,NET30,LEGAL,670100-LEGAL,__MISSING__,__MISSING__,__MISSING__,__MISSING__,SUPPLIER,US,USD,NET30,WIRE,ACTIVE,WIRE,USD,COMPLETED,SETTLED,BANK_FEE,USD,DEBIT,POSTED,MANAGER,APPROVED,PAYMENT,7174.6599999999999,7174.6599999999999,0,0,252,30,3,3,16,7174.6599999999999,521.19666666666672,,,,,,0,0,0,4304.8000000000002,222,2,7174.6599999999999,1,7174.6599999999999,2,35,218,1,4,2,7174.6599999999999,7174.6599999999999,7174.6599999999999,7174.6599999999999,2,1,1,1,0,1,1,34,4,11,0,0.76923076923076916,8,840.34000000000003,35,0,0,1,1,,,,,,,0,0,0,0,4269.8000000000002,0.99186954097751345,0,2869.8600000000001,2869.8600000000001,4234.8000000000002,,30,3,37260,0,-1,-1,-1,1,0,-1,1,1,1,1,1,1,1,1,1,0,1,1,1,1,1,1,1,1,1,0,0,0,0,0,0,0,0,0,0,0,0,0,0,0,1,2,3,1,1
RCA_002198,PAYMENT,USD,APPROVED,NET45,SALES,640100-SALES,__MISSING__,__MISSING__,__MISSING__,__MISSING__,SERVICES,US,USD,NET45,ACH,ACTIVE,ACH,USD,COMPLETED,SETTLED,ACH_DEBIT,USD,DEBIT,POSTED,MANAGER,APPROVED,PAYMENT,2161.4699999999998,1964.97,196.5,0,397,45,4,3,11,1964.97,287.4733333333333,,,,,,0,0,0,864.59000000000003,349,2,2161.4699999999998,1,2161.4699999999998,2,1296.8800000000001,349,1,6,3,3458.3499999999999,3458.3499999999999,2161.4699999999998,2161.4699999999998,2,1,1,1,0,2,0,30,4,135,0,0.92307692307692313,1,0,0,0,0,1,0,,,,,,,0,0,1296.8800000000001,0.59999907470378955,432.29000000000002,0.49999421691206236,0,1296.8800000000001,1296.8800000000001,432.29000000000002,,48,-3,61740,0,-1,-1,-1,1,0,-1,1,1,1,1,1,1,1,1,1,1,1,1,1,1,1,1,1,1,1,0,0,0,0,0,0,0,0,0,0,0,0,0,0,0,1,2,3,1,1
RCA_002199,INVOICE,USD,CREDIT_APPLIED,NET60,FINANCE,630100-FINANCE,__MISSING__,__MISSING__,__MISSING__,__MISSING__,SERVICES,US,USD,NET60,ACH,ACTIVE,__MISSING__,__MISSING__,__MISSING__,__MISSING__,__MISSING__,__MISSING__,__MISSING__,__MISSING__,__MISSING__,__MISSING__,__MISSING__,-1070.8699999999999,-996.15999999999997,-74.709999999999994,0,417,60,3,1,22,-996.15999999999997,-45.280000000000001,,,,,,0,0,0,,,0,0,0,0,0,,,0,0,0,0,0,0,0,0,0,,0,0,1,0,28,4,27,0,0.69230769230769229,0,1759.1500000000001,0,0,0,0,0,,,,,,,,,1070.8699999999999,1,,,0,,,,,,,,0,-1,-1,-1,1,0,-1,-1,-1,-1,-1,-1,-1,-1,-1,-1,-1,-1,-1,-1,-1,1,-1,-1,-1,1,0,0,0,1,1,1,1,0,0,0,0,0,0,1,0,1,0,0,1,0
RCA_002205,INVOICE,USD,PAID,DUE_ON_RECEIPT,PEOPLE,660100-PEOPLE,USD,ISSUED,PEOPLE,660100-PEOPLE,SUPPLIER,US,USD,DUE_ON_RECEIPT,CHECK,ACTIVE,CHECK,USD,COMPLETED,SETTLED,CHECK_CLEARING,USD,DEBIT,POSTED,MANAGER,APPROVED,PAYMENT,1178.49,1178.49,0,0,459,0,2,2,7,1178.49,432.59499999999997,1178.49,1178.49,0,0,479,2,7,1178.49,1178.49,455,1,1178.49,1,1178.49,1,1178.49,441,1,2,1,1178.49,1178.49,1178.49,1178.49,2,1,1,1,0,0,0,28,4,4,0,0.76923076923076916,295,144.58000000000001,0,0,0,1,1,0,0,0,0,0,0,0,0,0,0,0,0,0,0,0,0,20,4,0,1260,1,1,1,1,1,0,1,1,1,1,1,1,1,1,1,1,1,1,1,1,1,0,1,1,1,1,0,0,0,0,0,0,0,0,0,0,0,0,0,0,1,1,1,1,1,1
RCA_002206,PAYMENT,EUR,PAID,NET30,SALES,640100-SALES,EUR,ISSUED,SALES,640100-SALES,PROFESSIONAL,DE,EUR,NET30,ACH,ACTIVE,ACH,EUR,COMPLETED,SETTLED,ACH_DEBIT,EUR,DEBIT,POSTED,DIRECTOR,APPROVED,PAYMENT,2883.1100000000001,2600.1500000000001,260.01999999999998,22.940000000000001,306,30,5,3,40,2600.1500000000001,55.449999999999996,2883.1100000000001,2600.1500000000001,260.01999999999998,22.940000000000001,313,3,40,2600.1500000000001,17541.700000000001,230,2,17541.700000000001,2,17541.700000000001,1,17541.700000000001,225,1,2,1,17541.700000000001,17541.700000000001,17541.700000000001,17541.700000000001,5,3,2,2,0,0,0,31,4,46,0,0.84615384615384615,3,62.460000000000001,0,0,0,1,1,0,0,0,0,0,0,0,0,0,0,0,0,0,0,0,0,7,76,0,40080,1,1,1,1,1,0,1,1,1,1,1,1,1,1,1,1,1,1,1,1,1,0,1,1,1,1,0,0,0,0,0,0,0,0,0,0,0,0,0,0,1,2,1,1,1,1
RCA_002209,INVOICE,USD,APPROVED,NET45,SALES,640100-SALES,USD,ISSUED,SALES,640100-SALES,SERVICES,US,USD,NET45,ACH,ACTIVE,__MISSING__,__MISSING__,__MISSING__,__MISSING__,__MISSING__,__MISSING__,__MISSING__,__MISSING__,__MISSING__,__MISSING__,__MISSING__,5494.8500000000004,5114.3900000000003,380.45999999999998,0,269,45,2,2,41,5114.3900000000003,116.73999999999999,5453.2200000000003,5072.7600000000002,380.45999999999998,0,296,2,41,5072.7600000000002,,,0,0,0,0,0,,,0,0,0,0,0,0,0,0,0,,0,0,2,0,30,4,135,0,0.84615384615384615,3,8.1899999999999995,0,0,0,0,0,41.630000000000003,0.0076340217339480165,0,0,41.630000000000003,0,,,5494.8500000000004,1,,,0,,,,27,,,,1,1,1,1,1,0,1,-1,-1,-1,-1,-1,-1,-1,-1,-1,-1,-1,-1,-1,-1,1,-1,-1,-1,1,0,0,0,1,1,1,1,0,0,0,0,0,0,1,0,1,0,0,1,0
RCA_002211,BANK_TRANSACTION,GBP,PAID,NET30,IT,680100-IT,__MISSING__,__MISSING__,__MISSING__,__MISSING__,SERVICES,GB,GBP,NET30,WIRE,ACTIVE,WIRE,GBP,COMPLETED,SETTLED,BANK_FEE,GBP,DEBIT,POSTED,MANAGER,APPROVED,PAYMENT,7942.3000000000002,7388.1899999999996,554.11000000000001,0,227,30,2,4,31,7388.1899999999996,199.38999999999999,,,,,,0,0,0,4765.3800000000001,197,2,7942.3000000000002,1,7942.3000000000002,2,15,196,2,4,2,7942.3000000000002,7942.3000000000002,7942.3000000000002,7942.3000000000002,2,1,1,1,0,0,0,30,4,5,0,0.76923076923076916,25,2245.9899999999998,15,0,0,1,1,,,,,,,0,0,0,0,4750.3800000000001,0.99685229719350821,0,3176.9200000000001,3176.9200000000001,4735.3800000000001,,30,0,38700,0,-1,-1,-1,1,0,-1,1,1,1,1,1,1,1,0,1,0,1,1,1,1,0,1,1,1,1,0,0,0,0,0,0,0,0,0,0,0,0,0,0,1,1,2,3,1,1
RCA_002213,PAYMENT,USD,PAID,NET30,FINANCE,630100-FINANCE,USD,ISSUED,FINANCE,630100-FINANCE,SERVICES,US,USD,NET30,ACH,ACTIVE,ACH,USD,SUBMITTED,PENDING,__MISSING__,__MISSING__,__MISSING__,__MISSING__,MANAGER,APPROVED,PAYMENT,2923.3000000000002,2646.8699999999999,264.69,11.74,177,30,5,2,7,2646.8699999999999,374.63499999999999,2923.3000000000002,2646.8699999999999,264.69,11.74,196,2,7,2646.8699999999999,2923.3000000000002,1,1,2923.3000000000002,1,2923.3000000000002,1,,,0,2,1,2923.3000000000002,2923.3000000000002,2923.3000000000002,2923.3000000000002,2,1,1,1,0,0,0,29,4,1,0,0.69230769230769229,279,2950.3400000000001,0,0,0,1,0,0,0,0,0,0,0,0,0,2923.3000000000002,1,,,0,0,0,,19,176,,244620,1,1,1,1,1,0,1,1,1,1,1,1,1,0,0,-1,-1,1,1,1,1,0,1,1,1,1,0,0,0,0,1,0,0,0,0,0,0,0,0,0,1,1,1,0,1,1
RCA_002214,PAYMENT,USD,PAID,NET30,FINANCE,630100-FINANCE,USD,ISSUED,FINANCE,630100-FINANCE,SOFTWARE,US,USD,NET30,ACH,ACTIVE,ACH,USD,COMPLETED,SETTLED,ACH_DEBIT,USD,DEBIT,POSTED,MANAGER,APPROVED,PAYMENT,1328.0999999999999,1207.02,90.530000000000001,30.550000000000001,78,30,2,3,45,1207.02,37.883333333333333,1328.0999999999999,1207.02,90.530000000000001,30.550000000000001,81,3,45,1207.02,531.24000000000001,45,2,1328.0999999999999,1,1328.0999999999999,2,796.86000000000001,43,1,4,2,1328.0999999999999,1328.0999999999999,1328.0999999999999,1328.0999999999999,2,1,1,1,0,1,1,30,4,31,0,0.84615384615384615,26,36.740000000000002,0,0,0,1,0,0,0,0,0,0,0,0,0,0,0,265.62,0.5,0,796.86000000000001,796.86000000000001,265.62,3,33,-3,43020,1,1,1,1,1,0,1,1,1,1,1,1,1,1,1,1,1,1,1,1,1,1,1,1,1,1,0,0,0,0,0,0,0,0,0,0,0,0,0,0,0,1,2,2,1,1
RCA_002217,PAYMENT,USD,APPROVED,NET45,LEGAL,670100-LEGAL,__MISSING__,__MISSING__,__MISSING__,__MISSING__,SUPPLIER,US,USD,NET45,ACH,ACTIVE,ACH,USD,REVERSED,REVERSED,ACH_DEBIT,USD,DEBIT,POSTED,MANAGER,APPROVED,PAYMENT,6713.1099999999997,6244.75,468.36000000000001,0,304,45,3,3,19,6244.75,347.12999999999994,,,,,,0,0,0,2685.2399999999998,256,2,6713.1099999999997,1,6713.1099999999997,2,4027.8699999999999,256,2,6,3,9398.3500000000004,9398.3500000000004,6713.1099999999997,6713.1099999999997,2,1,1,1,0,0,0,33,4,8,0,0.84615384615384615,4,201.88999999999999,0,0,0,1,2,,,,,,,0,0,2685.2399999999998,0.39999940415098217,1342.6300000000001,0.50000372406190885,0,4027.8699999999999,4027.8699999999999,1342.6300000000001,,48,-3,63180,0,-1,-1,-1,1,0,-1,1,1,1,1,1,1,1,0,1,1,1,1,1,1,0,1,1,1,1,0,0,0,0,0,0,0,0,0,0,0,0,0,0,1,1,2,3,1,1
RCA_002218,PAYMENT,EUR,PAID,NET15,PEOPLE,660100-PEOPLE,__MISSING__,__MISSING__,__MISSING__,__MISSING__,SOFTWARE,DE,EUR,NET15,ACH,ACTIVE,ACH,EUR,COMPLETED,SETTLED,ACH_DEBIT,EUR,DEBIT,POSTED,MANAGER,APPROVED,PAYMENT,7662.3100000000004,7127.7299999999996,534.58000000000004,0,25,15,0,1,3,7127.7299999999996,2375.9099999999999,,,,,,0,0,0,3064.9200000000001,15,3,15324.620000000001,1,7662.3100000000004,3,4597.3900000000003,12,1,6,3,15324.620000000001,15324.620000000001,15324.620000000001,15324.620000000001,2,1,1,1,0,1,1,27,4,23,0,0.84615384615384615,5,0,0,0,0,1,1,,,,,,,0,0,7662.3100000000004,1,1532.47,0.50000326272790152,0,12259.700000000001,12259.700000000001,1532.47,,10,0,12780,0,-1,-1,-1,1,0,-1,1,1,1,1,1,1,1,1,1,1,1,1,1,1,1,1,1,1,1,0,0,0,0,0,0,0,0,0,0,0,0,0,0,0,1,3,3,1,1
RCA_002221,INVOICE,USD,PAID,NET60,OPERATIONS,620100-OPERATIONS,USD,ISSUED,OPERATIONS,620100-OPERATIONS,PROFESSIONAL,US,USD,NET60,ACH,ACTIVE,ACH,USD,COMPLETED,SETTLED,ACH_DEBIT,USD,DEBIT,POSTED,AUTO,AUTO_APPROVED,PAYMENT,342.56,342.56,0,0,205,60,4,1,16,342.56,21.41,342.56,342.56,0,0,214,1,16,342.56,1957.4400000000001,145,2,1957.4400000000001,2,1957.4400000000001,1,1957.4400000000001,140,1,2,1,1957.4400000000001,1957.4400000000001,1957.4400000000001,1957.4400000000001,4,2,1,2,0,0,0,29,4,51,0,0.84615384615384615,3,737.45000000000005,0,0,0,1,1,0,0,0,0,0,0,0,0,0,0,0,0,0,0,0,0,9,60,0,79020,1,1,1,1,1,0,1,1,1,1,1,1,1,1,1,1,1,1,1,1,1,0,-1,-1,-1,1,0,0,0,0,0,0,0,0,0,0,0,0,0,0,1,2,1,1,1,1
RCA_002223,INVOICE,USD,PAID,NET30,MARKETING,650100-MARKETING,USD,ISSUED,MARKETING,650100-MARKETING,SERVICES,US,USD,NET30,ACH,ACTIVE,ACH,USD,COMPLETED,FAILED,ACH_DEBIT,USD,DEBIT,RETURNED,MANAGER,APPROVED,PAYMENT,4193.3199999999997,3993.6399999999999,199.68000000000001,0,294,30,5,3,16,3993.6399999999999,1098.2733333333333,4193.3199999999997,3993.6399999999999,199.68000000000001,0,307,3,16,3993.6399999999999,2515.9899999999998,264,2,4193.3199999999997,1,4193.3199999999997,2,2515.9899999999998,259,1,4,2,4193.3199999999997,4193.3199999999997,4193.3199999999997,4193.3199999999997,2,1,1,1,0,1,1,25,4,18,0,0.84615384615384615,23,251.22999999999999,0,0,0,1,1,0,0,0,0,0,0,0,0,2515.9899999999998,0.59999952305094773,0,0,0,1677.3299999999999,1677.3299999999999,0,13,30,0,34380,1,1,1,1,1,0,1,1,1,1,1,1,1,1,1,1,1,1,1,1,0,1,1,1,1,1,0,0,0,0,0,0,0,0,0,0,0,0,0,0,0,1,2,2,1,1
RCA_002224,PAYMENT,USD,PAID,NET30,SALES,640100-SALES,USD,ISSUED,SALES,640100-SALES,SERVICES,US,USD,NET30,ACH,ACTIVE,ACH,USD,COMPLETED,SETTLED,ACH_DEBIT,USD,DEBIT,POSTED,DIRECTOR,APPROVED,PAYMENT,35410.82,32191.650000000001,3219.1700000000001,0,406,30,0,2,36,32191.650000000001,1026.2649999999999,35410.82,32191.650000000001,3219.1700000000001,0,430,2,36,32191.650000000001,21246.490000000002,376,2,35410.82,1,35410.82,2,21246.490000000002,371,1,4,2,35410.82,35410.82,35410.82,35410.82,3,2,2,2,0,0,0,28,4,7,0,0.76923076923076916,16,25561.259999999998,0,0,0,1,1,0,0,0,0,0,0,0,0,0,0,0,0,0,14164.33,14164.33,0,24,30,0,40080,1,1,1,1,1,0,1,1,1,1,1,1,1,1,1,1,1,1,1,1,1,0,1,1,1,1,0,0,0,0,0,0,0,0,0,0,0,0,0,0,1,1,2,2,1,1
RCA_002227,BANK_TRANSACTION,GBP,PAID,NET30,PEOPLE,660100-PEOPLE,__MISSING__,__MISSING__,__MISSING__,__MISSING__,SUPPLIER,GB,GBP,NET30,WIRE,ACTIVE,WIRE,GBP,COMPLETED,SETTLED,BANK_FEE,GBP,DEBIT,POSTED,MANAGER,APPROVED,PAYMENT,2601.0100000000002,2419.54,181.47,0,491,30,2,2,22,2419.54,106.83499999999999,,,,,,0,0,0,1560.6099999999999,461,2,2601.0100000000002,1,2601.0100000000002,2,25,460,2,4,2,2601.0100000000002,2601.0100000000002,2601.0100000000002,2601.0100000000002,2,1,1,1,0,0,0,30,4,8,0,0.76923076923076916,8,402.22000000000003,25,0,0,1,1,,,,,,,0,0,0,0,1535.6099999999999,0.98398062296153432,0,1040.4000000000001,1040.4000000000001,1510.6099999999999,,30,0,38700,0,-1,-1,-1,1,0,-1,1,1,1,1,1,1,1,0,1,0,1,1,1,1,0,1,1,1,1,0,0,0,0,0,0,0,0,0,0,0,0,0,0,1,1,2,2,1,1
RCA_002229,PAYMENT,USD,PAID,NET45,FINANCE,630100-FINANCE,__MISSING__,__MISSING__,__MISSING__,__MISSING__,SUPPLIER,US,USD,NET45,ACH,ACTIVE,ACH,USD,SUBMITTED,PENDING,__MISSING__,__MISSING__,__MISSING__,__MISSING__,MANAGER,APPROVED,PAYMENT,1824.72,1824.72,0,0,347,45,2,1,8,1824.72,228.09,,,,,,0,0,0,1824.72,1,1,1824.72,1,1824.72,1,,,0,2,1,1824.72,1824.72,1824.72,1824.72,2,1,1,1,0,0,0,27,4,4,0,0.84615384615384615,30,0,0,0,0,1,0,,,,,,,0,0,1824.72,1,,,0,0,0,,,346,,493740,0,-1,-1,-1,1,0,-1,1,1,1,1,1,1,0,0,-1,-1,1,1,1,1,0,1,1,1,1,0,0,0,0,1,0,0,0,0,0,0,0,0,0,1,1,1,0,1,1
RCA_002231,INVOICE,CAD,CREDIT_APPLIED,NET45,IT,680100-IT,__MISSING__,__MISSING__,__MISSING__,__MISSING__,SUPPLIER,CA,CAD,NET45,ACH,ACTIVE,__MISSING__,__MISSING__,__MISSING__,__MISSING__,__MISSING__,__MISSING__,__MISSING__,__MISSING__,__MISSING__,__MISSING__,__MISSING__,-7165.79,-6514.3500000000004,-651.44000000000005,0,397,45,1,3,22,-6514.3500000000004,-369.07333333333332,,,,,,0,0,0,,,0,0,0,0,0,,,0,0,0,0,0,0,0,0,0,,0,0,0,0,35,4,39,0,0.69230769230769229,0,7242.6099999999997,0,0,0,0,0,,,,,,,,,7165.79,1,,,0,,,,,,,,0,-1,-1,-1,1,0,-1,-1,-1,-1,-1,-1,-1,-1,-1,-1,-1,-1,-1,-1,-1,0,-1,-1,-1,1,0,0,0,1,1,1,1,0,0,0,0,0,0,1,1,1,0,0,1,0
RCA_002235,INVOICE,USD,PAID,NET45,LEGAL,670100-LEGAL,USD,ISSUED,LEGAL,670100-LEGAL,SUPPLIER,US,USD,NET45,ACH,ACTIVE,ACH,USD,COMPLETED,SETTLED,ACH_DEBIT,USD,DEBIT,POSTED,MANAGER,APPROVED,PAYMENT,4029.1799999999998,4029.1799999999998,0,0,65,45,4,3,30,4029.1799999999998,826.88,4029.1799999999998,4029.1799999999998,0,0,69,3,30,4029.1799999999998,2417.5100000000002,20,2,4029.1799999999998,1,4029.1799999999998,2,2417.5100000000002,15,1,4,2,4029.1799999999998,4029.1799999999998,4029.1799999999998,4029.1799999999998,2,1,1,1,0,1,1,31,4,10,0,0.84615384615384615,6,389.99000000000001,0,0,0,1,1,0,0,0,0,0,0,0,0,0,0,0,0,0,1611.6700000000001,1611.6700000000001,0,4,45,0,57420,1,1,1,1,1,0,1,1,1,1,1,1,1,1,1,1,1,1,1,1,1,1,1,1,1,1,0,0,0,0,0,0,0,0,0,0,0,0,0,0,0,1,2,2,1,1
RCA_002236,INVOICE,USD,PAID,NET45,ENGINEERING,610100-ENGINEERING,USD,ISSUED,ENGINEERING,610100-ENGINEERING,SOFTWARE,US,USD,NET45,ACH,ACTIVE,ACH,USD,COMPLETED,SETTLED,ACH_DEBIT,USD,DEBIT,POSTED,MANAGER,APPROVED,PAYMENT,9077.2600000000002,8443.9599999999991,633.29999999999995,0,208,45,1,2,20,8443.9599999999991,512.82500000000005,9077.2600000000002,8443.9599999999991,633.29999999999995,0,210,2,20,8443.9599999999991,16965.080000000002,15,3,24852.900000000001,2,16965.080000000002,2,16965.080000000002,12,1,4,2,24852.900000000001,24852.900000000001,24852.900000000001,24852.900000000001,4,2,1,1,0,1,1,30,4,350,0,0.92307692307692313,0,45.979999999999997,0,0,0,1,1,0,0,0,0,0,0,0,0,0,0,0,0,0,7887.8199999999997,7887.8199999999997,0,2,193,0,50220,1,1,1,1,1,0,1,1,1,1,1,1,1,1,1,1,1,1,1,1,1,1,1,1,1,1,0,0,0,0,0,0,0,0,0,0,0,0,0,0,0,2,2,2,1,1
RCA_002237,INVOICE,USD,PAID,NET30,IT,680100-IT,USD,ISSUED,IT,680100-IT,PROFESSIONAL,US,USD,NET30,WIRE,ACTIVE,WIRE,USD,COMPLETED,SETTLED,WIRE_DEBIT,USD,DEBIT,POSTED,MANAGER,APPROVED,PAYMENT,1737.1800000000001,1737.1800000000001,0,0,225,30,0,2,35,1737.1800000000001,57.494999999999997,1737.1800000000001,1737.1800000000001,0,0,233,2,35,1737.1800000000001,1737.1800000000001,195,1,1737.1800000000001,1,1737.1800000000001,1,1702.1800000000001,194,1,2,1,1737.1800000000001,1737.1800000000001,1737.1800000000001,1737.1800000000001,2,1,1,1,0,0,0,30,4,2,0,0.76923076923076916,115,2927.1300000000001,0,0,0,1,0,0,0,0,0,0,0,0,0,0,0,35,0.020147595528385083,0,0,0,35,8,30,0,41580,1,1,1,1,1,0,1,1,1,1,1,1,1,1,1,1,1,1,1,1,1,0,1,1,1,1,0,0,0,0,0,0,0,0,0,0,0,0,0,0,1,1,1,1,1,1
RCA_002241,INVOICE,USD,APPROVED,NET60,OPERATIONS,620100-OPERATIONS,USD,ISSUED,OPERATIONS,620100-OPERATIONS,LOGISTICS,US,USD,NET60,ACH,ACTIVE,__MISSING__,__MISSING__,__MISSING__,__MISSING__,__MISSING__,__MISSING__,__MISSING__,__MISSING__,__MISSING__,__MISSING__,__MISSING__,5034.9899999999998,5026.46,0,8.5299999999999994,248,60,5,2,24,5026.46,258.13999999999999,5011.1899999999996,5002.6599999999999,0,8.5299999999999994,276,2,24,5002.6599999999999,,,0,0,0,0,0,,,0,0,0,0,0,0,0,0,0,,0,0,0,0,32,4,25,0,0.84615384615384615,2,703.71000000000004,0,0,0,0,0,23.800000000000001,0.0047493709079081013,0,0,23.800000000000001,0,,,5034.9899999999998,1,,,0,,,,28,,,,1,1,1,1,1,0,1,-1,-1,-1,-1,-1,-1,-1,-1,-1,-1,-1,-1,-1,-1,0,-1,-1,-1,1,0,0,0,1,1,1,1,0,0,0,0,0,0,1,1,1,0,0,1,0
RCA_002242,PAYMENT,CAD,PAID,NET45,LEGAL,670100-LEGAL,__MISSING__,__MISSING__,__MISSING__,__MISSING__,SUPPLIER,CA,CAD,NET45,CHECK,ACTIVE,CHECK,CAD,COMPLETED,SETTLED,CHECK_CLEARING,CAD,DEBIT,POSTED,MANAGER,APPROVED,PAYMENT,2353.8200000000002,2189.5999999999999,164.22,0,158,45,5,3,21,2189.5999999999999,209.31666666666669,,,,,,0,0,0,1412.29,113,2,2353.8200000000002,1,2353.8200000000002,2,1412.29,99,1,4,2,2353.8200000000002,2353.8200000000002,2353.8200000000002,2353.8200000000002,2,1,1,1,0,0,0,29,4,5,0,0.76923076923076916,21,381.52999999999997,0,0,0,1,1,,,,,,,0,0,0,0,0,0,0,941.52999999999997,941.52999999999997,0,,45,0,55980,0,-1,-1,-1,1,0,-1,1,1,1,1,1,1,1,1,1,1,1,1,1,1,0,1,1,1,1,0,0,0,0,0,0,0,0,0,0,0,0,0,0,1,1,2,2,1,1
RCA_002243,BANK_TRANSACTION,USD,PAID,NET30,FINANCE,630100-FINANCE,__MISSING__,__MISSING__,__MISSING__,__MISSING__,SUPPLIER,US,USD,NET30,WIRE,ACTIVE,WIRE,USD,COMPLETED,SETTLED,BANK_FEE,USD,DEBIT,POSTED,MANAGER,APPROVED,PAYMENT,2446.9699999999998,2276.25,170.72,0,153,30,5,4,30,2276.25,75.242500000000007,,,,,,0,0,0,1468.1800000000001,123,2,2446.9699999999998,1,2446.9699999999998,2,20,120,2,4,2,2446.9699999999998,2446.9699999999998,2446.9699999999998,2446.9699999999998,2,1,1,1,0,0,0,31,4,4,0,0.76923076923076916,28,0,20,0,0,1,1,,,,,,,0,0,0,0,1448.1800000000001,0.98637769210859705,0,978.78999999999996,978.78999999999996,1428.1800000000001,,30,0,34380,0,-1,-1,-1,1,0,-1,1,1,1,1,1,1,1,0,1,0,1,1,0,1,0,1,1,1,1,0,0,0,0,0,0,0,0,0,0,0,0,0,0,1,1,2,3,1,1
RCA_002246,PAYMENT,USD,PAID,NET15,LEGAL,670100-LEGAL,USD,ISSUED,LEGAL,670100-LEGAL,SOFTWARE,US,USD,NET15,ACH,ACTIVE,ACH,USD,COMPLETED,SETTLED,ACH_DEBIT,USD,DEBIT,POSTED,DIRECTOR,APPROVED,PAYMENT,16564.549999999999,15058.68,1505.8699999999999,0,228,15,5,2,28,15058.68,808.40999999999997,16564.549999999999,15058.68,1505.8699999999999,0,246,2,28,15058.68,41961.339999999997,213,2,41961.339999999997,2,41961.339999999997,1,41936.339999999997,209,1,2,1,41961.339999999997,41961.339999999997,41961.339999999997,41961.339999999997,6,4,2,2,0,2,0,27,4,300,0,0.84615384615384615,2,274.36000000000001,25,0,0,1,0,0,0,0,0,0,0,0,0,0,0,25,0.00059578650252827957,0,0,0,0,18,15,0,11280,1,1,1,1,1,0,1,1,1,1,1,1,1,1,1,1,1,1,1,1,1,1,1,1,1,1,0,0,0,0,0,0,0,0,0,0,0,0,0,0,0,2,1,1,1,1
RCA_002247,INVOICE,EUR,CREDIT_APPLIED,NET30,LEGAL,670100-LEGAL,__MISSING__,__MISSING__,__MISSING__,__MISSING__,SERVICES,DE,EUR,NET30,CHECK,ACTIVE,__MISSING__,__MISSING__,__MISSING__,__MISSING__,__MISSING__,__MISSING__,__MISSING__,__MISSING__,__MISSING__,__MISSING__,__MISSING__,-8876.7900000000009,-8876.7900000000009,0,0,237,30,1,3,22,-8876.7900000000009,-887.57666666666671,,,,,,0,0,0,,,0,0,0,0,0,,,0,0,0,0,0,0,0,0,0,,0,0,0,0,29,4,68,0,0.69230769230769229,0,9090.8199999999997,0,0,0,0,0,,,,,,,,,8876.7900000000009,1,,,0,,,,,,,,0,-1,-1,-1,1,0,-1,-1,-1,-1,-1,-1,-1,-1,-1,-1,-1,-1,-1,-1,-1,0,-1,-1,-1,1,0,0,0,1,1,1,1,0,0,0,0,0,0,1,1,1,0,0,1,0
RCA_002248,INVOICE,USD,CANCELED,DUE_ON_RECEIPT,LEGAL,670100-LEGAL,USD,ISSUED,LEGAL,670100-LEGAL,SOFTWARE,US,USD,DUE_ON_RECEIPT,ACH,ACTIVE,__MISSING__,__MISSING__,__MISSING__,__MISSING__,__MISSING__,__MISSING__,__MISSING__,__MISSING__,__MISSING__,__MISSING__,__MISSING__,5615.3999999999996,5615.3999999999996,0,0,100,0,2,1,6,5615.3999999999996,935.89999999999998,5615.3999999999996,5615.3999999999996,0,0,105,1,6,5615.3999999999996,,,0,0,0,0,0,,,0,0,0,0,0,0,0,0,0,,0,0,2,0,32,4,52,0,0.84615384615384615,5,166.46000000000001,0,0,0,0,0,0,0,0,0,0,0,,,5615.3999999999996,1,,,0,,,,5,,,,1,1,1,1,1,0,1,-1,-1,-1,-1,-1,-1,-1,-1,-1,-1,-1,-1,-1,-1,1,-1,-1,-1,1,0,0,0,1,1,1,1,0,0,0,0,0,0,1,0,1,0,0,1,0
RCA_002249,PAYMENT,USD,APPROVED,NET30,IT,680100-IT,USD,ISSUED,IT,680100-IT,SOFTWARE,US,USD,NET30,VIRTUAL_CARD,ACTIVE,VIRTUAL_CARD,USD,REVERSED,REVERSED,CARD_SETTLEMENT,USD,DEBIT,POSTED,MANAGER,APPROVED,PAYMENT,5470.04,5088.4099999999999,381.63,0,281,30,3,4,49,5088.4099999999999,128.61750000000001,5470.04,5088.4099999999999,381.63,0,283,4,49,5088.4099999999999,5470.04,251,1,5470.04,1,5470.04,1,5470.04,249,2,4,2,10940.08,10940.08,5470.04,5470.04,2,1,1,1,0,1,1,29,4,49,0,0.84615384615384615,9,506.64999999999998,0,0,0,1,2,0,0,0,0,0,0,0,0,5470.04,1,0,0,0,0,0,0,2,30,0,37260,1,1,1,1,1,0,1,1,1,1,1,1,1,1,0,1,1,1,1,1,1,1,1,1,1,1,0,0,0,0,0,0,0,0,0,0,0,0,0,0,0,1,1,2,1,1
RCA_002250,PAYMENT,EUR,PAID,NET45,PEOPLE,660100-PEOPLE,__MISSING__,__MISSING__,__MISSING__,__MISSING__,SERVICES,DE,EUR,NET45,ACH,ACTIVE,ACH,EUR,COMPLETED,SETTLED,ACH_DEBIT,USD,DEBIT,POSTED,MANAGER,APPROVED,PAYMENT,2775.5599999999999,2523.2399999999998,252.31999999999999,0,230,45,2,3,9,2523.2399999999998,280.36000000000001,,,,,,0,0,0,1665.3399999999999,185,2,2775.5599999999999,1,2775.5599999999999,2,1798.5699999999999,181,1,4,2,2775.5599999999999,2775.5599999999999,2775.5599999999999,2775.5599999999999,2,1,1,1,0,0,0,29,4,3,0,0.76923076923076916,88,1171.9000000000001,0,1,1,1,0,,,,,,,0,0,0,0,133.22999999999999,0.080001681338345329,0,1110.22,1110.22,133.22999999999999,,45,0,60300,0,-1,-1,-1,1,0,-1,1,1,1,1,1,1,1,1,0,1,1,1,1,1,0,1,1,1,1,0,0,0,0,0,0,0,0,0,0,0,0,0,0,1,1,2,2,1,1
