journal_id,journal_line_id,transaction_type,source_transaction_id,posting_date,accounting_period,gl_account,debit,credit,currency,department,cost_center,memo,source_system
JE_0420001,JEL_0420001,invoice,INV_0420001,2025-06-07,2025-06,670100-LEGAL,2874.30,0.00,USD,Legal,CC-07-12,Invoice expense recognition,ERP-GL
JE_0420001,JEL_0420002,invoice,INV_0420001,2025-06-07,2025-06,670100-LEGAL,1508.39,0.00,USD,Legal,CC-07-12,Invoice expense recognition,ERP-GL
JE_0420001,JEL_0420003,invoice,INV_0420001,2025-06-07,2025-06,200000-ACCOUNTS-PAYABLE,0.00,4382.69,USD,Legal,CC-07-12,Invoice payable recognition,ERP-GL
JE_0420002,JEL_0420004,invoice,INV_0420002,2026-05-07,2026-05,680100-IT,12424.32,0.00,USD,IT,CC-08-06,Invoice expense recognition,ERP-GL
JE_0420002,JEL_0420005,invoice,INV_0420002,2026-05-07,2026-05,141000-RECOVERABLE-TAX,621.22,0.00,USD,IT,CC-08-06,Invoice tax recognition,ERP-GL
JE_0420002,JEL_0420006,invoice,INV_0420002,2026-05-07,2026-05,200000-ACCOUNTS-PAYABLE,0.00,13045.54,USD,IT,CC-08-06,Invoice payable recognition,ERP-GL
JE_0420003,JEL_0420007,invoice,INV_0420003,2025-11-15,2025-11,640100-SALES,306.90,0.00,USD,Sales,CC-04-06,Invoice expense recognition,ERP-GL
JE_0420003,JEL_0420008,invoice,INV_0420003,2025-11-15,2025-11,640100-SALES,1012.35,0.00,USD,Sales,CC-04-06,Invoice expense recognition,ERP-GL
JE_0420003,JEL_0420009,invoice,INV_0420003,2025-11-15,2025-11,141000-RECOVERABLE-TAX,131.93,0.00,USD,Sales,CC-04-06,Invoice tax recognition,ERP-GL
JE_0420003,JEL_0420010,invoice,INV_0420003,2025-11-15,2025-11,200000-ACCOUNTS-PAYABLE,0.00,1451.18,USD,Sales,CC-04-06,Invoice payable recognition,ERP-GL
JE_0420004,JEL_0420011,invoice,INV_0420004,2026-01-16,2026-01,660100-PEOPLE,1627.00,0.00,USD,People,CC-06-06,Invoice expense recognition,ERP-GL
JE_0420004,JEL_0420012,invoice,INV_0420004,2026-01-16,2026-01,660100-PEOPLE,281.36,0.00,USD,People,CC-06-06,Invoice expense recognition,ERP-GL
JE_0420004,JEL_0420013,invoice,INV_0420004,2026-01-16,2026-01,141000-RECOVERABLE-TAX,143.13,0.00,USD,People,CC-06-06,Invoice tax recognition,ERP-GL
JE_0420004,JEL_0420014,invoice,INV_0420004,2026-01-16,2026-01,625000-FREIGHT,15.27,0.00,USD,People,CC-06-06,Invoice freight recognition,ERP-GL
JE_0420004,JEL_0420015,invoice,INV_0420004,2026-01-16,2026-01,200000-ACCOUNTS-PAYABLE,0.00,2066.76,USD,People,CC-06-06,Invoice payable recognition,ERP-GL
JE_0420005,JEL_0420016,invoice,INV_0420005,2025-06-17,2025-06,670100-LEGAL,9585.15,0.00,USD,Legal,CC-07-01,Invoice expense recognition,ERP-GL
JE_0420005,JEL_0420017,invoice,INV_0420005,2025-06-17,2025-06,670100-LEGAL,4705.80,0.00,USD,Legal,CC-07-01,Invoice expense recognition,ERP-GL
JE_0420005,JEL_0420018,invoice,INV_0420005,2025-06-17,2025-06,141000-RECOVERABLE-TAX,1071.82,0.00,USD,Legal,CC-07-01,Invoice tax recognition,ERP-GL
JE_0420005,JEL_0420019,invoice,INV_0420005,2025-06-17,2025-06,200000-ACCOUNTS-PAYABLE,0.00,15362.77,USD,Legal,CC-07-01,Invoice payable recognition,ERP-GL
JE_0420006,JEL_0420020,invoice,INV_0420006,2025-06-03,2025-06,610100-ENGINEERING,5786.30,0.00,USD,Engineering,CC-01-04,Invoice expense recognition,ERP-GL
JE_0420006,JEL_0420021,invoice,INV_0420006,2025-06-03,2025-06,610100-ENGINEERING,19531.60,0.00,USD,Engineering,CC-01-04,Invoice expense recognition,ERP-GL
JE_0420006,JEL_0420022,invoice,INV_0420006,2025-06-03,2025-06,200000-ACCOUNTS-PAYABLE,0.00,25317.90,USD,Engineering,CC-01-04,Invoice payable recognition,ERP-GL
JE_0420007,JEL_0420023,invoice,INV_0420007,2025-09-28,2025-09,630100-FINANCE,3840.12,0.00,USD,Finance,CC-03-02,Invoice expense recognition,ERP-GL
JE_0420007,JEL_0420024,invoice,INV_0420007,2025-09-28,2025-09,630100-FINANCE,688.00,0.00,USD,Finance,CC-03-02,Invoice expense recognition,ERP-GL
JE_0420007,JEL_0420025,invoice,INV_0420007,2025-09-28,2025-09,630100-FINANCE,1683.78,0.00,USD,Finance,CC-03-02,Invoice expense recognition,ERP-GL
JE_0420007,JEL_0420026,invoice,INV_0420007,2025-09-28,2025-09,141000-RECOVERABLE-TAX,621.19,0.00,USD,Finance,CC-03-02,Invoice tax recognition,ERP-GL
JE_0420007,JEL_0420027,invoice,INV_0420007,2025-09-28,2025-09,200000-ACCOUNTS-PAYABLE,0.00,6833.09,USD,Finance,CC-03-02,Invoice payable recognition,ERP-GL
JE_0420008,JEL_0420028,invoice,INV_0420008,2025-02-17,2025-02,650100-MARKETING,21502.32,0.00,USD,Marketing,CC-05-11,Invoice expense recognition,ERP-GL
JE_0420008,JEL_0420029,invoice,INV_0420008,2025-02-17,2025-02,625000-FREIGHT,14.86,0.00,USD,Marketing,CC-05-11,Invoice freight recognition,ERP-GL
JE_0420008,JEL_0420030,invoice,INV_0420008,2025-02-17,2025-02,200000-ACCOUNTS-PAYABLE,0.00,21517.18,USD,Marketing,CC-05-11,Invoice payable recognition,ERP-GL
JE_0420009,JEL_0420031,invoice,INV_0420009,2025-03-29,2025-03,610100-ENGINEERING,350.50,0.00,USD,Engineering,CC-01-03,Invoice expense recognition,ERP-GL
JE_0420009,JEL_0420032,invoice,INV_0420009,2025-03-29,2025-03,610100-ENGINEERING,1725.92,0.00,USD,Engineering,CC-01-03,Invoice expense recognition,ERP-GL
JE_0420009,JEL_0420033,invoice,INV_0420009,2025-03-29,2025-03,610100-ENGINEERING,917.64,0.00,USD,Engineering,CC-01-03,Invoice expense recognition,ERP-GL
JE_0420009,JEL_0420034,invoice,INV_0420009,2025-03-29,2025-03,141000-RECOVERABLE-TAX,224.55,0.00,USD,Engineering,CC-01-03,Invoice tax recognition,ERP-GL
JE_0420009,JEL_0420035,invoice,INV_0420009,2025-03-29,2025-03,200000-ACCOUNTS-PAYABLE,0.00,3218.61,USD,Engineering,CC-01-03,Invoice payable recognition,ERP-GL
JE_0420010,JEL_0420036,invoice,INV_0420010,2025-10-03,2025-10,630100-FINANCE,189.72,0.00,USD,Finance,CC-03-02,Invoice expense recognition,ERP-GL
JE_0420010,JEL_0420037,invoice,INV_0420010,2025-10-03,2025-10,630100-FINANCE,4128.60,0.00,USD,Finance,CC-03-02,Invoice expense recognition,ERP-GL
JE_0420010,JEL_0420038,invoice,INV_0420010,2025-10-03,2025-10,630100-FINANCE,12673.32,0.00,USD,Finance,CC-03-02,Invoice expense recognition,ERP-GL
JE_0420010,JEL_0420039,invoice,INV_0420010,2025-10-03,2025-10,141000-RECOVERABLE-TAX,849.58,0.00,USD,Finance,CC-03-02,Invoice tax recognition,ERP-GL
JE_0420010,JEL_0420040,invoice,INV_0420010,2025-10-03,2025-10,625000-FREIGHT,7.05,0.00,USD,Finance,CC-03-02,Invoice freight recognition,ERP-GL
JE_0420010,JEL_0420041,invoice,INV_0420010,2025-10-03,2025-10,200000-ACCOUNTS-PAYABLE,0.00,17848.27,USD,Finance,CC-03-02,Invoice payable recognition,ERP-GL
JE_0420011,JEL_0420042,invoice,INV_0420011,2025-04-03,2025-04,620100-OPERATIONS,745.65,0.00,USD,Operations,CC-02-08,Invoice expense recognition,ERP-GL
JE_0420011,JEL_0420043,invoice,INV_0420011,2025-04-03,2025-04,620100-OPERATIONS,233.64,0.00,USD,Operations,CC-02-08,Invoice expense recognition,ERP-GL
JE_0420011,JEL_0420044,invoice,INV_0420011,2025-04-03,2025-04,620100-OPERATIONS,464.20,0.00,USD,Operations,CC-02-08,Invoice expense recognition,ERP-GL
JE_0420011,JEL_0420045,invoice,INV_0420011,2025-04-03,2025-04,620100-OPERATIONS,3910.46,0.00,USD,Operations,CC-02-08,Invoice expense recognition,ERP-GL
JE_0420011,JEL_0420046,invoice,INV_0420011,2025-04-03,2025-04,141000-RECOVERABLE-TAX,401.55,0.00,USD,Operations,CC-02-08,Invoice tax recognition,ERP-GL
JE_0420011,JEL_0420047,invoice,INV_0420011,2025-04-03,2025-04,625000-FREIGHT,29.98,0.00,USD,Operations,CC-02-08,Invoice freight recognition,ERP-GL
JE_0420011,JEL_0420048,invoice,INV_0420011,2025-04-03,2025-04,200000-ACCOUNTS-PAYABLE,0.00,5785.48,USD,Operations,CC-02-08,Invoice payable recognition,ERP-GL
JE_0420012,JEL_0420049,invoice,INV_0420012,2026-03-08,2026-03,610100-ENGINEERING,958.96,0.00,USD,Engineering,CC-01-06,Invoice expense recognition,ERP-GL
JE_0420012,JEL_0420050,invoice,INV_0420012,2026-03-08,2026-03,200000-ACCOUNTS-PAYABLE,0.00,958.96,USD,Engineering,CC-01-06,Invoice payable recognition,ERP-GL
JE_0420013,JEL_0420051,invoice,INV_0420013,2025-10-17,2025-10,630100-FINANCE,473.33,0.00,USD,Finance,CC-03-08,Invoice expense recognition,ERP-GL
JE_0420013,JEL_0420052,invoice,INV_0420013,2025-10-17,2025-10,630100-FINANCE,776.34,0.00,USD,Finance,CC-03-08,Invoice expense recognition,ERP-GL
JE_0420013,JEL_0420053,invoice,INV_0420013,2025-10-17,2025-10,141000-RECOVERABLE-TAX,93.73,0.00,USD,Finance,CC-03-08,Invoice tax recognition,ERP-GL
JE_0420013,JEL_0420054,invoice,INV_0420013,2025-10-17,2025-10,625000-FREIGHT,42.23,0.00,USD,Finance,CC-03-08,Invoice freight recognition,ERP-GL
JE_0420013,JEL_0420055,invoice,INV_0420013,2025-10-17,2025-10,200000-ACCOUNTS-PAYABLE,0.00,1385.63,USD,Finance,CC-03-08,Invoice payable recognition,ERP-GL
JE_0420014,JEL_0420056,invoice,INV_0420014,2025-06-02,2025-06,650100-MARKETING,516.60,0.00,USD,Marketing,CC-05-08,Invoice expense recognition,ERP-GL
JE_0420014,JEL_0420057,invoice,INV_0420014,2025-06-02,2025-06,650100-MARKETING,3545.96,0.00,USD,Marketing,CC-05-08,Invoice expense recognition,ERP-GL
JE_0420014,JEL_0420058,invoice,INV_0420014,2025-06-02,2025-06,650100-MARKETING,1997.46,0.00,USD,Marketing,CC-05-08,Invoice expense recognition,ERP-GL
JE_0420014,JEL_0420059,invoice,INV_0420014,2025-06-02,2025-06,141000-RECOVERABLE-TAX,454.50,0.00,USD,Marketing,CC-05-08,Invoice tax recognition,ERP-GL
JE_0420014,JEL_0420060,invoice,INV_0420014,2025-06-02,2025-06,625000-FREIGHT,15.88,0.00,USD,Marketing,CC-05-08,Invoice freight recognition,ERP-GL
JE_0420014,JEL_0420061,invoice,INV_0420014,2025-06-02,2025-06,200000-ACCOUNTS-PAYABLE,0.00,6530.40,USD,Marketing,CC-05-08,Invoice payable recognition,ERP-GL
JE_0420015,JEL_0420062,invoice,INV_0420015,2025-01-25,2025-01,650100-MARKETING,42636.15,0.00,USD,Marketing,CC-05-09,Invoice expense recognition,ERP-GL
JE_0420015,JEL_0420063,invoice,INV_0420015,2025-01-25,2025-01,650100-MARKETING,3090.32,0.00,USD,Marketing,CC-05-09,Invoice expense recognition,ERP-GL
JE_0420015,JEL_0420064,invoice,INV_0420015,2025-01-25,2025-01,141000-RECOVERABLE-TAX,4572.65,0.00,USD,Marketing,CC-05-09,Invoice tax recognition,ERP-GL
JE_0420015,JEL_0420065,invoice,INV_0420015,2025-01-25,2025-01,200000-ACCOUNTS-PAYABLE,0.00,50299.12,USD,Marketing,CC-05-09,Invoice payable recognition,ERP-GL
JE_0420016,JEL_0420066,invoice,INV_0420016,2025-01-21,2025-01,650100-MARKETING,772.87,0.00,USD,Marketing,CC-05-09,Invoice expense recognition,ERP-GL
JE_0420016,JEL_0420067,invoice,INV_0420016,2025-01-21,2025-01,650100-MARKETING,1344.56,0.00,USD,Marketing,CC-05-09,Invoice expense recognition,ERP-GL
JE_0420016,JEL_0420068,invoice,INV_0420016,2025-01-21,2025-01,141000-RECOVERABLE-TAX,158.81,0.00,USD,Marketing,CC-05-09,Invoice tax recognition,ERP-GL
JE_0420016,JEL_0420069,invoice,INV_0420016,2025-01-21,2025-01,200000-ACCOUNTS-PAYABLE,0.00,2276.24,USD,Marketing,CC-05-09,Invoice payable recognition,ERP-GL
JE_0420017,JEL_0420070,invoice,INV_0420017,2026-05-27,2026-05,620100-OPERATIONS,446.01,0.00,USD,Operations,CC-02-03,Invoice expense recognition,ERP-GL
JE_0420017,JEL_0420071,invoice,INV_0420017,2026-05-27,2026-05,620100-OPERATIONS,790.80,0.00,USD,Operations,CC-02-03,Invoice expense recognition,ERP-GL
JE_0420017,JEL_0420072,invoice,INV_0420017,2026-05-27,2026-05,141000-RECOVERABLE-TAX,92.76,0.00,USD,Operations,CC-02-03,Invoice tax recognition,ERP-GL
JE_0420017,JEL_0420073,invoice,INV_0420017,2026-05-27,2026-05,200000-ACCOUNTS-PAYABLE,0.00,1329.57,USD,Operations,CC-02-03,Invoice payable recognition,ERP-GL
JE_0420018,JEL_0420074,invoice,INV_0420018,2026-05-15,2026-05,630100-FINANCE,3632.94,0.00,EUR,Finance,CC-03-06,Invoice expense recognition,ERP-GL
JE_0420018,JEL_0420075,invoice,INV_0420018,2026-05-15,2026-05,630100-FINANCE,2212.80,0.00,EUR,Finance,CC-03-06,Invoice expense recognition,ERP-GL
JE_0420018,JEL_0420076,invoice,INV_0420018,2026-05-15,2026-05,141000-RECOVERABLE-TAX,438.43,0.00,EUR,Finance,CC-03-06,Invoice tax recognition,ERP-GL
JE_0420018,JEL_0420077,invoice,INV_0420018,2026-05-15,2026-05,200000-ACCOUNTS-PAYABLE,0.00,6284.17,EUR,Finance,CC-03-06,Invoice payable recognition,ERP-GL
JE_0420019,JEL_0420078,invoice,INV_0420019,2025-03-10,2025-03,640100-SALES,175.56,0.00,USD,Sales,CC-04-05,Invoice expense recognition,ERP-GL
JE_0420019,JEL_0420079,invoice,INV_0420019,2025-03-10,2025-03,141000-RECOVERABLE-TAX,13.17,0.00,USD,Sales,CC-04-05,Invoice tax recognition,ERP-GL
JE_0420019,JEL_0420080,invoice,INV_0420019,2025-03-10,2025-03,625000-FREIGHT,14.89,0.00,USD,Sales,CC-04-05,Invoice freight recognition,ERP-GL
JE_0420019,JEL_0420081,invoice,INV_0420019,2025-03-10,2025-03,200000-ACCOUNTS-PAYABLE,0.00,203.62,USD,Sales,CC-04-05,Invoice payable recognition,ERP-GL
JE_0420020,JEL_0420082,invoice,INV_0420020,2025-04-03,2025-04,680100-IT,896.82,0.00,USD,IT,CC-08-09,Invoice expense recognition,ERP-GL
JE_0420020,JEL_0420083,invoice,INV_0420020,2025-04-03,2025-04,680100-IT,2691.10,0.00,USD,IT,CC-08-09,Invoice expense recognition,ERP-GL
JE_0420020,JEL_0420084,invoice,INV_0420020,2025-04-03,2025-04,141000-RECOVERABLE-TAX,358.79,0.00,USD,IT,CC-08-09,Invoice tax recognition,ERP-GL
JE_0420020,JEL_0420085,invoice,INV_0420020,2025-04-03,2025-04,200000-ACCOUNTS-PAYABLE,0.00,3946.71,USD,IT,CC-08-09,Invoice payable recognition,ERP-GL
JE_0420021,JEL_0420086,invoice,INV_0420021,2026-01-28,2026-01,660100-PEOPLE,240.16,0.00,USD,People,CC-06-02,Invoice expense recognition,ERP-GL
JE_0420021,JEL_0420087,invoice,INV_0420021,2026-01-28,2026-01,660100-PEOPLE,824.76,0.00,USD,People,CC-06-02,Invoice expense recognition,ERP-GL
JE_0420021,JEL_0420088,invoice,INV_0420021,2026-01-28,2026-01,141000-RECOVERABLE-TAX,79.87,0.00,USD,People,CC-06-02,Invoice tax recognition,ERP-GL
JE_0420021,JEL_0420089,invoice,INV_0420021,2026-01-28,2026-01,200000-ACCOUNTS-PAYABLE,0.00,1144.79,USD,People,CC-06-02,Invoice payable recognition,ERP-GL
JE_0420022,JEL_0420090,invoice,INV_0420022,2025-10-25,2025-10,660100-PEOPLE,864.22,0.00,USD,People,CC-06-05,Invoice expense recognition,ERP-GL
JE_0420022,JEL_0420091,invoice,INV_0420022,2025-10-25,2025-10,660100-PEOPLE,378.20,0.00,USD,People,CC-06-05,Invoice expense recognition,ERP-GL
JE_0420022,JEL_0420092,invoice,INV_0420022,2025-10-25,2025-10,660100-PEOPLE,441.98,0.00,USD,People,CC-06-05,Invoice expense recognition,ERP-GL
JE_0420022,JEL_0420093,invoice,INV_0420022,2025-10-25,2025-10,141000-RECOVERABLE-TAX,126.33,0.00,USD,People,CC-06-05,Invoice tax recognition,ERP-GL
JE_0420022,JEL_0420094,invoice,INV_0420022,2025-10-25,2025-10,200000-ACCOUNTS-PAYABLE,0.00,1810.73,USD,People,CC-06-05,Invoice payable recognition,ERP-GL
JE_0420023,JEL_0420095,invoice,INV_0420023,2025-08-05,2025-08,610100-ENGINEERING,1917.87,0.00,USD,Engineering,CC-01-10,Invoice expense recognition,ERP-GL
JE_0420023,JEL_0420096,invoice,INV_0420023,2025-08-05,2025-08,610100-ENGINEERING,8398.50,0.00,USD,Engineering,CC-01-10,Invoice expense recognition,ERP-GL
JE_0420023,JEL_0420097,invoice,INV_0420023,2025-08-05,2025-08,610100-ENGINEERING,1892.70,0.00,USD,Engineering,CC-01-10,Invoice expense recognition,ERP-GL
JE_0420023,JEL_0420098,invoice,INV_0420023,2025-08-05,2025-08,200000-ACCOUNTS-PAYABLE,0.00,12209.07,USD,Engineering,CC-01-10,Invoice payable recognition,ERP-GL
JE_0420024,JEL_0420099,invoice,INV_0420024,2025-07-13,2025-07,640100-SALES,1535.43,0.00,USD,Sales,CC-04-08,Invoice expense recognition,ERP-GL
JE_0420024,JEL_0420100,invoice,INV_0420024,2025-07-13,2025-07,640100-SALES,2507.40,0.00,USD,Sales,CC-04-08,Invoice expense recognition,ERP-GL
JE_0420024,JEL_0420101,invoice,INV_0420024,2025-07-13,2025-07,141000-RECOVERABLE-TAX,404.28,0.00,USD,Sales,CC-04-08,Invoice tax recognition,ERP-GL
JE_0420024,JEL_0420102,invoice,INV_0420024,2025-07-13,2025-07,200000-ACCOUNTS-PAYABLE,0.00,4447.11,USD,Sales,CC-04-08,Invoice payable recognition,ERP-GL
JE_0420025,JEL_0420103,invoice,INV_0420025,2025-09-14,2025-09,650100-MARKETING,3155.94,0.00,USD,Marketing,CC-05-08,Invoice expense recognition,ERP-GL
JE_0420025,JEL_0420104,invoice,INV_0420025,2025-09-14,2025-09,650100-MARKETING,2567.07,0.00,USD,Marketing,CC-05-08,Invoice expense recognition,ERP-GL
JE_0420025,JEL_0420105,invoice,INV_0420025,2025-09-14,2025-09,625000-FREIGHT,11.19,0.00,USD,Marketing,CC-05-08,Invoice freight recognition,ERP-GL
JE_0420025,JEL_0420106,invoice,INV_0420025,2025-09-14,2025-09,200000-ACCOUNTS-PAYABLE,0.00,5734.20,USD,Marketing,CC-05-08,Invoice payable recognition,ERP-GL
JE_0420026,JEL_0420107,invoice,INV_0420026,2025-05-11,2025-05,660100-PEOPLE,430.56,0.00,USD,People,CC-06-10,Invoice expense recognition,ERP-GL
JE_0420026,JEL_0420108,invoice,INV_0420026,2025-05-11,2025-05,141000-RECOVERABLE-TAX,32.29,0.00,USD,People,CC-06-10,Invoice tax recognition,ERP-GL
JE_0420026,JEL_0420109,invoice,INV_0420026,2025-05-11,2025-05,625000-FREIGHT,10.79,0.00,USD,People,CC-06-10,Invoice freight recognition,ERP-GL
JE_0420026,JEL_0420110,invoice,INV_0420026,2025-05-11,2025-05,200000-ACCOUNTS-PAYABLE,0.00,473.64,USD,People,CC-06-10,Invoice payable recognition,ERP-GL
JE_0420027,JEL_0420111,invoice,INV_0420027,2025-09-13,2025-09,640100-SALES,1400.11,0.00,USD,Sales,CC-04-03,Invoice expense recognition,ERP-GL
JE_0420027,JEL_0420112,invoice,INV_0420027,2025-09-13,2025-09,640100-SALES,432.45,0.00,USD,Sales,CC-04-03,Invoice expense recognition,ERP-GL
JE_0420027,JEL_0420113,invoice,INV_0420027,2025-09-13,2025-09,640100-SALES,591.96,0.00,USD,Sales,CC-04-03,Invoice expense recognition,ERP-GL
JE_0420027,JEL_0420114,invoice,INV_0420027,2025-09-13,2025-09,141000-RECOVERABLE-TAX,181.84,0.00,USD,Sales,CC-04-03,Invoice tax recognition,ERP-GL
JE_0420027,JEL_0420115,invoice,INV_0420027,2025-09-13,2025-09,200000-ACCOUNTS-PAYABLE,0.00,2606.36,USD,Sales,CC-04-03,Invoice payable recognition,ERP-GL
JE_0420028,JEL_0420116,invoice,INV_0420028,2026-01-18,2026-01,620100-OPERATIONS,2815.20,0.00,CAD,Operations,CC-02-12,Invoice expense recognition,ERP-GL
JE_0420028,JEL_0420117,invoice,INV_0420028,2026-01-18,2026-01,620100-OPERATIONS,6516.08,0.00,CAD,Operations,CC-02-12,Invoice expense recognition,ERP-GL
JE_0420028,JEL_0420118,invoice,INV_0420028,2026-01-18,2026-01,141000-RECOVERABLE-TAX,933.13,0.00,CAD,Operations,CC-02-12,Invoice tax recognition,ERP-GL
JE_0420028,JEL_0420119,invoice,INV_0420028,2026-01-18,2026-01,200000-ACCOUNTS-PAYABLE,0.00,10264.41,CAD,Operations,CC-02-12,Invoice payable recognition,ERP-GL
JE_0420029,JEL_0420120,invoice,INV_0420029,2025-11-19,2025-11,660100-PEOPLE,837.27,0.00,EUR,People,CC-06-11,Invoice expense recognition,ERP-GL
JE_0420029,JEL_0420121,invoice,INV_0420029,2025-11-19,2025-11,625000-FREIGHT,26.25,0.00,EUR,People,CC-06-11,Invoice freight recognition,ERP-GL
JE_0420029,JEL_0420122,invoice,INV_0420029,2025-11-19,2025-11,200000-ACCOUNTS-PAYABLE,0.00,863.52,EUR,People,CC-06-11,Invoice payable recognition,ERP-GL
JE_0420030,JEL_0420123,invoice,INV_0420030,2025-10-09,2025-10,630100-FINANCE,864.08,0.00,USD,Finance,CC-03-06,Invoice expense recognition,ERP-GL
JE_0420030,JEL_0420124,invoice,INV_0420030,2025-10-09,2025-10,141000-RECOVERABLE-TAX,43.20,0.00,USD,Finance,CC-03-06,Invoice tax recognition,ERP-GL
JE_0420030,JEL_0420125,invoice,INV_0420030,2025-10-09,2025-10,200000-ACCOUNTS-PAYABLE,0.00,907.28,USD,Finance,CC-03-06,Invoice payable recognition,ERP-GL
JE_0420031,JEL_0420126,invoice,INV_0420031,2025-06-21,2025-06,620100-OPERATIONS,3117.12,0.00,USD,Operations,CC-02-03,Invoice expense recognition,ERP-GL
JE_0420031,JEL_0420127,invoice,INV_0420031,2025-06-21,2025-06,620100-OPERATIONS,1266.98,0.00,USD,Operations,CC-02-03,Invoice expense recognition,ERP-GL
JE_0420031,JEL_0420128,invoice,INV_0420031,2025-06-21,2025-06,141000-RECOVERABLE-TAX,438.41,0.00,USD,Operations,CC-02-03,Invoice tax recognition,ERP-GL
JE_0420031,JEL_0420129,invoice,INV_0420031,2025-06-21,2025-06,200000-ACCOUNTS-PAYABLE,0.00,4822.51,USD,Operations,CC-02-03,Invoice payable recognition,ERP-GL
JE_0420032,JEL_0420130,invoice,INV_0420032,2025-08-08,2025-08,670100-LEGAL,1025.01,0.00,USD,Legal,CC-07-08,Invoice expense recognition,ERP-GL
JE_0420032,JEL_0420131,invoice,INV_0420032,2025-08-08,2025-08,141000-RECOVERABLE-TAX,102.50,0.00,USD,Legal,CC-07-08,Invoice tax recognition,ERP-GL
JE_0420032,JEL_0420132,invoice,INV_0420032,2025-08-08,2025-08,200000-ACCOUNTS-PAYABLE,0.00,1127.51,USD,Legal,CC-07-08,Invoice payable recognition,ERP-GL
JE_0420033,JEL_0420133,invoice,INV_0420033,2026-01-07,2026-01,680100-IT,1056.20,0.00,USD,IT,CC-08-02,Invoice expense recognition,ERP-GL
JE_0420033,JEL_0420134,invoice,INV_0420033,2026-01-07,2026-01,680100-IT,2807.82,0.00,USD,IT,CC-08-02,Invoice expense recognition,ERP-GL
JE_0420033,JEL_0420135,invoice,INV_0420033,2026-01-07,2026-01,680100-IT,3622.29,0.00,USD,IT,CC-08-02,Invoice expense recognition,ERP-GL
JE_0420033,JEL_0420136,invoice,INV_0420033,2026-01-07,2026-01,141000-RECOVERABLE-TAX,561.47,0.00,USD,IT,CC-08-02,Invoice tax recognition,ERP-GL
JE_0420033,JEL_0420137,invoice,INV_0420033,2026-01-07,2026-01,625000-FREIGHT,20.10,0.00,USD,IT,CC-08-02,Invoice freight recognition,ERP-GL
JE_0420033,JEL_0420138,invoice,INV_0420033,2026-01-07,2026-01,200000-ACCOUNTS-PAYABLE,0.00,8067.88,USD,IT,CC-08-02,Invoice payable recognition,ERP-GL
JE_0420034,JEL_0420139,invoice,INV_0420034,2025-04-15,2025-04,620100-OPERATIONS,3994.83,0.00,USD,Operations,CC-02-05,Invoice expense recognition,ERP-GL
JE_0420034,JEL_0420140,invoice,INV_0420034,2025-04-15,2025-04,620100-OPERATIONS,2023.40,0.00,USD,Operations,CC-02-05,Invoice expense recognition,ERP-GL
JE_0420034,JEL_0420141,invoice,INV_0420034,2025-04-15,2025-04,141000-RECOVERABLE-TAX,451.37,0.00,USD,Operations,CC-02-05,Invoice tax recognition,ERP-GL
JE_0420034,JEL_0420142,invoice,INV_0420034,2025-04-15,2025-04,200000-ACCOUNTS-PAYABLE,0.00,6469.60,USD,Operations,CC-02-05,Invoice payable recognition,ERP-GL
JE_0420035,JEL_0420143,invoice,INV_0420035,2026-01-10,2026-01,650100-MARKETING,4833.00,0.00,USD,Marketing,CC-05-01,Invoice expense recognition,ERP-GL
JE_0420035,JEL_0420144,invoice,INV_0420035,2026-01-10,2026-01,650100-MARKETING,326.10,0.00,USD,Marketing,CC-05-01,Invoice expense recognition,ERP-GL
JE_0420035,JEL_0420145,invoice,INV_0420035,2026-01-10,2026-01,141000-RECOVERABLE-TAX,257.96,0.00,USD,Marketing,CC-05-01,Invoice tax recognition,ERP-GL
JE_0420035,JEL_0420146,invoice,INV_0420035,2026-01-10,2026-01,200000-ACCOUNTS-PAYABLE,0.00,5417.06,USD,Marketing,CC-05-01,Invoice payable recognition,ERP-GL
JE_0420036,JEL_0420147,invoice,INV_0420036,2025-08-25,2025-08,680100-IT,1042.58,0.00,EUR,IT,CC-08-07,Invoice expense recognition,ERP-GL
JE_0420036,JEL_0420148,invoice,INV_0420036,2025-08-25,2025-08,680100-IT,1228.70,0.00,EUR,IT,CC-08-07,Invoice expense recognition,ERP-GL
JE_0420036,JEL_0420149,invoice,INV_0420036,2025-08-25,2025-08,680100-IT,4967.64,0.00,EUR,IT,CC-08-07,Invoice expense recognition,ERP-GL
JE_0420036,JEL_0420150,invoice,INV_0420036,2025-08-25,2025-08,141000-RECOVERABLE-TAX,542.92,0.00,EUR,IT,CC-08-07,Invoice tax recognition,ERP-GL
JE_0420036,JEL_0420151,invoice,INV_0420036,2025-08-25,2025-08,200000-ACCOUNTS-PAYABLE,0.00,7781.84,EUR,IT,CC-08-07,Invoice payable recognition,ERP-GL
JE_0420037,JEL_0420152,invoice,INV_0420037,2026-04-13,2026-04,680100-IT,6153.75,0.00,USD,IT,CC-08-03,Invoice expense recognition,ERP-GL
JE_0420037,JEL_0420153,invoice,INV_0420037,2026-04-13,2026-04,680100-IT,1719.60,0.00,USD,IT,CC-08-03,Invoice expense recognition,ERP-GL
JE_0420037,JEL_0420154,invoice,INV_0420037,2026-04-13,2026-04,200000-ACCOUNTS-PAYABLE,0.00,7873.35,USD,IT,CC-08-03,Invoice payable recognition,ERP-GL
JE_0420038,JEL_0420155,invoice,INV_0420038,2026-03-24,2026-03,650100-MARKETING,680.16,0.00,EUR,Marketing,CC-05-06,Invoice expense recognition,ERP-GL
JE_0420038,JEL_0420156,invoice,INV_0420038,2026-03-24,2026-03,141000-RECOVERABLE-TAX,68.02,0.00,EUR,Marketing,CC-05-06,Invoice tax recognition,ERP-GL
JE_0420038,JEL_0420157,invoice,INV_0420038,2026-03-24,2026-03,625000-FREIGHT,5.66,0.00,EUR,Marketing,CC-05-06,Invoice freight recognition,ERP-GL
JE_0420038,JEL_0420158,invoice,INV_0420038,2026-03-24,2026-03,200000-ACCOUNTS-PAYABLE,0.00,753.84,EUR,Marketing,CC-05-06,Invoice payable recognition,ERP-GL
JE_0420039,JEL_0420159,invoice,INV_0420039,2026-05-20,2026-05,630100-FINANCE,155.08,0.00,USD,Finance,CC-03-09,Invoice expense recognition,ERP-GL
JE_0420039,JEL_0420160,invoice,INV_0420039,2026-05-20,2026-05,630100-FINANCE,540.12,0.00,USD,Finance,CC-03-09,Invoice expense recognition,ERP-GL
JE_0420039,JEL_0420161,invoice,INV_0420039,2026-05-20,2026-05,141000-RECOVERABLE-TAX,69.52,0.00,USD,Finance,CC-03-09,Invoice tax recognition,ERP-GL
JE_0420039,JEL_0420162,invoice,INV_0420039,2026-05-20,2026-05,625000-FREIGHT,17.24,0.00,USD,Finance,CC-03-09,Invoice freight recognition,ERP-GL
JE_0420039,JEL_0420163,invoice,INV_0420039,2026-05-20,2026-05,200000-ACCOUNTS-PAYABLE,0.00,781.96,USD,Finance,CC-03-09,Invoice payable recognition,ERP-GL
JE_0420040,JEL_0420164,invoice,INV_0420040,2026-05-18,2026-05,660100-PEOPLE,106.76,0.00,USD,People,CC-06-02,Invoice expense recognition,ERP-GL
JE_0420040,JEL_0420165,invoice,INV_0420040,2026-05-18,2026-05,660100-PEOPLE,172.04,0.00,USD,People,CC-06-02,Invoice expense recognition,ERP-GL
JE_0420040,JEL_0420166,invoice,INV_0420040,2026-05-18,2026-05,660100-PEOPLE,694.95,0.00,USD,People,CC-06-02,Invoice expense recognition,ERP-GL
JE_0420040,JEL_0420167,invoice,INV_0420040,2026-05-18,2026-05,200000-ACCOUNTS-PAYABLE,0.00,973.75,USD,People,CC-06-02,Invoice payable recognition,ERP-GL
JE_0420041,JEL_0420168,invoice,INV_0420041,2026-01-29,2026-01,610100-ENGINEERING,979.81,0.00,EUR,Engineering,CC-01-02,Invoice expense recognition,ERP-GL
JE_0420041,JEL_0420169,invoice,INV_0420041,2026-01-29,2026-01,610100-ENGINEERING,1774.80,0.00,EUR,Engineering,CC-01-02,Invoice expense recognition,ERP-GL
JE_0420041,JEL_0420170,invoice,INV_0420041,2026-01-29,2026-01,625000-FREIGHT,5.58,0.00,EUR,Engineering,CC-01-02,Invoice freight recognition,ERP-GL
JE_0420041,JEL_0420171,invoice,INV_0420041,2026-01-29,2026-01,200000-ACCOUNTS-PAYABLE,0.00,2760.19,EUR,Engineering,CC-01-02,Invoice payable recognition,ERP-GL
JE_0420042,JEL_0420172,invoice,INV_0420042,2025-12-04,2025-12,610100-ENGINEERING,5331.42,0.00,EUR,Engineering,CC-01-02,Invoice expense recognition,ERP-GL
JE_0420042,JEL_0420173,invoice,INV_0420042,2025-12-04,2025-12,610100-ENGINEERING,3053.04,0.00,EUR,Engineering,CC-01-02,Invoice expense recognition,ERP-GL
JE_0420042,JEL_0420174,invoice,INV_0420042,2025-12-04,2025-12,141000-RECOVERABLE-TAX,838.45,0.00,EUR,Engineering,CC-01-02,Invoice tax recognition,ERP-GL
JE_0420042,JEL_0420175,invoice,INV_0420042,2025-12-04,2025-12,625000-FREIGHT,27.51,0.00,EUR,Engineering,CC-01-02,Invoice freight recognition,ERP-GL
JE_0420042,JEL_0420176,invoice,INV_0420042,2025-12-04,2025-12,200000-ACCOUNTS-PAYABLE,0.00,9250.42,EUR,Engineering,CC-01-02,Invoice payable recognition,ERP-GL
JE_0420043,JEL_0420177,invoice,INV_0420043,2026-03-26,2026-03,680100-IT,4262.82,0.00,USD,IT,CC-08-04,Invoice expense recognition,ERP-GL
JE_0420043,JEL_0420178,invoice,INV_0420043,2026-03-26,2026-03,141000-RECOVERABLE-TAX,426.28,0.00,USD,IT,CC-08-04,Invoice tax recognition,ERP-GL
JE_0420043,JEL_0420179,invoice,INV_0420043,2026-03-26,2026-03,200000-ACCOUNTS-PAYABLE,0.00,4689.10,USD,IT,CC-08-04,Invoice payable recognition,ERP-GL
JE_0420044,JEL_0420180,invoice,INV_0420044,2026-01-03,2026-01,640100-SALES,1600.06,0.00,USD,Sales,CC-04-07,Invoice expense recognition,ERP-GL
JE_0420044,JEL_0420181,invoice,INV_0420044,2026-01-03,2026-01,141000-RECOVERABLE-TAX,120.00,0.00,USD,Sales,CC-04-07,Invoice tax recognition,ERP-GL
JE_0420044,JEL_0420182,invoice,INV_0420044,2026-01-03,2026-01,625000-FREIGHT,35.76,0.00,USD,Sales,CC-04-07,Invoice freight recognition,ERP-GL
JE_0420044,JEL_0420183,invoice,INV_0420044,2026-01-03,2026-01,200000-ACCOUNTS-PAYABLE,0.00,1755.82,USD,Sales,CC-04-07,Invoice payable recognition,ERP-GL
JE_0420045,JEL_0420184,invoice,INV_0420045,2026-01-01,2026-01,650100-MARKETING,707.68,0.00,USD,Marketing,CC-05-09,Invoice expense recognition,ERP-GL
JE_0420045,JEL_0420185,invoice,INV_0420045,2026-01-01,2026-01,650100-MARKETING,213.20,0.00,USD,Marketing,CC-05-09,Invoice expense recognition,ERP-GL
JE_0420045,JEL_0420186,invoice,INV_0420045,2026-01-01,2026-01,141000-RECOVERABLE-TAX,69.07,0.00,USD,Marketing,CC-05-09,Invoice tax recognition,ERP-GL
JE_0420045,JEL_0420187,invoice,INV_0420045,2026-01-01,2026-01,200000-ACCOUNTS-PAYABLE,0.00,989.95,USD,Marketing,CC-05-09,Invoice payable recognition,ERP-GL
JE_0420046,JEL_0420188,invoice,INV_0420046,2025-12-15,2025-12,680100-IT,6520.14,0.00,USD,IT,CC-08-01,Invoice expense recognition,ERP-GL
JE_0420046,JEL_0420189,invoice,INV_0420046,2025-12-15,2025-12,680100-IT,1575.80,0.00,USD,IT,CC-08-01,Invoice expense recognition,ERP-GL
JE_0420046,JEL_0420190,invoice,INV_0420046,2025-12-15,2025-12,680100-IT,359.31,0.00,USD,IT,CC-08-01,Invoice expense recognition,ERP-GL
JE_0420046,JEL_0420191,invoice,INV_0420046,2025-12-15,2025-12,680100-IT,309.12,0.00,USD,IT,CC-08-01,Invoice expense recognition,ERP-GL
JE_0420046,JEL_0420192,invoice,INV_0420046,2025-12-15,2025-12,141000-RECOVERABLE-TAX,876.44,0.00,USD,IT,CC-08-01,Invoice tax recognition,ERP-GL
JE_0420046,JEL_0420193,invoice,INV_0420046,2025-12-15,2025-12,625000-FREIGHT,67.43,0.00,USD,IT,CC-08-01,Invoice freight recognition,ERP-GL
JE_0420046,JEL_0420194,invoice,INV_0420046,2025-12-15,2025-12,200000-ACCOUNTS-PAYABLE,0.00,9708.24,USD,IT,CC-08-01,Invoice payable recognition,ERP-GL
JE_0420047,JEL_0420195,invoice,INV_0420047,2025-10-05,2025-10,680100-IT,8951.18,0.00,USD,IT,CC-08-12,Invoice expense recognition,ERP-GL
JE_0420047,JEL_0420196,invoice,INV_0420047,2025-10-05,2025-10,680100-IT,4122.87,0.00,USD,IT,CC-08-12,Invoice expense recognition,ERP-GL
JE_0420047,JEL_0420197,invoice,INV_0420047,2025-10-05,2025-10,200000-ACCOUNTS-PAYABLE,0.00,13074.05,USD,IT,CC-08-12,Invoice payable recognition,ERP-GL
JE_0420048,JEL_0420198,invoice,INV_0420048,2025-05-12,2025-05,610100-ENGINEERING,2643.76,0.00,EUR,Engineering,CC-01-12,Invoice expense recognition,ERP-GL
JE_0420048,JEL_0420199,invoice,INV_0420048,2025-05-12,2025-05,610100-ENGINEERING,996.24,0.00,EUR,Engineering,CC-01-12,Invoice expense recognition,ERP-GL
JE_0420048,JEL_0420200,invoice,INV_0420048,2025-05-12,2025-05,141000-RECOVERABLE-TAX,273.00,0.00,EUR,Engineering,CC-01-12,Invoice tax recognition,ERP-GL
JE_0420048,JEL_0420201,invoice,INV_0420048,2025-05-12,2025-05,625000-FREIGHT,11.19,0.00,EUR,Engineering,CC-01-12,Invoice freight recognition,ERP-GL
JE_0420048,JEL_0420202,invoice,INV_0420048,2025-05-12,2025-05,200000-ACCOUNTS-PAYABLE,0.00,3924.19,EUR,Engineering,CC-01-12,Invoice payable recognition,ERP-GL
JE_0420049,JEL_0420203,invoice,INV_0420049,2025-03-31,2025-03,620100-OPERATIONS,387.19,0.00,USD,Operations,CC-02-08,Invoice expense recognition,ERP-GL
JE_0420049,JEL_0420204,invoice,INV_0420049,2025-03-31,2025-03,620100-OPERATIONS,498.08,0.00,USD,Operations,CC-02-08,Invoice expense recognition,ERP-GL
JE_0420049,JEL_0420205,invoice,INV_0420049,2025-03-31,2025-03,620100-OPERATIONS,9968.50,0.00,USD,Operations,CC-02-08,Invoice expense recognition,ERP-GL
JE_0420049,JEL_0420206,invoice,INV_0420049,2025-03-31,2025-03,141000-RECOVERABLE-TAX,814.03,0.00,USD,Operations,CC-02-08,Invoice tax recognition,ERP-GL
JE_0420049,JEL_0420207,invoice,INV_0420049,2025-03-31,2025-03,625000-FREIGHT,9.33,0.00,USD,Operations,CC-02-08,Invoice freight recognition,ERP-GL
JE_0420049,JEL_0420208,invoice,INV_0420049,2025-03-31,2025-03,200000-ACCOUNTS-PAYABLE,0.00,11677.13,USD,Operations,CC-02-08,Invoice payable recognition,ERP-GL
JE_0420050,JEL_0420209,invoice,INV_0420050,2025-06-20,2025-06,620100-OPERATIONS,6657.00,0.00,USD,Operations,CC-02-02,Invoice expense recognition,ERP-GL
JE_0420050,JEL_0420210,invoice,INV_0420050,2025-06-20,2025-06,620100-OPERATIONS,1691.20,0.00,USD,Operations,CC-02-02,Invoice expense recognition,ERP-GL
JE_0420050,JEL_0420211,invoice,INV_0420050,2025-06-20,2025-06,620100-OPERATIONS,2544.48,0.00,USD,Operations,CC-02-02,Invoice expense recognition,ERP-GL
JE_0420050,JEL_0420212,invoice,INV_0420050,2025-06-20,2025-06,141000-RECOVERABLE-TAX,816.95,0.00,USD,Operations,CC-02-02,Invoice tax recognition,ERP-GL
JE_0420050,JEL_0420213,invoice,INV_0420050,2025-06-20,2025-06,625000-FREIGHT,14.20,0.00,USD,Operations,CC-02-02,Invoice freight recognition,ERP-GL
JE_0420050,JEL_0420214,invoice,INV_0420050,2025-06-20,2025-06,200000-ACCOUNTS-PAYABLE,0.00,11723.83,USD,Operations,CC-02-02,Invoice payable recognition,ERP-GL
JE_0420051,JEL_0420215,invoice,INV_0420051,2025-09-08,2025-09,640100-SALES,3522.20,0.00,USD,Sales,CC-04-06,Invoice expense recognition,ERP-GL
JE_0420051,JEL_0420216,invoice,INV_0420051,2025-09-08,2025-09,141000-RECOVERABLE-TAX,264.17,0.00,USD,Sales,CC-04-06,Invoice tax recognition,ERP-GL
JE_0420051,JEL_0420217,invoice,INV_0420051,2025-09-08,2025-09,200000-ACCOUNTS-PAYABLE,0.00,3786.37,USD,Sales,CC-04-06,Invoice payable recognition,ERP-GL
JE_0420052,JEL_0420218,invoice,INV_0420052,2026-02-25,2026-02,670100-LEGAL,1267.77,0.00,USD,Legal,CC-07-03,Invoice expense recognition,ERP-GL
JE_0420052,JEL_0420219,invoice,INV_0420052,2026-02-25,2026-02,141000-RECOVERABLE-TAX,95.08,0.00,USD,Legal,CC-07-03,Invoice tax recognition,ERP-GL
JE_0420052,JEL_0420220,invoice,INV_0420052,2026-02-25,2026-02,200000-ACCOUNTS-PAYABLE,0.00,1362.85,USD,Legal,CC-07-03,Invoice payable recognition,ERP-GL
JE_0420053,JEL_0420221,invoice,INV_0420053,2025-03-17,2025-03,650100-MARKETING,372.24,0.00,USD,Marketing,CC-05-05,Invoice expense recognition,ERP-GL
JE_0420053,JEL_0420222,invoice,INV_0420053,2025-03-17,2025-03,650100-MARKETING,868.79,0.00,USD,Marketing,CC-05-05,Invoice expense recognition,ERP-GL
JE_0420053,JEL_0420223,invoice,INV_0420053,2025-03-17,2025-03,141000-RECOVERABLE-TAX,124.10,0.00,USD,Marketing,CC-05-05,Invoice tax recognition,ERP-GL
JE_0420053,JEL_0420224,invoice,INV_0420053,2025-03-17,2025-03,200000-ACCOUNTS-PAYABLE,0.00,1365.13,USD,Marketing,CC-05-05,Invoice payable recognition,ERP-GL
JE_0420054,JEL_0420225,invoice,INV_0420054,2026-04-10,2026-04,620100-OPERATIONS,2578.32,0.00,USD,Operations,CC-02-12,Invoice expense recognition,ERP-GL
JE_0420054,JEL_0420226,invoice,INV_0420054,2026-04-10,2026-04,620100-OPERATIONS,498.60,0.00,USD,Operations,CC-02-12,Invoice expense recognition,ERP-GL
JE_0420054,JEL_0420227,invoice,INV_0420054,2026-04-10,2026-04,141000-RECOVERABLE-TAX,153.85,0.00,USD,Operations,CC-02-12,Invoice tax recognition,ERP-GL
JE_0420054,JEL_0420228,invoice,INV_0420054,2026-04-10,2026-04,200000-ACCOUNTS-PAYABLE,0.00,3230.77,USD,Operations,CC-02-12,Invoice payable recognition,ERP-GL
JE_0420055,JEL_0420229,invoice,INV_0420055,2026-02-28,2026-02,650100-MARKETING,9681.43,0.00,USD,Marketing,CC-05-08,Invoice expense recognition,ERP-GL
JE_0420055,JEL_0420230,invoice,INV_0420055,2026-02-28,2026-02,141000-RECOVERABLE-TAX,968.14,0.00,USD,Marketing,CC-05-08,Invoice tax recognition,ERP-GL
JE_0420055,JEL_0420231,invoice,INV_0420055,2026-02-28,2026-02,200000-ACCOUNTS-PAYABLE,0.00,10649.57,USD,Marketing,CC-05-08,Invoice payable recognition,ERP-GL
JE_0420056,JEL_0420232,invoice,INV_0420056,2025-05-29,2025-05,630100-FINANCE,1270.94,0.00,USD,Finance,CC-03-07,Invoice expense recognition,ERP-GL
JE_0420056,JEL_0420233,invoice,INV_0420056,2025-05-29,2025-05,630100-FINANCE,1316.10,0.00,USD,Finance,CC-03-07,Invoice expense recognition,ERP-GL
JE_0420056,JEL_0420234,invoice,INV_0420056,2025-05-29,2025-05,200000-ACCOUNTS-PAYABLE,0.00,2587.04,USD,Finance,CC-03-07,Invoice payable recognition,ERP-GL
JE_0420057,JEL_0420235,invoice,INV_0420057,2025-05-10,2025-05,640100-SALES,2191.04,0.00,USD,Sales,CC-04-08,Invoice expense recognition,ERP-GL
JE_0420057,JEL_0420236,invoice,INV_0420057,2025-05-10,2025-05,640100-SALES,1509.69,0.00,USD,Sales,CC-04-08,Invoice expense recognition,ERP-GL
JE_0420057,JEL_0420237,invoice,INV_0420057,2025-05-10,2025-05,141000-RECOVERABLE-TAX,277.55,0.00,USD,Sales,CC-04-08,Invoice tax recognition,ERP-GL
JE_0420057,JEL_0420238,invoice,INV_0420057,2025-05-10,2025-05,200000-ACCOUNTS-PAYABLE,0.00,3978.28,USD,Sales,CC-04-08,Invoice payable recognition,ERP-GL
JE_0420058,JEL_0420239,invoice,INV_0420058,2025-10-31,2025-10,670100-LEGAL,4966.74,0.00,USD,Legal,CC-07-09,Invoice expense recognition,ERP-GL
JE_0420058,JEL_0420240,invoice,INV_0420058,2025-10-31,2025-10,670100-LEGAL,480.40,0.00,USD,Legal,CC-07-09,Invoice expense recognition,ERP-GL
JE_0420058,JEL_0420241,invoice,INV_0420058,2025-10-31,2025-10,141000-RECOVERABLE-TAX,544.71,0.00,USD,Legal,CC-07-09,Invoice tax recognition,ERP-GL
JE_0420058,JEL_0420242,invoice,INV_0420058,2025-10-31,2025-10,625000-FREIGHT,37.80,0.00,USD,Legal,CC-07-09,Invoice freight recognition,ERP-GL
JE_0420058,JEL_0420243,invoice,INV_0420058,2025-10-31,2025-10,200000-ACCOUNTS-PAYABLE,0.00,6029.65,USD,Legal,CC-07-09,Invoice payable recognition,ERP-GL
JE_0420059,JEL_0420244,invoice,INV_0420059,2026-05-03,2026-05,620100-OPERATIONS,2538.63,0.00,EUR,Operations,CC-02-06,Invoice expense recognition,ERP-GL
JE_0420059,JEL_0420245,invoice,INV_0420059,2026-05-03,2026-05,620100-OPERATIONS,2774.31,0.00,EUR,Operations,CC-02-06,Invoice expense recognition,ERP-GL
JE_0420059,JEL_0420246,invoice,INV_0420059,2026-05-03,2026-05,141000-RECOVERABLE-TAX,531.29,0.00,EUR,Operations,CC-02-06,Invoice tax recognition,ERP-GL
JE_0420059,JEL_0420247,invoice,INV_0420059,2026-05-03,2026-05,625000-FREIGHT,22.45,0.00,EUR,Operations,CC-02-06,Invoice freight recognition,ERP-GL
JE_0420059,JEL_0420248,invoice,INV_0420059,2026-05-03,2026-05,200000-ACCOUNTS-PAYABLE,0.00,5866.68,EUR,Operations,CC-02-06,Invoice payable recognition,ERP-GL
JE_0420060,JEL_0420249,invoice,INV_0420060,2026-05-25,2026-05,680100-IT,3477.48,0.00,USD,IT,CC-08-08,Invoice expense recognition,ERP-GL
JE_0420060,JEL_0420250,invoice,INV_0420060,2026-05-25,2026-05,141000-RECOVERABLE-TAX,347.75,0.00,USD,IT,CC-08-08,Invoice tax recognition,ERP-GL
JE_0420060,JEL_0420251,invoice,INV_0420060,2026-05-25,2026-05,200000-ACCOUNTS-PAYABLE,0.00,3825.23,USD,IT,CC-08-08,Invoice payable recognition,ERP-GL
JE_0420061,JEL_0420252,invoice,INV_0420061,2026-05-05,2026-05,670100-LEGAL,1635.99,0.00,USD,Legal,CC-07-07,Invoice expense recognition,ERP-GL
JE_0420061,JEL_0420253,invoice,INV_0420061,2026-05-05,2026-05,670100-LEGAL,524.02,0.00,USD,Legal,CC-07-07,Invoice expense recognition,ERP-GL
JE_0420061,JEL_0420254,invoice,INV_0420061,2026-05-05,2026-05,670100-LEGAL,608.48,0.00,USD,Legal,CC-07-07,Invoice expense recognition,ERP-GL
JE_0420061,JEL_0420255,invoice,INV_0420061,2026-05-05,2026-05,141000-RECOVERABLE-TAX,276.85,0.00,USD,Legal,CC-07-07,Invoice tax recognition,ERP-GL
JE_0420061,JEL_0420256,invoice,INV_0420061,2026-05-05,2026-05,625000-FREIGHT,8.63,0.00,USD,Legal,CC-07-07,Invoice freight recognition,ERP-GL
JE_0420061,JEL_0420257,invoice,INV_0420061,2026-05-05,2026-05,200000-ACCOUNTS-PAYABLE,0.00,3053.97,USD,Legal,CC-07-07,Invoice payable recognition,ERP-GL
JE_0420062,JEL_0420258,invoice,INV_0420062,2025-10-20,2025-10,620100-OPERATIONS,252.96,0.00,USD,Operations,CC-02-09,Invoice expense recognition,ERP-GL
JE_0420062,JEL_0420259,invoice,INV_0420062,2025-10-20,2025-10,620100-OPERATIONS,2257.82,0.00,USD,Operations,CC-02-09,Invoice expense recognition,ERP-GL
JE_0420062,JEL_0420260,invoice,INV_0420062,2025-10-20,2025-10,141000-RECOVERABLE-TAX,251.08,0.00,USD,Operations,CC-02-09,Invoice tax recognition,ERP-GL
JE_0420062,JEL_0420261,invoice,INV_0420062,2025-10-20,2025-10,625000-FREIGHT,71.68,0.00,USD,Operations,CC-02-09,Invoice freight recognition,ERP-GL
JE_0420062,JEL_0420262,invoice,INV_0420062,2025-10-20,2025-10,200000-ACCOUNTS-PAYABLE,0.00,2833.54,USD,Operations,CC-02-09,Invoice payable recognition,ERP-GL
JE_0420063,JEL_0420263,invoice,INV_0420063,2026-04-14,2026-04,680100-IT,3319.54,0.00,USD,IT,CC-08-05,Invoice expense recognition,ERP-GL
JE_0420063,JEL_0420264,invoice,INV_0420063,2026-04-14,2026-04,680100-IT,2660.38,0.00,USD,IT,CC-08-05,Invoice expense recognition,ERP-GL
JE_0420063,JEL_0420265,invoice,INV_0420063,2026-04-14,2026-04,200000-ACCOUNTS-PAYABLE,0.00,5979.92,USD,IT,CC-08-05,Invoice payable recognition,ERP-GL
JE_0420064,JEL_0420266,invoice,INV_0420064,2026-03-01,2026-03,680100-IT,2056.32,0.00,USD,IT,CC-08-10,Invoice expense recognition,ERP-GL
JE_0420064,JEL_0420267,invoice,INV_0420064,2026-03-01,2026-03,680100-IT,3207.78,0.00,USD,IT,CC-08-10,Invoice expense recognition,ERP-GL
JE_0420064,JEL_0420268,invoice,INV_0420064,2026-03-01,2026-03,680100-IT,3657.72,0.00,USD,IT,CC-08-10,Invoice expense recognition,ERP-GL
JE_0420064,JEL_0420269,invoice,INV_0420064,2026-03-01,2026-03,141000-RECOVERABLE-TAX,669.14,0.00,USD,IT,CC-08-10,Invoice tax recognition,ERP-GL
JE_0420064,JEL_0420270,invoice,INV_0420064,2026-03-01,2026-03,200000-ACCOUNTS-PAYABLE,0.00,9590.96,USD,IT,CC-08-10,Invoice payable recognition,ERP-GL
JE_0420065,JEL_0420271,invoice,INV_0420065,2025-09-05,2025-09,640100-SALES,5980.60,0.00,USD,Sales,CC-04-05,Invoice expense recognition,ERP-GL
JE_0420065,JEL_0420272,invoice,INV_0420065,2025-09-05,2025-09,141000-RECOVERABLE-TAX,299.03,0.00,USD,Sales,CC-04-05,Invoice tax recognition,ERP-GL
JE_0420065,JEL_0420273,invoice,INV_0420065,2025-09-05,2025-09,625000-FREIGHT,13.62,0.00,USD,Sales,CC-04-05,Invoice freight recognition,ERP-GL
JE_0420065,JEL_0420274,invoice,INV_0420065,2025-09-05,2025-09,200000-ACCOUNTS-PAYABLE,0.00,6293.25,USD,Sales,CC-04-05,Invoice payable recognition,ERP-GL
JE_0420066,JEL_0420275,invoice,INV_0420066,2026-03-02,2026-03,620100-OPERATIONS,3242.34,0.00,USD,Operations,CC-02-10,Invoice expense recognition,ERP-GL
JE_0420066,JEL_0420276,invoice,INV_0420066,2026-03-02,2026-03,141000-RECOVERABLE-TAX,243.18,0.00,USD,Operations,CC-02-10,Invoice tax recognition,ERP-GL
JE_0420066,JEL_0420277,invoice,INV_0420066,2026-03-02,2026-03,625000-FREIGHT,26.44,0.00,USD,Operations,CC-02-10,Invoice freight recognition,ERP-GL
JE_0420066,JEL_0420278,invoice,INV_0420066,2026-03-02,2026-03,200000-ACCOUNTS-PAYABLE,0.00,3511.96,USD,Operations,CC-02-10,Invoice payable recognition,ERP-GL
JE_0420067,JEL_0420279,invoice,INV_0420067,2026-06-15,2026-06,650100-MARKETING,2129.92,0.00,USD,Marketing,CC-05-01,Invoice expense recognition,ERP-GL
JE_0420067,JEL_0420280,invoice,INV_0420067,2026-06-15,2026-06,650100-MARKETING,826.92,0.00,USD,Marketing,CC-05-01,Invoice expense recognition,ERP-GL
JE_0420067,JEL_0420281,invoice,INV_0420067,2026-06-15,2026-06,650100-MARKETING,368.28,0.00,USD,Marketing,CC-05-01,Invoice expense recognition,ERP-GL
JE_0420067,JEL_0420282,invoice,INV_0420067,2026-06-15,2026-06,141000-RECOVERABLE-TAX,332.51,0.00,USD,Marketing,CC-05-01,Invoice tax recognition,ERP-GL
JE_0420067,JEL_0420283,invoice,INV_0420067,2026-06-15,2026-06,200000-ACCOUNTS-PAYABLE,0.00,3657.63,USD,Marketing,CC-05-01,Invoice payable recognition,ERP-GL
JE_0420068,JEL_0420284,invoice,INV_0420068,2026-02-02,2026-02,610100-ENGINEERING,1814.40,0.00,USD,Engineering,CC-01-04,Invoice expense recognition,ERP-GL
JE_0420068,JEL_0420285,invoice,INV_0420068,2026-02-02,2026-02,610100-ENGINEERING,3062.55,0.00,USD,Engineering,CC-01-04,Invoice expense recognition,ERP-GL
JE_0420068,JEL_0420286,invoice,INV_0420068,2026-02-02,2026-02,200000-ACCOUNTS-PAYABLE,0.00,4876.95,USD,Engineering,CC-01-04,Invoice payable recognition,ERP-GL
JE_0420069,JEL_0420287,invoice,INV_0420069,2025-02-12,2025-02,670100-LEGAL,1275.40,0.00,USD,Legal,CC-07-12,Invoice expense recognition,ERP-GL
JE_0420069,JEL_0420288,invoice,INV_0420069,2025-02-12,2025-02,670100-LEGAL,722.28,0.00,USD,Legal,CC-07-12,Invoice expense recognition,ERP-GL
JE_0420069,JEL_0420289,invoice,INV_0420069,2025-02-12,2025-02,670100-LEGAL,1185.79,0.00,USD,Legal,CC-07-12,Invoice expense recognition,ERP-GL
JE_0420069,JEL_0420290,invoice,INV_0420069,2025-02-12,2025-02,670100-LEGAL,1934.94,0.00,USD,Legal,CC-07-12,Invoice expense recognition,ERP-GL
JE_0420069,JEL_0420291,invoice,INV_0420069,2025-02-12,2025-02,141000-RECOVERABLE-TAX,383.88,0.00,USD,Legal,CC-07-12,Invoice tax recognition,ERP-GL
JE_0420069,JEL_0420292,invoice,INV_0420069,2025-02-12,2025-02,625000-FREIGHT,20.73,0.00,USD,Legal,CC-07-12,Invoice freight recognition,ERP-GL
JE_0420069,JEL_0420293,invoice,INV_0420069,2025-02-12,2025-02,200000-ACCOUNTS-PAYABLE,0.00,5523.02,USD,Legal,CC-07-12,Invoice payable recognition,ERP-GL
JE_0420070,JEL_0420294,invoice,INV_0420070,2025-03-22,2025-03,640100-SALES,1637.79,0.00,USD,Sales,CC-04-07,Invoice expense recognition,ERP-GL
JE_0420070,JEL_0420295,invoice,INV_0420070,2025-03-22,2025-03,640100-SALES,5416.83,0.00,USD,Sales,CC-04-07,Invoice expense recognition,ERP-GL
JE_0420070,JEL_0420296,invoice,INV_0420070,2025-03-22,2025-03,625000-FREIGHT,35.11,0.00,USD,Sales,CC-04-07,Invoice freight recognition,ERP-GL
JE_0420070,JEL_0420297,invoice,INV_0420070,2025-03-22,2025-03,200000-ACCOUNTS-PAYABLE,0.00,7089.73,USD,Sales,CC-04-07,Invoice payable recognition,ERP-GL
JE_0420071,JEL_0420298,invoice,INV_0420071,2025-04-21,2025-04,610100-ENGINEERING,860.50,0.00,USD,Engineering,CC-01-03,Invoice expense recognition,ERP-GL
JE_0420071,JEL_0420299,invoice,INV_0420071,2025-04-21,2025-04,610100-ENGINEERING,2228.67,0.00,USD,Engineering,CC-01-03,Invoice expense recognition,ERP-GL
JE_0420071,JEL_0420300,invoice,INV_0420071,2025-04-21,2025-04,610100-ENGINEERING,5675.56,0.00,USD,Engineering,CC-01-03,Invoice expense recognition,ERP-GL
JE_0420071,JEL_0420301,invoice,INV_0420071,2025-04-21,2025-04,141000-RECOVERABLE-TAX,657.35,0.00,USD,Engineering,CC-01-03,Invoice tax recognition,ERP-GL
JE_0420071,JEL_0420302,invoice,INV_0420071,2025-04-21,2025-04,200000-ACCOUNTS-PAYABLE,0.00,9422.08,USD,Engineering,CC-01-03,Invoice payable recognition,ERP-GL
JE_0420072,JEL_0420303,invoice,INV_0420072,2025-05-15,2025-05,650100-MARKETING,682.80,0.00,USD,Marketing,CC-05-01,Invoice expense recognition,ERP-GL
JE_0420072,JEL_0420304,invoice,INV_0420072,2025-05-15,2025-05,650100-MARKETING,2414.25,0.00,USD,Marketing,CC-05-01,Invoice expense recognition,ERP-GL
JE_0420072,JEL_0420305,invoice,INV_0420072,2025-05-15,2025-05,141000-RECOVERABLE-TAX,309.71,0.00,USD,Marketing,CC-05-01,Invoice tax recognition,ERP-GL
JE_0420072,JEL_0420306,invoice,INV_0420072,2025-05-15,2025-05,200000-ACCOUNTS-PAYABLE,0.00,3406.76,USD,Marketing,CC-05-01,Invoice payable recognition,ERP-GL
JE_0420073,JEL_0420307,invoice,INV_0420073,2025-04-10,2025-04,660100-PEOPLE,1238.38,0.00,USD,People,CC-06-11,Invoice expense recognition,ERP-GL
JE_0420073,JEL_0420308,invoice,INV_0420073,2025-04-10,2025-04,660100-PEOPLE,354.20,0.00,USD,People,CC-06-11,Invoice expense recognition,ERP-GL
JE_0420073,JEL_0420309,invoice,INV_0420073,2025-04-10,2025-04,660100-PEOPLE,468.72,0.00,USD,People,CC-06-11,Invoice expense recognition,ERP-GL
JE_0420073,JEL_0420310,invoice,INV_0420073,2025-04-10,2025-04,141000-RECOVERABLE-TAX,206.13,0.00,USD,People,CC-06-11,Invoice tax recognition,ERP-GL
JE_0420073,JEL_0420311,invoice,INV_0420073,2025-04-10,2025-04,625000-FREIGHT,7.75,0.00,USD,People,CC-06-11,Invoice freight recognition,ERP-GL
JE_0420073,JEL_0420312,invoice,INV_0420073,2025-04-10,2025-04,200000-ACCOUNTS-PAYABLE,0.00,2275.18,USD,People,CC-06-11,Invoice payable recognition,ERP-GL
JE_0420074,JEL_0420313,invoice,INV_0420074,2025-11-04,2025-11,640100-SALES,241.70,0.00,USD,Sales,CC-04-05,Invoice expense recognition,ERP-GL
JE_0420074,JEL_0420314,invoice,INV_0420074,2025-11-04,2025-11,640100-SALES,349.37,0.00,USD,Sales,CC-04-05,Invoice expense recognition,ERP-GL
JE_0420074,JEL_0420315,invoice,INV_0420074,2025-11-04,2025-11,141000-RECOVERABLE-TAX,44.33,0.00,USD,Sales,CC-04-05,Invoice tax recognition,ERP-GL
JE_0420074,JEL_0420316,invoice,INV_0420074,2025-11-04,2025-11,200000-ACCOUNTS-PAYABLE,0.00,635.40,USD,Sales,CC-04-05,Invoice payable recognition,ERP-GL
JE_0420075,JEL_0420317,invoice,INV_0420075,2025-07-23,2025-07,630100-FINANCE,3078.60,0.00,USD,Finance,CC-03-09,Invoice expense recognition,ERP-GL
JE_0420075,JEL_0420318,invoice,INV_0420075,2025-07-23,2025-07,630100-FINANCE,1979.92,0.00,USD,Finance,CC-03-09,Invoice expense recognition,ERP-GL
JE_0420075,JEL_0420319,invoice,INV_0420075,2025-07-23,2025-07,625000-FREIGHT,77.24,0.00,USD,Finance,CC-03-09,Invoice freight recognition,ERP-GL
JE_0420075,JEL_0420320,invoice,INV_0420075,2025-07-23,2025-07,200000-ACCOUNTS-PAYABLE,0.00,5135.76,USD,Finance,CC-03-09,Invoice payable recognition,ERP-GL
JE_0420076,JEL_0420321,invoice,INV_0420076,2025-05-30,2025-05,620100-OPERATIONS,15002.50,0.00,USD,Operations,CC-02-01,Invoice expense recognition,ERP-GL
JE_0420076,JEL_0420322,invoice,INV_0420076,2025-05-30,2025-05,141000-RECOVERABLE-TAX,1500.25,0.00,USD,Operations,CC-02-01,Invoice tax recognition,ERP-GL
JE_0420076,JEL_0420323,invoice,INV_0420076,2025-05-30,2025-05,200000-ACCOUNTS-PAYABLE,0.00,16502.75,USD,Operations,CC-02-01,Invoice payable recognition,ERP-GL
JE_0420077,JEL_0420324,invoice,INV_0420077,2025-10-07,2025-10,650100-MARKETING,5598.56,0.00,USD,Marketing,CC-05-08,Invoice expense recognition,ERP-GL
JE_0420077,JEL_0420325,invoice,INV_0420077,2025-10-07,2025-10,650100-MARKETING,496.86,0.00,USD,Marketing,CC-05-08,Invoice expense recognition,ERP-GL
JE_0420077,JEL_0420326,invoice,INV_0420077,2025-10-07,2025-10,141000-RECOVERABLE-TAX,429.69,0.00,USD,Marketing,CC-05-08,Invoice tax recognition,ERP-GL
JE_0420077,JEL_0420327,invoice,INV_0420077,2025-10-07,2025-10,625000-FREIGHT,18.45,0.00,USD,Marketing,CC-05-08,Invoice freight recognition,ERP-GL
JE_0420077,JEL_0420328,invoice,INV_0420077,2025-10-07,2025-10,200000-ACCOUNTS-PAYABLE,0.00,6543.56,USD,Marketing,CC-05-08,Invoice payable recognition,ERP-GL
JE_0420078,JEL_0420329,invoice,INV_0420078,2026-05-30,2026-05,680100-IT,1446.08,0.00,USD,IT,CC-08-11,Invoice expense recognition,ERP-GL
JE_0420078,JEL_0420330,invoice,INV_0420078,2026-05-30,2026-05,141000-RECOVERABLE-TAX,108.46,0.00,USD,IT,CC-08-11,Invoice tax recognition,ERP-GL
JE_0420078,JEL_0420331,invoice,INV_0420078,2026-05-30,2026-05,625000-FREIGHT,8.92,0.00,USD,IT,CC-08-11,Invoice freight recognition,ERP-GL
JE_0420078,JEL_0420332,invoice,INV_0420078,2026-05-30,2026-05,200000-ACCOUNTS-PAYABLE,0.00,1563.46,USD,IT,CC-08-11,Invoice payable recognition,ERP-GL
JE_0420079,JEL_0420333,invoice,INV_0420079,2026-03-23,2026-03,660100-PEOPLE,367.95,0.00,USD,People,CC-06-02,Invoice expense recognition,ERP-GL
JE_0420079,JEL_0420334,invoice,INV_0420079,2026-03-23,2026-03,660100-PEOPLE,448.50,0.00,USD,People,CC-06-02,Invoice expense recognition,ERP-GL
JE_0420079,JEL_0420335,invoice,INV_0420079,2026-03-23,2026-03,660100-PEOPLE,383.80,0.00,USD,People,CC-06-02,Invoice expense recognition,ERP-GL
JE_0420079,JEL_0420336,invoice,INV_0420079,2026-03-23,2026-03,141000-RECOVERABLE-TAX,90.02,0.00,USD,People,CC-06-02,Invoice tax recognition,ERP-GL
JE_0420079,JEL_0420337,invoice,INV_0420079,2026-03-23,2026-03,625000-FREIGHT,20.34,0.00,USD,People,CC-06-02,Invoice freight recognition,ERP-GL
JE_0420079,JEL_0420338,invoice,INV_0420079,2026-03-23,2026-03,200000-ACCOUNTS-PAYABLE,0.00,1310.61,USD,People,CC-06-02,Invoice payable recognition,ERP-GL
JE_0420080,JEL_0420339,invoice,INV_0420080,2025-07-20,2025-07,640100-SALES,1469.43,0.00,USD,Sales,CC-04-07,Invoice expense recognition,ERP-GL
JE_0420080,JEL_0420340,invoice,INV_0420080,2025-07-20,2025-07,640100-SALES,1635.60,0.00,USD,Sales,CC-04-07,Invoice expense recognition,ERP-GL
JE_0420080,JEL_0420341,invoice,INV_0420080,2025-07-20,2025-07,141000-RECOVERABLE-TAX,232.88,0.00,USD,Sales,CC-04-07,Invoice tax recognition,ERP-GL
JE_0420080,JEL_0420342,invoice,INV_0420080,2025-07-20,2025-07,200000-ACCOUNTS-PAYABLE,0.00,3337.91,USD,Sales,CC-04-07,Invoice payable recognition,ERP-GL
JE_0420081,JEL_0420343,invoice,INV_0420081,2026-03-14,2026-03,650100-MARKETING,1072.38,0.00,USD,Marketing,CC-05-11,Invoice expense recognition,ERP-GL
JE_0420081,JEL_0420344,invoice,INV_0420081,2026-03-14,2026-03,650100-MARKETING,480.84,0.00,USD,Marketing,CC-05-11,Invoice expense recognition,ERP-GL
JE_0420081,JEL_0420345,invoice,INV_0420081,2026-03-14,2026-03,650100-MARKETING,2826.48,0.00,USD,Marketing,CC-05-11,Invoice expense recognition,ERP-GL
JE_0420081,JEL_0420346,invoice,INV_0420081,2026-03-14,2026-03,650100-MARKETING,290.19,0.00,USD,Marketing,CC-05-11,Invoice expense recognition,ERP-GL
JE_0420081,JEL_0420347,invoice,INV_0420081,2026-03-14,2026-03,141000-RECOVERABLE-TAX,466.99,0.00,USD,Marketing,CC-05-11,Invoice tax recognition,ERP-GL
JE_0420081,JEL_0420348,invoice,INV_0420081,2026-03-14,2026-03,200000-ACCOUNTS-PAYABLE,0.00,5136.88,USD,Marketing,CC-05-11,Invoice payable recognition,ERP-GL
JE_0420082,JEL_0420349,invoice,INV_0420082,2025-09-30,2025-09,610100-ENGINEERING,29325.68,0.00,USD,Engineering,CC-01-05,Invoice expense recognition,ERP-GL
JE_0420082,JEL_0420350,invoice,INV_0420082,2025-09-30,2025-09,200000-ACCOUNTS-PAYABLE,0.00,29325.68,USD,Engineering,CC-01-05,Invoice payable recognition,ERP-GL
JE_0420083,JEL_0420351,invoice,INV_0420083,2026-06-07,2026-06,680100-IT,1308.09,0.00,USD,IT,CC-08-01,Invoice expense recognition,ERP-GL
JE_0420083,JEL_0420352,invoice,INV_0420083,2026-06-07,2026-06,680100-IT,4074.73,0.00,USD,IT,CC-08-01,Invoice expense recognition,ERP-GL
JE_0420083,JEL_0420353,invoice,INV_0420083,2026-06-07,2026-06,141000-RECOVERABLE-TAX,403.71,0.00,USD,IT,CC-08-01,Invoice tax recognition,ERP-GL
JE_0420083,JEL_0420354,invoice,INV_0420083,2026-06-07,2026-06,200000-ACCOUNTS-PAYABLE,0.00,5786.53,USD,IT,CC-08-01,Invoice payable recognition,ERP-GL
JE_0420084,JEL_0420355,invoice,INV_0420084,2025-09-13,2025-09,680100-IT,21540.26,0.00,CAD,IT,CC-08-01,Invoice expense recognition,ERP-GL
JE_0420084,JEL_0420356,invoice,INV_0420084,2025-09-13,2025-09,141000-RECOVERABLE-TAX,1615.52,0.00,CAD,IT,CC-08-01,Invoice tax recognition,ERP-GL
JE_0420084,JEL_0420357,invoice,INV_0420084,2025-09-13,2025-09,200000-ACCOUNTS-PAYABLE,0.00,23155.78,CAD,IT,CC-08-01,Invoice payable recognition,ERP-GL
JE_0420085,JEL_0420358,invoice,INV_0420085,2025-05-09,2025-05,610100-ENGINEERING,1207.57,0.00,EUR,Engineering,CC-01-01,Invoice expense recognition,ERP-GL
JE_0420085,JEL_0420359,invoice,INV_0420085,2025-05-09,2025-05,610100-ENGINEERING,251.82,0.00,EUR,Engineering,CC-01-01,Invoice expense recognition,ERP-GL
JE_0420085,JEL_0420360,invoice,INV_0420085,2025-05-09,2025-05,141000-RECOVERABLE-TAX,109.45,0.00,EUR,Engineering,CC-01-01,Invoice tax recognition,ERP-GL
JE_0420085,JEL_0420361,invoice,INV_0420085,2025-05-09,2025-05,625000-FREIGHT,15.80,0.00,EUR,Engineering,CC-01-01,Invoice freight recognition,ERP-GL
JE_0420085,JEL_0420362,invoice,INV_0420085,2025-05-09,2025-05,200000-ACCOUNTS-PAYABLE,0.00,1584.64,EUR,Engineering,CC-01-01,Invoice payable recognition,ERP-GL
JE_0420086,JEL_0420363,invoice,INV_0420086,2025-04-02,2025-04,620100-OPERATIONS,2285.76,0.00,USD,Operations,CC-02-07,Invoice expense recognition,ERP-GL
JE_0420086,JEL_0420364,invoice,INV_0420086,2025-04-02,2025-04,620100-OPERATIONS,263.25,0.00,USD,Operations,CC-02-07,Invoice expense recognition,ERP-GL
JE_0420086,JEL_0420365,invoice,INV_0420086,2025-04-02,2025-04,620100-OPERATIONS,701.60,0.00,USD,Operations,CC-02-07,Invoice expense recognition,ERP-GL
JE_0420086,JEL_0420366,invoice,INV_0420086,2025-04-02,2025-04,620100-OPERATIONS,3790.08,0.00,USD,Operations,CC-02-07,Invoice expense recognition,ERP-GL
JE_0420086,JEL_0420367,invoice,INV_0420086,2025-04-02,2025-04,141000-RECOVERABLE-TAX,528.05,0.00,USD,Operations,CC-02-07,Invoice tax recognition,ERP-GL
JE_0420086,JEL_0420368,invoice,INV_0420086,2025-04-02,2025-04,200000-ACCOUNTS-PAYABLE,0.00,7568.74,USD,Operations,CC-02-07,Invoice payable recognition,ERP-GL
JE_0420087,JEL_0420369,invoice,INV_0420087,2026-04-07,2026-04,670100-LEGAL,2358.56,0.00,USD,Legal,CC-07-04,Invoice expense recognition,ERP-GL
JE_0420087,JEL_0420370,invoice,INV_0420087,2026-04-07,2026-04,670100-LEGAL,1693.20,0.00,USD,Legal,CC-07-04,Invoice expense recognition,ERP-GL
JE_0420087,JEL_0420371,invoice,INV_0420087,2026-04-07,2026-04,670100-LEGAL,674.13,0.00,USD,Legal,CC-07-04,Invoice expense recognition,ERP-GL
JE_0420087,JEL_0420372,invoice,INV_0420087,2026-04-07,2026-04,141000-RECOVERABLE-TAX,354.44,0.00,USD,Legal,CC-07-04,Invoice tax recognition,ERP-GL
JE_0420087,JEL_0420373,invoice,INV_0420087,2026-04-07,2026-04,200000-ACCOUNTS-PAYABLE,0.00,5080.33,USD,Legal,CC-07-04,Invoice payable recognition,ERP-GL
JE_0420088,JEL_0420374,invoice,INV_0420088,2025-12-05,2025-12,650100-MARKETING,1078.56,0.00,USD,Marketing,CC-05-04,Invoice expense recognition,ERP-GL
JE_0420088,JEL_0420375,invoice,INV_0420088,2025-12-05,2025-12,650100-MARKETING,1544.34,0.00,USD,Marketing,CC-05-04,Invoice expense recognition,ERP-GL
JE_0420088,JEL_0420376,invoice,INV_0420088,2025-12-05,2025-12,650100-MARKETING,5457.60,0.00,USD,Marketing,CC-05-04,Invoice expense recognition,ERP-GL
JE_0420088,JEL_0420377,invoice,INV_0420088,2025-12-05,2025-12,650100-MARKETING,114.60,0.00,USD,Marketing,CC-05-04,Invoice expense recognition,ERP-GL
JE_0420088,JEL_0420378,invoice,INV_0420088,2025-12-05,2025-12,141000-RECOVERABLE-TAX,614.63,0.00,USD,Marketing,CC-05-04,Invoice tax recognition,ERP-GL
JE_0420088,JEL_0420379,invoice,INV_0420088,2025-12-05,2025-12,200000-ACCOUNTS-PAYABLE,0.00,8809.73,USD,Marketing,CC-05-04,Invoice payable recognition,ERP-GL
JE_0420089,JEL_0420380,invoice,INV_0420089,2026-05-01,2026-05,640100-SALES,4020.60,0.00,EUR,Sales,CC-04-02,Invoice expense recognition,ERP-GL
JE_0420089,JEL_0420381,invoice,INV_0420089,2026-05-01,2026-05,640100-SALES,271.04,0.00,EUR,Sales,CC-04-02,Invoice expense recognition,ERP-GL
JE_0420089,JEL_0420382,invoice,INV_0420089,2026-05-01,2026-05,640100-SALES,338.73,0.00,EUR,Sales,CC-04-02,Invoice expense recognition,ERP-GL
JE_0420089,JEL_0420383,invoice,INV_0420089,2026-05-01,2026-05,141000-RECOVERABLE-TAX,463.04,0.00,EUR,Sales,CC-04-02,Invoice tax recognition,ERP-GL
JE_0420089,JEL_0420384,invoice,INV_0420089,2026-05-01,2026-05,625000-FREIGHT,30.12,0.00,EUR,Sales,CC-04-02,Invoice freight recognition,ERP-GL
JE_0420089,JEL_0420385,invoice,INV_0420089,2026-05-01,2026-05,200000-ACCOUNTS-PAYABLE,0.00,5123.53,EUR,Sales,CC-04-02,Invoice payable recognition,ERP-GL
JE_0420090,JEL_0420386,invoice,INV_0420090,2025-02-28,2025-02,680100-IT,10884.77,0.00,USD,IT,CC-08-01,Invoice expense recognition,ERP-GL
JE_0420090,JEL_0420387,invoice,INV_0420090,2025-02-28,2025-02,680100-IT,1788.60,0.00,USD,IT,CC-08-01,Invoice expense recognition,ERP-GL
JE_0420090,JEL_0420388,invoice,INV_0420090,2025-02-28,2025-02,141000-RECOVERABLE-TAX,897.09,0.00,USD,IT,CC-08-01,Invoice tax recognition,ERP-GL
JE_0420090,JEL_0420389,invoice,INV_0420090,2025-02-28,2025-02,200000-ACCOUNTS-PAYABLE,0.00,13570.46,USD,IT,CC-08-01,Invoice payable recognition,ERP-GL
JE_0420091,JEL_0420390,invoice,INV_0420091,2025-04-12,2025-04,640100-SALES,1532.96,0.00,USD,Sales,CC-04-05,Invoice expense recognition,ERP-GL
JE_0420091,JEL_0420391,invoice,INV_0420091,2025-04-12,2025-04,640100-SALES,430.90,0.00,USD,Sales,CC-04-05,Invoice expense recognition,ERP-GL
JE_0420091,JEL_0420392,invoice,INV_0420091,2025-04-12,2025-04,640100-SALES,1105.92,0.00,USD,Sales,CC-04-05,Invoice expense recognition,ERP-GL
JE_0420091,JEL_0420393,invoice,INV_0420091,2025-04-12,2025-04,141000-RECOVERABLE-TAX,306.98,0.00,USD,Sales,CC-04-05,Invoice tax recognition,ERP-GL
JE_0420091,JEL_0420394,invoice,INV_0420091,2025-04-12,2025-04,200000-ACCOUNTS-PAYABLE,0.00,3376.76,USD,Sales,CC-04-05,Invoice payable recognition,ERP-GL
JE_0420092,JEL_0420395,invoice,INV_0420092,2025-12-25,2025-12,660100-PEOPLE,1084.02,0.00,USD,People,CC-06-04,Invoice expense recognition,ERP-GL
JE_0420092,JEL_0420396,invoice,INV_0420092,2025-12-25,2025-12,141000-RECOVERABLE-TAX,108.40,0.00,USD,People,CC-06-04,Invoice tax recognition,ERP-GL
JE_0420092,JEL_0420397,invoice,INV_0420092,2025-12-25,2025-12,200000-ACCOUNTS-PAYABLE,0.00,1192.42,USD,People,CC-06-04,Invoice payable recognition,ERP-GL
JE_0420093,JEL_0420398,invoice,INV_0420093,2025-02-27,2025-02,630100-FINANCE,2606.45,0.00,USD,Finance,CC-03-06,Invoice expense recognition,ERP-GL
JE_0420093,JEL_0420399,invoice,INV_0420093,2025-02-27,2025-02,630100-FINANCE,1059.50,0.00,USD,Finance,CC-03-06,Invoice expense recognition,ERP-GL
JE_0420093,JEL_0420400,invoice,INV_0420093,2025-02-27,2025-02,200000-ACCOUNTS-PAYABLE,0.00,3665.95,USD,Finance,CC-03-06,Invoice payable recognition,ERP-GL
JE_0420094,JEL_0420401,invoice,INV_0420094,2025-04-16,2025-04,680100-IT,886.20,0.00,USD,IT,CC-08-12,Invoice expense recognition,ERP-GL
JE_0420094,JEL_0420402,invoice,INV_0420094,2025-04-16,2025-04,680100-IT,1298.44,0.00,USD,IT,CC-08-12,Invoice expense recognition,ERP-GL
JE_0420094,JEL_0420403,invoice,INV_0420094,2025-04-16,2025-04,680100-IT,8329.00,0.00,USD,IT,CC-08-12,Invoice expense recognition,ERP-GL
JE_0420094,JEL_0420404,invoice,INV_0420094,2025-04-16,2025-04,200000-ACCOUNTS-PAYABLE,0.00,10513.64,USD,IT,CC-08-12,Invoice payable recognition,ERP-GL
JE_0420095,JEL_0420405,invoice,INV_0420095,2025-10-01,2025-10,640100-SALES,479.37,0.00,USD,Sales,CC-04-12,Invoice expense recognition,ERP-GL
JE_0420095,JEL_0420406,invoice,INV_0420095,2025-10-01,2025-10,640100-SALES,910.60,0.00,USD,Sales,CC-04-12,Invoice expense recognition,ERP-GL
JE_0420095,JEL_0420407,invoice,INV_0420095,2025-10-01,2025-10,141000-RECOVERABLE-TAX,139.00,0.00,USD,Sales,CC-04-12,Invoice tax recognition,ERP-GL
JE_0420095,JEL_0420408,invoice,INV_0420095,2025-10-01,2025-10,200000-ACCOUNTS-PAYABLE,0.00,1528.97,USD,Sales,CC-04-12,Invoice payable recognition,ERP-GL
JE_0420096,JEL_0420409,invoice,INV_0420096,2026-04-26,2026-04,620100-OPERATIONS,69.00,0.00,USD,Operations,CC-02-11,Invoice expense recognition,ERP-GL
JE_0420096,JEL_0420410,invoice,INV_0420096,2026-04-26,2026-04,620100-OPERATIONS,392.48,0.00,USD,Operations,CC-02-11,Invoice expense recognition,ERP-GL
JE_0420096,JEL_0420411,invoice,INV_0420096,2026-04-26,2026-04,620100-OPERATIONS,1757.25,0.00,USD,Operations,CC-02-11,Invoice expense recognition,ERP-GL
JE_0420096,JEL_0420412,invoice,INV_0420096,2026-04-26,2026-04,620100-OPERATIONS,593.15,0.00,USD,Operations,CC-02-11,Invoice expense recognition,ERP-GL
JE_0420096,JEL_0420413,invoice,INV_0420096,2026-04-26,2026-04,141000-RECOVERABLE-TAX,210.89,0.00,USD,Operations,CC-02-11,Invoice tax recognition,ERP-GL
JE_0420096,JEL_0420414,invoice,INV_0420096,2026-04-26,2026-04,200000-ACCOUNTS-PAYABLE,0.00,3022.77,USD,Operations,CC-02-11,Invoice payable recognition,ERP-GL
JE_0420097,JEL_0420415,invoice,INV_0420097,2026-02-06,2026-02,620100-OPERATIONS,3446.40,0.00,USD,Operations,CC-02-05,Invoice expense recognition,ERP-GL
JE_0420097,JEL_0420416,invoice,INV_0420097,2026-02-06,2026-02,620100-OPERATIONS,307.00,0.00,USD,Operations,CC-02-05,Invoice expense recognition,ERP-GL
JE_0420097,JEL_0420417,invoice,INV_0420097,2026-02-06,2026-02,141000-RECOVERABLE-TAX,281.51,0.00,USD,Operations,CC-02-05,Invoice tax recognition,ERP-GL
JE_0420097,JEL_0420418,invoice,INV_0420097,2026-02-06,2026-02,200000-ACCOUNTS-PAYABLE,0.00,4034.91,USD,Operations,CC-02-05,Invoice payable recognition,ERP-GL
JE_0420098,JEL_0420419,invoice,INV_0420098,2025-10-31,2025-10,640100-SALES,2417.91,0.00,CAD,Sales,CC-04-10,Invoice expense recognition,ERP-GL
JE_0420098,JEL_0420420,invoice,INV_0420098,2025-10-31,2025-10,141000-RECOVERABLE-TAX,181.34,0.00,CAD,Sales,CC-04-10,Invoice tax recognition,ERP-GL
JE_0420098,JEL_0420421,invoice,INV_0420098,2025-10-31,2025-10,200000-ACCOUNTS-PAYABLE,0.00,2599.25,CAD,Sales,CC-04-10,Invoice payable recognition,ERP-GL
JE_0420099,JEL_0420422,invoice,INV_0420099,2026-04-19,2026-04,630100-FINANCE,3928.26,0.00,USD,Finance,CC-03-04,Invoice expense recognition,ERP-GL
JE_0420099,JEL_0420423,invoice,INV_0420099,2026-04-19,2026-04,200000-ACCOUNTS-PAYABLE,0.00,3928.26,USD,Finance,CC-03-04,Invoice payable recognition,ERP-GL
JE_0420100,JEL_0420424,invoice,INV_0420100,2025-06-06,2025-06,680100-IT,794.00,0.00,USD,IT,CC-08-09,Invoice expense recognition,ERP-GL
JE_0420100,JEL_0420425,invoice,INV_0420100,2025-06-06,2025-06,680100-IT,731.00,0.00,USD,IT,CC-08-09,Invoice expense recognition,ERP-GL
JE_0420100,JEL_0420426,invoice,INV_0420100,2025-06-06,2025-06,680100-IT,2143.56,0.00,USD,IT,CC-08-09,Invoice expense recognition,ERP-GL
JE_0420100,JEL_0420427,invoice,INV_0420100,2025-06-06,2025-06,141000-RECOVERABLE-TAX,275.14,0.00,USD,IT,CC-08-09,Invoice tax recognition,ERP-GL
JE_0420100,JEL_0420428,invoice,INV_0420100,2025-06-06,2025-06,200000-ACCOUNTS-PAYABLE,0.00,3943.70,USD,IT,CC-08-09,Invoice payable recognition,ERP-GL
JE_0420101,JEL_0420429,invoice,INV_0420101,2025-08-10,2025-08,670100-LEGAL,3880.62,0.00,USD,Legal,CC-07-06,Invoice expense recognition,ERP-GL
JE_0420101,JEL_0420430,invoice,INV_0420101,2025-08-10,2025-08,670100-LEGAL,433.09,0.00,USD,Legal,CC-07-06,Invoice expense recognition,ERP-GL
JE_0420101,JEL_0420431,invoice,INV_0420101,2025-08-10,2025-08,670100-LEGAL,1429.78,0.00,USD,Legal,CC-07-06,Invoice expense recognition,ERP-GL
JE_0420101,JEL_0420432,invoice,INV_0420101,2025-08-10,2025-08,141000-RECOVERABLE-TAX,430.76,0.00,USD,Legal,CC-07-06,Invoice tax recognition,ERP-GL
JE_0420101,JEL_0420433,invoice,INV_0420101,2025-08-10,2025-08,200000-ACCOUNTS-PAYABLE,0.00,6174.25,USD,Legal,CC-07-06,Invoice payable recognition,ERP-GL
JE_0420102,JEL_0420434,invoice,INV_0420102,2025-09-15,2025-09,680100-IT,922.50,0.00,USD,IT,CC-08-02,Invoice expense recognition,ERP-GL
JE_0420102,JEL_0420435,invoice,INV_0420102,2025-09-15,2025-09,680100-IT,2009.63,0.00,USD,IT,CC-08-02,Invoice expense recognition,ERP-GL
JE_0420102,JEL_0420436,invoice,INV_0420102,2025-09-15,2025-09,141000-RECOVERABLE-TAX,219.91,0.00,USD,IT,CC-08-02,Invoice tax recognition,ERP-GL
JE_0420102,JEL_0420437,invoice,INV_0420102,2025-09-15,2025-09,625000-FREIGHT,33.52,0.00,USD,IT,CC-08-02,Invoice freight recognition,ERP-GL
JE_0420102,JEL_0420438,invoice,INV_0420102,2025-09-15,2025-09,200000-ACCOUNTS-PAYABLE,0.00,3185.56,USD,IT,CC-08-02,Invoice payable recognition,ERP-GL
JE_0420103,JEL_0420439,invoice,INV_0420103,2025-01-19,2025-01,640100-SALES,1047.52,0.00,USD,Sales,CC-04-03,Invoice expense recognition,ERP-GL
JE_0420103,JEL_0420440,invoice,INV_0420103,2025-01-19,2025-01,141000-RECOVERABLE-TAX,104.75,0.00,USD,Sales,CC-04-03,Invoice tax recognition,ERP-GL
JE_0420103,JEL_0420441,invoice,INV_0420103,2025-01-19,2025-01,625000-FREIGHT,39.06,0.00,USD,Sales,CC-04-03,Invoice freight recognition,ERP-GL
JE_0420103,JEL_0420442,invoice,INV_0420103,2025-01-19,2025-01,200000-ACCOUNTS-PAYABLE,0.00,1191.33,USD,Sales,CC-04-03,Invoice payable recognition,ERP-GL
JE_0420104,JEL_0420443,invoice,INV_0420104,2026-06-02,2026-06,630100-FINANCE,286.30,0.00,USD,Finance,CC-03-12,Invoice expense recognition,ERP-GL
JE_0420104,JEL_0420444,invoice,INV_0420104,2026-06-02,2026-06,630100-FINANCE,496.87,0.00,USD,Finance,CC-03-12,Invoice expense recognition,ERP-GL
JE_0420104,JEL_0420445,invoice,INV_0420104,2026-06-02,2026-06,630100-FINANCE,737.77,0.00,USD,Finance,CC-03-12,Invoice expense recognition,ERP-GL
JE_0420104,JEL_0420446,invoice,INV_0420104,2026-06-02,2026-06,200000-ACCOUNTS-PAYABLE,0.00,1520.94,USD,Finance,CC-03-12,Invoice payable recognition,ERP-GL
JE_0420105,JEL_0420447,invoice,INV_0420105,2025-02-06,2025-02,620100-OPERATIONS,185.88,0.00,USD,Operations,CC-02-12,Invoice expense recognition,ERP-GL
JE_0420105,JEL_0420448,invoice,INV_0420105,2025-02-06,2025-02,620100-OPERATIONS,1520.19,0.00,USD,Operations,CC-02-12,Invoice expense recognition,ERP-GL
JE_0420105,JEL_0420449,invoice,INV_0420105,2025-02-06,2025-02,141000-RECOVERABLE-TAX,127.96,0.00,USD,Operations,CC-02-12,Invoice tax recognition,ERP-GL
JE_0420105,JEL_0420450,invoice,INV_0420105,2025-02-06,2025-02,625000-FREIGHT,9.17,0.00,USD,Operations,CC-02-12,Invoice freight recognition,ERP-GL
JE_0420105,JEL_0420451,invoice,INV_0420105,2025-02-06,2025-02,200000-ACCOUNTS-PAYABLE,0.00,1843.20,USD,Operations,CC-02-12,Invoice payable recognition,ERP-GL
JE_0420106,JEL_0420452,invoice,INV_0420106,2025-06-26,2025-06,610100-ENGINEERING,2929.23,0.00,EUR,Engineering,CC-01-05,Invoice expense recognition,ERP-GL
JE_0420106,JEL_0420453,invoice,INV_0420106,2025-06-26,2025-06,141000-RECOVERABLE-TAX,219.69,0.00,EUR,Engineering,CC-01-05,Invoice tax recognition,ERP-GL
JE_0420106,JEL_0420454,invoice,INV_0420106,2025-06-26,2025-06,200000-ACCOUNTS-PAYABLE,0.00,3148.92,EUR,Engineering,CC-01-05,Invoice payable recognition,ERP-GL
JE_0420107,JEL_0420455,invoice,INV_0420107,2025-11-09,2025-11,640100-SALES,1427.61,0.00,USD,Sales,CC-04-06,Invoice expense recognition,ERP-GL
JE_0420107,JEL_0420456,invoice,INV_0420107,2025-11-09,2025-11,141000-RECOVERABLE-TAX,107.07,0.00,USD,Sales,CC-04-06,Invoice tax recognition,ERP-GL
JE_0420107,JEL_0420457,invoice,INV_0420107,2025-11-09,2025-11,200000-ACCOUNTS-PAYABLE,0.00,1534.68,USD,Sales,CC-04-06,Invoice payable recognition,ERP-GL
JE_0420108,JEL_0420458,invoice,INV_0420108,2025-07-15,2025-07,640100-SALES,2956.02,0.00,USD,Sales,CC-04-11,Invoice expense recognition,ERP-GL
JE_0420108,JEL_0420459,invoice,INV_0420108,2025-07-15,2025-07,640100-SALES,1064.20,0.00,USD,Sales,CC-04-11,Invoice expense recognition,ERP-GL
JE_0420108,JEL_0420460,invoice,INV_0420108,2025-07-15,2025-07,141000-RECOVERABLE-TAX,301.52,0.00,USD,Sales,CC-04-11,Invoice tax recognition,ERP-GL
JE_0420108,JEL_0420461,invoice,INV_0420108,2025-07-15,2025-07,200000-ACCOUNTS-PAYABLE,0.00,4321.74,USD,Sales,CC-04-11,Invoice payable recognition,ERP-GL
JE_0420109,JEL_0420462,invoice,INV_0420109,2025-08-20,2025-08,680100-IT,2077.53,0.00,USD,IT,CC-08-02,Invoice expense recognition,ERP-GL
JE_0420109,JEL_0420463,invoice,INV_0420109,2025-08-20,2025-08,680100-IT,2614.41,0.00,USD,IT,CC-08-02,Invoice expense recognition,ERP-GL
JE_0420109,JEL_0420464,invoice,INV_0420109,2025-08-20,2025-08,680100-IT,1172.22,0.00,USD,IT,CC-08-02,Invoice expense recognition,ERP-GL
JE_0420109,JEL_0420465,invoice,INV_0420109,2025-08-20,2025-08,680100-IT,833.52,0.00,USD,IT,CC-08-02,Invoice expense recognition,ERP-GL
JE_0420109,JEL_0420466,invoice,INV_0420109,2025-08-20,2025-08,141000-RECOVERABLE-TAX,669.77,0.00,USD,IT,CC-08-02,Invoice tax recognition,ERP-GL
JE_0420109,JEL_0420467,invoice,INV_0420109,2025-08-20,2025-08,625000-FREIGHT,16.89,0.00,USD,IT,CC-08-02,Invoice freight recognition,ERP-GL
JE_0420109,JEL_0420468,invoice,INV_0420109,2025-08-20,2025-08,200000-ACCOUNTS-PAYABLE,0.00,7384.34,USD,IT,CC-08-02,Invoice payable recognition,ERP-GL
JE_0420110,JEL_0420469,invoice,INV_0420110,2026-04-03,2026-04,630100-FINANCE,354.18,0.00,USD,Finance,CC-03-11,Invoice expense recognition,ERP-GL
JE_0420110,JEL_0420470,invoice,INV_0420110,2026-04-03,2026-04,630100-FINANCE,618.02,0.00,USD,Finance,CC-03-11,Invoice expense recognition,ERP-GL
JE_0420110,JEL_0420471,invoice,INV_0420110,2026-04-03,2026-04,200000-ACCOUNTS-PAYABLE,0.00,972.20,USD,Finance,CC-03-11,Invoice payable recognition,ERP-GL
JE_0420111,JEL_0420472,invoice,INV_0420111,2025-03-24,2025-03,660100-PEOPLE,1056.15,0.00,USD,People,CC-06-10,Invoice expense recognition,ERP-GL
JE_0420111,JEL_0420473,invoice,INV_0420111,2025-03-24,2025-03,141000-RECOVERABLE-TAX,79.21,0.00,USD,People,CC-06-10,Invoice tax recognition,ERP-GL
JE_0420111,JEL_0420474,invoice,INV_0420111,2025-03-24,2025-03,200000-ACCOUNTS-PAYABLE,0.00,1135.36,USD,People,CC-06-10,Invoice payable recognition,ERP-GL
JE_0420112,JEL_0420475,invoice,INV_0420112,2025-05-20,2025-05,620100-OPERATIONS,3797.73,0.00,USD,Operations,CC-02-06,Invoice expense recognition,ERP-GL
JE_0420112,JEL_0420476,invoice,INV_0420112,2025-05-20,2025-05,620100-OPERATIONS,4913.04,0.00,USD,Operations,CC-02-06,Invoice expense recognition,ERP-GL
JE_0420112,JEL_0420477,invoice,INV_0420112,2025-05-20,2025-05,625000-FREIGHT,21.69,0.00,USD,Operations,CC-02-06,Invoice freight recognition,ERP-GL
JE_0420112,JEL_0420478,invoice,INV_0420112,2025-05-20,2025-05,200000-ACCOUNTS-PAYABLE,0.00,8732.46,USD,Operations,CC-02-06,Invoice payable recognition,ERP-GL
JE_0420113,JEL_0420479,invoice,INV_0420113,2025-11-28,2025-11,610100-ENGINEERING,4955.40,0.00,GBP,Engineering,CC-01-07,Invoice expense recognition,ERP-GL
JE_0420113,JEL_0420480,invoice,INV_0420113,2025-11-28,2025-11,610100-ENGINEERING,1532.37,0.00,GBP,Engineering,CC-ALLOC-02,Invoice expense recognition,ERP-GL
JE_0420113,JEL_0420481,invoice,INV_0420113,2025-11-28,2025-11,200000-ACCOUNTS-PAYABLE,0.00,6487.77,GBP,Engineering,CC-01-07,Invoice payable recognition,ERP-GL
JE_0420114,JEL_0420482,invoice,INV_0420114,2025-09-21,2025-09,630100-FINANCE,624.44,0.00,USD,Finance,CC-03-07,Invoice expense recognition,ERP-GL
JE_0420114,JEL_0420483,invoice,INV_0420114,2025-09-21,2025-09,630100-FINANCE,1513.68,0.00,USD,Finance,CC-03-07,Invoice expense recognition,ERP-GL
JE_0420114,JEL_0420484,invoice,INV_0420114,2025-09-21,2025-09,630100-FINANCE,852.70,0.00,USD,Finance,CC-03-07,Invoice expense recognition,ERP-GL
JE_0420114,JEL_0420485,invoice,INV_0420114,2025-09-21,2025-09,630100-FINANCE,40.56,0.00,USD,Finance,CC-03-07,Invoice expense recognition,ERP-GL
JE_0420114,JEL_0420486,invoice,INV_0420114,2025-09-21,2025-09,141000-RECOVERABLE-TAX,303.14,0.00,USD,Finance,CC-03-07,Invoice tax recognition,ERP-GL
JE_0420114,JEL_0420487,invoice,INV_0420114,2025-09-21,2025-09,625000-FREIGHT,22.96,0.00,USD,Finance,CC-03-07,Invoice freight recognition,ERP-GL
JE_0420114,JEL_0420488,invoice,INV_0420114,2025-09-21,2025-09,200000-ACCOUNTS-PAYABLE,0.00,3357.48,USD,Finance,CC-03-07,Invoice payable recognition,ERP-GL
JE_0420115,JEL_0420489,invoice,INV_0420115,2025-06-15,2025-06,630100-FINANCE,794.78,0.00,USD,Finance,CC-03-02,Invoice expense recognition,ERP-GL
JE_0420115,JEL_0420490,invoice,INV_0420115,2025-06-15,2025-06,630100-FINANCE,255.51,0.00,USD,Finance,CC-03-02,Invoice expense recognition,ERP-GL
JE_0420115,JEL_0420491,invoice,INV_0420115,2025-06-15,2025-06,630100-FINANCE,387.92,0.00,USD,Finance,CC-03-02,Invoice expense recognition,ERP-GL
JE_0420115,JEL_0420492,invoice,INV_0420115,2025-06-15,2025-06,141000-RECOVERABLE-TAX,107.87,0.00,USD,Finance,CC-03-02,Invoice tax recognition,ERP-GL
JE_0420115,JEL_0420493,invoice,INV_0420115,2025-06-15,2025-06,200000-ACCOUNTS-PAYABLE,0.00,1546.08,USD,Finance,CC-03-02,Invoice payable recognition,ERP-GL
JE_0420116,JEL_0420494,invoice,INV_0420116,2025-03-20,2025-03,640100-SALES,1564.71,0.00,USD,Sales,CC-04-12,Invoice expense recognition,ERP-GL
JE_0420116,JEL_0420495,invoice,INV_0420116,2025-03-20,2025-03,640100-SALES,1773.84,0.00,USD,Sales,CC-04-12,Invoice expense recognition,ERP-GL
JE_0420116,JEL_0420496,invoice,INV_0420116,2025-03-20,2025-03,141000-RECOVERABLE-TAX,250.39,0.00,USD,Sales,CC-04-12,Invoice tax recognition,ERP-GL
JE_0420116,JEL_0420497,invoice,INV_0420116,2025-03-20,2025-03,625000-FREIGHT,13.37,0.00,USD,Sales,CC-04-12,Invoice freight recognition,ERP-GL
JE_0420116,JEL_0420498,invoice,INV_0420116,2025-03-20,2025-03,200000-ACCOUNTS-PAYABLE,0.00,3602.31,USD,Sales,CC-04-12,Invoice payable recognition,ERP-GL
JE_0420117,JEL_0420499,invoice,INV_0420117,2026-03-31,2026-03,630100-FINANCE,269.20,0.00,USD,Finance,CC-03-03,Invoice expense recognition,ERP-GL
JE_0420117,JEL_0420500,invoice,INV_0420117,2026-03-31,2026-03,630100-FINANCE,186.48,0.00,USD,Finance,CC-03-03,Invoice expense recognition,ERP-GL
JE_0420117,JEL_0420501,invoice,INV_0420117,2026-03-31,2026-03,630100-FINANCE,2095.68,0.00,USD,Finance,CC-03-03,Invoice expense recognition,ERP-GL
JE_0420117,JEL_0420502,invoice,INV_0420117,2026-03-31,2026-03,141000-RECOVERABLE-TAX,191.35,0.00,USD,Finance,CC-03-03,Invoice tax recognition,ERP-GL
JE_0420117,JEL_0420503,invoice,INV_0420117,2026-03-31,2026-03,200000-ACCOUNTS-PAYABLE,0.00,2742.71,USD,Finance,CC-03-03,Invoice payable recognition,ERP-GL
JE_0420118,JEL_0420504,invoice,INV_0420118,2025-02-04,2025-02,620100-OPERATIONS,535.80,0.00,USD,Operations,CC-02-10,Invoice expense recognition,ERP-GL
JE_0420118,JEL_0420505,invoice,INV_0420118,2025-02-04,2025-02,620100-OPERATIONS,227.89,0.00,USD,Operations,CC-02-10,Invoice expense recognition,ERP-GL
JE_0420118,JEL_0420506,invoice,INV_0420118,2025-02-04,2025-02,620100-OPERATIONS,1333.98,0.00,USD,Operations,CC-02-10,Invoice expense recognition,ERP-GL
JE_0420118,JEL_0420507,invoice,INV_0420118,2025-02-04,2025-02,620100-OPERATIONS,488.75,0.00,USD,Operations,CC-02-10,Invoice expense recognition,ERP-GL
JE_0420118,JEL_0420508,invoice,INV_0420118,2025-02-04,2025-02,141000-RECOVERABLE-TAX,129.32,0.00,USD,Operations,CC-02-10,Invoice tax recognition,ERP-GL
JE_0420118,JEL_0420509,invoice,INV_0420118,2025-02-04,2025-02,200000-ACCOUNTS-PAYABLE,0.00,2715.74,USD,Operations,CC-02-10,Invoice payable recognition,ERP-GL
JE_0420119,JEL_0420510,invoice,INV_0420119,2025-06-21,2025-06,640100-SALES,3503.20,0.00,USD,Sales,CC-04-09,Invoice expense recognition,ERP-GL
JE_0420119,JEL_0420511,invoice,INV_0420119,2025-06-21,2025-06,640100-SALES,401.96,0.00,USD,Sales,CC-04-09,Invoice expense recognition,ERP-GL
JE_0420119,JEL_0420512,invoice,INV_0420119,2025-06-21,2025-06,640100-SALES,727.98,0.00,USD,Sales,CC-04-09,Invoice expense recognition,ERP-GL
JE_0420119,JEL_0420513,invoice,INV_0420119,2025-06-21,2025-06,640100-SALES,2570.94,0.00,USD,Sales,CC-04-09,Invoice expense recognition,ERP-GL
JE_0420119,JEL_0420514,invoice,INV_0420119,2025-06-21,2025-06,141000-RECOVERABLE-TAX,540.31,0.00,USD,Sales,CC-04-09,Invoice tax recognition,ERP-GL
JE_0420119,JEL_0420515,invoice,INV_0420119,2025-06-21,2025-06,200000-ACCOUNTS-PAYABLE,0.00,7744.39,USD,Sales,CC-04-09,Invoice payable recognition,ERP-GL
JE_0420120,JEL_0420516,invoice,INV_0420120,2025-08-31,2025-08,670100-LEGAL,605.92,0.00,USD,Legal,CC-07-09,Invoice expense recognition,ERP-GL
JE_0420120,JEL_0420517,invoice,INV_0420120,2025-08-31,2025-08,670100-LEGAL,1284.72,0.00,USD,Legal,CC-07-09,Invoice expense recognition,ERP-GL
JE_0420120,JEL_0420518,invoice,INV_0420120,2025-08-31,2025-08,670100-LEGAL,1278.02,0.00,USD,Legal,CC-07-09,Invoice expense recognition,ERP-GL
JE_0420120,JEL_0420519,invoice,INV_0420120,2025-08-31,2025-08,670100-LEGAL,2243.52,0.00,USD,Legal,CC-07-09,Invoice expense recognition,ERP-GL
JE_0420120,JEL_0420520,invoice,INV_0420120,2025-08-31,2025-08,141000-RECOVERABLE-TAX,541.22,0.00,USD,Legal,CC-07-09,Invoice tax recognition,ERP-GL
JE_0420120,JEL_0420521,invoice,INV_0420120,2025-08-31,2025-08,200000-ACCOUNTS-PAYABLE,0.00,5953.40,USD,Legal,CC-07-09,Invoice payable recognition,ERP-GL
JE_0420121,JEL_0420522,invoice,INV_0420121,2026-03-09,2026-03,680100-IT,2133.39,0.00,USD,IT,CC-08-09,Invoice expense recognition,ERP-GL
JE_0420121,JEL_0420523,invoice,INV_0420121,2026-03-09,2026-03,680100-IT,5439.72,0.00,USD,IT,CC-08-09,Invoice expense recognition,ERP-GL
JE_0420121,JEL_0420524,invoice,INV_0420121,2026-03-09,2026-03,680100-IT,6987.45,0.00,USD,IT,CC-08-09,Invoice expense recognition,ERP-GL
JE_0420121,JEL_0420525,invoice,INV_0420121,2026-03-09,2026-03,141000-RECOVERABLE-TAX,1092.04,0.00,USD,IT,CC-08-09,Invoice tax recognition,ERP-GL
JE_0420121,JEL_0420526,invoice,INV_0420121,2026-03-09,2026-03,200000-ACCOUNTS-PAYABLE,0.00,15652.60,USD,IT,CC-08-09,Invoice payable recognition,ERP-GL
JE_0420122,JEL_0420527,invoice,INV_0420122,2026-03-16,2026-03,620100-OPERATIONS,29929.90,0.00,GBP,Operations,CC-02-07,Invoice expense recognition,ERP-GL
JE_0420122,JEL_0420528,invoice,INV_0420122,2026-03-16,2026-03,141000-RECOVERABLE-TAX,2244.74,0.00,GBP,Operations,CC-02-07,Invoice tax recognition,ERP-GL
JE_0420122,JEL_0420529,invoice,INV_0420122,2026-03-16,2026-03,625000-FREIGHT,6.43,0.00,GBP,Operations,CC-02-07,Invoice freight recognition,ERP-GL
JE_0420122,JEL_0420530,invoice,INV_0420122,2026-03-16,2026-03,200000-ACCOUNTS-PAYABLE,0.00,32181.07,GBP,Operations,CC-02-07,Invoice payable recognition,ERP-GL
JE_0420123,JEL_0420531,invoice,INV_0420123,2025-05-13,2025-05,670100-LEGAL,438.74,0.00,USD,Legal,CC-07-08,Invoice expense recognition,ERP-GL
JE_0420123,JEL_0420532,invoice,INV_0420123,2025-05-13,2025-05,670100-LEGAL,7951.24,0.00,USD,Legal,CC-07-08,Invoice expense recognition,ERP-GL
JE_0420123,JEL_0420533,invoice,INV_0420123,2025-05-13,2025-05,141000-RECOVERABLE-TAX,419.50,0.00,USD,Legal,CC-07-08,Invoice tax recognition,ERP-GL
JE_0420123,JEL_0420534,invoice,INV_0420123,2025-05-13,2025-05,200000-ACCOUNTS-PAYABLE,0.00,8809.48,USD,Legal,CC-07-08,Invoice payable recognition,ERP-GL
JE_0420124,JEL_0420535,invoice,INV_0420124,2026-05-08,2026-05,630100-FINANCE,1151.15,0.00,EUR,Finance,CC-03-06,Invoice expense recognition,ERP-GL
JE_0420124,JEL_0420536,invoice,INV_0420124,2026-05-08,2026-05,630100-FINANCE,1195.44,0.00,EUR,Finance,CC-03-06,Invoice expense recognition,ERP-GL
JE_0420124,JEL_0420537,invoice,INV_0420124,2026-05-08,2026-05,141000-RECOVERABLE-TAX,234.66,0.00,EUR,Finance,CC-03-06,Invoice tax recognition,ERP-GL
JE_0420124,JEL_0420538,invoice,INV_0420124,2026-05-08,2026-05,200000-ACCOUNTS-PAYABLE,0.00,2581.25,EUR,Finance,CC-03-06,Invoice payable recognition,ERP-GL
JE_0420125,JEL_0420539,invoice,INV_0420125,2025-02-20,2025-02,640100-SALES,2326.08,0.00,USD,Sales,CC-04-12,Invoice expense recognition,ERP-GL
JE_0420125,JEL_0420540,invoice,INV_0420125,2025-02-20,2025-02,640100-SALES,14975.31,0.00,USD,Sales,CC-04-12,Invoice expense recognition,ERP-GL
JE_0420125,JEL_0420541,invoice,INV_0420125,2025-02-20,2025-02,141000-RECOVERABLE-TAX,1730.14,0.00,USD,Sales,CC-04-12,Invoice tax recognition,ERP-GL
JE_0420125,JEL_0420542,invoice,INV_0420125,2025-02-20,2025-02,200000-ACCOUNTS-PAYABLE,0.00,19031.53,USD,Sales,CC-04-12,Invoice payable recognition,ERP-GL
JE_0420126,JEL_0420543,invoice,INV_0420126,2026-01-05,2026-01,610100-ENGINEERING,296.08,0.00,USD,Engineering,CC-01-05,Invoice expense recognition,ERP-GL
JE_0420126,JEL_0420544,invoice,INV_0420126,2026-01-05,2026-01,610100-ENGINEERING,615.12,0.00,USD,Engineering,CC-01-05,Invoice expense recognition,ERP-GL
JE_0420126,JEL_0420545,invoice,INV_0420126,2026-01-05,2026-01,141000-RECOVERABLE-TAX,68.34,0.00,USD,Engineering,CC-01-05,Invoice tax recognition,ERP-GL
JE_0420126,JEL_0420546,invoice,INV_0420126,2026-01-05,2026-01,625000-FREIGHT,5.50,0.00,USD,Engineering,CC-01-05,Invoice freight recognition,ERP-GL
JE_0420126,JEL_0420547,invoice,INV_0420126,2026-01-05,2026-01,200000-ACCOUNTS-PAYABLE,0.00,985.04,USD,Engineering,CC-01-05,Invoice payable recognition,ERP-GL
JE_0420127,JEL_0420548,invoice,INV_0420127,2026-02-19,2026-02,670100-LEGAL,2265.81,0.00,USD,Legal,CC-07-10,Invoice expense recognition,ERP-GL
JE_0420127,JEL_0420549,invoice,INV_0420127,2026-02-19,2026-02,670100-LEGAL,503.02,0.00,USD,Legal,CC-07-10,Invoice expense recognition,ERP-GL
JE_0420127,JEL_0420550,invoice,INV_0420127,2026-02-19,2026-02,670100-LEGAL,2469.20,0.00,USD,Legal,CC-07-10,Invoice expense recognition,ERP-GL
JE_0420127,JEL_0420551,invoice,INV_0420127,2026-02-19,2026-02,670100-LEGAL,1307.12,0.00,USD,Legal,CC-07-10,Invoice expense recognition,ERP-GL
JE_0420127,JEL_0420552,invoice,INV_0420127,2026-02-19,2026-02,141000-RECOVERABLE-TAX,490.89,0.00,USD,Legal,CC-07-10,Invoice tax recognition,ERP-GL
JE_0420127,JEL_0420553,invoice,INV_0420127,2026-02-19,2026-02,200000-ACCOUNTS-PAYABLE,0.00,7036.04,USD,Legal,CC-07-10,Invoice payable recognition,ERP-GL
JE_0420128,JEL_0420554,invoice,INV_0420128,2026-03-17,2026-03,640100-SALES,572.67,0.00,USD,Sales,CC-04-02,Invoice expense recognition,ERP-GL
JE_0420128,JEL_0420555,invoice,INV_0420128,2026-03-17,2026-03,640100-SALES,862.05,0.00,USD,Sales,CC-04-02,Invoice expense recognition,ERP-GL
JE_0420128,JEL_0420556,invoice,INV_0420128,2026-03-17,2026-03,640100-SALES,729.96,0.00,USD,Sales,CC-04-02,Invoice expense recognition,ERP-GL
JE_0420128,JEL_0420557,invoice,INV_0420128,2026-03-17,2026-03,141000-RECOVERABLE-TAX,216.47,0.00,USD,Sales,CC-04-02,Invoice tax recognition,ERP-GL
JE_0420128,JEL_0420558,invoice,INV_0420128,2026-03-17,2026-03,200000-ACCOUNTS-PAYABLE,0.00,2381.15,USD,Sales,CC-04-02,Invoice payable recognition,ERP-GL
JE_0420129,JEL_0420559,invoice,INV_0420129,2025-02-22,2025-02,660100-PEOPLE,789.27,0.00,USD,People,CC-06-05,Invoice expense recognition,ERP-GL
JE_0420129,JEL_0420560,invoice,INV_0420129,2025-02-22,2025-02,660100-PEOPLE,336.80,0.00,USD,People,CC-06-05,Invoice expense recognition,ERP-GL
JE_0420129,JEL_0420561,invoice,INV_0420129,2025-02-22,2025-02,660100-PEOPLE,434.46,0.00,USD,People,CC-06-05,Invoice expense recognition,ERP-GL
JE_0420129,JEL_0420562,invoice,INV_0420129,2025-02-22,2025-02,141000-RECOVERABLE-TAX,117.04,0.00,USD,People,CC-06-05,Invoice tax recognition,ERP-GL
JE_0420129,JEL_0420563,invoice,INV_0420129,2025-02-22,2025-02,200000-ACCOUNTS-PAYABLE,0.00,1677.57,USD,People,CC-06-05,Invoice payable recognition,ERP-GL
JE_0420130,JEL_0420564,invoice,INV_0420130,2026-01-22,2026-01,680100-IT,6045.30,0.00,USD,IT,CC-08-11,Invoice expense recognition,ERP-GL
JE_0420130,JEL_0420565,invoice,INV_0420130,2026-01-22,2026-01,680100-IT,15836.56,0.00,USD,IT,CC-08-11,Invoice expense recognition,ERP-GL
JE_0420130,JEL_0420566,invoice,INV_0420130,2026-01-22,2026-01,141000-RECOVERABLE-TAX,1641.14,0.00,USD,IT,CC-08-11,Invoice tax recognition,ERP-GL
JE_0420130,JEL_0420567,invoice,INV_0420130,2026-01-22,2026-01,625000-FREIGHT,5.96,0.00,USD,IT,CC-08-11,Invoice freight recognition,ERP-GL
JE_0420130,JEL_0420568,invoice,INV_0420130,2026-01-22,2026-01,200000-ACCOUNTS-PAYABLE,0.00,23528.96,USD,IT,CC-08-11,Invoice payable recognition,ERP-GL
JE_0420131,JEL_0420569,invoice,INV_0420131,2026-01-02,2026-01,630100-FINANCE,1490.72,0.00,USD,Finance,CC-03-07,Invoice expense recognition,ERP-GL
JE_0420131,JEL_0420570,invoice,INV_0420131,2026-01-02,2026-01,141000-RECOVERABLE-TAX,111.80,0.00,USD,Finance,CC-03-07,Invoice tax recognition,ERP-GL
JE_0420131,JEL_0420571,invoice,INV_0420131,2026-01-02,2026-01,200000-ACCOUNTS-PAYABLE,0.00,1602.52,USD,Finance,CC-03-07,Invoice payable recognition,ERP-GL
JE_0420132,JEL_0420572,invoice,INV_0420132,2026-02-18,2026-02,620100-OPERATIONS,4906.64,0.00,USD,Operations,CC-02-12,Invoice expense recognition,ERP-GL
JE_0420132,JEL_0420573,invoice,INV_0420132,2026-02-18,2026-02,620100-OPERATIONS,1129.76,0.00,USD,Operations,CC-02-12,Invoice expense recognition,ERP-GL
JE_0420132,JEL_0420574,invoice,INV_0420132,2026-02-18,2026-02,141000-RECOVERABLE-TAX,452.73,0.00,USD,Operations,CC-02-12,Invoice tax recognition,ERP-GL
JE_0420132,JEL_0420575,invoice,INV_0420132,2026-02-18,2026-02,625000-FREIGHT,43.91,0.00,USD,Operations,CC-02-12,Invoice freight recognition,ERP-GL
JE_0420132,JEL_0420576,invoice,INV_0420132,2026-02-18,2026-02,200000-ACCOUNTS-PAYABLE,0.00,6533.04,USD,Operations,CC-02-12,Invoice payable recognition,ERP-GL
JE_0420133,JEL_0420577,invoice,INV_0420133,2025-06-04,2025-06,650100-MARKETING,882.88,0.00,USD,Marketing,CC-05-03,Invoice expense recognition,ERP-GL
JE_0420133,JEL_0420578,invoice,INV_0420133,2025-06-04,2025-06,650100-MARKETING,1350.00,0.00,USD,Marketing,CC-05-03,Invoice expense recognition,ERP-GL
JE_0420133,JEL_0420579,invoice,INV_0420133,2025-06-04,2025-06,650100-MARKETING,3940.48,0.00,USD,Marketing,CC-05-03,Invoice expense recognition,ERP-GL
JE_0420133,JEL_0420580,invoice,INV_0420133,2025-06-04,2025-06,650100-MARKETING,1259.04,0.00,USD,Marketing,CC-05-03,Invoice expense recognition,ERP-GL
JE_0420133,JEL_0420581,invoice,INV_0420133,2025-06-04,2025-06,141000-RECOVERABLE-TAX,743.24,0.00,USD,Marketing,CC-05-03,Invoice tax recognition,ERP-GL
JE_0420133,JEL_0420582,invoice,INV_0420133,2025-06-04,2025-06,625000-FREIGHT,12.96,0.00,USD,Marketing,CC-05-03,Invoice freight recognition,ERP-GL
JE_0420133,JEL_0420583,invoice,INV_0420133,2025-06-04,2025-06,200000-ACCOUNTS-PAYABLE,0.00,8188.60,USD,Marketing,CC-05-03,Invoice payable recognition,ERP-GL
JE_0420134,JEL_0420584,invoice,INV_0420134,2026-05-25,2026-05,620100-OPERATIONS,724.64,0.00,USD,Operations,CC-02-03,Invoice expense recognition,ERP-GL
JE_0420134,JEL_0420585,invoice,INV_0420134,2026-05-25,2026-05,620100-OPERATIONS,1526.84,0.00,USD,Operations,CC-02-03,Invoice expense recognition,ERP-GL
JE_0420134,JEL_0420586,invoice,INV_0420134,2026-05-25,2026-05,620100-OPERATIONS,6551.40,0.00,USD,Operations,CC-02-03,Invoice expense recognition,ERP-GL
JE_0420134,JEL_0420587,invoice,INV_0420134,2026-05-25,2026-05,141000-RECOVERABLE-TAX,660.22,0.00,USD,Operations,CC-02-03,Invoice tax recognition,ERP-GL
JE_0420134,JEL_0420588,invoice,INV_0420134,2026-05-25,2026-05,200000-ACCOUNTS-PAYABLE,0.00,9463.10,USD,Operations,CC-02-03,Invoice payable recognition,ERP-GL
JE_0420135,JEL_0420589,invoice,INV_0420135,2025-01-23,2025-01,680100-IT,1539.20,0.00,USD,IT,CC-08-09,Invoice expense recognition,ERP-GL
JE_0420135,JEL_0420590,invoice,INV_0420135,2025-01-23,2025-01,680100-IT,749.32,0.00,USD,IT,CC-08-09,Invoice expense recognition,ERP-GL
JE_0420135,JEL_0420591,invoice,INV_0420135,2025-01-23,2025-01,141000-RECOVERABLE-TAX,228.85,0.00,USD,IT,CC-08-09,Invoice tax recognition,ERP-GL
JE_0420135,JEL_0420592,invoice,INV_0420135,2025-01-23,2025-01,200000-ACCOUNTS-PAYABLE,0.00,2517.37,USD,IT,CC-08-09,Invoice payable recognition,ERP-GL
JE_0420136,JEL_0420593,invoice,INV_0420136,2025-09-27,2025-09,630100-FINANCE,226.80,0.00,USD,Finance,CC-03-08,Invoice expense recognition,ERP-GL
JE_0420136,JEL_0420594,invoice,INV_0420136,2025-09-27,2025-09,630100-FINANCE,398.43,0.00,USD,Finance,CC-03-08,Invoice expense recognition,ERP-GL
JE_0420136,JEL_0420595,invoice,INV_0420136,2025-09-27,2025-09,630100-FINANCE,141.33,0.00,USD,Finance,CC-03-08,Invoice expense recognition,ERP-GL
JE_0420136,JEL_0420596,invoice,INV_0420136,2025-09-27,2025-09,141000-RECOVERABLE-TAX,76.66,0.00,USD,Finance,CC-03-08,Invoice tax recognition,ERP-GL
JE_0420136,JEL_0420597,invoice,INV_0420136,2025-09-27,2025-09,200000-ACCOUNTS-PAYABLE,0.00,843.22,USD,Finance,CC-03-08,Invoice payable recognition,ERP-GL
JE_0420137,JEL_0420598,invoice,INV_0420137,2025-04-26,2025-04,650100-MARKETING,2541.60,0.00,USD,Marketing,CC-05-01,Invoice expense recognition,ERP-GL
JE_0420137,JEL_0420599,invoice,INV_0420137,2025-04-26,2025-04,650100-MARKETING,28120.44,0.00,USD,Marketing,CC-05-01,Invoice expense recognition,ERP-GL
JE_0420137,JEL_0420600,invoice,INV_0420137,2025-04-26,2025-04,625000-FREIGHT,80.79,0.00,USD,Marketing,CC-05-01,Invoice freight recognition,ERP-GL
JE_0420137,JEL_0420601,invoice,INV_0420137,2025-04-26,2025-04,200000-ACCOUNTS-PAYABLE,0.00,30742.83,USD,Marketing,CC-05-01,Invoice payable recognition,ERP-GL
JE_0420138,JEL_0420602,invoice,INV_0420138,2025-07-17,2025-07,640100-SALES,3393.78,0.00,USD,Sales,CC-04-05,Invoice expense recognition,ERP-GL
JE_0420138,JEL_0420603,invoice,INV_0420138,2025-07-17,2025-07,640100-SALES,1597.86,0.00,USD,Sales,CC-04-05,Invoice expense recognition,ERP-GL
JE_0420138,JEL_0420604,invoice,INV_0420138,2025-07-17,2025-07,640100-SALES,5343.24,0.00,USD,Sales,CC-04-05,Invoice expense recognition,ERP-GL
JE_0420138,JEL_0420605,invoice,INV_0420138,2025-07-17,2025-07,141000-RECOVERABLE-TAX,1033.49,0.00,USD,Sales,CC-04-05,Invoice tax recognition,ERP-GL
JE_0420138,JEL_0420606,invoice,INV_0420138,2025-07-17,2025-07,200000-ACCOUNTS-PAYABLE,0.00,11368.37,USD,Sales,CC-04-05,Invoice payable recognition,ERP-GL
JE_0420139,JEL_0420607,invoice,INV_0420139,2025-06-12,2025-06,660100-PEOPLE,264.88,0.00,USD,People,CC-06-04,Invoice expense recognition,ERP-GL
JE_0420139,JEL_0420608,invoice,INV_0420139,2025-06-12,2025-06,660100-PEOPLE,285.44,0.00,USD,People,CC-06-04,Invoice expense recognition,ERP-GL
JE_0420139,JEL_0420609,invoice,INV_0420139,2025-06-12,2025-06,660100-PEOPLE,162.60,0.00,USD,People,CC-06-04,Invoice expense recognition,ERP-GL
JE_0420139,JEL_0420610,invoice,INV_0420139,2025-06-12,2025-06,200000-ACCOUNTS-PAYABLE,0.00,712.92,USD,People,CC-06-04,Invoice payable recognition,ERP-GL
JE_0420140,JEL_0420611,invoice,INV_0420140,2026-04-20,2026-04,620100-OPERATIONS,3263.67,0.00,USD,Operations,CC-02-07,Invoice expense recognition,ERP-GL
JE_0420140,JEL_0420612,invoice,INV_0420140,2026-04-20,2026-04,620100-OPERATIONS,1717.64,0.00,USD,Operations,CC-02-07,Invoice expense recognition,ERP-GL
JE_0420140,JEL_0420613,invoice,INV_0420140,2026-04-20,2026-04,200000-ACCOUNTS-PAYABLE,0.00,4981.31,USD,Operations,CC-02-07,Invoice payable recognition,ERP-GL
JE_0420141,JEL_0420614,invoice,INV_0420141,2025-03-29,2025-03,650100-MARKETING,2909.20,0.00,USD,Marketing,CC-05-08,Invoice expense recognition,ERP-GL
JE_0420141,JEL_0420615,invoice,INV_0420141,2025-03-29,2025-03,650100-MARKETING,9296.28,0.00,USD,Marketing,CC-05-08,Invoice expense recognition,ERP-GL
JE_0420141,JEL_0420616,invoice,INV_0420141,2025-03-29,2025-03,141000-RECOVERABLE-TAX,915.41,0.00,USD,Marketing,CC-05-08,Invoice tax recognition,ERP-GL
JE_0420141,JEL_0420617,invoice,INV_0420141,2025-03-29,2025-03,200000-ACCOUNTS-PAYABLE,0.00,13120.89,USD,Marketing,CC-05-08,Invoice payable recognition,ERP-GL
JE_0420142,JEL_0420618,invoice,INV_0420142,2025-12-26,2025-12,660100-PEOPLE,392.04,0.00,USD,People,CC-06-04,Invoice expense recognition,ERP-GL
JE_0420142,JEL_0420619,invoice,INV_0420142,2025-12-26,2025-12,141000-RECOVERABLE-TAX,29.40,0.00,USD,People,CC-06-04,Invoice tax recognition,ERP-GL
JE_0420142,JEL_0420620,invoice,INV_0420142,2025-12-26,2025-12,200000-ACCOUNTS-PAYABLE,0.00,421.44,USD,People,CC-06-04,Invoice payable recognition,ERP-GL
JE_0420143,JEL_0420621,invoice,INV_0420143,2025-10-22,2025-10,680100-IT,3658.40,0.00,USD,IT,CC-08-01,Invoice expense recognition,ERP-GL
JE_0420143,JEL_0420622,invoice,INV_0420143,2025-10-22,2025-10,200000-ACCOUNTS-PAYABLE,0.00,3658.40,USD,IT,CC-08-01,Invoice payable recognition,ERP-GL
JE_0420144,JEL_0420623,invoice,INV_0420144,2026-04-16,2026-04,610100-ENGINEERING,3378.50,0.00,USD,Engineering,CC-01-04,Invoice expense recognition,ERP-GL
JE_0420144,JEL_0420624,invoice,INV_0420144,2026-04-16,2026-04,141000-RECOVERABLE-TAX,253.39,0.00,USD,Engineering,CC-01-04,Invoice tax recognition,ERP-GL
JE_0420144,JEL_0420625,invoice,INV_0420144,2026-04-16,2026-04,200000-ACCOUNTS-PAYABLE,0.00,3631.89,USD,Engineering,CC-01-04,Invoice payable recognition,ERP-GL
JE_0420145,JEL_0420626,invoice,INV_0420145,2025-10-21,2025-10,640100-SALES,284.04,0.00,USD,Sales,CC-04-09,Invoice expense recognition,ERP-GL
JE_0420145,JEL_0420627,invoice,INV_0420145,2025-10-21,2025-10,640100-SALES,497.12,0.00,USD,Sales,CC-04-09,Invoice expense recognition,ERP-GL
JE_0420145,JEL_0420628,invoice,INV_0420145,2025-10-21,2025-10,640100-SALES,345.10,0.00,USD,Sales,CC-04-09,Invoice expense recognition,ERP-GL
JE_0420145,JEL_0420629,invoice,INV_0420145,2025-10-21,2025-10,141000-RECOVERABLE-TAX,84.47,0.00,USD,Sales,CC-04-09,Invoice tax recognition,ERP-GL
JE_0420145,JEL_0420630,invoice,INV_0420145,2025-10-21,2025-10,625000-FREIGHT,16.69,0.00,USD,Sales,CC-04-09,Invoice freight recognition,ERP-GL
JE_0420145,JEL_0420631,invoice,INV_0420145,2025-10-21,2025-10,200000-ACCOUNTS-PAYABLE,0.00,1227.42,USD,Sales,CC-04-09,Invoice payable recognition,ERP-GL
JE_0420146,JEL_0420632,invoice,INV_0420146,2025-10-19,2025-10,680100-IT,6852.00,0.00,EUR,IT,CC-08-04,Invoice expense recognition,ERP-GL
JE_0420146,JEL_0420633,invoice,INV_0420146,2025-10-19,2025-10,141000-RECOVERABLE-TAX,513.90,0.00,EUR,IT,CC-08-04,Invoice tax recognition,ERP-GL
JE_0420146,JEL_0420634,invoice,INV_0420146,2025-10-19,2025-10,200000-ACCOUNTS-PAYABLE,0.00,7365.90,EUR,IT,CC-08-04,Invoice payable recognition,ERP-GL
JE_0420147,JEL_0420635,invoice,INV_0420147,2025-04-29,2025-04,630100-FINANCE,4341.35,0.00,USD,Finance,CC-03-03,Invoice expense recognition,ERP-GL
JE_0420147,JEL_0420636,invoice,INV_0420147,2025-04-29,2025-04,141000-RECOVERABLE-TAX,325.60,0.00,USD,Finance,CC-03-03,Invoice tax recognition,ERP-GL
JE_0420147,JEL_0420637,invoice,INV_0420147,2025-04-29,2025-04,200000-ACCOUNTS-PAYABLE,0.00,4666.95,USD,Finance,CC-03-03,Invoice payable recognition,ERP-GL
JE_0420148,JEL_0420638,invoice,INV_0420148,2025-12-10,2025-12,670100-LEGAL,473.80,0.00,USD,Legal,CC-07-12,Invoice expense recognition,ERP-GL
JE_0420148,JEL_0420639,invoice,INV_0420148,2025-12-10,2025-12,670100-LEGAL,642.89,0.00,USD,Legal,CC-07-12,Invoice expense recognition,ERP-GL
JE_0420148,JEL_0420640,invoice,INV_0420148,2025-12-10,2025-12,200000-ACCOUNTS-PAYABLE,0.00,1116.69,USD,Legal,CC-07-12,Invoice payable recognition,ERP-GL
JE_0420149,JEL_0420641,invoice,INV_0420149,2026-06-03,2026-06,650100-MARKETING,9420.56,0.00,USD,Marketing,CC-05-11,Invoice expense recognition,ERP-GL
JE_0420149,JEL_0420642,invoice,INV_0420149,2026-06-03,2026-06,650100-MARKETING,2944.40,0.00,USD,Marketing,CC-05-11,Invoice expense recognition,ERP-GL
JE_0420149,JEL_0420643,invoice,INV_0420149,2026-06-03,2026-06,625000-FREIGHT,35.43,0.00,USD,Marketing,CC-05-11,Invoice freight recognition,ERP-GL
JE_0420149,JEL_0420644,invoice,INV_0420149,2026-06-03,2026-06,200000-ACCOUNTS-PAYABLE,0.00,12400.39,USD,Marketing,CC-05-11,Invoice payable recognition,ERP-GL
JE_0420150,JEL_0420645,invoice,INV_0420150,2026-05-22,2026-05,670100-LEGAL,4401.72,0.00,USD,Legal,CC-07-11,Invoice expense recognition,ERP-GL
JE_0420150,JEL_0420646,invoice,INV_0420150,2026-05-22,2026-05,670100-LEGAL,2631.28,0.00,USD,Legal,CC-07-11,Invoice expense recognition,ERP-GL
JE_0420150,JEL_0420647,invoice,INV_0420150,2026-05-22,2026-05,200000-ACCOUNTS-PAYABLE,0.00,7033.00,USD,Legal,CC-07-11,Invoice payable recognition,ERP-GL
JE_0420151,JEL_0420648,invoice,INV_0420151,2025-10-13,2025-10,640100-SALES,1842.56,0.00,EUR,Sales,CC-04-09,Invoice expense recognition,ERP-GL
JE_0420151,JEL_0420649,invoice,INV_0420151,2025-10-13,2025-10,640100-SALES,9146.52,0.00,EUR,Sales,CC-04-09,Invoice expense recognition,ERP-GL
JE_0420151,JEL_0420650,invoice,INV_0420151,2025-10-13,2025-10,141000-RECOVERABLE-TAX,824.18,0.00,EUR,Sales,CC-04-09,Invoice tax recognition,ERP-GL
JE_0420151,JEL_0420651,invoice,INV_0420151,2025-10-13,2025-10,200000-ACCOUNTS-PAYABLE,0.00,11813.26,EUR,Sales,CC-04-09,Invoice payable recognition,ERP-GL
JE_0420152,JEL_0420652,invoice,INV_0420152,2026-06-14,2026-06,670100-LEGAL,4401.72,0.00,USD,Legal,CC-07-11,Invoice expense recognition,ERP-GL
JE_0420152,JEL_0420653,invoice,INV_0420152,2026-06-14,2026-06,670100-LEGAL,2631.28,0.00,USD,Legal,CC-07-11,Invoice expense recognition,ERP-GL
JE_0420152,JEL_0420654,invoice,INV_0420152,2026-06-14,2026-06,200000-ACCOUNTS-PAYABLE,0.00,7033.00,USD,Legal,CC-07-11,Invoice payable recognition,ERP-GL
JE_0420153,JEL_0420655,invoice,INV_0420153,2025-02-17,2025-02,680100-IT,41497.75,0.00,USD,IT,CC-08-09,Invoice expense recognition,ERP-GL
JE_0420153,JEL_0420656,invoice,INV_0420153,2025-02-17,2025-02,141000-RECOVERABLE-TAX,3112.33,0.00,USD,IT,CC-08-09,Invoice tax recognition,ERP-GL
JE_0420153,JEL_0420657,invoice,INV_0420153,2025-02-17,2025-02,200000-ACCOUNTS-PAYABLE,0.00,44610.08,USD,IT,CC-08-09,Invoice payable recognition,ERP-GL
JE_0420154,JEL_0420658,invoice,INV_0420154,2025-02-04,2025-02,680100-IT,2786.80,0.00,USD,IT,CC-08-05,Invoice expense recognition,ERP-GL
JE_0420154,JEL_0420659,invoice,INV_0420154,2025-02-04,2025-02,680100-IT,3051.70,0.00,USD,IT,CC-08-05,Invoice expense recognition,ERP-GL
JE_0420154,JEL_0420660,invoice,INV_0420154,2025-02-04,2025-02,141000-RECOVERABLE-TAX,583.85,0.00,USD,IT,CC-08-05,Invoice tax recognition,ERP-GL
JE_0420154,JEL_0420661,invoice,INV_0420154,2025-02-04,2025-02,200000-ACCOUNTS-PAYABLE,0.00,6422.35,USD,IT,CC-08-05,Invoice payable recognition,ERP-GL
JE_0420155,JEL_0420662,invoice,INV_0420155,2026-03-19,2026-03,630100-FINANCE,5280.52,0.00,USD,Finance,CC-03-10,Invoice expense recognition,ERP-GL
JE_0420155,JEL_0420663,invoice,INV_0420155,2026-03-19,2026-03,141000-RECOVERABLE-TAX,528.05,0.00,USD,Finance,CC-03-10,Invoice tax recognition,ERP-GL
JE_0420155,JEL_0420664,invoice,INV_0420155,2026-03-19,2026-03,200000-ACCOUNTS-PAYABLE,0.00,5808.57,USD,Finance,CC-03-10,Invoice payable recognition,ERP-GL
JE_0420156,JEL_0420665,invoice,INV_0420156,2025-06-23,2025-06,660100-PEOPLE,322.00,0.00,USD,People,CC-06-12,Invoice expense recognition,ERP-GL
JE_0420156,JEL_0420666,invoice,INV_0420156,2025-06-23,2025-06,660100-PEOPLE,1046.43,0.00,USD,People,CC-06-12,Invoice expense recognition,ERP-GL
JE_0420156,JEL_0420667,invoice,INV_0420156,2025-06-23,2025-06,141000-RECOVERABLE-TAX,136.84,0.00,USD,People,CC-06-12,Invoice tax recognition,ERP-GL
JE_0420156,JEL_0420668,invoice,INV_0420156,2025-06-23,2025-06,200000-ACCOUNTS-PAYABLE,0.00,1505.27,USD,People,CC-06-12,Invoice payable recognition,ERP-GL
JE_0420157,JEL_0420669,invoice,INV_0420157,2025-10-14,2025-10,630100-FINANCE,584.68,0.00,USD,Finance,CC-03-12,Invoice expense recognition,ERP-GL
JE_0420157,JEL_0420670,invoice,INV_0420157,2025-10-14,2025-10,630100-FINANCE,821.28,0.00,USD,Finance,CC-03-12,Invoice expense recognition,ERP-GL
JE_0420157,JEL_0420671,invoice,INV_0420157,2025-10-14,2025-10,630100-FINANCE,260.76,0.00,USD,Finance,CC-03-12,Invoice expense recognition,ERP-GL
JE_0420157,JEL_0420672,invoice,INV_0420157,2025-10-14,2025-10,141000-RECOVERABLE-TAX,166.67,0.00,USD,Finance,CC-03-12,Invoice tax recognition,ERP-GL
JE_0420157,JEL_0420673,invoice,INV_0420157,2025-10-14,2025-10,200000-ACCOUNTS-PAYABLE,0.00,1833.39,USD,Finance,CC-03-12,Invoice payable recognition,ERP-GL
JE_0420158,JEL_0420674,invoice,INV_0420158,2026-03-03,2026-03,670100-LEGAL,1224.08,0.00,USD,Legal,CC-07-08,Invoice expense recognition,ERP-GL
JE_0420158,JEL_0420675,invoice,INV_0420158,2026-03-03,2026-03,141000-RECOVERABLE-TAX,91.81,0.00,USD,Legal,CC-07-08,Invoice tax recognition,ERP-GL
JE_0420158,JEL_0420676,invoice,INV_0420158,2026-03-03,2026-03,200000-ACCOUNTS-PAYABLE,0.00,1315.89,USD,Legal,CC-07-08,Invoice payable recognition,ERP-GL
JE_0420159,JEL_0420677,invoice,INV_0420159,2026-05-18,2026-05,660100-PEOPLE,188.76,0.00,USD,People,CC-06-10,Invoice expense recognition,ERP-GL
JE_0420159,JEL_0420678,invoice,INV_0420159,2026-05-18,2026-05,141000-RECOVERABLE-TAX,14.16,0.00,USD,People,CC-06-10,Invoice tax recognition,ERP-GL
JE_0420159,JEL_0420679,invoice,INV_0420159,2026-05-18,2026-05,200000-ACCOUNTS-PAYABLE,0.00,202.92,USD,People,CC-06-10,Invoice payable recognition,ERP-GL
JE_0420160,JEL_0420680,invoice,INV_0420160,2025-03-09,2025-03,670100-LEGAL,490.72,0.00,USD,Legal,CC-07-04,Invoice expense recognition,ERP-GL
JE_0420160,JEL_0420681,invoice,INV_0420160,2025-03-09,2025-03,670100-LEGAL,948.20,0.00,USD,Legal,CC-07-04,Invoice expense recognition,ERP-GL
JE_0420160,JEL_0420682,invoice,INV_0420160,2025-03-09,2025-03,670100-LEGAL,1118.80,0.00,USD,Legal,CC-07-04,Invoice expense recognition,ERP-GL
JE_0420160,JEL_0420683,invoice,INV_0420160,2025-03-09,2025-03,670100-LEGAL,10409.22,0.00,USD,Legal,CC-07-04,Invoice expense recognition,ERP-GL
JE_0420160,JEL_0420684,invoice,INV_0420160,2025-03-09,2025-03,200000-ACCOUNTS-PAYABLE,0.00,12966.94,USD,Legal,CC-07-04,Invoice payable recognition,ERP-GL
JE_0420161,JEL_0420685,invoice,INV_0420161,2025-02-19,2025-02,610100-ENGINEERING,7253.36,0.00,USD,Engineering,CC-01-02,Invoice expense recognition,ERP-GL
JE_0420161,JEL_0420686,invoice,INV_0420161,2025-02-19,2025-02,610100-ENGINEERING,917.02,0.00,USD,Engineering,CC-01-02,Invoice expense recognition,ERP-GL
JE_0420161,JEL_0420687,invoice,INV_0420161,2025-02-19,2025-02,141000-RECOVERABLE-TAX,612.78,0.00,USD,Engineering,CC-01-02,Invoice tax recognition,ERP-GL
JE_0420161,JEL_0420688,invoice,INV_0420161,2025-02-19,2025-02,200000-ACCOUNTS-PAYABLE,0.00,8783.16,USD,Engineering,CC-01-02,Invoice payable recognition,ERP-GL
JE_0420162,JEL_0420689,invoice,INV_0420162,2025-05-21,2025-05,650100-MARKETING,1887.75,0.00,USD,Marketing,CC-05-03,Invoice expense recognition,ERP-GL
JE_0420162,JEL_0420690,invoice,INV_0420162,2025-05-21,2025-05,650100-MARKETING,887.48,0.00,USD,Marketing,CC-05-03,Invoice expense recognition,ERP-GL
JE_0420162,JEL_0420691,invoice,INV_0420162,2025-05-21,2025-05,650100-MARKETING,1003.30,0.00,USD,Marketing,CC-05-03,Invoice expense recognition,ERP-GL
JE_0420162,JEL_0420692,invoice,INV_0420162,2025-05-21,2025-05,141000-RECOVERABLE-TAX,283.39,0.00,USD,Marketing,CC-05-03,Invoice tax recognition,ERP-GL
JE_0420162,JEL_0420693,invoice,INV_0420162,2025-05-21,2025-05,200000-ACCOUNTS-PAYABLE,0.00,4061.92,USD,Marketing,CC-05-03,Invoice payable recognition,ERP-GL
JE_0420163,JEL_0420694,invoice,INV_0420163,2025-03-26,2025-03,610100-ENGINEERING,7253.36,0.00,USD,Engineering,CC-01-02,Invoice expense recognition,ERP-GL
JE_0420163,JEL_0420695,invoice,INV_0420163,2025-03-26,2025-03,610100-ENGINEERING,917.02,0.00,USD,Engineering,CC-01-02,Invoice expense recognition,ERP-GL
JE_0420163,JEL_0420696,invoice,INV_0420163,2025-03-26,2025-03,141000-RECOVERABLE-TAX,612.78,0.00,USD,Engineering,CC-01-02,Invoice tax recognition,ERP-GL
JE_0420163,JEL_0420697,invoice,INV_0420163,2025-03-26,2025-03,200000-ACCOUNTS-PAYABLE,0.00,8783.16,USD,Engineering,CC-01-02,Invoice payable recognition,ERP-GL
JE_0420164,JEL_0420698,invoice,INV_0420164,2025-04-08,2025-04,620100-OPERATIONS,3851.56,0.00,EUR,Operations,CC-02-01,Invoice expense recognition,ERP-GL
JE_0420164,JEL_0420699,invoice,INV_0420164,2025-04-08,2025-04,141000-RECOVERABLE-TAX,288.87,0.00,EUR,Operations,CC-02-01,Invoice tax recognition,ERP-GL
JE_0420164,JEL_0420700,invoice,INV_0420164,2025-04-08,2025-04,200000-ACCOUNTS-PAYABLE,0.00,4140.43,EUR,Operations,CC-02-01,Invoice payable recognition,ERP-GL
JE_0420165,JEL_0420701,invoice,INV_0420165,2025-12-18,2025-12,620100-OPERATIONS,1981.20,0.00,USD,Operations,CC-02-07,Invoice expense recognition,ERP-GL
JE_0420165,JEL_0420702,invoice,INV_0420165,2025-12-18,2025-12,620100-OPERATIONS,759.80,0.00,USD,Operations,CC-02-07,Invoice expense recognition,ERP-GL
JE_0420165,JEL_0420703,invoice,INV_0420165,2025-12-18,2025-12,620100-OPERATIONS,3090.68,0.00,USD,Operations,CC-02-07,Invoice expense recognition,ERP-GL
JE_0420165,JEL_0420704,invoice,INV_0420165,2025-12-18,2025-12,141000-RECOVERABLE-TAX,583.17,0.00,USD,Operations,CC-02-07,Invoice tax recognition,ERP-GL
JE_0420165,JEL_0420705,invoice,INV_0420165,2025-12-18,2025-12,200000-ACCOUNTS-PAYABLE,0.00,6414.85,USD,Operations,CC-02-07,Invoice payable recognition,ERP-GL
JE_0420166,JEL_0420706,invoice,INV_0420166,2026-02-01,2026-02,630100-FINANCE,143.64,0.00,USD,Finance,CC-03-11,Invoice expense recognition,ERP-GL
JE_0420166,JEL_0420707,invoice,INV_0420166,2026-02-01,2026-02,630100-FINANCE,452.88,0.00,USD,Finance,CC-03-11,Invoice expense recognition,ERP-GL
JE_0420166,JEL_0420708,invoice,INV_0420166,2026-02-01,2026-02,630100-FINANCE,6044.60,0.00,USD,Finance,CC-03-11,Invoice expense recognition,ERP-GL
JE_0420166,JEL_0420709,invoice,INV_0420166,2026-02-01,2026-02,630100-FINANCE,562.43,0.00,USD,Finance,CC-03-11,Invoice expense recognition,ERP-GL
JE_0420166,JEL_0420710,invoice,INV_0420166,2026-02-01,2026-02,141000-RECOVERABLE-TAX,540.27,0.00,USD,Finance,CC-03-11,Invoice tax recognition,ERP-GL
JE_0420166,JEL_0420711,invoice,INV_0420166,2026-02-01,2026-02,200000-ACCOUNTS-PAYABLE,0.00,7743.82,USD,Finance,CC-03-11,Invoice payable recognition,ERP-GL
JE_0420167,JEL_0420712,invoice,INV_0420167,2026-03-02,2026-03,680100-IT,21799.20,0.00,USD,IT,CC-08-04,Invoice expense recognition,ERP-GL
JE_0420167,JEL_0420713,invoice,INV_0420167,2026-03-02,2026-03,141000-RECOVERABLE-TAX,1634.94,0.00,USD,IT,CC-08-04,Invoice tax recognition,ERP-GL
JE_0420167,JEL_0420714,invoice,INV_0420167,2026-03-02,2026-03,200000-ACCOUNTS-PAYABLE,0.00,23434.14,USD,IT,CC-08-04,Invoice payable recognition,ERP-GL
JE_0420168,JEL_0420715,invoice,INV_0420168,2025-11-23,2025-11,630100-FINANCE,986.26,0.00,USD,Finance,CC-03-04,Invoice expense recognition,ERP-GL
JE_0420168,JEL_0420716,invoice,INV_0420168,2025-11-23,2025-11,630100-FINANCE,1608.66,0.00,USD,Finance,CC-03-04,Invoice expense recognition,ERP-GL
JE_0420168,JEL_0420717,invoice,INV_0420168,2025-11-23,2025-11,141000-RECOVERABLE-TAX,194.62,0.00,USD,Finance,CC-03-04,Invoice tax recognition,ERP-GL
JE_0420168,JEL_0420718,invoice,INV_0420168,2025-11-23,2025-11,200000-ACCOUNTS-PAYABLE,0.00,2789.54,USD,Finance,CC-03-04,Invoice payable recognition,ERP-GL
JE_0420169,JEL_0420719,invoice,INV_0420169,2025-11-06,2025-11,640100-SALES,1228.24,0.00,USD,Sales,CC-04-09,Invoice expense recognition,ERP-GL
JE_0420169,JEL_0420720,invoice,INV_0420169,2025-11-06,2025-11,640100-SALES,1096.34,0.00,USD,Sales,CC-04-09,Invoice expense recognition,ERP-GL
JE_0420169,JEL_0420721,invoice,INV_0420169,2025-11-06,2025-11,141000-RECOVERABLE-TAX,174.34,0.00,USD,Sales,CC-04-09,Invoice tax recognition,ERP-GL
JE_0420169,JEL_0420722,invoice,INV_0420169,2025-11-06,2025-11,200000-ACCOUNTS-PAYABLE,0.00,2498.92,USD,Sales,CC-04-09,Invoice payable recognition,ERP-GL
JE_0420170,JEL_0420723,invoice,INV_0420170,2025-03-14,2025-03,610100-ENGINEERING,550.38,0.00,USD,Engineering,CC-01-06,Invoice expense recognition,ERP-GL
JE_0420170,JEL_0420724,invoice,INV_0420170,2025-03-14,2025-03,610100-ENGINEERING,1845.30,0.00,USD,Engineering,CC-01-06,Invoice expense recognition,ERP-GL
JE_0420170,JEL_0420725,invoice,INV_0420170,2025-03-14,2025-03,610100-ENGINEERING,512.10,0.00,USD,Engineering,CC-01-06,Invoice expense recognition,ERP-GL
JE_0420170,JEL_0420726,invoice,INV_0420170,2025-03-14,2025-03,610100-ENGINEERING,2334.75,0.00,USD,Engineering,CC-01-06,Invoice expense recognition,ERP-GL
JE_0420170,JEL_0420727,invoice,INV_0420170,2025-03-14,2025-03,141000-RECOVERABLE-TAX,393.19,0.00,USD,Engineering,CC-01-06,Invoice tax recognition,ERP-GL
JE_0420170,JEL_0420728,invoice,INV_0420170,2025-03-14,2025-03,200000-ACCOUNTS-PAYABLE,0.00,5635.72,USD,Engineering,CC-01-06,Invoice payable recognition,ERP-GL
JE_0420171,JEL_0420729,invoice,INV_0420171,2025-08-09,2025-08,610100-ENGINEERING,3552.36,0.00,USD,Engineering,CC-01-01,Invoice expense recognition,ERP-GL
JE_0420171,JEL_0420730,invoice,INV_0420171,2025-08-09,2025-08,610100-ENGINEERING,1731.25,0.00,USD,Engineering,CC-01-01,Invoice expense recognition,ERP-GL
JE_0420171,JEL_0420731,invoice,INV_0420171,2025-08-09,2025-08,610100-ENGINEERING,901.32,0.00,USD,Engineering,CC-01-01,Invoice expense recognition,ERP-GL
JE_0420171,JEL_0420732,invoice,INV_0420171,2025-08-09,2025-08,610100-ENGINEERING,1889.44,0.00,USD,Engineering,CC-01-01,Invoice expense recognition,ERP-GL
JE_0420171,JEL_0420733,invoice,INV_0420171,2025-08-09,2025-08,141000-RECOVERABLE-TAX,605.58,0.00,USD,Engineering,CC-01-01,Invoice tax recognition,ERP-GL
JE_0420171,JEL_0420734,invoice,INV_0420171,2025-08-09,2025-08,200000-ACCOUNTS-PAYABLE,0.00,8679.95,USD,Engineering,CC-01-01,Invoice payable recognition,ERP-GL
JE_0420172,JEL_0420735,invoice,INV_0420172,2025-10-15,2025-10,620100-OPERATIONS,2350.16,0.00,USD,Operations,CC-02-05,Invoice expense recognition,ERP-GL
JE_0420172,JEL_0420736,invoice,INV_0420172,2025-10-15,2025-10,141000-RECOVERABLE-TAX,176.26,0.00,USD,Operations,CC-02-05,Invoice tax recognition,ERP-GL
JE_0420172,JEL_0420737,invoice,INV_0420172,2025-10-15,2025-10,200000-ACCOUNTS-PAYABLE,0.00,2526.42,USD,Operations,CC-02-05,Invoice payable recognition,ERP-GL
JE_0420173,JEL_0420738,invoice,INV_0420173,2025-03-09,2025-03,650100-MARKETING,5097.20,0.00,USD,Marketing,CC-05-12,Invoice expense recognition,ERP-GL
JE_0420173,JEL_0420739,invoice,INV_0420173,2025-03-09,2025-03,650100-MARKETING,320.36,0.00,USD,Marketing,CC-05-12,Invoice expense recognition,ERP-GL
JE_0420173,JEL_0420740,invoice,INV_0420173,2025-03-09,2025-03,141000-RECOVERABLE-TAX,541.76,0.00,USD,Marketing,CC-05-12,Invoice tax recognition,ERP-GL
JE_0420173,JEL_0420741,invoice,INV_0420173,2025-03-09,2025-03,200000-ACCOUNTS-PAYABLE,0.00,5959.32,USD,Marketing,CC-05-12,Invoice payable recognition,ERP-GL
JE_0420174,JEL_0420742,invoice,INV_0420174,2025-07-04,2025-07,620100-OPERATIONS,762.60,0.00,USD,Operations,CC-02-01,Invoice expense recognition,ERP-GL
JE_0420174,JEL_0420743,invoice,INV_0420174,2025-07-04,2025-07,620100-OPERATIONS,145.68,0.00,USD,Operations,CC-02-01,Invoice expense recognition,ERP-GL
JE_0420174,JEL_0420744,invoice,INV_0420174,2025-07-04,2025-07,620100-OPERATIONS,239.16,0.00,USD,Operations,CC-02-01,Invoice expense recognition,ERP-GL
JE_0420174,JEL_0420745,invoice,INV_0420174,2025-07-04,2025-07,141000-RECOVERABLE-TAX,86.06,0.00,USD,Operations,CC-02-01,Invoice tax recognition,ERP-GL
JE_0420174,JEL_0420746,invoice,INV_0420174,2025-07-04,2025-07,200000-ACCOUNTS-PAYABLE,0.00,1233.50,USD,Operations,CC-02-01,Invoice payable recognition,ERP-GL
JE_0420175,JEL_0420747,invoice,INV_0420175,2025-10-07,2025-10,620100-OPERATIONS,6258.00,0.00,USD,Operations,CC-02-01,Invoice expense recognition,ERP-GL
JE_0420175,JEL_0420748,invoice,INV_0420175,2025-10-07,2025-10,620100-OPERATIONS,3916.44,0.00,USD,Operations,CC-02-01,Invoice expense recognition,ERP-GL
JE_0420175,JEL_0420749,invoice,INV_0420175,2025-10-07,2025-10,200000-ACCOUNTS-PAYABLE,0.00,10174.44,USD,Operations,CC-02-01,Invoice payable recognition,ERP-GL
JE_0420176,JEL_0420750,invoice,INV_0420176,2026-03-01,2026-03,630100-FINANCE,143.64,0.00,USD,Finance,CC-03-11,Invoice expense recognition,ERP-GL
JE_0420176,JEL_0420751,invoice,INV_0420176,2026-03-01,2026-03,630100-FINANCE,452.88,0.00,USD,Finance,CC-03-11,Invoice expense recognition,ERP-GL
JE_0420176,JEL_0420752,invoice,INV_0420176,2026-03-01,2026-03,630100-FINANCE,6044.60,0.00,USD,Finance,CC-03-11,Invoice expense recognition,ERP-GL
JE_0420176,JEL_0420753,invoice,INV_0420176,2026-03-01,2026-03,630100-FINANCE,562.43,0.00,USD,Finance,CC-03-11,Invoice expense recognition,ERP-GL
JE_0420176,JEL_0420754,invoice,INV_0420176,2026-03-01,2026-03,141000-RECOVERABLE-TAX,540.27,0.00,USD,Finance,CC-03-11,Invoice tax recognition,ERP-GL
JE_0420176,JEL_0420755,invoice,INV_0420176,2026-03-01,2026-03,200000-ACCOUNTS-PAYABLE,0.00,7743.82,USD,Finance,CC-03-11,Invoice payable recognition,ERP-GL
JE_0420177,JEL_0420756,invoice,INV_0420177,2026-01-12,2026-01,630100-FINANCE,292.20,0.00,USD,Finance,CC-03-05,Invoice expense recognition,ERP-GL
JE_0420177,JEL_0420757,invoice,INV_0420177,2026-01-12,2026-01,630100-FINANCE,133.56,0.00,USD,Finance,CC-03-05,Invoice expense recognition,ERP-GL
JE_0420177,JEL_0420758,invoice,INV_0420177,2026-01-12,2026-01,630100-FINANCE,30.96,0.00,USD,Finance,CC-03-05,Invoice expense recognition,ERP-GL
JE_0420177,JEL_0420759,invoice,INV_0420177,2026-01-12,2026-01,141000-RECOVERABLE-TAX,34.25,0.00,USD,Finance,CC-03-05,Invoice tax recognition,ERP-GL
JE_0420177,JEL_0420760,invoice,INV_0420177,2026-01-12,2026-01,200000-ACCOUNTS-PAYABLE,0.00,490.97,USD,Finance,CC-03-05,Invoice payable recognition,ERP-GL
JE_0420178,JEL_0420761,invoice,INV_0420178,2026-05-02,2026-05,660100-PEOPLE,217.77,0.00,USD,People,CC-06-07,Invoice expense recognition,ERP-GL
JE_0420178,JEL_0420762,invoice,INV_0420178,2026-05-02,2026-05,660100-PEOPLE,4218.93,0.00,USD,People,CC-06-07,Invoice expense recognition,ERP-GL
JE_0420178,JEL_0420763,invoice,INV_0420178,2026-05-02,2026-05,660100-PEOPLE,579.24,0.00,USD,People,CC-06-07,Invoice expense recognition,ERP-GL
JE_0420178,JEL_0420764,invoice,INV_0420178,2026-05-02,2026-05,660100-PEOPLE,214.27,0.00,USD,People,CC-06-07,Invoice expense recognition,ERP-GL
JE_0420178,JEL_0420765,invoice,INV_0420178,2026-05-02,2026-05,200000-ACCOUNTS-PAYABLE,0.00,5230.21,USD,People,CC-06-07,Invoice payable recognition,ERP-GL
JE_0420179,JEL_0420766,invoice,INV_0420179,2025-03-24,2025-03,660100-PEOPLE,1194.11,0.00,USD,People,CC-06-02,Invoice expense recognition,ERP-GL
JE_0420179,JEL_0420767,invoice,INV_0420179,2025-03-24,2025-03,660100-PEOPLE,157.44,0.00,USD,People,CC-06-02,Invoice expense recognition,ERP-GL
JE_0420179,JEL_0420768,invoice,INV_0420179,2025-03-24,2025-03,141000-RECOVERABLE-TAX,135.16,0.00,USD,People,CC-06-02,Invoice tax recognition,ERP-GL
JE_0420179,JEL_0420769,invoice,INV_0420179,2025-03-24,2025-03,200000-ACCOUNTS-PAYABLE,0.00,1486.71,USD,People,CC-06-02,Invoice payable recognition,ERP-GL
JE_0420180,JEL_0420770,invoice,INV_0420180,2025-11-17,2025-11,660100-PEOPLE,557.10,0.00,USD,People,CC-06-02,Invoice expense recognition,ERP-GL
JE_0420180,JEL_0420771,invoice,INV_0420180,2025-11-17,2025-11,660100-PEOPLE,828.44,0.00,USD,People,CC-06-02,Invoice expense recognition,ERP-GL
JE_0420180,JEL_0420772,invoice,INV_0420180,2025-11-17,2025-11,141000-RECOVERABLE-TAX,103.92,0.00,USD,People,CC-06-02,Invoice tax recognition,ERP-GL
JE_0420180,JEL_0420773,invoice,INV_0420180,2025-11-17,2025-11,200000-ACCOUNTS-PAYABLE,0.00,1489.46,USD,People,CC-06-02,Invoice payable recognition,ERP-GL
JE_0420181,JEL_0420774,invoice,INV_0420181,2026-05-26,2026-05,640100-SALES,596.36,0.00,EUR,Sales,CC-04-12,Invoice expense recognition,ERP-GL
JE_0420181,JEL_0420775,invoice,INV_0420181,2026-05-26,2026-05,640100-SALES,1433.36,0.00,EUR,Sales,CC-04-12,Invoice expense recognition,ERP-GL
JE_0420181,JEL_0420776,invoice,INV_0420181,2026-05-26,2026-05,640100-SALES,917.47,0.00,EUR,Sales,CC-04-12,Invoice expense recognition,ERP-GL
JE_0420181,JEL_0420777,invoice,INV_0420181,2026-05-26,2026-05,640100-SALES,1268.10,0.00,EUR,Sales,CC-04-12,Invoice expense recognition,ERP-GL
JE_0420181,JEL_0420778,invoice,INV_0420181,2026-05-26,2026-05,141000-RECOVERABLE-TAX,316.15,0.00,EUR,Sales,CC-04-12,Invoice tax recognition,ERP-GL
JE_0420181,JEL_0420779,invoice,INV_0420181,2026-05-26,2026-05,200000-ACCOUNTS-PAYABLE,0.00,4531.44,EUR,Sales,CC-04-12,Invoice payable recognition,ERP-GL
JE_0420182,JEL_0420780,invoice,INV_0420182,2025-03-24,2025-03,610100-ENGINEERING,7253.36,0.00,USD,Engineering,CC-01-02,Invoice expense recognition,ERP-GL
JE_0420182,JEL_0420781,invoice,INV_0420182,2025-03-24,2025-03,610100-ENGINEERING,917.02,0.00,USD,Engineering,CC-01-02,Invoice expense recognition,ERP-GL
JE_0420182,JEL_0420782,invoice,INV_0420182,2025-03-24,2025-03,141000-RECOVERABLE-TAX,612.78,0.00,USD,Engineering,CC-01-02,Invoice tax recognition,ERP-GL
JE_0420182,JEL_0420783,invoice,INV_0420182,2025-03-24,2025-03,200000-ACCOUNTS-PAYABLE,0.00,8783.16,USD,Engineering,CC-01-02,Invoice payable recognition,ERP-GL
JE_0420183,JEL_0420784,invoice,INV_0420183,2025-04-21,2025-04,640100-SALES,326.55,0.00,USD,Sales,CC-04-09,Invoice expense recognition,ERP-GL
JE_0420183,JEL_0420785,invoice,INV_0420183,2025-04-21,2025-04,640100-SALES,1595.25,0.00,USD,Sales,CC-04-09,Invoice expense recognition,ERP-GL
JE_0420183,JEL_0420786,invoice,INV_0420183,2025-04-21,2025-04,640100-SALES,3314.04,0.00,USD,Sales,CC-04-09,Invoice expense recognition,ERP-GL
JE_0420183,JEL_0420787,invoice,INV_0420183,2025-04-21,2025-04,640100-SALES,246.36,0.00,USD,Sales,CC-04-09,Invoice expense recognition,ERP-GL
JE_0420183,JEL_0420788,invoice,INV_0420183,2025-04-21,2025-04,141000-RECOVERABLE-TAX,548.22,0.00,USD,Sales,CC-04-09,Invoice tax recognition,ERP-GL
JE_0420183,JEL_0420789,invoice,INV_0420183,2025-04-21,2025-04,200000-ACCOUNTS-PAYABLE,0.00,6030.42,USD,Sales,CC-04-09,Invoice payable recognition,ERP-GL
JE_0420184,JEL_0420790,invoice,INV_0420184,2025-03-28,2025-03,620100-OPERATIONS,1317.12,0.00,USD,Operations,CC-02-09,Invoice expense recognition,ERP-GL
JE_0420184,JEL_0420791,invoice,INV_0420184,2025-03-28,2025-03,141000-RECOVERABLE-TAX,98.78,0.00,USD,Operations,CC-02-09,Invoice tax recognition,ERP-GL
JE_0420184,JEL_0420792,invoice,INV_0420184,2025-03-28,2025-03,200000-ACCOUNTS-PAYABLE,0.00,1415.90,USD,Operations,CC-02-09,Invoice payable recognition,ERP-GL
JE_0420185,JEL_0420793,invoice,INV_0420185,2025-10-27,2025-10,650100-MARKETING,3802.96,0.00,USD,Marketing,CC-05-06,Invoice expense recognition,ERP-GL
JE_0420185,JEL_0420794,invoice,INV_0420185,2025-10-27,2025-10,650100-MARKETING,825.84,0.00,USD,Marketing,CC-05-06,Invoice expense recognition,ERP-GL
JE_0420185,JEL_0420795,invoice,INV_0420185,2025-10-27,2025-10,650100-MARKETING,4070.70,0.00,USD,Marketing,CC-05-06,Invoice expense recognition,ERP-GL
JE_0420185,JEL_0420796,invoice,INV_0420185,2025-10-27,2025-10,650100-MARKETING,642.40,0.00,USD,Marketing,CC-05-06,Invoice expense recognition,ERP-GL
JE_0420185,JEL_0420797,invoice,INV_0420185,2025-10-27,2025-10,200000-ACCOUNTS-PAYABLE,0.00,9341.90,USD,Marketing,CC-05-06,Invoice payable recognition,ERP-GL
JE_0420186,JEL_0420798,invoice,INV_0420186,2025-06-10,2025-06,620100-OPERATIONS,6855.48,0.00,USD,Operations,CC-02-03,Invoice expense recognition,ERP-GL
JE_0420186,JEL_0420799,invoice,INV_0420186,2025-06-10,2025-06,620100-OPERATIONS,1824.84,0.00,USD,Operations,CC-02-03,Invoice expense recognition,ERP-GL
JE_0420186,JEL_0420800,invoice,INV_0420186,2025-06-10,2025-06,141000-RECOVERABLE-TAX,651.02,0.00,USD,Operations,CC-02-03,Invoice tax recognition,ERP-GL
JE_0420186,JEL_0420801,invoice,INV_0420186,2025-06-10,2025-06,200000-ACCOUNTS-PAYABLE,0.00,9331.34,USD,Operations,CC-02-03,Invoice payable recognition,ERP-GL
JE_0420187,JEL_0420802,invoice,INV_0420187,2025-05-05,2025-05,620100-OPERATIONS,1380.95,0.00,USD,Operations,CC-02-03,Invoice expense recognition,ERP-GL
JE_0420187,JEL_0420803,invoice,INV_0420187,2025-05-05,2025-05,620100-OPERATIONS,5100.12,0.00,USD,Operations,CC-02-03,Invoice expense recognition,ERP-GL
JE_0420187,JEL_0420804,invoice,INV_0420187,2025-05-05,2025-05,620100-OPERATIONS,742.87,0.00,USD,Operations,CC-02-03,Invoice expense recognition,ERP-GL
JE_0420187,JEL_0420805,invoice,INV_0420187,2025-05-05,2025-05,141000-RECOVERABLE-TAX,722.39,0.00,USD,Operations,CC-02-03,Invoice tax recognition,ERP-GL
JE_0420187,JEL_0420806,invoice,INV_0420187,2025-05-05,2025-05,200000-ACCOUNTS-PAYABLE,0.00,7946.33,USD,Operations,CC-02-03,Invoice payable recognition,ERP-GL
JE_0420188,JEL_0420807,invoice,INV_0420188,2026-03-31,2026-03,680100-IT,21799.20,0.00,USD,IT,CC-08-04,Invoice expense recognition,ERP-GL
JE_0420188,JEL_0420808,invoice,INV_0420188,2026-03-31,2026-03,141000-RECOVERABLE-TAX,1634.94,0.00,USD,IT,CC-08-04,Invoice tax recognition,ERP-GL
JE_0420188,JEL_0420809,invoice,INV_0420188,2026-03-31,2026-03,200000-ACCOUNTS-PAYABLE,0.00,23434.14,USD,IT,CC-08-04,Invoice payable recognition,ERP-GL
JE_0420189,JEL_0420810,invoice,INV_0420189,2025-09-09,2025-09,610100-ENGINEERING,3552.36,0.00,USD,Engineering,CC-01-01,Invoice expense recognition,ERP-GL
JE_0420189,JEL_0420811,invoice,INV_0420189,2025-09-09,2025-09,610100-ENGINEERING,1731.25,0.00,USD,Engineering,CC-01-01,Invoice expense recognition,ERP-GL
JE_0420189,JEL_0420812,invoice,INV_0420189,2025-09-09,2025-09,610100-ENGINEERING,901.32,0.00,USD,Engineering,CC-01-01,Invoice expense recognition,ERP-GL
JE_0420189,JEL_0420813,invoice,INV_0420189,2025-09-09,2025-09,610100-ENGINEERING,1889.44,0.00,USD,Engineering,CC-01-01,Invoice expense recognition,ERP-GL
JE_0420189,JEL_0420814,invoice,INV_0420189,2025-09-09,2025-09,141000-RECOVERABLE-TAX,605.58,0.00,USD,Engineering,CC-01-01,Invoice tax recognition,ERP-GL
JE_0420189,JEL_0420815,invoice,INV_0420189,2025-09-09,2025-09,200000-ACCOUNTS-PAYABLE,0.00,8679.95,USD,Engineering,CC-01-01,Invoice payable recognition,ERP-GL
JE_0420190,JEL_0420816,invoice,INV_0420190,2025-09-14,2025-09,620100-OPERATIONS,1248.60,0.00,USD,Operations,CC-02-08,Invoice expense recognition,ERP-GL
JE_0420190,JEL_0420817,invoice,INV_0420190,2025-09-14,2025-09,200000-ACCOUNTS-PAYABLE,0.00,1248.60,USD,Operations,CC-02-08,Invoice payable recognition,ERP-GL
JE_0420191,JEL_0420818,invoice,INV_0420191,2025-03-31,2025-03,650100-MARKETING,2554.18,0.00,EUR,Marketing,CC-05-02,Invoice expense recognition,ERP-GL
JE_0420191,JEL_0420819,invoice,INV_0420191,2025-03-31,2025-03,141000-RECOVERABLE-TAX,255.42,0.00,EUR,Marketing,CC-05-02,Invoice tax recognition,ERP-GL
JE_0420191,JEL_0420820,invoice,INV_0420191,2025-03-31,2025-03,200000-ACCOUNTS-PAYABLE,0.00,2809.60,EUR,Marketing,CC-05-02,Invoice payable recognition,ERP-GL
JE_0420192,JEL_0420821,invoice,INV_0420192,2025-12-09,2025-12,620100-OPERATIONS,1257.58,0.00,GBP,Operations,CC-02-01,Invoice expense recognition,ERP-GL
JE_0420192,JEL_0420822,invoice,INV_0420192,2025-12-09,2025-12,620100-OPERATIONS,167.10,0.00,GBP,Operations,CC-02-01,Invoice expense recognition,ERP-GL
JE_0420192,JEL_0420823,invoice,INV_0420192,2025-12-09,2025-12,620100-OPERATIONS,1513.32,0.00,GBP,Operations,CC-02-01,Invoice expense recognition,ERP-GL
JE_0420192,JEL_0420824,invoice,INV_0420192,2025-12-09,2025-12,620100-OPERATIONS,466.80,0.00,GBP,Operations,CC-02-01,Invoice expense recognition,ERP-GL
JE_0420192,JEL_0420825,invoice,INV_0420192,2025-12-09,2025-12,141000-RECOVERABLE-TAX,255.36,0.00,GBP,Operations,CC-02-01,Invoice tax recognition,ERP-GL
JE_0420192,JEL_0420826,invoice,INV_0420192,2025-12-09,2025-12,200000-ACCOUNTS-PAYABLE,0.00,3660.16,GBP,Operations,CC-02-01,Invoice payable recognition,ERP-GL
JE_0420193,JEL_0420827,invoice,INV_0420193,2025-10-13,2025-10,650100-MARKETING,3151.29,0.00,GBP,Marketing,CC-05-08,Invoice expense recognition,ERP-GL
JE_0420193,JEL_0420828,invoice,INV_0420193,2025-10-13,2025-10,650100-MARKETING,91.20,0.00,GBP,Marketing,CC-05-08,Invoice expense recognition,ERP-GL
JE_0420193,JEL_0420829,invoice,INV_0420193,2025-10-13,2025-10,650100-MARKETING,455.40,0.00,GBP,Marketing,CC-05-08,Invoice expense recognition,ERP-GL
JE_0420193,JEL_0420830,invoice,INV_0420193,2025-10-13,2025-10,650100-MARKETING,185.15,0.00,GBP,Marketing,CC-05-08,Invoice expense recognition,ERP-GL
JE_0420193,JEL_0420831,invoice,INV_0420193,2025-10-13,2025-10,141000-RECOVERABLE-TAX,291.23,0.00,GBP,Marketing,CC-05-08,Invoice tax recognition,ERP-GL
JE_0420193,JEL_0420832,invoice,INV_0420193,2025-10-13,2025-10,200000-ACCOUNTS-PAYABLE,0.00,4174.27,GBP,Marketing,CC-05-08,Invoice payable recognition,ERP-GL
JE_0420194,JEL_0420833,invoice,INV_0420194,2025-12-06,2025-12,640100-SALES,1228.24,0.00,USD,Sales,CC-04-09,Invoice expense recognition,ERP-GL
JE_0420194,JEL_0420834,invoice,INV_0420194,2025-12-06,2025-12,640100-SALES,1096.34,0.00,USD,Sales,CC-04-09,Invoice expense recognition,ERP-GL
JE_0420194,JEL_0420835,invoice,INV_0420194,2025-12-06,2025-12,141000-RECOVERABLE-TAX,174.34,0.00,USD,Sales,CC-04-09,Invoice tax recognition,ERP-GL
JE_0420194,JEL_0420836,invoice,INV_0420194,2025-12-06,2025-12,200000-ACCOUNTS-PAYABLE,0.00,2498.92,USD,Sales,CC-04-09,Invoice payable recognition,ERP-GL
JE_0420195,JEL_0420837,invoice,INV_0420195,2025-09-16,2025-09,610100-ENGINEERING,700.32,0.00,USD,Engineering,CC-01-07,Invoice expense recognition,ERP-GL
JE_0420195,JEL_0420838,invoice,INV_0420195,2025-09-16,2025-09,610100-ENGINEERING,2049.66,0.00,USD,Engineering,CC-01-07,Invoice expense recognition,ERP-GL
JE_0420195,JEL_0420839,invoice,INV_0420195,2025-09-16,2025-09,610100-ENGINEERING,1337.46,0.00,USD,Engineering,CC-01-07,Invoice expense recognition,ERP-GL
JE_0420195,JEL_0420840,invoice,INV_0420195,2025-09-16,2025-09,141000-RECOVERABLE-TAX,306.56,0.00,USD,Engineering,CC-01-07,Invoice tax recognition,ERP-GL
JE_0420195,JEL_0420841,invoice,INV_0420195,2025-09-16,2025-09,200000-ACCOUNTS-PAYABLE,0.00,4394.00,USD,Engineering,CC-01-07,Invoice payable recognition,ERP-GL
JE_0420196,JEL_0420842,invoice,INV_0420196,2025-08-17,2025-08,610100-ENGINEERING,3725.60,0.00,USD,Engineering,CC-01-05,Invoice expense recognition,ERP-GL
JE_0420196,JEL_0420843,invoice,INV_0420196,2025-08-17,2025-08,141000-RECOVERABLE-TAX,279.42,0.00,USD,Engineering,CC-01-05,Invoice tax recognition,ERP-GL
JE_0420196,JEL_0420844,invoice,INV_0420196,2025-08-17,2025-08,200000-ACCOUNTS-PAYABLE,0.00,4005.02,USD,Engineering,CC-01-05,Invoice payable recognition,ERP-GL
JE_0420197,JEL_0420845,invoice,INV_0420197,2025-09-05,2025-09,650100-MARKETING,1137.12,0.00,CAD,Marketing,CC-05-09,Invoice expense recognition,ERP-GL
JE_0420197,JEL_0420846,invoice,INV_0420197,2025-09-05,2025-09,650100-MARKETING,1634.08,0.00,CAD,Marketing,CC-05-09,Invoice expense recognition,ERP-GL
JE_0420197,JEL_0420847,invoice,INV_0420197,2025-09-05,2025-09,650100-MARKETING,486.36,0.00,CAD,Marketing,CC-05-09,Invoice expense recognition,ERP-GL
JE_0420197,JEL_0420848,invoice,INV_0420197,2025-09-05,2025-09,141000-RECOVERABLE-TAX,325.76,0.00,CAD,Marketing,CC-05-09,Invoice tax recognition,ERP-GL
JE_0420197,JEL_0420849,invoice,INV_0420197,2025-09-05,2025-09,200000-ACCOUNTS-PAYABLE,0.00,3583.32,CAD,Marketing,CC-05-09,Invoice payable recognition,ERP-GL
JE_0420198,JEL_0420850,invoice,INV_0420198,2026-01-04,2026-01,610100-ENGINEERING,3244.10,0.00,USD,Engineering,CC-01-12,Invoice expense recognition,ERP-GL
JE_0420198,JEL_0420851,invoice,INV_0420198,2026-01-04,2026-01,610100-ENGINEERING,3103.92,0.00,USD,Engineering,CC-01-12,Invoice expense recognition,ERP-GL
JE_0420198,JEL_0420852,invoice,INV_0420198,2026-01-04,2026-01,610100-ENGINEERING,2351.48,0.00,USD,Engineering,CC-01-12,Invoice expense recognition,ERP-GL
JE_0420198,JEL_0420853,invoice,INV_0420198,2026-01-04,2026-01,141000-RECOVERABLE-TAX,652.46,0.00,USD,Engineering,CC-01-12,Invoice tax recognition,ERP-GL
JE_0420198,JEL_0420854,invoice,INV_0420198,2026-01-04,2026-01,200000-ACCOUNTS-PAYABLE,0.00,9351.96,USD,Engineering,CC-01-12,Invoice payable recognition,ERP-GL
JE_0420199,JEL_0420855,invoice,INV_0420199,2025-03-07,2025-03,680100-IT,2786.80,0.00,USD,IT,CC-08-05,Invoice expense recognition,ERP-GL
JE_0420199,JEL_0420856,invoice,INV_0420199,2025-03-07,2025-03,680100-IT,3051.70,0.00,USD,IT,CC-08-05,Invoice expense recognition,ERP-GL
JE_0420199,JEL_0420857,invoice,INV_0420199,2025-03-07,2025-03,141000-RECOVERABLE-TAX,583.85,0.00,USD,IT,CC-08-05,Invoice tax recognition,ERP-GL
JE_0420199,JEL_0420858,invoice,INV_0420199,2025-03-07,2025-03,200000-ACCOUNTS-PAYABLE,0.00,6422.35,USD,IT,CC-08-05,Invoice payable recognition,ERP-GL
JE_0420200,JEL_0420859,invoice,INV_0420200,2025-04-27,2025-04,620100-OPERATIONS,1317.12,0.00,USD,Operations,CC-02-09,Invoice expense recognition,ERP-GL
JE_0420200,JEL_0420860,invoice,INV_0420200,2025-04-27,2025-04,141000-RECOVERABLE-TAX,98.78,0.00,USD,Operations,CC-02-09,Invoice tax recognition,ERP-GL
JE_0420200,JEL_0420861,invoice,INV_0420200,2025-04-27,2025-04,200000-ACCOUNTS-PAYABLE,0.00,1415.90,USD,Operations,CC-02-09,Invoice payable recognition,ERP-GL
JE_0420201,JEL_0420862,invoice,INV_0420201,2025-12-16,2025-12,630100-FINANCE,3140.31,0.00,USD,Finance,CC-03-06,Invoice expense recognition,ERP-GL
JE_0420201,JEL_0420863,invoice,INV_0420201,2025-12-16,2025-12,141000-RECOVERABLE-TAX,235.52,0.00,USD,Finance,CC-03-06,Invoice tax recognition,ERP-GL
JE_0420201,JEL_0420864,invoice,INV_0420201,2025-12-16,2025-12,200000-ACCOUNTS-PAYABLE,0.00,3375.83,USD,Finance,CC-03-06,Invoice payable recognition,ERP-GL
JE_0420202,JEL_0420865,invoice,INV_0420202,2025-06-02,2025-06,620100-OPERATIONS,1380.95,0.00,USD,Operations,CC-02-03,Invoice expense recognition,ERP-GL
JE_0420202,JEL_0420866,invoice,INV_0420202,2025-06-02,2025-06,620100-OPERATIONS,5100.12,0.00,USD,Operations,CC-02-03,Invoice expense recognition,ERP-GL
JE_0420202,JEL_0420867,invoice,INV_0420202,2025-06-02,2025-06,620100-OPERATIONS,742.87,0.00,USD,Operations,CC-02-03,Invoice expense recognition,ERP-GL
JE_0420202,JEL_0420868,invoice,INV_0420202,2025-06-02,2025-06,141000-RECOVERABLE-TAX,722.39,0.00,USD,Operations,CC-02-03,Invoice tax recognition,ERP-GL
JE_0420202,JEL_0420869,invoice,INV_0420202,2025-06-02,2025-06,200000-ACCOUNTS-PAYABLE,0.00,7946.33,USD,Operations,CC-02-03,Invoice payable recognition,ERP-GL
JE_0420203,JEL_0420870,invoice,INV_0420203,2025-04-19,2025-04,660100-PEOPLE,1008.78,0.00,USD,People,CC-06-05,Invoice expense recognition,ERP-GL
JE_0420203,JEL_0420871,invoice,INV_0420203,2025-04-19,2025-04,660100-PEOPLE,5739.58,0.00,USD,People,CC-06-05,Invoice expense recognition,ERP-GL
JE_0420203,JEL_0420872,invoice,INV_0420203,2025-04-19,2025-04,141000-RECOVERABLE-TAX,674.84,0.00,USD,People,CC-06-05,Invoice tax recognition,ERP-GL
JE_0420203,JEL_0420873,invoice,INV_0420203,2025-04-19,2025-04,200000-ACCOUNTS-PAYABLE,0.00,7423.20,USD,People,CC-06-05,Invoice payable recognition,ERP-GL
JE_0420204,JEL_0420874,invoice,INV_0420204,2026-01-02,2026-01,640100-SALES,1191.57,0.00,USD,Sales,CC-04-11,Invoice expense recognition,ERP-GL
JE_0420204,JEL_0420875,invoice,INV_0420204,2026-01-02,2026-01,640100-SALES,956.25,0.00,USD,Sales,CC-04-11,Invoice expense recognition,ERP-GL
JE_0420204,JEL_0420876,invoice,INV_0420204,2026-01-02,2026-01,141000-RECOVERABLE-TAX,161.09,0.00,USD,Sales,CC-04-11,Invoice tax recognition,ERP-GL
JE_0420204,JEL_0420877,invoice,INV_0420204,2026-01-02,2026-01,200000-ACCOUNTS-PAYABLE,0.00,2308.91,USD,Sales,CC-04-11,Invoice payable recognition,ERP-GL
JE_0420205,JEL_0420878,invoice,INV_0420205,2026-02-08,2026-02,610100-ENGINEERING,1129.70,0.00,USD,Engineering,CC-01-03,Invoice expense recognition,ERP-GL
JE_0420205,JEL_0420879,invoice,INV_0420205,2026-02-08,2026-02,610100-ENGINEERING,854.92,0.00,USD,Engineering,CC-01-03,Invoice expense recognition,ERP-GL
JE_0420205,JEL_0420880,invoice,INV_0420205,2026-02-08,2026-02,200000-ACCOUNTS-PAYABLE,0.00,1984.62,USD,Engineering,CC-01-03,Invoice payable recognition,ERP-GL
JE_0420206,JEL_0420881,invoice,INV_0420206,2025-12-24,2025-12,660100-PEOPLE,144.04,0.00,CAD,People,CC-06-03,Invoice expense recognition,ERP-GL
JE_0420206,JEL_0420882,invoice,INV_0420206,2025-12-24,2025-12,660100-PEOPLE,205.59,0.00,CAD,People,CC-06-03,Invoice expense recognition,ERP-GL
JE_0420206,JEL_0420883,invoice,INV_0420206,2025-12-24,2025-12,660100-PEOPLE,465.84,0.00,CAD,People,CC-06-03,Invoice expense recognition,ERP-GL
JE_0420206,JEL_0420884,invoice,INV_0420206,2025-12-24,2025-12,141000-RECOVERABLE-TAX,61.16,0.00,CAD,People,CC-06-03,Invoice tax recognition,ERP-GL
JE_0420206,JEL_0420885,invoice,INV_0420206,2025-12-24,2025-12,200000-ACCOUNTS-PAYABLE,0.00,876.63,CAD,People,CC-06-03,Invoice payable recognition,ERP-GL
JE_0420207,JEL_0420886,invoice,INV_0420207,2025-09-21,2025-09,620100-OPERATIONS,4470.27,0.00,USD,Operations,CC-02-12,Invoice expense recognition,ERP-GL
JE_0420207,JEL_0420887,invoice,INV_0420207,2025-09-21,2025-09,141000-RECOVERABLE-TAX,335.27,0.00,USD,Operations,CC-02-12,Invoice tax recognition,ERP-GL
JE_0420207,JEL_0420888,invoice,INV_0420207,2025-09-21,2025-09,200000-ACCOUNTS-PAYABLE,0.00,4805.54,USD,Operations,CC-02-12,Invoice payable recognition,ERP-GL
JE_0420208,JEL_0420889,invoice,INV_0420208,2025-12-26,2025-12,670100-LEGAL,2104.90,0.00,USD,Legal,CC-07-02,Invoice expense recognition,ERP-GL
JE_0420208,JEL_0420890,invoice,INV_0420208,2025-12-26,2025-12,670100-LEGAL,930.16,0.00,USD,Legal,CC-07-02,Invoice expense recognition,ERP-GL
JE_0420208,JEL_0420891,invoice,INV_0420208,2025-12-26,2025-12,670100-LEGAL,4920.12,0.00,USD,Legal,CC-07-02,Invoice expense recognition,ERP-GL
JE_0420208,JEL_0420892,invoice,INV_0420208,2025-12-26,2025-12,200000-ACCOUNTS-PAYABLE,0.00,7955.18,USD,Legal,CC-07-02,Invoice payable recognition,ERP-GL
JE_0420209,JEL_0420893,invoice,INV_0420209,2025-12-17,2025-12,630100-FINANCE,986.26,0.00,USD,Finance,CC-03-04,Invoice expense recognition,ERP-GL
JE_0420209,JEL_0420894,invoice,INV_0420209,2025-12-17,2025-12,630100-FINANCE,1608.66,0.00,USD,Finance,CC-03-04,Invoice expense recognition,ERP-GL
JE_0420209,JEL_0420895,invoice,INV_0420209,2025-12-17,2025-12,141000-RECOVERABLE-TAX,194.62,0.00,USD,Finance,CC-03-04,Invoice tax recognition,ERP-GL
JE_0420209,JEL_0420896,invoice,INV_0420209,2025-12-17,2025-12,200000-ACCOUNTS-PAYABLE,0.00,2789.54,USD,Finance,CC-03-04,Invoice payable recognition,ERP-GL
JE_0420210,JEL_0420897,invoice,INV_0420210,2025-03-23,2025-03,620100-OPERATIONS,3351.50,0.00,USD,Operations,CC-02-06,Invoice expense recognition,ERP-GL
JE_0420210,JEL_0420898,invoice,INV_0420210,2025-03-23,2025-03,620100-OPERATIONS,1363.92,0.00,USD,Operations,CC-02-06,Invoice expense recognition,ERP-GL
JE_0420210,JEL_0420899,invoice,INV_0420210,2025-03-23,2025-03,141000-RECOVERABLE-TAX,353.66,0.00,USD,Operations,CC-02-06,Invoice tax recognition,ERP-GL
JE_0420210,JEL_0420900,invoice,INV_0420210,2025-03-23,2025-03,200000-ACCOUNTS-PAYABLE,0.00,5069.08,USD,Operations,CC-02-06,Invoice payable recognition,ERP-GL
JE_0420211,JEL_0420901,invoice,INV_0420211,2025-03-01,2025-03,620100-OPERATIONS,1665.68,0.00,USD,Operations,CC-02-06,Invoice expense recognition,ERP-GL
JE_0420211,JEL_0420902,invoice,INV_0420211,2025-03-01,2025-03,141000-RECOVERABLE-TAX,124.93,0.00,USD,Operations,CC-02-06,Invoice tax recognition,ERP-GL
JE_0420211,JEL_0420903,invoice,INV_0420211,2025-03-01,2025-03,200000-ACCOUNTS-PAYABLE,0.00,1790.61,USD,Operations,CC-02-06,Invoice payable recognition,ERP-GL
JE_0420212,JEL_0420904,invoice,INV_0420212,2025-10-19,2025-10,650100-MARKETING,6922.09,0.00,USD,Marketing,CC-05-04,Invoice expense recognition,ERP-GL
JE_0420212,JEL_0420905,invoice,INV_0420212,2025-10-19,2025-10,141000-RECOVERABLE-TAX,519.16,0.00,USD,Marketing,CC-05-04,Invoice tax recognition,ERP-GL
JE_0420212,JEL_0420906,invoice,INV_0420212,2025-10-19,2025-10,200000-ACCOUNTS-PAYABLE,0.00,7441.25,USD,Marketing,CC-05-04,Invoice payable recognition,ERP-GL
JE_0420213,JEL_0420907,invoice,INV_0420213,2026-06-10,2026-06,670100-LEGAL,4401.72,0.00,USD,Legal,CC-07-11,Invoice expense recognition,ERP-GL
JE_0420213,JEL_0420908,invoice,INV_0420213,2026-06-10,2026-06,670100-LEGAL,2631.28,0.00,USD,Legal,CC-07-11,Invoice expense recognition,ERP-GL
JE_0420213,JEL_0420909,invoice,INV_0420213,2026-06-10,2026-06,200000-ACCOUNTS-PAYABLE,0.00,7033.00,USD,Legal,CC-07-11,Invoice payable recognition,ERP-GL
JE_0420214,JEL_0420910,invoice,INV_0420214,2026-05-07,2026-05,640100-SALES,3137.67,0.00,USD,Sales,CC-04-02,Invoice expense recognition,ERP-GL
JE_0420214,JEL_0420911,invoice,INV_0420214,2026-05-07,2026-05,200000-ACCOUNTS-PAYABLE,0.00,3137.67,USD,Sales,CC-04-02,Invoice payable recognition,ERP-GL
JE_0420215,JEL_0420912,invoice,INV_0420215,2026-02-15,2026-02,680100-IT,305.50,0.00,USD,IT,CC-08-08,Invoice expense recognition,ERP-GL
JE_0420215,JEL_0420913,invoice,INV_0420215,2026-02-15,2026-02,680100-IT,1214.51,0.00,USD,IT,CC-08-08,Invoice expense recognition,ERP-GL
JE_0420215,JEL_0420914,invoice,INV_0420215,2026-02-15,2026-02,680100-IT,1689.45,0.00,USD,IT,CC-08-08,Invoice expense recognition,ERP-GL
JE_0420215,JEL_0420915,invoice,INV_0420215,2026-02-15,2026-02,680100-IT,528.72,0.00,USD,IT,CC-08-08,Invoice expense recognition,ERP-GL
JE_0420215,JEL_0420916,invoice,INV_0420215,2026-02-15,2026-02,141000-RECOVERABLE-TAX,280.36,0.00,USD,IT,CC-08-08,Invoice tax recognition,ERP-GL
JE_0420215,JEL_0420917,invoice,INV_0420215,2026-02-15,2026-02,200000-ACCOUNTS-PAYABLE,0.00,4018.54,USD,IT,CC-08-08,Invoice payable recognition,ERP-GL
JE_0420216,JEL_0420918,invoice,INV_0420216,2025-08-25,2025-08,650100-MARKETING,4836.24,0.00,EUR,Marketing,CC-05-10,Invoice expense recognition,ERP-GL
JE_0420216,JEL_0420919,invoice,INV_0420216,2025-08-25,2025-08,200000-ACCOUNTS-PAYABLE,0.00,4836.24,EUR,Marketing,CC-05-10,Invoice payable recognition,ERP-GL
JE_0420217,JEL_0420920,invoice,INV_0420217,2025-08-21,2025-08,610100-ENGINEERING,373.52,0.00,EUR,Engineering,CC-01-07,Invoice expense recognition,ERP-GL
JE_0420217,JEL_0420921,invoice,INV_0420217,2025-08-21,2025-08,610100-ENGINEERING,6087.18,0.00,EUR,Engineering,CC-01-07,Invoice expense recognition,ERP-GL
JE_0420217,JEL_0420922,invoice,INV_0420217,2025-08-21,2025-08,610100-ENGINEERING,5573.10,0.00,EUR,Engineering,CC-01-07,Invoice expense recognition,ERP-GL
JE_0420217,JEL_0420923,invoice,INV_0420217,2025-08-21,2025-08,141000-RECOVERABLE-TAX,902.54,0.00,EUR,Engineering,CC-01-07,Invoice tax recognition,ERP-GL
JE_0420217,JEL_0420924,invoice,INV_0420217,2025-08-21,2025-08,200000-ACCOUNTS-PAYABLE,0.00,12936.34,EUR,Engineering,CC-01-07,Invoice payable recognition,ERP-GL
JE_0420218,JEL_0420925,invoice,INV_0420218,2026-06-04,2026-06,630100-FINANCE,349.60,0.00,USD,Finance,CC-03-02,Invoice expense recognition,ERP-GL
JE_0420218,JEL_0420926,invoice,INV_0420218,2026-06-04,2026-06,630100-FINANCE,647.22,0.00,USD,Finance,CC-03-02,Invoice expense recognition,ERP-GL
JE_0420218,JEL_0420927,invoice,INV_0420218,2026-06-04,2026-06,630100-FINANCE,40.44,0.00,USD,Finance,CC-03-02,Invoice expense recognition,ERP-GL
JE_0420218,JEL_0420928,invoice,INV_0420218,2026-06-04,2026-06,630100-FINANCE,141.58,0.00,USD,Finance,CC-03-02,Invoice expense recognition,ERP-GL
JE_0420218,JEL_0420929,invoice,INV_0420218,2026-06-04,2026-06,200000-ACCOUNTS-PAYABLE,0.00,1178.84,USD,Finance,CC-03-02,Invoice payable recognition,ERP-GL
JE_0420219,JEL_0420930,invoice,INV_0420219,2025-06-01,2025-06,650100-MARKETING,745.44,0.00,USD,Marketing,CC-05-06,Invoice expense recognition,ERP-GL
JE_0420219,JEL_0420931,invoice,INV_0420219,2025-06-01,2025-06,650100-MARKETING,342.30,0.00,USD,Marketing,CC-05-06,Invoice expense recognition,ERP-GL
JE_0420219,JEL_0420932,invoice,INV_0420219,2025-06-01,2025-06,650100-MARKETING,2042.95,0.00,USD,Marketing,CC-05-06,Invoice expense recognition,ERP-GL
JE_0420219,JEL_0420933,invoice,INV_0420219,2025-06-01,2025-06,650100-MARKETING,7369.08,0.00,USD,Marketing,CC-05-06,Invoice expense recognition,ERP-GL
JE_0420219,JEL_0420934,invoice,INV_0420219,2025-06-01,2025-06,141000-RECOVERABLE-TAX,787.48,0.00,USD,Marketing,CC-05-06,Invoice tax recognition,ERP-GL
JE_0420219,JEL_0420935,invoice,INV_0420219,2025-06-01,2025-06,200000-ACCOUNTS-PAYABLE,0.00,11287.25,USD,Marketing,CC-05-06,Invoice payable recognition,ERP-GL
JE_0420220,JEL_0420936,invoice,INV_0420220,2026-03-06,2026-03,620100-OPERATIONS,986.60,0.00,USD,Operations,CC-02-07,Invoice expense recognition,ERP-GL
JE_0420220,JEL_0420937,invoice,INV_0420220,2026-03-06,2026-03,141000-RECOVERABLE-TAX,74.00,0.00,USD,Operations,CC-02-07,Invoice tax recognition,ERP-GL
JE_0420220,JEL_0420938,invoice,INV_0420220,2026-03-06,2026-03,200000-ACCOUNTS-PAYABLE,0.00,1060.60,USD,Operations,CC-02-07,Invoice payable recognition,ERP-GL
JE_0420221,JEL_0420939,invoice,INV_0420221,2025-04-17,2025-04,620100-OPERATIONS,3351.50,0.00,USD,Operations,CC-02-06,Invoice expense recognition,ERP-GL
JE_0420221,JEL_0420940,invoice,INV_0420221,2025-04-17,2025-04,620100-OPERATIONS,1363.92,0.00,USD,Operations,CC-02-06,Invoice expense recognition,ERP-GL
JE_0420221,JEL_0420941,invoice,INV_0420221,2025-04-17,2025-04,141000-RECOVERABLE-TAX,353.66,0.00,USD,Operations,CC-02-06,Invoice tax recognition,ERP-GL
JE_0420221,JEL_0420942,invoice,INV_0420221,2025-04-17,2025-04,200000-ACCOUNTS-PAYABLE,0.00,5069.08,USD,Operations,CC-02-06,Invoice payable recognition,ERP-GL
JE_0420222,JEL_0420943,invoice,INV_0420222,2026-03-01,2026-03,650100-MARKETING,577.10,0.00,USD,Marketing,CC-05-07,Invoice expense recognition,ERP-GL
JE_0420222,JEL_0420944,invoice,INV_0420222,2026-03-01,2026-03,650100-MARKETING,1687.28,0.00,USD,Marketing,CC-05-07,Invoice expense recognition,ERP-GL
JE_0420222,JEL_0420945,invoice,INV_0420222,2026-03-01,2026-03,650100-MARKETING,6677.85,0.00,USD,Marketing,CC-05-07,Invoice expense recognition,ERP-GL
JE_0420222,JEL_0420946,invoice,INV_0420222,2026-03-01,2026-03,141000-RECOVERABLE-TAX,670.67,0.00,USD,Marketing,CC-05-07,Invoice tax recognition,ERP-GL
JE_0420222,JEL_0420947,invoice,INV_0420222,2026-03-01,2026-03,200000-ACCOUNTS-PAYABLE,0.00,9612.90,USD,Marketing,CC-05-07,Invoice payable recognition,ERP-GL
JE_0420223,JEL_0420948,invoice,INV_0420223,2026-02-12,2026-02,660100-PEOPLE,441.84,0.00,EUR,People,CC-06-12,Invoice expense recognition,ERP-GL
JE_0420223,JEL_0420949,invoice,INV_0420223,2026-02-12,2026-02,141000-RECOVERABLE-TAX,44.18,0.00,EUR,People,CC-06-12,Invoice tax recognition,ERP-GL
JE_0420223,JEL_0420950,invoice,INV_0420223,2026-02-12,2026-02,200000-ACCOUNTS-PAYABLE,0.00,486.02,EUR,People,CC-06-12,Invoice payable recognition,ERP-GL
JE_0420224,JEL_0420951,invoice,INV_0420224,2025-11-17,2025-11,650100-MARKETING,1710.39,0.00,USD,Marketing,CC-05-08,Invoice expense recognition,ERP-GL
JE_0420224,JEL_0420952,invoice,INV_0420224,2025-11-17,2025-11,650100-MARKETING,8239.84,0.00,USD,Marketing,CC-05-08,Invoice expense recognition,ERP-GL
JE_0420224,JEL_0420953,invoice,INV_0420224,2025-11-17,2025-11,650100-MARKETING,255.60,0.00,USD,Marketing,CC-05-08,Invoice expense recognition,ERP-GL
JE_0420224,JEL_0420954,invoice,INV_0420224,2025-11-17,2025-11,141000-RECOVERABLE-TAX,765.44,0.00,USD,Marketing,CC-05-08,Invoice tax recognition,ERP-GL
JE_0420224,JEL_0420955,invoice,INV_0420224,2025-11-17,2025-11,200000-ACCOUNTS-PAYABLE,0.00,10971.27,USD,Marketing,CC-05-08,Invoice payable recognition,ERP-GL
JE_0420225,JEL_0420956,invoice,INV_0420225,2025-04-06,2025-04,640100-SALES,722.12,0.00,USD,Sales,CC-04-08,Invoice expense recognition,ERP-GL
JE_0420225,JEL_0420957,invoice,INV_0420225,2025-04-06,2025-04,141000-RECOVERABLE-TAX,54.16,0.00,USD,Sales,CC-04-08,Invoice tax recognition,ERP-GL
JE_0420225,JEL_0420958,invoice,INV_0420225,2025-04-06,2025-04,200000-ACCOUNTS-PAYABLE,0.00,776.28,USD,Sales,CC-04-08,Invoice payable recognition,ERP-GL
JE_0420226,JEL_0420959,invoice,INV_0420226,2025-06-13,2025-06,620100-OPERATIONS,698.32,0.00,USD,Operations,CC-02-05,Invoice expense recognition,ERP-GL
JE_0420226,JEL_0420960,invoice,INV_0420226,2025-06-13,2025-06,620100-OPERATIONS,633.78,0.00,USD,Operations,CC-02-05,Invoice expense recognition,ERP-GL
JE_0420226,JEL_0420961,invoice,INV_0420226,2025-06-13,2025-06,620100-OPERATIONS,2404.01,0.00,USD,Operations,CC-02-05,Invoice expense recognition,ERP-GL
JE_0420226,JEL_0420962,invoice,INV_0420226,2025-06-13,2025-06,200000-ACCOUNTS-PAYABLE,0.00,3736.11,USD,Operations,CC-02-05,Invoice payable recognition,ERP-GL
JE_0420227,JEL_0420963,invoice,INV_0420227,2026-04-14,2026-04,630100-FINANCE,5280.52,0.00,USD,Finance,CC-03-10,Invoice expense recognition,ERP-GL
JE_0420227,JEL_0420964,invoice,INV_0420227,2026-04-14,2026-04,141000-RECOVERABLE-TAX,528.05,0.00,USD,Finance,CC-03-10,Invoice tax recognition,ERP-GL
JE_0420227,JEL_0420965,invoice,INV_0420227,2026-04-14,2026-04,200000-ACCOUNTS-PAYABLE,0.00,5808.57,USD,Finance,CC-03-10,Invoice payable recognition,ERP-GL
JE_0420228,JEL_0420966,invoice,INV_0420228,2026-01-17,2026-01,680100-IT,3310.74,0.00,USD,IT,CC-08-09,Invoice expense recognition,ERP-GL
JE_0420228,JEL_0420967,invoice,INV_0420228,2026-01-17,2026-01,680100-IT,440.67,0.00,USD,IT,CC-08-09,Invoice expense recognition,ERP-GL
JE_0420228,JEL_0420968,invoice,INV_0420228,2026-01-17,2026-01,141000-RECOVERABLE-TAX,281.36,0.00,USD,IT,CC-08-09,Invoice tax recognition,ERP-GL
JE_0420228,JEL_0420969,invoice,INV_0420228,2026-01-17,2026-01,200000-ACCOUNTS-PAYABLE,0.00,4032.77,USD,IT,CC-08-09,Invoice payable recognition,ERP-GL
JE_0420229,JEL_0420970,invoice,INV_0420229,2025-12-26,2025-12,660100-PEOPLE,837.15,0.00,USD,People,CC-06-03,Invoice expense recognition,ERP-GL
JE_0420229,JEL_0420971,invoice,INV_0420229,2025-12-26,2025-12,660100-PEOPLE,280.68,0.00,USD,People,CC-06-03,Invoice expense recognition,ERP-GL
JE_0420229,JEL_0420972,invoice,INV_0420229,2025-12-26,2025-12,660100-PEOPLE,1788.35,0.00,USD,People,CC-06-03,Invoice expense recognition,ERP-GL
JE_0420229,JEL_0420973,invoice,INV_0420229,2025-12-26,2025-12,141000-RECOVERABLE-TAX,217.96,0.00,USD,People,CC-06-03,Invoice tax recognition,ERP-GL
JE_0420229,JEL_0420974,invoice,INV_0420229,2025-12-26,2025-12,200000-ACCOUNTS-PAYABLE,0.00,3124.14,USD,People,CC-06-03,Invoice payable recognition,ERP-GL
JE_0420230,JEL_0420975,invoice,INV_0420230,2025-08-20,2025-08,640100-SALES,1388.09,0.00,USD,Sales,CC-04-11,Invoice expense recognition,ERP-GL
JE_0420230,JEL_0420976,invoice,INV_0420230,2025-08-20,2025-08,141000-RECOVERABLE-TAX,104.11,0.00,USD,Sales,CC-04-11,Invoice tax recognition,ERP-GL
JE_0420230,JEL_0420977,invoice,INV_0420230,2025-08-20,2025-08,200000-ACCOUNTS-PAYABLE,0.00,1492.20,USD,Sales,CC-04-11,Invoice payable recognition,ERP-GL
JE_0420231,JEL_0420978,invoice,INV_0420231,2025-06-30,2025-06,610100-ENGINEERING,1269.80,0.00,USD,Engineering,CC-01-04,Invoice expense recognition,ERP-GL
JE_0420231,JEL_0420979,invoice,INV_0420231,2025-06-30,2025-06,610100-ENGINEERING,4123.08,0.00,USD,Engineering,CC-01-04,Invoice expense recognition,ERP-GL
JE_0420231,JEL_0420980,invoice,INV_0420231,2025-06-30,2025-06,200000-ACCOUNTS-PAYABLE,0.00,5392.88,USD,Engineering,CC-01-04,Invoice payable recognition,ERP-GL
JE_0420232,JEL_0420981,invoice,INV_0420232,2026-04-28,2026-04,650100-MARKETING,4289.10,0.00,USD,Marketing,CC-05-11,Invoice expense recognition,ERP-GL
JE_0420232,JEL_0420982,invoice,INV_0420232,2026-04-28,2026-04,650100-MARKETING,3130.70,0.00,USD,Marketing,CC-05-11,Invoice expense recognition,ERP-GL
JE_0420232,JEL_0420983,invoice,INV_0420232,2026-04-28,2026-04,200000-ACCOUNTS-PAYABLE,0.00,7419.80,USD,Marketing,CC-05-11,Invoice payable recognition,ERP-GL
JE_0420233,JEL_0420984,invoice,INV_0420233,2025-10-22,2025-10,650100-MARKETING,741.34,0.00,USD,Marketing,CC-05-11,Invoice expense recognition,ERP-GL
JE_0420233,JEL_0420985,invoice,INV_0420233,2025-10-22,2025-10,141000-RECOVERABLE-TAX,74.13,0.00,USD,Marketing,CC-05-11,Invoice tax recognition,ERP-GL
JE_0420233,JEL_0420986,invoice,INV_0420233,2025-10-22,2025-10,200000-ACCOUNTS-PAYABLE,0.00,815.47,USD,Marketing,CC-05-11,Invoice payable recognition,ERP-GL
JE_0420234,JEL_0420987,invoice,INV_0420234,2025-11-07,2025-11,640100-SALES,2226.44,0.00,USD,Sales,CC-04-03,Invoice expense recognition,ERP-GL
JE_0420234,JEL_0420988,invoice,INV_0420234,2025-11-07,2025-11,640100-SALES,462.10,0.00,USD,Sales,CC-04-03,Invoice expense recognition,ERP-GL
JE_0420234,JEL_0420989,invoice,INV_0420234,2025-11-07,2025-11,141000-RECOVERABLE-TAX,201.64,0.00,USD,Sales,CC-04-03,Invoice tax recognition,ERP-GL
JE_0420234,JEL_0420990,invoice,INV_0420234,2025-11-07,2025-11,200000-ACCOUNTS-PAYABLE,0.00,2890.18,USD,Sales,CC-04-03,Invoice payable recognition,ERP-GL
JE_0420235,JEL_0420991,invoice,INV_0420235,2025-10-31,2025-10,650100-MARKETING,2530.56,0.00,USD,Marketing,CC-05-07,Invoice expense recognition,ERP-GL
JE_0420235,JEL_0420992,invoice,INV_0420235,2025-10-31,2025-10,650100-MARKETING,481.60,0.00,USD,Marketing,CC-05-07,Invoice expense recognition,ERP-GL
JE_0420235,JEL_0420993,invoice,INV_0420235,2025-10-31,2025-10,141000-RECOVERABLE-TAX,301.22,0.00,USD,Marketing,CC-05-07,Invoice tax recognition,ERP-GL
JE_0420235,JEL_0420994,invoice,INV_0420235,2025-10-31,2025-10,200000-ACCOUNTS-PAYABLE,0.00,3313.38,USD,Marketing,CC-05-07,Invoice payable recognition,ERP-GL
JE_0420236,JEL_0420995,invoice,INV_0420236,2026-05-06,2026-05,660100-PEOPLE,1171.92,0.00,USD,People,CC-06-09,Invoice expense recognition,ERP-GL
JE_0420236,JEL_0420996,invoice,INV_0420236,2026-05-06,2026-05,660100-PEOPLE,334.80,0.00,USD,People,CC-06-09,Invoice expense recognition,ERP-GL
JE_0420236,JEL_0420997,invoice,INV_0420236,2026-05-06,2026-05,200000-ACCOUNTS-PAYABLE,0.00,1506.72,USD,People,CC-06-09,Invoice payable recognition,ERP-GL
JE_0420237,JEL_0420998,invoice,INV_0420237,2025-07-09,2025-07,660100-PEOPLE,415.98,0.00,USD,People,CC-06-11,Invoice expense recognition,ERP-GL
JE_0420237,JEL_0420999,invoice,INV_0420237,2025-07-09,2025-07,141000-RECOVERABLE-TAX,31.20,0.00,USD,People,CC-06-11,Invoice tax recognition,ERP-GL
JE_0420237,JEL_0421000,invoice,INV_0420237,2025-07-09,2025-07,200000-ACCOUNTS-PAYABLE,0.00,447.18,USD,People,CC-06-11,Invoice payable recognition,ERP-GL
JE_0420238,JEL_0421001,invoice,INV_0420238,2025-09-25,2025-09,650100-MARKETING,2722.40,0.00,USD,Marketing,CC-05-08,Invoice expense recognition,ERP-GL
JE_0420238,JEL_0421002,invoice,INV_0420238,2025-09-25,2025-09,650100-MARKETING,1697.74,0.00,USD,Marketing,CC-05-08,Invoice expense recognition,ERP-GL
JE_0420238,JEL_0421003,invoice,INV_0420238,2025-09-25,2025-09,650100-MARKETING,721.60,0.00,USD,Marketing,CC-05-08,Invoice expense recognition,ERP-GL
JE_0420238,JEL_0421004,invoice,INV_0420238,2025-09-25,2025-09,200000-ACCOUNTS-PAYABLE,0.00,5141.74,USD,Marketing,CC-05-08,Invoice payable recognition,ERP-GL
JE_0420239,JEL_0421005,invoice,INV_0420239,2026-01-28,2026-01,670100-LEGAL,2104.90,0.00,USD,Legal,CC-07-02,Invoice expense recognition,ERP-GL
JE_0420239,JEL_0421006,invoice,INV_0420239,2026-01-28,2026-01,670100-LEGAL,930.16,0.00,USD,Legal,CC-07-02,Invoice expense recognition,ERP-GL
JE_0420239,JEL_0421007,invoice,INV_0420239,2026-01-28,2026-01,670100-LEGAL,4920.12,0.00,USD,Legal,CC-07-02,Invoice expense recognition,ERP-GL
JE_0420239,JEL_0421008,invoice,INV_0420239,2026-01-28,2026-01,200000-ACCOUNTS-PAYABLE,0.00,7955.18,USD,Legal,CC-07-02,Invoice payable recognition,ERP-GL
JE_0420240,JEL_0421009,invoice,INV_0420240,2025-09-07,2025-09,610100-ENGINEERING,3552.36,0.00,USD,Engineering,CC-01-01,Invoice expense recognition,ERP-GL
JE_0420240,JEL_0421010,invoice,INV_0420240,2025-09-07,2025-09,610100-ENGINEERING,1731.25,0.00,USD,Engineering,CC-01-01,Invoice expense recognition,ERP-GL
JE_0420240,JEL_0421011,invoice,INV_0420240,2025-09-07,2025-09,610100-ENGINEERING,901.32,0.00,USD,Engineering,CC-01-01,Invoice expense recognition,ERP-GL
JE_0420240,JEL_0421012,invoice,INV_0420240,2025-09-07,2025-09,610100-ENGINEERING,1889.44,0.00,USD,Engineering,CC-01-01,Invoice expense recognition,ERP-GL
JE_0420240,JEL_0421013,invoice,INV_0420240,2025-09-07,2025-09,141000-RECOVERABLE-TAX,605.58,0.00,USD,Engineering,CC-01-01,Invoice tax recognition,ERP-GL
JE_0420240,JEL_0421014,invoice,INV_0420240,2025-09-07,2025-09,200000-ACCOUNTS-PAYABLE,0.00,8679.95,USD,Engineering,CC-01-01,Invoice payable recognition,ERP-GL
JE_0420241,JEL_0421015,payment,PAY_0420001,2026-05-13,2026-05,200000-ACCOUNTS-PAYABLE,5866.68,0.00,EUR,Finance,CC-03-01,Payment clears payable,ERP-GL
JE_0420241,JEL_0421016,payment,PAY_0420001,2026-05-13,2026-05,100000-CASH,0.00,5866.68,EUR,Finance,CC-03-01,Payment cash disbursement,ERP-GL
JE_0420242,JEL_0421017,payment,PAY_0420002,2026-03-06,2026-03,200000-ACCOUNTS-PAYABLE,2420.95,0.00,USD,Finance,CC-03-01,Payment clears payable,ERP-GL
JE_0420242,JEL_0421018,payment,PAY_0420002,2026-03-06,2026-03,100000-CASH,0.00,2420.95,USD,Finance,CC-03-01,Payment cash disbursement,ERP-GL
JE_0420243,JEL_0421019,payment,PAY_0420003,2026-03-09,2026-03,200000-ACCOUNTS-PAYABLE,1613.96,0.00,USD,Finance,CC-03-01,Payment clears payable,ERP-GL
JE_0420243,JEL_0421020,payment,PAY_0420003,2026-03-09,2026-03,100000-CASH,0.00,1613.96,USD,Finance,CC-03-01,Payment cash disbursement,ERP-GL
JE_0420244,JEL_0421021,payment,PAY_0420004,2025-10-06,2025-10,200000-ACCOUNTS-PAYABLE,5207.97,0.00,USD,Finance,CC-03-01,Payment clears payable,ERP-GL
JE_0420244,JEL_0421022,payment,PAY_0420004,2025-10-06,2025-10,100000-CASH,0.00,5207.97,USD,Finance,CC-03-01,Payment cash disbursement,ERP-GL
JE_0420245,JEL_0421023,payment,PAY_0420005,2025-10-09,2025-10,200000-ACCOUNTS-PAYABLE,3471.98,0.00,USD,Finance,CC-03-01,Payment clears payable,ERP-GL
JE_0420245,JEL_0421024,payment,PAY_0420005,2025-10-09,2025-10,100000-CASH,0.00,3471.98,USD,Finance,CC-03-01,Payment cash disbursement,ERP-GL
JE_0420246,JEL_0421025,payment,PAY_0420006,2025-08-17,2025-08,200000-ACCOUNTS-PAYABLE,2002.75,0.00,USD,Finance,CC-03-01,Payment clears payable,ERP-GL
JE_0420246,JEL_0421026,payment,PAY_0420006,2025-08-17,2025-08,100000-CASH,0.00,2002.75,USD,Finance,CC-03-01,Payment cash disbursement,ERP-GL
JE_0420247,JEL_0421027,payment,PAY_0420007,2025-08-20,2025-08,200000-ACCOUNTS-PAYABLE,1384.56,0.00,USD,Finance,CC-03-01,Payment clears payable,ERP-GL
JE_0420247,JEL_0421028,payment,PAY_0420007,2025-08-20,2025-08,100000-CASH,0.00,1384.56,USD,Finance,CC-03-01,Payment cash disbursement,ERP-GL
JE_0420248,JEL_0421029,payment,PAY_0420008,2026-06-08,2026-06,200000-ACCOUNTS-PAYABLE,4724.01,0.00,USD,Finance,CC-03-01,Payment clears payable,ERP-GL
JE_0420248,JEL_0421030,payment,PAY_0420008,2026-06-08,2026-06,100000-CASH,0.00,4724.01,USD,Finance,CC-03-01,Payment cash disbursement,ERP-GL
JE_0420249,JEL_0421031,payment,PAY_0420009,2026-06-11,2026-06,200000-ACCOUNTS-PAYABLE,3149.34,0.00,USD,Finance,CC-03-01,Payment clears payable,ERP-GL
JE_0420249,JEL_0421032,payment,PAY_0420009,2026-06-11,2026-06,100000-CASH,0.00,3149.34,USD,Finance,CC-03-01,Payment cash disbursement,ERP-GL
JE_0420250,JEL_0421033,payment,PAY_0420010,2025-05-01,2025-05,200000-ACCOUNTS-PAYABLE,5785.48,0.00,USD,Finance,CC-03-01,Payment clears payable,ERP-GL
JE_0420250,JEL_0421034,payment,PAY_0420010,2025-05-01,2025-05,100000-CASH,0.00,5785.48,USD,Finance,CC-03-01,Payment cash disbursement,ERP-GL
JE_0420251,JEL_0421035,payment,PAY_0420011,2025-09-08,2025-09,200000-ACCOUNTS-PAYABLE,8679.95,0.00,USD,Finance,CC-03-01,Payment clears payable,ERP-GL
JE_0420251,JEL_0421036,payment,PAY_0420011,2025-09-08,2025-09,100000-CASH,0.00,8679.95,USD,Finance,CC-03-01,Payment cash disbursement,ERP-GL
JE_0420252,JEL_0421037,payment,PAY_0420012,2025-07-27,2025-07,200000-ACCOUNTS-PAYABLE,927.65,0.00,USD,Finance,CC-03-01,Payment clears payable,ERP-GL
JE_0420252,JEL_0421038,payment,PAY_0420012,2025-07-27,2025-07,100000-CASH,0.00,927.65,USD,Finance,CC-03-01,Payment cash disbursement,ERP-GL
JE_0420253,JEL_0421039,payment,PAY_0420013,2025-07-30,2025-07,200000-ACCOUNTS-PAYABLE,618.43,0.00,USD,Finance,CC-03-01,Payment clears payable,ERP-GL
JE_0420253,JEL_0421040,payment,PAY_0420013,2025-07-30,2025-07,100000-CASH,0.00,618.43,USD,Finance,CC-03-01,Payment cash disbursement,ERP-GL
JE_0420254,JEL_0421041,payment,PAY_0420014,2025-03-21,2025-03,200000-ACCOUNTS-PAYABLE,1843.20,0.00,USD,Finance,CC-03-01,Payment clears payable,ERP-GL
JE_0420254,JEL_0421042,payment,PAY_0420014,2025-03-21,2025-03,100000-CASH,0.00,1843.20,USD,Finance,CC-03-01,Payment cash disbursement,ERP-GL
JE_0420255,JEL_0421043,payment,PAY_0420015,2025-06-25,2025-06,200000-ACCOUNTS-PAYABLE,8809.48,0.00,USD,Finance,CC-03-01,Payment clears payable,ERP-GL
JE_0420255,JEL_0421044,payment,PAY_0420015,2025-06-25,2025-06,100000-CASH,0.00,8809.48,USD,Finance,CC-03-01,Payment cash disbursement,ERP-GL
JE_0420256,JEL_0421045,payment,PAY_0420016,2026-03-28,2026-03,200000-ACCOUNTS-PAYABLE,14060.48,0.00,USD,Finance,CC-03-01,Payment clears payable,ERP-GL
JE_0420256,JEL_0421046,payment,PAY_0420016,2026-03-28,2026-03,100000-CASH,0.00,14060.48,USD,Finance,CC-03-01,Payment cash disbursement,ERP-GL
JE_0420257,JEL_0421047,payment,PAY_0420017,2026-04-01,2026-04,200000-ACCOUNTS-PAYABLE,9373.66,0.00,USD,Finance,CC-03-01,Payment clears payable,ERP-GL
JE_0420257,JEL_0421048,payment,PAY_0420017,2026-04-01,2026-04,100000-CASH,0.00,9373.66,USD,Finance,CC-03-01,Payment cash disbursement,ERP-GL
JE_0420258,JEL_0421049,payment,PAY_0420018,2026-04-03,2026-04,200000-ACCOUNTS-PAYABLE,958.96,0.00,USD,Finance,CC-03-01,Payment clears payable,ERP-GL
JE_0420258,JEL_0421050,payment,PAY_0420018,2026-04-03,2026-04,100000-CASH,0.00,958.96,USD,Finance,CC-03-01,Payment cash disbursement,ERP-GL
JE_0420259,JEL_0421051,payment,PAY_0420019,2025-11-11,2025-11,200000-ACCOUNTS-PAYABLE,2526.42,0.00,USD,Finance,CC-03-01,Payment clears payable,ERP-GL
JE_0420259,JEL_0421052,payment,PAY_0420019,2025-11-11,2025-11,100000-CASH,0.00,2526.42,USD,Finance,CC-03-01,Payment cash disbursement,ERP-GL
JE_0420260,JEL_0421053,payment,PAY_0420020,2025-03-22,2025-03,200000-ACCOUNTS-PAYABLE,1006.54,0.00,USD,Finance,CC-03-01,Payment clears payable,ERP-GL
JE_0420260,JEL_0421054,payment,PAY_0420020,2025-03-22,2025-03,100000-CASH,0.00,1006.54,USD,Finance,CC-03-01,Payment cash disbursement,ERP-GL
JE_0420261,JEL_0421055,payment,PAY_0420021,2025-03-25,2025-03,200000-ACCOUNTS-PAYABLE,671.03,0.00,USD,Finance,CC-03-01,Payment clears payable,ERP-GL
JE_0420261,JEL_0421056,payment,PAY_0420021,2025-03-25,2025-03,100000-CASH,0.00,671.03,USD,Finance,CC-03-01,Payment cash disbursement,ERP-GL
JE_0420262,JEL_0421057,payment,PAY_0420022,2026-06-09,2026-06,200000-ACCOUNTS-PAYABLE,6284.17,0.00,EUR,Finance,CC-03-01,Payment clears payable,ERP-GL
JE_0420262,JEL_0421058,payment,PAY_0420022,2026-06-09,2026-06,100000-CASH,0.00,6284.17,EUR,Finance,CC-03-01,Payment cash disbursement,ERP-GL
JE_0420263,JEL_0421059,payment,PAY_0420023,2025-10-13,2025-10,200000-ACCOUNTS-PAYABLE,3185.56,0.00,USD,Finance,CC-03-01,Payment clears payable,ERP-GL
JE_0420263,JEL_0421060,payment,PAY_0420023,2025-10-13,2025-10,100000-CASH,0.00,3185.56,USD,Finance,CC-03-01,Payment cash disbursement,ERP-GL
JE_0420264,JEL_0421061,payment,PAY_0420024,2026-01-30,2026-01,200000-ACCOUNTS-PAYABLE,1755.82,0.00,USD,Finance,CC-03-01,Payment clears payable,ERP-GL
JE_0420264,JEL_0421062,payment,PAY_0420024,2026-01-30,2026-01,100000-CASH,0.00,1755.82,USD,Finance,CC-03-01,Payment cash disbursement,ERP-GL
JE_0420265,JEL_0421063,payment,PAY_0420025,2025-08-20,2025-08,200000-ACCOUNTS-PAYABLE,3148.92,0.00,EUR,Finance,CC-03-01,Payment clears payable,ERP-GL
JE_0420265,JEL_0421064,payment,PAY_0420025,2025-08-20,2025-08,100000-CASH,0.00,3148.92,EUR,Finance,CC-03-01,Payment cash disbursement,ERP-GL
JE_0420266,JEL_0421065,payment,PAY_0420026,2025-03-26,2025-03,200000-ACCOUNTS-PAYABLE,1790.61,0.00,USD,Finance,CC-03-01,Payment clears payable,ERP-GL
JE_0420266,JEL_0421066,payment,PAY_0420026,2025-03-26,2025-03,100000-CASH,0.00,1790.61,USD,Finance,CC-03-01,Payment cash disbursement,ERP-GL
JE_0420267,JEL_0421067,payment,PAY_0420027,2025-12-11,2025-12,200000-ACCOUNTS-PAYABLE,1451.18,0.00,USD,Finance,CC-03-01,Payment clears payable,ERP-GL
JE_0420267,JEL_0421068,payment,PAY_0420027,2025-12-11,2025-12,100000-CASH,0.00,1451.18,USD,Finance,CC-03-01,Payment cash disbursement,ERP-GL
JE_0420268,JEL_0421069,payment,PAY_0420028,2026-05-04,2026-05,200000-ACCOUNTS-PAYABLE,5080.33,0.00,USD,Finance,CC-03-01,Payment clears payable,ERP-GL
JE_0420268,JEL_0421070,payment,PAY_0420028,2026-05-04,2026-05,100000-CASH,0.00,5080.33,USD,Finance,CC-03-01,Payment cash disbursement,ERP-GL
JE_0420269,JEL_0421071,payment,PAY_0420029,2026-06-15,2026-06,200000-ACCOUNTS-PAYABLE,1520.94,0.00,USD,Finance,CC-03-01,Payment clears payable,ERP-GL
JE_0420269,JEL_0421072,payment,PAY_0420029,2026-06-15,2026-06,100000-CASH,0.00,1520.94,USD,Finance,CC-03-01,Payment cash disbursement,ERP-GL
JE_0420270,JEL_0421073,payment,PAY_0420030,2025-03-15,2025-03,200000-ACCOUNTS-PAYABLE,21517.18,0.00,USD,Finance,CC-03-01,Payment clears payable,ERP-GL
JE_0420270,JEL_0421074,payment,PAY_0420030,2025-03-15,2025-03,100000-CASH,0.00,21517.18,USD,Finance,CC-03-01,Payment cash disbursement,ERP-GL
JE_0420271,JEL_0421075,payment,PAY_0420031,2025-07-21,2025-07,200000-ACCOUNTS-PAYABLE,2893.51,0.00,USD,Finance,CC-03-01,Payment clears payable,ERP-GL
JE_0420271,JEL_0421076,payment,PAY_0420031,2025-07-21,2025-07,100000-CASH,0.00,2893.51,USD,Finance,CC-03-01,Payment cash disbursement,ERP-GL
JE_0420272,JEL_0421077,payment,PAY_0420032,2025-06-01,2025-06,200000-ACCOUNTS-PAYABLE,6030.42,0.00,USD,Finance,CC-03-01,Payment clears payable,ERP-GL
JE_0420272,JEL_0421078,payment,PAY_0420032,2025-06-01,2025-06,100000-CASH,0.00,6030.42,USD,Finance,CC-03-01,Payment cash disbursement,ERP-GL
JE_0420273,JEL_0421079,payment,PAY_0420033,2026-06-15,2026-06,200000-ACCOUNTS-PAYABLE,973.75,0.00,USD,Finance,CC-03-01,Payment clears payable,ERP-GL
JE_0420273,JEL_0421080,payment,PAY_0420033,2026-06-15,2026-06,100000-CASH,0.00,973.75,USD,Finance,CC-03-01,Payment cash disbursement,ERP-GL
JE_0420274,JEL_0421081,payment,PAY_0420034,2025-10-27,2025-10,200000-ACCOUNTS-PAYABLE,1528.97,0.00,USD,Finance,CC-03-01,Payment clears payable,ERP-GL
JE_0420274,JEL_0421082,payment,PAY_0420034,2025-10-27,2025-10,100000-CASH,0.00,1528.97,USD,Finance,CC-03-01,Payment cash disbursement,ERP-GL
JE_0420275,JEL_0421083,payment,PAY_0420035,2025-05-25,2025-05,200000-ACCOUNTS-PAYABLE,1415.90,0.00,USD,Finance,CC-03-01,Payment clears payable,ERP-GL
JE_0420275,JEL_0421084,payment,PAY_0420035,2025-05-25,2025-05,100000-CASH,0.00,1415.90,USD,Finance,CC-03-01,Payment cash disbursement,ERP-GL
JE_0420276,JEL_0421085,payment,PAY_0420036,2025-04-20,2025-04,200000-ACCOUNTS-PAYABLE,203.62,0.00,USD,Finance,CC-03-01,Payment clears payable,ERP-GL
JE_0420276,JEL_0421086,payment,PAY_0420036,2025-04-20,2025-04,100000-CASH,0.00,203.62,USD,Finance,CC-03-01,Payment cash disbursement,ERP-GL
JE_0420277,JEL_0421087,payment,PAY_0420037,2026-02-12,2026-02,200000-ACCOUNTS-PAYABLE,4876.95,0.00,USD,Finance,CC-03-01,Payment clears payable,ERP-GL
JE_0420277,JEL_0421088,payment,PAY_0420037,2026-02-12,2026-02,100000-CASH,0.00,4876.95,USD,Finance,CC-03-01,Payment cash disbursement,ERP-GL
JE_0420278,JEL_0421089,payment,PAY_0420038,2026-04-27,2026-04,200000-ACCOUNTS-PAYABLE,23434.14,0.00,USD,Finance,CC-03-01,Payment clears payable,ERP-GL
JE_0420278,JEL_0421090,payment,PAY_0420038,2026-04-27,2026-04,100000-CASH,0.00,23434.14,USD,Finance,CC-03-01,Payment cash disbursement,ERP-GL
JE_0420279,JEL_0421091,payment,PAY_0420039,2025-11-21,2025-11,200000-ACCOUNTS-PAYABLE,1810.73,0.00,USD,Finance,CC-03-01,Payment clears payable,ERP-GL
JE_0420279,JEL_0421092,payment,PAY_0420039,2025-11-21,2025-11,100000-CASH,0.00,1810.73,USD,Finance,CC-03-01,Payment cash disbursement,ERP-GL
JE_0420280,JEL_0421093,payment,PAY_0420040,2026-06-06,2026-06,200000-ACCOUNTS-PAYABLE,3137.67,0.00,USD,Finance,CC-03-01,Payment clears payable,ERP-GL
JE_0420280,JEL_0421094,payment,PAY_0420040,2026-06-06,2026-06,100000-CASH,0.00,3137.67,USD,Finance,CC-03-01,Payment cash disbursement,ERP-GL
JE_0420281,JEL_0421095,payment,PAY_0420041,2025-10-26,2025-10,200000-ACCOUNTS-PAYABLE,505.93,0.00,USD,Finance,CC-03-01,Payment clears payable,ERP-GL
JE_0420281,JEL_0421096,payment,PAY_0420041,2025-10-26,2025-10,100000-CASH,0.00,505.93,USD,Finance,CC-03-01,Payment cash disbursement,ERP-GL
JE_0420282,JEL_0421097,payment,PAY_0420042,2025-10-29,2025-10,200000-ACCOUNTS-PAYABLE,337.29,0.00,USD,Finance,CC-03-01,Payment clears payable,ERP-GL
JE_0420282,JEL_0421098,payment,PAY_0420042,2025-10-29,2025-10,100000-CASH,0.00,337.29,USD,Finance,CC-03-01,Payment cash disbursement,ERP-GL
JE_0420283,JEL_0421099,payment,PAY_0420043,2026-05-12,2026-05,200000-ACCOUNTS-PAYABLE,2381.15,0.00,USD,Finance,CC-03-01,Payment clears payable,ERP-GL
JE_0420283,JEL_0421100,payment,PAY_0420043,2026-05-12,2026-05,100000-CASH,0.00,2381.15,USD,Finance,CC-03-01,Payment cash disbursement,ERP-GL
JE_0420284,JEL_0421101,payment,PAY_0420044,2025-12-02,2025-12,200000-ACCOUNTS-PAYABLE,2833.54,0.00,USD,Finance,CC-03-01,Payment clears payable,ERP-GL
JE_0420284,JEL_0421102,payment,PAY_0420044,2025-12-02,2025-12,100000-CASH,0.00,2833.54,USD,Finance,CC-03-01,Payment cash disbursement,ERP-GL
JE_0420285,JEL_0421103,payment,PAY_0420045,2026-03-07,2026-03,200000-ACCOUNTS-PAYABLE,1984.62,0.00,USD,Finance,CC-03-01,Payment clears payable,ERP-GL
JE_0420285,JEL_0421104,payment,PAY_0420045,2026-03-07,2026-03,100000-CASH,0.00,1984.62,USD,Finance,CC-03-01,Payment cash disbursement,ERP-GL
JE_0420286,JEL_0421105,payment,PAY_0420046,2026-02-04,2026-02,200000-ACCOUNTS-PAYABLE,3660.16,0.00,GBP,Finance,CC-03-01,Payment clears payable,ERP-GL
JE_0420286,JEL_0421106,payment,PAY_0420046,2026-02-04,2026-02,100000-CASH,0.00,3660.16,GBP,Finance,CC-03-01,Payment cash disbursement,ERP-GL
JE_0420287,JEL_0421107,payment,PAY_0420047,2026-06-29,2026-06,200000-ACCOUNTS-PAYABLE,8809.73,0.00,USD,Finance,CC-03-01,Payment clears payable,ERP-GL
JE_0420287,JEL_0421108,payment,PAY_0420047,2026-06-29,2026-06,100000-CASH,0.00,8809.73,USD,Finance,CC-03-01,Payment cash disbursement,ERP-GL
JE_0420288,JEL_0421109,payment,PAY_0420048,2026-05-29,2026-05,200000-ACCOUNTS-PAYABLE,5230.21,0.00,USD,Finance,CC-03-01,Payment clears payable,ERP-GL
JE_0420288,JEL_0421110,payment,PAY_0420048,2026-05-29,2026-05,100000-CASH,0.00,5230.21,USD,Finance,CC-03-01,Payment cash disbursement,ERP-GL
JE_0420289,JEL_0421111,payment,PAY_0420049,2025-11-14,2025-11,200000-ACCOUNTS-PAYABLE,3313.38,0.00,USD,Finance,CC-03-01,Payment clears payable,ERP-GL
JE_0420289,JEL_0421112,payment,PAY_0420049,2025-11-14,2025-11,100000-CASH,0.00,3313.38,USD,Finance,CC-03-01,Payment cash disbursement,ERP-GL
JE_0420290,JEL_0421113,payment,PAY_0420050,2025-03-12,2025-03,200000-ACCOUNTS-PAYABLE,5523.02,0.00,USD,Finance,CC-03-01,Payment clears payable,ERP-GL
JE_0420290,JEL_0421114,payment,PAY_0420050,2025-03-12,2025-03,100000-CASH,0.00,5523.02,USD,Finance,CC-03-01,Payment cash disbursement,ERP-GL
JE_0420291,JEL_0421115,payment,PAY_0420051,2026-02-26,2026-02,200000-ACCOUNTS-PAYABLE,2760.19,0.00,EUR,Finance,CC-03-01,Payment clears payable,ERP-GL
JE_0420291,JEL_0421116,payment,PAY_0420051,2026-02-26,2026-02,100000-CASH,0.00,2760.19,EUR,Finance,CC-03-01,Payment cash disbursement,ERP-GL
JE_0420292,JEL_0421117,payment,PAY_0420052,2026-05-11,2026-05,200000-ACCOUNTS-PAYABLE,32181.07,0.00,GBP,Finance,CC-03-01,Payment clears payable,ERP-GL
JE_0420292,JEL_0421118,payment,PAY_0420052,2026-05-11,2026-05,100000-CASH,0.00,32181.07,GBP,Finance,CC-03-01,Payment cash disbursement,ERP-GL
JE_0420293,JEL_0421119,payment,PAY_0420053,2025-06-01,2025-06,200000-ACCOUNTS-PAYABLE,776.28,0.00,USD,Finance,CC-03-01,Payment clears payable,ERP-GL
JE_0420293,JEL_0421120,payment,PAY_0420053,2025-06-01,2025-06,100000-CASH,0.00,776.28,USD,Finance,CC-03-01,Payment cash disbursement,ERP-GL
JE_0420294,JEL_0421121,payment,PAY_0420054,2026-06-14,2026-06,200000-ACCOUNTS-PAYABLE,781.96,0.00,USD,Finance,CC-03-01,Payment clears payable,ERP-GL
JE_0420294,JEL_0421122,payment,PAY_0420054,2026-06-14,2026-06,100000-CASH,0.00,781.96,USD,Finance,CC-03-01,Payment cash disbursement,ERP-GL
JE_0420295,JEL_0421123,payment,PAY_0420055,2025-06-02,2025-06,200000-ACCOUNTS-PAYABLE,7946.33,0.00,USD,Finance,CC-03-01,Payment clears payable,ERP-GL
JE_0420295,JEL_0421124,payment,PAY_0420055,2025-06-02,2025-06,100000-CASH,0.00,7946.33,USD,Finance,CC-03-01,Payment cash disbursement,ERP-GL
JE_0420296,JEL_0421125,payment,PAY_0420056,2026-02-02,2026-02,200000-ACCOUNTS-PAYABLE,9351.96,0.00,USD,Finance,CC-03-01,Payment clears payable,ERP-GL
JE_0420296,JEL_0421126,payment,PAY_0420056,2026-02-02,2026-02,100000-CASH,0.00,9351.96,USD,Finance,CC-03-01,Payment cash disbursement,ERP-GL
JE_0420297,JEL_0421127,payment,PAY_0420057,2025-03-05,2025-03,200000-ACCOUNTS-PAYABLE,3853.41,0.00,USD,Finance,CC-03-01,Payment clears payable,ERP-GL
JE_0420297,JEL_0421128,payment,PAY_0420057,2025-03-05,2025-03,100000-CASH,0.00,3853.41,USD,Finance,CC-03-01,Payment cash disbursement,ERP-GL
JE_0420298,JEL_0421129,payment,PAY_0420058,2025-03-08,2025-03,200000-ACCOUNTS-PAYABLE,2568.94,0.00,USD,Finance,CC-03-01,Payment clears payable,ERP-GL
JE_0420298,JEL_0421130,payment,PAY_0420058,2025-03-08,2025-03,100000-CASH,0.00,2568.94,USD,Finance,CC-03-01,Payment cash disbursement,ERP-GL
JE_0420299,JEL_0421131,payment,PAY_0420059,2025-04-29,2025-04,200000-ACCOUNTS-PAYABLE,4453.92,0.00,USD,Finance,CC-03-01,Payment clears payable,ERP-GL
JE_0420299,JEL_0421132,payment,PAY_0420059,2025-04-29,2025-04,100000-CASH,0.00,4453.92,USD,Finance,CC-03-01,Payment cash disbursement,ERP-GL
JE_0420300,JEL_0421133,payment,PAY_0420060,2025-05-02,2025-05,200000-ACCOUNTS-PAYABLE,2969.28,0.00,USD,Finance,CC-03-01,Payment clears payable,ERP-GL
JE_0420300,JEL_0421134,payment,PAY_0420060,2025-05-02,2025-05,100000-CASH,0.00,2969.28,USD,Finance,CC-03-01,Payment cash disbursement,ERP-GL
JE_0420301,JEL_0421135,payment,PAY_0420061,2026-04-23,2026-04,200000-ACCOUNTS-PAYABLE,4689.10,0.00,USD,Finance,CC-03-01,Payment clears payable,ERP-GL
JE_0420301,JEL_0421136,payment,PAY_0420061,2026-04-23,2026-04,100000-CASH,0.00,4689.10,USD,Finance,CC-03-01,Payment cash disbursement,ERP-GL
JE_0420302,JEL_0421137,payment,PAY_0420062,2025-07-17,2025-07,200000-ACCOUNTS-PAYABLE,4382.69,0.00,USD,Finance,CC-03-01,Payment clears payable,ERP-GL
JE_0420302,JEL_0421138,payment,PAY_0420062,2025-07-17,2025-07,100000-CASH,0.00,4382.69,USD,Finance,CC-03-01,Payment cash disbursement,ERP-GL
JE_0420303,JEL_0421139,payment,PAY_0420063,2025-11-30,2025-11,200000-ACCOUNTS-PAYABLE,10971.27,0.00,USD,Finance,CC-03-01,Payment clears payable,ERP-GL
JE_0420303,JEL_0421140,payment,PAY_0420063,2025-11-30,2025-11,100000-CASH,0.00,10971.27,USD,Finance,CC-03-01,Payment cash disbursement,ERP-GL
JE_0420304,JEL_0421141,payment,PAY_0420064,2025-10-29,2025-10,200000-ACCOUNTS-PAYABLE,9341.90,0.00,USD,Finance,CC-03-01,Payment clears payable,ERP-GL
JE_0420304,JEL_0421142,payment,PAY_0420064,2025-10-29,2025-10,100000-CASH,0.00,9341.90,USD,Finance,CC-03-01,Payment cash disbursement,ERP-GL
JE_0420305,JEL_0421143,payment,PAY_0420065,2026-02-27,2026-02,200000-ACCOUNTS-PAYABLE,1144.79,0.00,USD,Finance,CC-03-01,Payment clears payable,ERP-GL
JE_0420305,JEL_0421144,payment,PAY_0420065,2026-02-27,2026-02,100000-CASH,0.00,1144.79,USD,Finance,CC-03-01,Payment cash disbursement,ERP-GL
JE_0420306,JEL_0421145,payment,PAY_0420066,2026-06-15,2026-06,200000-ACCOUNTS-PAYABLE,797.74,0.00,USD,Finance,CC-03-01,Payment clears payable,ERP-GL
JE_0420306,JEL_0421146,payment,PAY_0420066,2026-06-15,2026-06,100000-CASH,0.00,797.74,USD,Finance,CC-03-01,Payment cash disbursement,ERP-GL
JE_0420307,JEL_0421147,payment,PAY_0420067,2026-06-15,2026-06,200000-ACCOUNTS-PAYABLE,531.83,0.00,USD,Finance,CC-03-01,Payment clears payable,ERP-GL
JE_0420307,JEL_0421148,payment,PAY_0420067,2026-06-15,2026-06,100000-CASH,0.00,531.83,USD,Finance,CC-03-01,Payment cash disbursement,ERP-GL
JE_0420308,JEL_0421149,payment,PAY_0420068,2025-11-15,2025-11,200000-ACCOUNTS-PAYABLE,4464.75,0.00,USD,Finance,CC-03-01,Payment clears payable,ERP-GL
JE_0420308,JEL_0421150,payment,PAY_0420068,2025-11-15,2025-11,100000-CASH,0.00,4464.75,USD,Finance,CC-03-01,Payment cash disbursement,ERP-GL
JE_0420309,JEL_0421151,payment,PAY_0420069,2025-11-18,2025-11,200000-ACCOUNTS-PAYABLE,2976.50,0.00,USD,Finance,CC-03-01,Payment clears payable,ERP-GL
JE_0420309,JEL_0421152,payment,PAY_0420069,2025-11-18,2025-11,100000-CASH,0.00,2976.50,USD,Finance,CC-03-01,Payment cash disbursement,ERP-GL
JE_0420310,JEL_0421153,payment,PAY_0420070,2025-05-24,2025-05,200000-ACCOUNTS-PAYABLE,1365.11,0.00,USD,Finance,CC-03-01,Payment clears payable,ERP-GL
JE_0420310,JEL_0421154,payment,PAY_0420070,2025-05-24,2025-05,100000-CASH,0.00,1365.11,USD,Finance,CC-03-01,Payment cash disbursement,ERP-GL
JE_0420311,JEL_0421155,payment,PAY_0420071,2026-01-31,2026-01,200000-ACCOUNTS-PAYABLE,1385.35,0.00,USD,Finance,CC-03-01,Payment clears payable,ERP-GL
JE_0420311,JEL_0421156,payment,PAY_0420071,2026-01-31,2026-01,100000-CASH,0.00,1385.35,USD,Finance,CC-03-01,Payment cash disbursement,ERP-GL
JE_0420312,JEL_0421157,payment,PAY_0420072,2026-02-03,2026-02,200000-ACCOUNTS-PAYABLE,923.56,0.00,USD,Finance,CC-03-01,Payment clears payable,ERP-GL
JE_0420312,JEL_0421158,payment,PAY_0420072,2026-02-03,2026-02,100000-CASH,0.00,923.56,USD,Finance,CC-03-01,Payment cash disbursement,ERP-GL
JE_0420313,JEL_0421159,payment,PAY_0420073,2025-06-28,2025-06,200000-ACCOUNTS-PAYABLE,25317.90,0.00,USD,Finance,CC-03-01,Payment clears payable,ERP-GL
JE_0420313,JEL_0421160,payment,PAY_0420073,2025-06-28,2025-06,100000-CASH,0.00,25317.90,USD,Finance,CC-03-01,Payment cash disbursement,ERP-GL
JE_0420314,JEL_0421161,payment,PAY_0420074,2025-05-14,2025-05,200000-ACCOUNTS-PAYABLE,7006.28,0.00,USD,Finance,CC-03-01,Payment clears payable,ERP-GL
JE_0420314,JEL_0421162,payment,PAY_0420074,2025-05-14,2025-05,100000-CASH,0.00,7006.28,USD,Finance,CC-03-01,Payment cash disbursement,ERP-GL
JE_0420315,JEL_0421163,payment,PAY_0420075,2025-05-17,2025-05,200000-ACCOUNTS-PAYABLE,4670.85,0.00,USD,Finance,CC-03-01,Payment clears payable,ERP-GL
JE_0420315,JEL_0421164,payment,PAY_0420075,2025-05-17,2025-05,100000-CASH,0.00,4670.85,USD,Finance,CC-03-01,Payment cash disbursement,ERP-GL
JE_0420316,JEL_0421165,payment,PAY_0420076,2026-02-12,2026-02,200000-ACCOUNTS-PAYABLE,2419.66,0.00,USD,Finance,CC-03-01,Payment clears payable,ERP-GL
JE_0420316,JEL_0421166,payment,PAY_0420076,2026-02-12,2026-02,100000-CASH,0.00,2419.66,USD,Finance,CC-03-01,Payment cash disbursement,ERP-GL
JE_0420317,JEL_0421167,payment,PAY_0420077,2026-02-15,2026-02,200000-ACCOUNTS-PAYABLE,1613.11,0.00,USD,Finance,CC-03-01,Payment clears payable,ERP-GL
JE_0420317,JEL_0421168,payment,PAY_0420077,2026-02-15,2026-02,100000-CASH,0.00,1613.11,USD,Finance,CC-03-01,Payment cash disbursement,ERP-GL
JE_0420318,JEL_0421169,payment,PAY_0420078,2025-04-21,2025-04,200000-ACCOUNTS-PAYABLE,1135.36,0.00,USD,Finance,CC-03-01,Payment clears payable,ERP-GL
JE_0420318,JEL_0421170,payment,PAY_0420078,2025-04-21,2025-04,100000-CASH,0.00,1135.36,USD,Finance,CC-03-01,Payment cash disbursement,ERP-GL
JE_0420319,JEL_0421171,payment,PAY_0420079,2026-01-16,2026-01,200000-ACCOUNTS-PAYABLE,2789.54,0.00,USD,Finance,CC-03-01,Payment clears payable,ERP-GL
JE_0420319,JEL_0421172,payment,PAY_0420079,2026-01-16,2026-01,100000-CASH,0.00,2789.54,USD,Finance,CC-03-01,Payment cash disbursement,ERP-GL
JE_0420320,JEL_0421173,payment,PAY_0420080,2025-11-01,2025-11,200000-ACCOUNTS-PAYABLE,10708.96,0.00,USD,Finance,CC-03-01,Payment clears payable,ERP-GL
JE_0420320,JEL_0421174,payment,PAY_0420080,2025-11-01,2025-11,100000-CASH,0.00,10708.96,USD,Finance,CC-03-01,Payment cash disbursement,ERP-GL
JE_0420321,JEL_0421175,payment,PAY_0420081,2025-11-04,2025-11,200000-ACCOUNTS-PAYABLE,7139.31,0.00,USD,Finance,CC-03-01,Payment clears payable,ERP-GL
JE_0420321,JEL_0421176,payment,PAY_0420081,2025-11-04,2025-11,100000-CASH,0.00,7139.31,USD,Finance,CC-03-01,Payment cash disbursement,ERP-GL
JE_0420322,JEL_0421177,payment,PAY_0420082,2026-01-25,2026-01,200000-ACCOUNTS-PAYABLE,7955.18,0.00,USD,Finance,CC-03-01,Payment clears payable,ERP-GL
JE_0420322,JEL_0421178,payment,PAY_0420082,2026-01-25,2026-01,100000-CASH,0.00,7955.18,USD,Finance,CC-03-01,Payment cash disbursement,ERP-GL
JE_0420323,JEL_0421179,payment,PAY_0420083,2025-09-14,2025-09,200000-ACCOUNTS-PAYABLE,12209.07,0.00,USD,Finance,CC-03-01,Payment clears payable,ERP-GL
JE_0420323,JEL_0421180,payment,PAY_0420083,2025-09-14,2025-09,100000-CASH,0.00,12209.07,USD,Finance,CC-03-01,Payment cash disbursement,ERP-GL
JE_0420324,JEL_0421181,payment,PAY_0420084,2025-09-12,2025-09,200000-ACCOUNTS-PAYABLE,4005.02,0.00,USD,Finance,CC-03-01,Payment clears payable,ERP-GL
JE_0420324,JEL_0421182,payment,PAY_0420084,2025-09-12,2025-09,100000-CASH,0.00,4005.02,USD,Finance,CC-03-01,Payment cash disbursement,ERP-GL
JE_0420325,JEL_0421183,payment,PAY_0420085,2025-10-14,2025-10,200000-ACCOUNTS-PAYABLE,3440.52,0.00,USD,Finance,CC-03-01,Payment clears payable,ERP-GL
JE_0420325,JEL_0421184,payment,PAY_0420085,2025-10-14,2025-10,100000-CASH,0.00,3440.52,USD,Finance,CC-03-01,Payment cash disbursement,ERP-GL
JE_0420326,JEL_0421185,payment,PAY_0420086,2025-10-17,2025-10,200000-ACCOUNTS-PAYABLE,2293.68,0.00,USD,Finance,CC-03-01,Payment clears payable,ERP-GL
JE_0420326,JEL_0421186,payment,PAY_0420086,2025-10-17,2025-10,100000-CASH,0.00,2293.68,USD,Finance,CC-03-01,Payment cash disbursement,ERP-GL
JE_0420327,JEL_0421187,payment,PAY_0420087,2025-05-11,2025-05,200000-ACCOUNTS-PAYABLE,6308.18,0.00,USD,Finance,CC-03-01,Payment clears payable,ERP-GL
JE_0420327,JEL_0421188,payment,PAY_0420087,2025-05-11,2025-05,100000-CASH,0.00,6308.18,USD,Finance,CC-03-01,Payment cash disbursement,ERP-GL
JE_0420328,JEL_0421189,payment,PAY_0420088,2025-05-14,2025-05,200000-ACCOUNTS-PAYABLE,4205.46,0.00,USD,Finance,CC-03-01,Payment clears payable,ERP-GL
JE_0420328,JEL_0421190,payment,PAY_0420088,2025-05-14,2025-05,100000-CASH,0.00,4205.46,USD,Finance,CC-03-01,Payment cash disbursement,ERP-GL
JE_0420329,JEL_0421191,payment,PAY_0420089,2025-06-08,2025-06,200000-ACCOUNTS-PAYABLE,473.64,0.00,USD,Finance,CC-03-01,Payment clears payable,ERP-GL
JE_0420329,JEL_0421192,payment,PAY_0420089,2025-06-08,2025-06,100000-CASH,0.00,473.64,USD,Finance,CC-03-01,Payment cash disbursement,ERP-GL
JE_0420330,JEL_0421193,payment,PAY_0420090,2026-04-22,2026-04,200000-ACCOUNTS-PAYABLE,786.37,0.00,USD,Finance,CC-03-01,Payment clears payable,ERP-GL
JE_0420330,JEL_0421194,payment,PAY_0420090,2026-04-22,2026-04,100000-CASH,0.00,786.37,USD,Finance,CC-03-01,Payment cash disbursement,ERP-GL
JE_0420331,JEL_0421195,payment,PAY_0420091,2026-04-25,2026-04,200000-ACCOUNTS-PAYABLE,524.24,0.00,USD,Finance,CC-03-01,Payment clears payable,ERP-GL
JE_0420331,JEL_0421196,payment,PAY_0420091,2026-04-25,2026-04,100000-CASH,0.00,524.24,USD,Finance,CC-03-01,Payment cash disbursement,ERP-GL
JE_0420332,JEL_0421197,payment,PAY_0420092,2026-06-10,2026-06,200000-ACCOUNTS-PAYABLE,3022.77,0.00,USD,Finance,CC-03-01,Payment clears payable,ERP-GL
JE_0420332,JEL_0421198,payment,PAY_0420092,2026-06-10,2026-06,100000-CASH,0.00,3022.77,USD,Finance,CC-03-01,Payment cash disbursement,ERP-GL
JE_0420333,JEL_0421199,payment,PAY_0420093,2025-11-30,2025-11,200000-ACCOUNTS-PAYABLE,1559.55,0.00,CAD,Finance,CC-03-01,Payment clears payable,ERP-GL
JE_0420333,JEL_0421200,payment,PAY_0420093,2025-11-30,2025-11,100000-CASH,0.00,1559.55,CAD,Finance,CC-03-01,Payment cash disbursement,ERP-GL
JE_0420334,JEL_0421201,payment,PAY_0420094,2025-12-03,2025-12,200000-ACCOUNTS-PAYABLE,1039.70,0.00,CAD,Finance,CC-03-01,Payment clears payable,ERP-GL
JE_0420334,JEL_0421202,payment,PAY_0420094,2025-12-03,2025-12,100000-CASH,0.00,1039.70,CAD,Finance,CC-03-01,Payment cash disbursement,ERP-GL
JE_0420335,JEL_0421203,payment,PAY_0420095,2025-10-10,2025-10,200000-ACCOUNTS-PAYABLE,10174.44,0.00,USD,Finance,CC-03-01,Payment clears payable,ERP-GL
JE_0420335,JEL_0421204,payment,PAY_0420095,2025-10-10,2025-10,100000-CASH,0.00,10174.44,USD,Finance,CC-03-01,Payment cash disbursement,ERP-GL
JE_0420336,JEL_0421205,payment,PAY_0420096,2025-09-28,2025-09,200000-ACCOUNTS-PAYABLE,3572.04,0.00,USD,Finance,CC-03-01,Payment clears payable,ERP-GL
JE_0420336,JEL_0421206,payment,PAY_0420096,2025-09-28,2025-09,100000-CASH,0.00,3572.04,USD,Finance,CC-03-01,Payment cash disbursement,ERP-GL
JE_0420337,JEL_0421207,payment,PAY_0420097,2025-10-01,2025-10,200000-ACCOUNTS-PAYABLE,2381.36,0.00,USD,Finance,CC-03-01,Payment clears payable,ERP-GL
JE_0420337,JEL_0421208,payment,PAY_0420097,2025-10-01,2025-10,100000-CASH,0.00,2381.36,USD,Finance,CC-03-01,Payment cash disbursement,ERP-GL
JE_0420338,JEL_0421209,payment,PAY_0420098,2025-03-24,2025-03,200000-ACCOUNTS-PAYABLE,5959.32,0.00,USD,Finance,CC-03-01,Payment clears payable,ERP-GL
JE_0420338,JEL_0421210,payment,PAY_0420098,2025-03-24,2025-03,100000-CASH,0.00,5959.32,USD,Finance,CC-03-01,Payment cash disbursement,ERP-GL
JE_0420339,JEL_0421211,payment,PAY_0420099,2025-03-03,2025-03,200000-ACCOUNTS-PAYABLE,2715.74,0.00,USD,Finance,CC-03-01,Payment clears payable,ERP-GL
JE_0420339,JEL_0421212,payment,PAY_0420099,2025-03-03,2025-03,100000-CASH,0.00,2715.74,USD,Finance,CC-03-01,Payment cash disbursement,ERP-GL
JE_0420340,JEL_0421213,payment,PAY_0420100,2026-03-18,2026-03,200000-ACCOUNTS-PAYABLE,7036.04,0.00,USD,Finance,CC-03-01,Payment clears payable,ERP-GL
JE_0420340,JEL_0421214,payment,PAY_0420100,2026-03-18,2026-03,100000-CASH,0.00,7036.04,USD,Finance,CC-03-01,Payment cash disbursement,ERP-GL
JE_0420341,JEL_0421215,payment,PAY_0420101,2026-06-02,2026-06,200000-ACCOUNTS-PAYABLE,1506.72,0.00,USD,Finance,CC-03-01,Payment clears payable,ERP-GL
JE_0420341,JEL_0421216,payment,PAY_0420101,2026-06-02,2026-06,100000-CASH,0.00,1506.72,USD,Finance,CC-03-01,Payment cash disbursement,ERP-GL
JE_0420342,JEL_0421217,payment,PAY_0420102,2026-01-24,2026-01,200000-ACCOUNTS-PAYABLE,6487.77,0.00,GBP,Finance,CC-03-01,Payment clears payable,ERP-GL
JE_0420342,JEL_0421218,payment,PAY_0420102,2026-01-24,2026-01,100000-CASH,0.00,6487.77,GBP,Finance,CC-03-01,Payment cash disbursement,ERP-GL
JE_0420343,JEL_0421219,payment,PAY_0420103,2026-05-09,2026-05,200000-ACCOUNTS-PAYABLE,5136.88,0.00,USD,Finance,CC-03-01,Payment clears payable,ERP-GL
JE_0420343,JEL_0421220,payment,PAY_0420103,2026-05-09,2026-05,100000-CASH,0.00,5136.88,USD,Finance,CC-03-01,Payment cash disbursement,ERP-GL
JE_0420344,JEL_0421221,payment,PAY_0420104,2025-07-02,2025-07,200000-ACCOUNTS-PAYABLE,7946.33,0.00,USD,Finance,CC-03-01,Payment clears payable,ERP-GL
JE_0420344,JEL_0421222,payment,PAY_0420104,2025-07-02,2025-07,100000-CASH,0.00,7946.33,USD,Finance,CC-03-01,Payment cash disbursement,ERP-GL
JE_0420345,JEL_0421223,payment,PAY_0420105,2026-03-31,2026-03,200000-ACCOUNTS-PAYABLE,789.53,0.00,USD,Finance,CC-03-01,Payment clears payable,ERP-GL
JE_0420345,JEL_0421224,payment,PAY_0420105,2026-03-31,2026-03,100000-CASH,0.00,789.53,USD,Finance,CC-03-01,Payment cash disbursement,ERP-GL
JE_0420346,JEL_0421225,payment,PAY_0420106,2026-04-03,2026-04,200000-ACCOUNTS-PAYABLE,526.36,0.00,USD,Finance,CC-03-01,Payment clears payable,ERP-GL
JE_0420346,JEL_0421226,payment,PAY_0420106,2026-04-03,2026-04,100000-CASH,0.00,526.36,USD,Finance,CC-03-01,Payment cash disbursement,ERP-GL
JE_0420347,JEL_0421227,payment,PAY_0420107,2025-05-09,2025-05,200000-ACCOUNTS-PAYABLE,13120.89,0.00,USD,Finance,CC-03-01,Payment clears payable,ERP-GL
JE_0420347,JEL_0421228,payment,PAY_0420107,2025-05-09,2025-05,100000-CASH,0.00,13120.89,USD,Finance,CC-03-01,Payment cash disbursement,ERP-GL
JE_0420348,JEL_0421229,payment,PAY_0420108,2025-04-05,2025-04,200000-ACCOUNTS-PAYABLE,12966.94,0.00,USD,Finance,CC-03-01,Payment clears payable,ERP-GL
JE_0420348,JEL_0421230,payment,PAY_0420108,2025-04-05,2025-04,100000-CASH,0.00,12966.94,USD,Finance,CC-03-01,Payment cash disbursement,ERP-GL
JE_0420349,JEL_0421231,payment,PAY_0420109,2025-10-24,2025-10,200000-ACCOUNTS-PAYABLE,5141.74,0.00,USD,Finance,CC-03-01,Payment clears payable,ERP-GL
JE_0420349,JEL_0421232,payment,PAY_0420109,2025-10-24,2025-10,100000-CASH,0.00,5141.74,USD,Finance,CC-03-01,Payment cash disbursement,ERP-GL
JE_0420350,JEL_0421233,payment,PAY_0420110,2026-05-23,2026-05,200000-ACCOUNTS-PAYABLE,4451.88,0.00,USD,Finance,CC-03-01,Payment clears payable,ERP-GL
JE_0420350,JEL_0421234,payment,PAY_0420110,2026-05-23,2026-05,100000-CASH,0.00,4451.88,USD,Finance,CC-03-01,Payment cash disbursement,ERP-GL
JE_0420351,JEL_0421235,payment,PAY_0420111,2026-05-26,2026-05,200000-ACCOUNTS-PAYABLE,2967.92,0.00,USD,Finance,CC-03-01,Payment clears payable,ERP-GL
JE_0420351,JEL_0421236,payment,PAY_0420111,2026-05-26,2026-05,100000-CASH,0.00,2967.92,USD,Finance,CC-03-01,Payment cash disbursement,ERP-GL
JE_0420352,JEL_0421237,payment,PAY_0420112,2026-06-03,2026-06,200000-ACCOUNTS-PAYABLE,1832.38,0.00,USD,Finance,CC-03-01,Payment clears payable,ERP-GL
JE_0420352,JEL_0421238,payment,PAY_0420112,2026-06-03,2026-06,100000-CASH,0.00,1832.38,USD,Finance,CC-03-01,Payment cash disbursement,ERP-GL
JE_0420353,JEL_0421239,payment,PAY_0420113,2026-06-06,2026-06,200000-ACCOUNTS-PAYABLE,1221.59,0.00,USD,Finance,CC-03-01,Payment clears payable,ERP-GL
JE_0420353,JEL_0421240,payment,PAY_0420113,2026-06-06,2026-06,100000-CASH,0.00,1221.59,USD,Finance,CC-03-01,Payment cash disbursement,ERP-GL
JE_0420354,JEL_0421241,payment,PAY_0420114,2026-03-27,2026-03,200000-ACCOUNTS-PAYABLE,5767.74,0.00,USD,Finance,CC-03-01,Payment clears payable,ERP-GL
JE_0420354,JEL_0421242,payment,PAY_0420114,2026-03-27,2026-03,100000-CASH,0.00,5767.74,USD,Finance,CC-03-01,Payment cash disbursement,ERP-GL
JE_0420355,JEL_0421243,payment,PAY_0420115,2026-03-30,2026-03,200000-ACCOUNTS-PAYABLE,3845.16,0.00,USD,Finance,CC-03-01,Payment clears payable,ERP-GL
JE_0420355,JEL_0421244,payment,PAY_0420115,2026-03-30,2026-03,100000-CASH,0.00,3845.16,USD,Finance,CC-03-01,Payment cash disbursement,ERP-GL
JE_0420356,JEL_0421245,payment,PAY_0420116,2025-12-12,2025-12,200000-ACCOUNTS-PAYABLE,3617.79,0.00,USD,Finance,CC-03-01,Payment clears payable,ERP-GL
JE_0420356,JEL_0421246,payment,PAY_0420116,2025-12-12,2025-12,100000-CASH,0.00,3617.79,USD,Finance,CC-03-01,Payment cash disbursement,ERP-GL
JE_0420357,JEL_0421247,payment,PAY_0420117,2025-12-15,2025-12,200000-ACCOUNTS-PAYABLE,2411.86,0.00,USD,Finance,CC-03-01,Payment clears payable,ERP-GL
JE_0420357,JEL_0421248,payment,PAY_0420117,2025-12-15,2025-12,100000-CASH,0.00,2411.86,USD,Finance,CC-03-01,Payment cash disbursement,ERP-GL
JE_0420358,JEL_0421249,payment,PAY_0420118,2026-01-21,2026-01,200000-ACCOUNTS-PAYABLE,876.63,0.00,CAD,Finance,CC-03-01,Payment clears payable,ERP-GL
JE_0420358,JEL_0421250,payment,PAY_0420118,2026-01-21,2026-01,100000-CASH,0.00,876.63,CAD,Finance,CC-03-01,Payment cash disbursement,ERP-GL
JE_0420359,JEL_0421251,payment,PAY_0420119,2025-03-27,2025-03,200000-ACCOUNTS-PAYABLE,3665.95,0.00,USD,Finance,CC-03-01,Payment clears payable,ERP-GL
JE_0420359,JEL_0421252,payment,PAY_0420119,2025-03-27,2025-03,100000-CASH,0.00,3665.95,USD,Finance,CC-03-01,Payment cash disbursement,ERP-GL
JE_0420360,JEL_0421253,payment,PAY_0420120,2025-10-20,2025-10,200000-ACCOUNTS-PAYABLE,4805.54,0.00,USD,Finance,CC-03-01,Payment clears payable,ERP-GL
JE_0420360,JEL_0421254,payment,PAY_0420120,2025-10-20,2025-10,100000-CASH,0.00,4805.54,USD,Finance,CC-03-01,Payment cash disbursement,ERP-GL
JE_0420361,JEL_0421255,payment,PAY_0420121,2025-02-16,2025-02,200000-ACCOUNTS-PAYABLE,2276.24,0.00,USD,Finance,CC-03-01,Payment clears payable,ERP-GL
JE_0420361,JEL_0421256,payment,PAY_0420121,2025-02-16,2025-02,100000-CASH,0.00,2276.24,USD,Finance,CC-03-01,Payment cash disbursement,ERP-GL
JE_0420362,JEL_0421257,payment,PAY_0420122,2026-06-14,2026-06,200000-ACCOUNTS-PAYABLE,202.92,0.00,USD,Finance,CC-03-01,Payment clears payable,ERP-GL
JE_0420362,JEL_0421258,payment,PAY_0420122,2026-06-14,2026-06,100000-CASH,0.00,202.92,USD,Finance,CC-03-01,Payment cash disbursement,ERP-GL
JE_0420363,JEL_0421259,payment,PAY_0420123,2026-03-28,2026-03,200000-ACCOUNTS-PAYABLE,7743.82,0.00,USD,Finance,CC-03-01,Payment clears payable,ERP-GL
JE_0420363,JEL_0421260,payment,PAY_0420123,2026-03-28,2026-03,100000-CASH,0.00,7743.82,USD,Finance,CC-03-01,Payment cash disbursement,ERP-GL
JE_0420364,JEL_0421261,payment,PAY_0420124,2025-07-27,2025-07,200000-ACCOUNTS-PAYABLE,3736.11,0.00,USD,Finance,CC-03-01,Payment clears payable,ERP-GL
JE_0420364,JEL_0421262,payment,PAY_0420124,2025-07-27,2025-07,100000-CASH,0.00,3736.11,USD,Finance,CC-03-01,Payment cash disbursement,ERP-GL
JE_0420365,JEL_0421263,payment,PAY_0420125,2025-06-30,2025-06,200000-ACCOUNTS-PAYABLE,6530.40,0.00,USD,Finance,CC-03-01,Payment clears payable,ERP-GL
JE_0420365,JEL_0421264,payment,PAY_0420125,2025-06-30,2025-06,100000-CASH,0.00,6530.40,USD,Finance,CC-03-01,Payment cash disbursement,ERP-GL
JE_0420366,JEL_0421265,payment,PAY_0420126,2026-05-04,2026-05,200000-ACCOUNTS-PAYABLE,753.84,0.00,EUR,Finance,CC-03-01,Payment clears payable,ERP-GL
JE_0420366,JEL_0421266,payment,PAY_0420126,2026-05-04,2026-05,100000-CASH,0.00,753.84,EUR,Finance,CC-03-01,Payment cash disbursement,ERP-GL
JE_0420367,JEL_0421267,payment,PAY_0420127,2025-10-23,2025-10,200000-ACCOUNTS-PAYABLE,6833.09,0.00,USD,Finance,CC-03-01,Payment clears payable,ERP-GL
JE_0420367,JEL_0421268,payment,PAY_0420127,2025-10-23,2025-10,100000-CASH,0.00,6833.09,USD,Finance,CC-03-01,Payment cash disbursement,ERP-GL
JE_0420368,JEL_0421269,payment,PAY_0420128,2026-02-17,2026-02,200000-ACCOUNTS-PAYABLE,10264.41,0.00,CAD,Finance,CC-03-01,Payment clears payable,ERP-GL
JE_0420368,JEL_0421270,payment,PAY_0420128,2026-02-17,2026-02,100000-CASH,0.00,10264.41,CAD,Finance,CC-03-01,Payment cash disbursement,ERP-GL
JE_0420369,JEL_0421271,payment,PAY_0420129,2025-01-25,2025-01,200000-ACCOUNTS-PAYABLE,2517.37,0.00,USD,Finance,CC-03-01,Payment clears payable,ERP-GL
JE_0420369,JEL_0421272,payment,PAY_0420129,2025-01-25,2025-01,100000-CASH,0.00,2517.37,USD,Finance,CC-03-01,Payment cash disbursement,ERP-GL
JE_0420370,JEL_0421273,payment,PAY_0420130,2026-03-14,2026-03,200000-ACCOUNTS-PAYABLE,2066.76,0.00,USD,Finance,CC-03-01,Payment clears payable,ERP-GL
JE_0420370,JEL_0421274,payment,PAY_0420130,2026-03-14,2026-03,100000-CASH,0.00,2066.76,USD,Finance,CC-03-01,Payment cash disbursement,ERP-GL
JE_0420371,JEL_0421275,payment,PAY_0420131,2025-09-03,2025-09,200000-ACCOUNTS-PAYABLE,5135.76,0.00,USD,Finance,CC-03-01,Payment clears payable,ERP-GL
JE_0420371,JEL_0421276,payment,PAY_0420131,2025-09-03,2025-09,100000-CASH,0.00,5135.76,USD,Finance,CC-03-01,Payment cash disbursement,ERP-GL
JE_0420372,JEL_0421277,payment,PAY_0420132,2025-08-13,2025-08,200000-ACCOUNTS-PAYABLE,6821.02,0.00,USD,Finance,CC-03-01,Payment clears payable,ERP-GL
JE_0420372,JEL_0421278,payment,PAY_0420132,2025-08-13,2025-08,100000-CASH,0.00,6821.02,USD,Finance,CC-03-01,Payment cash disbursement,ERP-GL
JE_0420373,JEL_0421279,payment,PAY_0420133,2025-08-16,2025-08,200000-ACCOUNTS-PAYABLE,4547.35,0.00,USD,Finance,CC-03-01,Payment clears payable,ERP-GL
JE_0420373,JEL_0421280,payment,PAY_0420133,2025-08-16,2025-08,100000-CASH,0.00,4547.35,USD,Finance,CC-03-01,Payment cash disbursement,ERP-GL
JE_0420374,JEL_0421281,payment,PAY_0420134,2025-07-17,2025-07,200000-ACCOUNTS-PAYABLE,2593.04,0.00,USD,Finance,CC-03-01,Payment clears payable,ERP-GL
JE_0420374,JEL_0421282,payment,PAY_0420134,2025-07-17,2025-07,100000-CASH,0.00,2593.04,USD,Finance,CC-03-01,Payment cash disbursement,ERP-GL
JE_0420375,JEL_0421283,payment,PAY_0420135,2025-07-20,2025-07,200000-ACCOUNTS-PAYABLE,1728.70,0.00,USD,Finance,CC-03-01,Payment clears payable,ERP-GL
JE_0420375,JEL_0421284,payment,PAY_0420135,2025-07-20,2025-07,100000-CASH,0.00,1728.70,USD,Finance,CC-03-01,Payment cash disbursement,ERP-GL
JE_0420376,JEL_0421285,payment,PAY_0420136,2026-01-08,2026-01,200000-ACCOUNTS-PAYABLE,1116.69,0.00,USD,Finance,CC-03-01,Payment clears payable,ERP-GL
JE_0420376,JEL_0421286,payment,PAY_0420136,2026-01-08,2026-01,100000-CASH,0.00,1116.69,USD,Finance,CC-03-01,Payment cash disbursement,ERP-GL
JE_0420377,JEL_0421287,payment,PAY_0420137,2025-12-02,2025-12,200000-ACCOUNTS-PAYABLE,1734.11,0.00,USD,Finance,CC-03-01,Payment clears payable,ERP-GL
JE_0420377,JEL_0421288,payment,PAY_0420137,2025-12-02,2025-12,100000-CASH,0.00,1734.11,USD,Finance,CC-03-01,Payment cash disbursement,ERP-GL
JE_0420378,JEL_0421289,payment,PAY_0420138,2025-12-05,2025-12,200000-ACCOUNTS-PAYABLE,1156.07,0.00,USD,Finance,CC-03-01,Payment clears payable,ERP-GL
JE_0420378,JEL_0421290,payment,PAY_0420138,2025-12-05,2025-12,100000-CASH,0.00,1156.07,USD,Finance,CC-03-01,Payment cash disbursement,ERP-GL
JE_0420379,JEL_0421291,payment,PAY_0420139,2025-11-18,2025-11,200000-ACCOUNTS-PAYABLE,1227.42,0.00,USD,Finance,CC-03-01,Payment clears payable,ERP-GL
JE_0420379,JEL_0421292,payment,PAY_0420139,2025-11-18,2025-11,100000-CASH,0.00,1227.42,USD,Finance,CC-03-01,Payment cash disbursement,ERP-GL
JE_0420380,JEL_0421293,payment,PAY_0420140,2026-02-19,2026-02,200000-ACCOUNTS-PAYABLE,741.92,0.00,USD,Finance,CC-03-01,Payment clears payable,ERP-GL
JE_0420380,JEL_0421294,payment,PAY_0420140,2026-02-19,2026-02,100000-CASH,0.00,741.92,USD,Finance,CC-03-01,Payment cash disbursement,ERP-GL
JE_0420381,JEL_0421295,payment,PAY_0420141,2026-02-22,2026-02,200000-ACCOUNTS-PAYABLE,476.97,0.00,USD,Finance,CC-03-01,Payment clears payable,ERP-GL
JE_0420381,JEL_0421296,payment,PAY_0420141,2026-02-22,2026-02,100000-CASH,0.00,476.97,USD,Finance,CC-03-01,Payment cash disbursement,ERP-GL
JE_0420382,JEL_0421297,payment,PAY_0420142,2026-01-17,2026-01,200000-ACCOUNTS-PAYABLE,3848.91,0.00,USD,Finance,CC-03-01,Payment clears payable,ERP-GL
JE_0420382,JEL_0421298,payment,PAY_0420142,2026-01-17,2026-01,100000-CASH,0.00,3848.91,USD,Finance,CC-03-01,Payment cash disbursement,ERP-GL
JE_0420383,JEL_0421299,payment,PAY_0420143,2026-01-20,2026-01,200000-ACCOUNTS-PAYABLE,2565.94,0.00,USD,Finance,CC-03-01,Payment clears payable,ERP-GL
JE_0420383,JEL_0421300,payment,PAY_0420143,2026-01-20,2026-01,100000-CASH,0.00,2565.94,USD,Finance,CC-03-01,Payment cash disbursement,ERP-GL
JE_0420384,JEL_0421301,payment,PAY_0420144,2026-05-19,2026-05,200000-ACCOUNTS-PAYABLE,4981.31,0.00,USD,Finance,CC-03-01,Payment clears payable,ERP-GL
JE_0420384,JEL_0421302,payment,PAY_0420144,2026-05-19,2026-05,100000-CASH,0.00,4981.31,USD,Finance,CC-03-01,Payment cash disbursement,ERP-GL
JE_0420385,JEL_0421303,payment,PAY_0420145,2025-09-14,2025-09,200000-ACCOUNTS-PAYABLE,1492.20,0.00,USD,Finance,CC-03-01,Payment clears payable,ERP-GL
JE_0420385,JEL_0421304,payment,PAY_0420145,2025-09-14,2025-09,100000-CASH,0.00,1492.20,USD,Finance,CC-03-01,Payment cash disbursement,ERP-GL
JE_0420386,JEL_0421305,payment,PAY_0420146,2025-12-19,2025-12,200000-ACCOUNTS-PAYABLE,1673.72,0.00,USD,Finance,CC-03-01,Payment clears payable,ERP-GL
JE_0420386,JEL_0421306,payment,PAY_0420146,2025-12-19,2025-12,100000-CASH,0.00,1673.72,USD,Finance,CC-03-01,Payment cash disbursement,ERP-GL
JE_0420387,JEL_0421307,payment,PAY_0420147,2025-12-22,2025-12,200000-ACCOUNTS-PAYABLE,1115.82,0.00,USD,Finance,CC-03-01,Payment clears payable,ERP-GL
JE_0420387,JEL_0421308,payment,PAY_0420147,2025-12-22,2025-12,100000-CASH,0.00,1115.82,USD,Finance,CC-03-01,Payment cash disbursement,ERP-GL
JE_0420388,JEL_0421309,payment,PAY_0420148,2025-04-17,2025-04,200000-ACCOUNTS-PAYABLE,6469.60,0.00,USD,Finance,CC-03-01,Payment clears payable,ERP-GL
JE_0420388,JEL_0421310,payment,PAY_0420148,2025-04-17,2025-04,100000-CASH,0.00,6469.60,USD,Finance,CC-03-01,Payment cash disbursement,ERP-GL
JE_0420389,JEL_0421311,payment,PAY_0420149,2025-08-09,2025-08,200000-ACCOUNTS-PAYABLE,9516.19,0.00,USD,Finance,CC-03-01,Payment clears payable,ERP-GL
JE_0420389,JEL_0421312,payment,PAY_0420149,2025-08-09,2025-08,100000-CASH,0.00,9516.19,USD,Finance,CC-03-01,Payment cash disbursement,ERP-GL
JE_0420390,JEL_0421313,payment,PAY_0420150,2026-06-15,2026-06,200000-ACCOUNTS-PAYABLE,19188.00,0.00,USD,Finance,CC-03-01,Payment clears payable,ERP-GL
JE_0420390,JEL_0421314,payment,PAY_0420150,2026-06-15,2026-06,100000-CASH,0.00,19188.00,USD,Finance,CC-03-01,Payment cash disbursement,ERP-GL
JE_0420391,JEL_0421315,payment,PAY_0420151,2026-05-11,2026-05,200000-ACCOUNTS-PAYABLE,6952.12,0.00,USD,Finance,CC-03-01,Payment clears payable,ERP-GL
JE_0420391,JEL_0421316,payment,PAY_0420151,2026-05-11,2026-05,100000-CASH,0.00,6952.12,USD,Finance,CC-03-01,Payment cash disbursement,ERP-GL
JE_0420392,JEL_0421317,payment,PAY_0420152,2026-04-13,2026-04,200000-ACCOUNTS-PAYABLE,15742.37,0.00,USD,Finance,CC-03-01,Payment clears payable,ERP-GL
JE_0420392,JEL_0421318,payment,PAY_0420152,2026-04-13,2026-04,100000-CASH,0.00,15742.37,USD,Finance,CC-03-01,Payment cash disbursement,ERP-GL
JE_0420393,JEL_0421319,payment,PAY_0420153,2026-06-13,2026-06,200000-ACCOUNTS-PAYABLE,11375.71,0.00,USD,Finance,CC-03-01,Payment clears payable,ERP-GL
JE_0420393,JEL_0421320,payment,PAY_0420153,2026-06-13,2026-06,100000-CASH,0.00,11375.71,USD,Finance,CC-03-01,Payment cash disbursement,ERP-GL
JE_0420394,JEL_0421321,payment,PAY_0420154,2026-06-06,2026-06,200000-ACCOUNTS-PAYABLE,4965.21,0.00,USD,Finance,CC-03-01,Payment clears payable,ERP-GL
JE_0420394,JEL_0421322,payment,PAY_0420154,2026-06-06,2026-06,100000-CASH,0.00,4965.21,USD,Finance,CC-03-01,Payment cash disbursement,ERP-GL
JE_0420395,JEL_0421323,payment,PAY_0420155,2025-10-11,2025-10,200000-ACCOUNTS-PAYABLE,51206.40,0.00,USD,Finance,CC-03-01,Payment clears payable,ERP-GL
JE_0420395,JEL_0421324,payment,PAY_0420155,2025-10-11,2025-10,100000-CASH,0.00,51206.40,USD,Finance,CC-03-01,Payment cash disbursement,ERP-GL
JE_0420396,JEL_0421325,payment,PAY_0420156,2026-06-15,2026-06,200000-ACCOUNTS-PAYABLE,26119.59,0.00,USD,Finance,CC-03-01,Payment clears payable,ERP-GL
JE_0420396,JEL_0421326,payment,PAY_0420156,2026-06-15,2026-06,100000-CASH,0.00,26119.59,USD,Finance,CC-03-01,Payment cash disbursement,ERP-GL
JE_0420397,JEL_0421327,payment,PAY_0420157,2026-05-29,2026-05,200000-ACCOUNTS-PAYABLE,27457.22,0.00,USD,Finance,CC-03-01,Payment clears payable,ERP-GL
JE_0420397,JEL_0421328,payment,PAY_0420157,2026-05-29,2026-05,100000-CASH,0.00,27457.22,USD,Finance,CC-03-01,Payment cash disbursement,ERP-GL
JE_0420398,JEL_0421329,payment,PAY_0420158,2026-06-16,2026-06,200000-ACCOUNTS-PAYABLE,10635.31,0.00,USD,Finance,CC-03-01,Payment clears payable,ERP-GL
JE_0420398,JEL_0421330,payment,PAY_0420158,2026-06-16,2026-06,100000-CASH,0.00,10635.31,USD,Finance,CC-03-01,Payment cash disbursement,ERP-GL
JE_0420399,JEL_0421331,payment,PAY_0420159,2026-03-28,2026-03,200000-ACCOUNTS-PAYABLE,4224.88,0.00,USD,Finance,CC-03-01,Payment clears payable,ERP-GL
JE_0420399,JEL_0421332,payment,PAY_0420159,2026-03-28,2026-03,100000-CASH,0.00,4224.88,USD,Finance,CC-03-01,Payment cash disbursement,ERP-GL
JE_0420400,JEL_0421333,payment,PAY_0420160,2026-03-28,2026-03,200000-ACCOUNTS-PAYABLE,11634.61,0.00,USD,Finance,CC-03-01,Payment clears payable,ERP-GL
JE_0420400,JEL_0421334,payment,PAY_0420160,2026-03-28,2026-03,100000-CASH,0.00,11634.61,USD,Finance,CC-03-01,Payment cash disbursement,ERP-GL
JE_0420401,JEL_0421335,payment,PAY_0420161,2025-04-28,2025-04,200000-ACCOUNTS-PAYABLE,47828.69,0.00,USD,Finance,CC-03-01,Payment clears payable,ERP-GL
JE_0420401,JEL_0421336,payment,PAY_0420161,2025-04-28,2025-04,100000-CASH,0.00,47828.69,USD,Finance,CC-03-01,Payment cash disbursement,ERP-GL
JE_0420402,JEL_0421337,payment,PAY_0420162,2026-06-15,2026-06,200000-ACCOUNTS-PAYABLE,7848.47,0.00,USD,Finance,CC-03-01,Payment clears payable,ERP-GL
JE_0420402,JEL_0421338,payment,PAY_0420162,2026-06-15,2026-06,100000-CASH,0.00,7848.47,USD,Finance,CC-03-01,Payment cash disbursement,ERP-GL
JE_0420403,JEL_0421339,payment,PAY_0420163,2026-04-05,2026-04,200000-ACCOUNTS-PAYABLE,10482.68,0.00,USD,Finance,CC-03-01,Payment clears payable,ERP-GL
JE_0420403,JEL_0421340,payment,PAY_0420163,2026-04-05,2026-04,100000-CASH,0.00,10482.68,USD,Finance,CC-03-01,Payment cash disbursement,ERP-GL
JE_0420404,JEL_0421341,payment,PAY_0420164,2025-07-09,2025-07,200000-ACCOUNTS-PAYABLE,16900.08,0.00,USD,Finance,CC-03-01,Payment clears payable,ERP-GL
JE_0420404,JEL_0421342,payment,PAY_0420164,2025-07-09,2025-07,100000-CASH,0.00,16900.08,USD,Finance,CC-03-01,Payment cash disbursement,ERP-GL
JE_0420405,JEL_0421343,payment,PAY_0420165,2025-10-01,2025-10,200000-ACCOUNTS-PAYABLE,10239.96,0.00,USD,Finance,CC-03-01,Payment clears payable,ERP-GL
JE_0420405,JEL_0421344,payment,PAY_0420165,2025-10-01,2025-10,100000-CASH,0.00,10239.96,USD,Finance,CC-03-01,Payment cash disbursement,ERP-GL
JE_0420406,JEL_0421345,payment,PAY_0420166,2026-04-08,2026-04,200000-ACCOUNTS-PAYABLE,19010.08,0.00,USD,Finance,CC-03-01,Payment clears payable,ERP-GL
JE_0420406,JEL_0421346,payment,PAY_0420166,2026-04-08,2026-04,100000-CASH,0.00,19010.08,USD,Finance,CC-03-01,Payment cash disbursement,ERP-GL
JE_0420407,JEL_0421347,payment,PAY_0420167,2025-09-03,2025-09,200000-ACCOUNTS-PAYABLE,2492.64,0.00,USD,Finance,CC-03-01,Payment clears payable,ERP-GL
JE_0420407,JEL_0421348,payment,PAY_0420167,2025-09-03,2025-09,100000-CASH,0.00,2492.64,USD,Finance,CC-03-01,Payment cash disbursement,ERP-GL
JE_0420408,JEL_0421349,payment,PAY_0420168,2026-06-15,2026-06,200000-ACCOUNTS-PAYABLE,13441.38,0.00,USD,Finance,CC-03-01,Payment clears payable,ERP-GL
JE_0420408,JEL_0421350,payment,PAY_0420168,2026-06-15,2026-06,100000-CASH,0.00,13441.38,USD,Finance,CC-03-01,Payment cash disbursement,ERP-GL
JE_0420409,JEL_0421351,payment,PAY_0420169,2025-12-03,2025-12,200000-ACCOUNTS-PAYABLE,5302.35,0.00,USD,Finance,CC-03-01,Payment clears payable,ERP-GL
JE_0420409,JEL_0421352,payment,PAY_0420169,2025-12-03,2025-12,100000-CASH,0.00,5302.35,USD,Finance,CC-03-01,Payment cash disbursement,ERP-GL
JE_0420410,JEL_0421353,payment,PAY_0420170,2025-04-23,2025-04,200000-ACCOUNTS-PAYABLE,10466.49,0.00,USD,Finance,CC-03-01,Payment clears payable,ERP-GL
JE_0420410,JEL_0421354,payment,PAY_0420170,2025-04-23,2025-04,100000-CASH,0.00,10466.49,USD,Finance,CC-03-01,Payment cash disbursement,ERP-GL
JE_0420411,JEL_0421355,payment,PAY_0420171,2025-12-19,2025-12,200000-ACCOUNTS-PAYABLE,16616.32,0.00,EUR,Finance,CC-03-01,Payment clears payable,ERP-GL
JE_0420411,JEL_0421356,payment,PAY_0420171,2025-12-19,2025-12,100000-CASH,0.00,16616.32,EUR,Finance,CC-03-01,Payment cash disbursement,ERP-GL
JE_0420412,JEL_0421357,payment,PAY_0420172,2026-07-01,2026-07,200000-ACCOUNTS-PAYABLE,6721.68,0.00,EUR,Finance,CC-03-01,Payment clears payable,ERP-GL
JE_0420412,JEL_0421358,payment,PAY_0420172,2026-07-01,2026-07,100000-CASH,0.00,6721.68,EUR,Finance,CC-03-01,Payment cash disbursement,ERP-GL
JE_0420413,JEL_0421359,payment,PAY_0420173,2026-04-11,2026-04,200000-ACCOUNTS-PAYABLE,3295.62,0.00,EUR,Finance,CC-03-01,Payment clears payable,ERP-GL
JE_0420413,JEL_0421360,payment,PAY_0420173,2026-04-11,2026-04,100000-CASH,0.00,3295.62,EUR,Finance,CC-03-01,Payment cash disbursement,ERP-GL
JE_0420414,JEL_0421361,payment,PAY_0420174,2025-10-20,2025-10,200000-ACCOUNTS-PAYABLE,16860.53,0.00,EUR,Finance,CC-03-01,Payment clears payable,ERP-GL
JE_0420414,JEL_0421362,payment,PAY_0420174,2025-10-20,2025-10,100000-CASH,0.00,16860.53,EUR,Finance,CC-03-01,Payment cash disbursement,ERP-GL
JE_0420415,JEL_0421363,payment,PAY_0420175,2026-01-15,2026-01,200000-ACCOUNTS-PAYABLE,2448.16,0.00,EUR,Finance,CC-03-01,Payment clears payable,ERP-GL
JE_0420415,JEL_0421364,payment,PAY_0420175,2026-01-15,2026-01,100000-CASH,0.00,2448.16,EUR,Finance,CC-03-01,Payment cash disbursement,ERP-GL
JE_0420416,JEL_0421365,payment,PAY_0420176,2026-06-15,2026-06,200000-ACCOUNTS-PAYABLE,9848.45,0.00,USD,Finance,CC-03-01,Payment clears payable,ERP-GL
JE_0420416,JEL_0421366,payment,PAY_0420176,2026-06-15,2026-06,100000-CASH,0.00,9848.45,USD,Finance,CC-03-01,Payment cash disbursement,ERP-GL
JE_0420417,JEL_0421367,payment,PAY_0420177,2026-05-14,2026-05,200000-ACCOUNTS-PAYABLE,13552.96,0.00,USD,Finance,CC-03-01,Payment clears payable,ERP-GL
JE_0420417,JEL_0421368,payment,PAY_0420177,2026-05-14,2026-05,100000-CASH,0.00,13552.96,USD,Finance,CC-03-01,Payment cash disbursement,ERP-GL
JE_0420418,JEL_0421369,payment,PAY_0420178,2025-12-05,2025-12,200000-ACCOUNTS-PAYABLE,11282.08,0.00,USD,Finance,CC-03-01,Payment clears payable,ERP-GL
JE_0420418,JEL_0421370,payment,PAY_0420178,2025-12-05,2025-12,100000-CASH,0.00,11282.08,USD,Finance,CC-03-01,Payment cash disbursement,ERP-GL
JE_0420419,JEL_0421371,payment,PAY_0420179,2026-06-15,2026-06,200000-ACCOUNTS-PAYABLE,18822.74,0.00,USD,Finance,CC-03-01,Payment clears payable,ERP-GL
JE_0420419,JEL_0421372,payment,PAY_0420179,2026-06-15,2026-06,100000-CASH,0.00,18822.74,USD,Finance,CC-03-01,Payment cash disbursement,ERP-GL
JE_0420420,JEL_0421373,payment,PAY_0420180,2025-12-15,2025-12,200000-ACCOUNTS-PAYABLE,5883.46,0.00,USD,Finance,CC-03-01,Payment clears payable,ERP-GL
JE_0420420,JEL_0421374,payment,PAY_0420180,2025-12-15,2025-12,100000-CASH,0.00,5883.46,USD,Finance,CC-03-01,Payment cash disbursement,ERP-GL
JE_0420421,JEL_0421375,payment,PAY_0420181,2025-02-21,2025-02,200000-ACCOUNTS-PAYABLE,2863.66,0.00,USD,Finance,CC-03-01,Payment clears payable,ERP-GL
JE_0420421,JEL_0421376,payment,PAY_0420181,2025-02-21,2025-02,100000-CASH,0.00,2863.66,USD,Finance,CC-03-01,Payment cash disbursement,ERP-GL
JE_0420422,JEL_0421377,payment,PAY_0420182,2025-06-11,2025-06,200000-ACCOUNTS-PAYABLE,2989.00,0.00,USD,Finance,CC-03-01,Payment clears payable,ERP-GL
JE_0420422,JEL_0421378,payment,PAY_0420182,2025-06-11,2025-06,100000-CASH,0.00,2989.00,USD,Finance,CC-03-01,Payment cash disbursement,ERP-GL
JE_0420423,JEL_0421379,payment,PAY_0420183,2026-02-08,2026-02,200000-ACCOUNTS-PAYABLE,3660.16,0.00,GBP,Finance,CC-03-01,Payment clears payable,ERP-GL
JE_0420423,JEL_0421380,payment,PAY_0420183,2026-02-08,2026-02,100000-CASH,0.00,3660.16,GBP,Finance,CC-03-01,Payment cash disbursement,ERP-GL
JE_0420424,JEL_0421381,payment,PAY_0420184,2026-01-27,2026-01,200000-ACCOUNTS-PAYABLE,7955.18,0.00,USD,Finance,CC-03-01,Payment clears payable,ERP-GL
JE_0420424,JEL_0421382,payment,PAY_0420184,2026-01-27,2026-01,100000-CASH,0.00,7955.18,USD,Finance,CC-03-01,Payment cash disbursement,ERP-GL
JE_0420425,JEL_0421383,bank_fee,BT_0420147,2026-01-05,2026-01,710000-BANK-FEES,25.00,0.00,USD,Finance,CC-03-01,Documented net settlement fee,ERP-GL
JE_0420425,JEL_0421384,bank_fee,BT_0420147,2026-01-05,2026-01,100000-CASH,0.00,25.00,USD,Finance,CC-03-01,Documented net settlement fee,ERP-GL
JE_0420426,JEL_0421385,credit_memo,INV_0420243,2026-04-10,2026-04,200000-ACCOUNTS-PAYABLE,3230.77,0.00,USD,Operations,CC-02-12,Credit memo reduces payable,ERP-GL
JE_0420426,JEL_0421386,credit_memo,INV_0420243,2026-04-10,2026-04,620100-OPERATIONS,0.00,2578.32,USD,Operations,CC-02-12,Credit memo reverses expense,ERP-GL
JE_0420426,JEL_0421387,credit_memo,INV_0420243,2026-04-10,2026-04,620100-OPERATIONS,0.00,498.60,USD,Operations,CC-02-12,Credit memo reverses expense,ERP-GL
JE_0420426,JEL_0421388,credit_memo,INV_0420243,2026-04-10,2026-04,141000-RECOVERABLE-TAX,0.00,153.85,USD,Operations,CC-02-12,Credit memo reverses tax,ERP-GL
JE_0420427,JEL_0421389,invoice_cancellation,INV_0420076,2025-05-30,2025-05,200000-ACCOUNTS-PAYABLE,16502.75,0.00,USD,Finance,CC-03-01,Canceled invoice clears payable,ERP-GL
JE_0420427,JEL_0421390,invoice_cancellation,INV_0420076,2025-05-30,2025-05,699999-CANCELLED-INVOICE-CLEARING,0.00,16502.75,USD,Finance,CC-03-01,Canceled invoice reversal,ERP-GL
JE_0420428,JEL_0421391,payment_reversal,PAY_0420161,2025-05-02,2025-05,100000-CASH,47828.69,0.00,USD,Finance,CC-03-01,Documented payment reversal,ERP-GL
JE_0420428,JEL_0421392,payment_reversal,PAY_0420161,2025-05-02,2025-05,200000-ACCOUNTS-PAYABLE,0.00,47828.69,USD,Finance,CC-03-01,Documented payment reversal,ERP-GL
JE_0420429,JEL_0421393,fx_settlement,BT_0420171,2025-12-24,2025-12,799100-FX-SETTLEMENT,1.00,0.00,USD,Finance,CC-03-01,Documented FX settlement clearing,ERP-GL
JE_0420429,JEL_0421394,fx_settlement,BT_0420171,2025-12-24,2025-12,799199-FX-CLEARING,0.00,1.00,USD,Finance,CC-03-01,Documented FX settlement clearing,ERP-GL
